#
# There is insufficient memory for the Java Runtime Environment to continue.
# Native memory allocation (malloc) failed to allocate 1330016 bytes. Error detail: Chunk::new
# Possible reasons:
#   The system is out of physical RAM or swap space
#   This process is running with CompressedOops enabled, and the Java Heap may be blocking the growth of the native heap
# Possible solutions:
#   Reduce memory load on the system
#   Increase physical memory or swap space
#   Check if swap backing store is full
#   Decrease Java heap size (-Xmx/-Xms)
#   Decrease number of Java threads
#   Decrease Java thread stack sizes (-Xss)
#   Set larger code cache with -XX:ReservedCodeCacheSize=
#   JVM is running with Unscaled Compressed Oops mode in which the Java heap is
#     placed in the first 4GB address space. The Java Heap base address is the
#     maximum limit for the native heap growth. Please use -XX:HeapBaseMinAddress
#     to set the Java Heap base and to place the Java Heap above 4GB virtual address.
# This output file may be truncated or incomplete.
#
#  Out of Memory Error (arena.cpp:168), pid=8252, tid=8108
#
# JRE version: OpenJDK Runtime Environment (21.0.6) (build 21.0.6+-13368085-b895.109)
# Java VM: OpenJDK 64-Bit Server VM (21.0.6+-13368085-b895.109, mixed mode, tiered, compressed oops, compressed class ptrs, g1 gc, windows-amd64)
# No core dump will be written. Minidumps are not enabled by default on client versions of Windows
#

---------------  S U M M A R Y ------------

Command Line: --add-opens=java.base/java.lang=ALL-UNNAMED --add-opens=java.base/java.lang.invoke=ALL-UNNAMED --add-opens=java.base/java.util=ALL-UNNAMED --add-opens=java.prefs/java.util.prefs=ALL-UNNAMED --add-exports=jdk.compiler/com.sun.tools.javac.api=ALL-UNNAMED --add-exports=jdk.compiler/com.sun.tools.javac.util=ALL-UNNAMED --add-opens=java.base/java.util=ALL-UNNAMED --add-opens=java.prefs/java.util.prefs=ALL-UNNAMED --add-opens=java.base/java.nio.charset=ALL-UNNAMED --add-opens=java.base/java.net=ALL-UNNAMED --add-opens=java.base/java.util.concurrent.atomic=ALL-UNNAMED --add-opens=java.xml/javax.xml.namespace=ALL-UNNAMED -Xmx2048m -Dfile.encoding=UTF-8 -Duser.country=US -Duser.language=en -Duser.variant -javaagent:C:\Users\harsh\.gradle\wrapper\dists\gradle-8.11.1-bin\bpt9gzteqjrbo1mjrsomdt32c\gradle-8.11.1\lib\agents\gradle-instrumentation-agent-8.11.1.jar org.gradle.launcher.daemon.bootstrap.GradleDaemon 8.11.1

Host: AMD Ryzen 5 5625U with Radeon Graphics         , 12 cores, 15G,  Windows 11 , 64 bit Build 26100 (10.0.26100.7623)
Time: Tue Jan 20 18:14:15 2026 India Standard Time elapsed time: 12272.652218 seconds (0d 3h 24m 32s)

---------------  T H R E A D  ---------------

Current thread (0x000001899e93e2b0):  JavaThread "C2 CompilerThread0" daemon [_thread_in_native, id=8108, stack(0x0000008046500000,0x0000008046600000) (1024K)]


Current CompileTask:
C2:12272652 158564       4       com.android.tools.r8.dex.L::a (293 bytes)

Stack: [0x0000008046500000,0x0000008046600000]
Native frames: (J=compiled Java code, j=interpreted, Vv=VM code, C=native code)
V  [jvm.dll+0x6d0639]
V  [jvm.dll+0x85eb03]
V  [jvm.dll+0x86105e]
V  [jvm.dll+0x861743]
V  [jvm.dll+0x27e6e6]
V  [jvm.dll+0xbff6d]
V  [jvm.dll+0xc04a3]
V  [jvm.dll+0x2f2780]
V  [jvm.dll+0x5fa409]
V  [jvm.dll+0x250d92]
V  [jvm.dll+0x24963a]
V  [jvm.dll+0x24714e]
V  [jvm.dll+0x1c5f04]
V  [jvm.dll+0x2569ac]
V  [jvm.dll+0x254ef6]
V  [jvm.dll+0x3f0e96]
V  [jvm.dll+0x806ed8]
V  [jvm.dll+0x6cef0d]
C  [ucrtbase.dll+0x37b0]
C  [KERNEL32.DLL+0x2e8d7]
C  [ntdll.dll+0x8c53c]


---------------  P R O C E S S  ---------------

Threads class SMR info:
_java_thread_list=0x00000189b6d62820, length=203, elements={
0x0000018986cbc4d0, 0x000001899e916660, 0x000001899e919c30, 0x000001899e904b90,
0x000001899e9055e0, 0x000001899e8fbf10, 0x000001899e9394c0, 0x000001899e93e2b0,
0x000001899e967a00, 0x000001899ead7d70, 0x000001899ead5ca0, 0x000001899ead69c0,
0x000001899ead7050, 0x000001899ead4f80, 0x00000189a4c96a40, 0x00000189a4c991a0,
0x00000189a4c99830, 0x00000189a4c97760, 0x00000189a4c9a550, 0x00000189a4c970d0,
0x00000189a85e33d0, 0x00000189a6c6bcc0, 0x00000189a8f65d20, 0x00000189a8f71b70,
0x00000189ac1da4c0, 0x00000189ac1dcc20, 0x00000189a85e05e0, 0x00000189a9ceb000,
0x00000189ab815140, 0x00000189a3044ef0, 0x00000189a7edbe00, 0x00000189a7edcb20,
0x00000189bd4ed1c0, 0x00000189bd416a20, 0x00000189a4e51230, 0x00000189b604ab60,
0x00000189b1242170, 0x00000189bb497920, 0x00000189bc878c10, 0x00000189bbafbfd0,
0x00000189a7ee0630, 0x00000189bb845910, 0x00000189a5264ef0, 0x00000189c44fa110,
0x00000189b5b3d700, 0x00000189bd6ef800, 0x00000189c44fa7a0, 0x00000189c5c44c40,
0x00000189c5c45ff0, 0x00000189c34fe360, 0x00000189bd6f1f60, 0x00000189a7ee1350,
0x00000189a7ee19e0, 0x00000189b6033be0, 0x00000189c44fb4c0, 0x00000189b6037d80,
0x00000189c4147a60, 0x00000189b6cc7960, 0x00000189a5262790, 0x00000189aba1e3b0,
0x00000189aba1f760, 0x00000189aba1fdf0, 0x00000189aba1c970, 0x00000189aba1d000,
0x00000189aba1d690, 0x00000189b6cc8d10, 0x00000189a7edf280, 0x00000189a7edebf0,
0x00000189a7edf910, 0x00000189a7edc490, 0x00000189bb6fe140, 0x00000189ab813700,
0x00000189ab813d90, 0x00000189ab8164f0, 0x00000189ab814ab0, 0x00000189ab8157d0,
0x00000189ab813070, 0x00000189ab816b80, 0x00000189ab814420, 0x00000189ab818c50,
0x00000189ab8185c0, 0x00000189bce00dc0, 0x00000189bce02800, 0x00000189bce01450,
0x00000189bce01ae0, 0x00000189bce02e90, 0x00000189bce00730, 0x00000189bce03520,
0x00000189bce03bb0, 0x00000189c5c417c0, 0x00000189c5c3f060, 0x00000189c5c40410,
0x00000189c5c3f6f0, 0x00000189c5c43200, 0x00000189c5c43890, 0x00000189c5c43f20,
0x00000189bd6f0520, 0x00000189a5262e20, 0x00000189a5263b40, 0x00000189a5265580,
0x00000189a52662a0, 0x00000189a5265c10, 0x00000189a52641d0, 0x00000189a5266930,
0x00000189a52634b0, 0x00000189a5267ce0, 0x00000189a5266fc0, 0x00000189a5264860,
0x00000189bb6fee60, 0x00000189bb6fc700, 0x00000189bb6fcd90, 0x00000189c5c445b0,
0x00000189bd84cb00, 0x00000189bd84ff80, 0x00000189bd84ebd0, 0x00000189bd84f8f0,
0x00000189bd84d820, 0x00000189bd84d190, 0x00000189bd84e540, 0x00000189bd84f260,
0x00000189b616f110, 0x00000189b616fe30, 0x00000189b5e4c8c0, 0x00000189b5e4bba0,
0x00000189b5e4c230, 0x00000189b5e49440, 0x00000189b5e49ad0, 0x00000189b5e4a160,
0x00000189b5e4a7f0, 0x00000189b5e4ae80, 0x00000189a502b8d0, 0x00000189a7ede560,
0x00000189a7edffa0, 0x00000189a7edded0, 0x00000189a7edd1b0, 0x00000189a7edd840,
0x00000189a7ee2070, 0x00000189a7ee2700, 0x00000189a7ee0cc0, 0x00000189a7ee3420,
0x00000189b1242e90, 0x00000189b1242800, 0x00000189b12400a0, 0x00000189ab81a000,
0x00000189ab819970, 0x00000189ab817210, 0x00000189ab81a690, 0x00000189ab81ad20,
0x00000189ab8192e0, 0x00000189ab8178a0, 0x00000189ab81b3b0, 0x00000189ab817f30,
0x00000189ab81cdf0, 0x00000189ab81ba40, 0x00000189ab81c760, 0x00000189ab81eec0,
0x00000189ab81e1a0, 0x00000189b6038aa0, 0x00000189ab81db10, 0x00000189ab81d480,
0x00000189ab81e830, 0x00000189ab81f550, 0x00000189ab81c0d0, 0x00000189b6cc6c40,
0x00000189bb845fa0, 0x00000189bb846630, 0x00000189bb844bf0, 0x00000189bb845280,
0x00000189bb846cc0, 0x00000189bb843840, 0x00000189bb843ed0, 0x00000189c44f86d0,
0x00000189c44f8d60, 0x00000189c44fae30, 0x00000189c44f8040, 0x00000189b1243520,
0x00000189b1243bb0, 0x00000189b1240730, 0x00000189b6039e50, 0x00000189b1244240,
0x00000189b1240dc0, 0x00000189b1241450, 0x00000189b1241ae0, 0x00000189b12455f0,
0x00000189b603a4e0, 0x00000189b603ab70, 0x00000189b603e680, 0x00000189b603b200,
0x00000189b6042190, 0x00000189b6041b00, 0x00000189b603ed10, 0x00000189c44fe940,
0x00000189c44fefd0, 0x00000189bd752430, 0x00000189b5bfc4e0, 0x00000189b1245c80,
0x00000189bb6fdab0, 0x00000189a5269db0, 0x00000189b6cc93a0, 0x00000189bb6ff4f0,
0x00000189b6cc7ff0, 0x00000189c61f5e20, 0x00000189b1246310
}

Java Threads: ( => current thread )
  0x0000018986cbc4d0 JavaThread "main"                              [_thread_blocked, id=7968, stack(0x0000008045700000,0x0000008045800000) (1024K)]
  0x000001899e916660 JavaThread "Reference Handler"          daemon [_thread_blocked, id=3132, stack(0x0000008045f00000,0x0000008046000000) (1024K)]
  0x000001899e919c30 JavaThread "Finalizer"                  daemon [_thread_blocked, id=10388, stack(0x0000008046000000,0x0000008046100000) (1024K)]
  0x000001899e904b90 JavaThread "Signal Dispatcher"          daemon [_thread_blocked, id=10512, stack(0x0000008046100000,0x0000008046200000) (1024K)]
  0x000001899e9055e0 JavaThread "Attach Listener"            daemon [_thread_blocked, id=10996, stack(0x0000008046200000,0x0000008046300000) (1024K)]
  0x000001899e8fbf10 JavaThread "Service Thread"             daemon [_thread_blocked, id=8408, stack(0x0000008046300000,0x0000008046400000) (1024K)]
  0x000001899e9394c0 JavaThread "Monitor Deflation Thread"   daemon [_thread_blocked, id=9964, stack(0x0000008046400000,0x0000008046500000) (1024K)]
=>0x000001899e93e2b0 JavaThread "C2 CompilerThread0"         daemon [_thread_in_native, id=8108, stack(0x0000008046500000,0x0000008046600000) (1024K)]
  0x000001899e967a00 JavaThread "C1 CompilerThread0"         daemon [_thread_blocked, id=2452, stack(0x0000008046600000,0x0000008046700000) (1024K)]
  0x000001899ead7d70 JavaThread "Common-Cleaner"             daemon [_thread_blocked, id=11460, stack(0x0000008046700000,0x0000008046800000) (1024K)]
  0x000001899ead5ca0 JavaThread "Notification Thread"        daemon [_thread_blocked, id=6592, stack(0x0000008046800000,0x0000008046900000) (1024K)]
  0x000001899ead69c0 JavaThread "Daemon health stats"               [_thread_blocked, id=14804, stack(0x0000008047000000,0x0000008047100000) (1024K)]
  0x000001899ead7050 JavaThread "Incoming local TCP Connector on port 59893"        [_thread_in_native, id=2832, stack(0x0000008046f00000,0x0000008047000000) (1024K)]
  0x000001899ead4f80 JavaThread "Daemon periodic checks"            [_thread_blocked, id=10660, stack(0x0000008047200000,0x0000008047300000) (1024K)]
  0x00000189a4c96a40 JavaThread "Cache worker for journal cache (C:\Users\harsh\.gradle\caches\journal-1)"        [_thread_blocked, id=10364, stack(0x0000008047e00000,0x0000008047f00000) (1024K)]
  0x00000189a4c991a0 JavaThread "File lock request listener"        [_thread_in_native, id=3740, stack(0x0000008047f00000,0x0000008048000000) (1024K)]
  0x00000189a4c99830 JavaThread "Cache worker for file hash cache (C:\Users\harsh\.gradle\caches\8.11.1\fileHashes)"        [_thread_blocked, id=1372, stack(0x0000008048000000,0x0000008048100000) (1024K)]
  0x00000189a4c97760 JavaThread "Cache worker for file content cache (C:\Users\harsh\.gradle\caches\8.11.1\fileContent)"        [_thread_blocked, id=6588, stack(0x0000008048300000,0x0000008048400000) (1024K)]
  0x00000189a4c9a550 JavaThread "File watcher server"        daemon [_thread_in_native, id=6660, stack(0x0000008048600000,0x0000008048700000) (1024K)]
  0x00000189a4c970d0 JavaThread "File watcher consumer"      daemon [_thread_blocked, id=6464, stack(0x0000008048700000,0x0000008048800000) (1024K)]
  0x00000189a85e33d0 JavaThread "Memory manager"                    [_thread_blocked, id=9204, stack(0x000000804ac00000,0x000000804ad00000) (1024K)]
  0x00000189a6c6bcc0 JavaThread "pool-3-thread-1"                   [_thread_blocked, id=7628, stack(0x000000804af00000,0x000000804b000000) (1024K)]
  0x00000189a8f65d20 JavaThread "Periodic tasks thread"      daemon [_thread_blocked, id=6804, stack(0x0000008051600000,0x0000008051700000) (1024K)]
  0x00000189a8f71b70 JavaThread "ApplicationImpl pooled thread 1" daemon [_thread_blocked, id=15256, stack(0x0000008051700000,0x0000008051800000) (1024K)]
  0x00000189ac1da4c0 JavaThread "Java2D Disposer"            daemon [_thread_blocked, id=11504, stack(0x0000008051900000,0x0000008051a00000) (1024K)]
  0x00000189ac1dcc20 JavaThread "AWT-Windows"                daemon [_thread_in_native, id=11172, stack(0x0000008051b00000,0x0000008051c00000) (1024K)]
  0x00000189a85e05e0 JavaThread "RMI Scheduler(0)"           daemon [_thread_blocked, id=7536, stack(0x0000008051a00000,0x0000008051b00000) (1024K)]
  0x00000189a9ceb000 JavaThread "RMI TCP Accept-0"           daemon [_thread_in_native, id=6168, stack(0x0000008051f00000,0x0000008052000000) (1024K)]
  0x00000189ab815140 JavaThread "Cache worker for Java compile cache (C:\Users\harsh\.gradle\caches\8.11.1\javaCompile)"        [_thread_blocked, id=14172, stack(0x0000008051800000,0x0000008051900000) (1024K)]
  0x00000189a3044ef0 JavaThread "pool-8-thread-1"                   [_thread_blocked, id=15692, stack(0x000000804a100000,0x000000804a200000) (1024K)]
  0x00000189a7edbe00 JavaThread "pool-12-thread-1"                  [_thread_blocked, id=7664, stack(0x000000804a200000,0x000000804a300000) (1024K)]
  0x00000189a7edcb20 JavaThread "pool-15-thread-1"                  [_thread_blocked, id=10208, stack(0x000000804a500000,0x000000804a600000) (1024K)]
  0x00000189bd4ed1c0 JavaThread "pool-19-thread-1"                  [_thread_blocked, id=16116, stack(0x000000804a600000,0x000000804a700000) (1024K)]
  0x00000189bd416a20 JavaThread "pool-22-thread-1"                  [_thread_blocked, id=6152, stack(0x000000804a000000,0x000000804a100000) (1024K)]
  0x00000189a4e51230 JavaThread "pool-25-thread-1"                  [_thread_blocked, id=13404, stack(0x000000804a700000,0x000000804a800000) (1024K)]
  0x00000189b604ab60 JavaThread "pool-29-thread-1"                  [_thread_blocked, id=13520, stack(0x000000804ab00000,0x000000804ac00000) (1024K)]
  0x00000189b1242170 JavaThread "pool-32-thread-1"                  [_thread_blocked, id=2772, stack(0x000000804a300000,0x000000804a400000) (1024K)]
  0x00000189bb497920 JavaThread "pool-36-thread-1"                  [_thread_blocked, id=11540, stack(0x000000804ad00000,0x000000804ae00000) (1024K)]
  0x00000189bc878c10 JavaThread "pool-39-thread-1"                  [_thread_blocked, id=4172, stack(0x000000804a400000,0x000000804a500000) (1024K)]
  0x00000189bbafbfd0 JavaThread "pool-43-thread-1"                  [_thread_blocked, id=13808, stack(0x000000804ae00000,0x000000804af00000) (1024K)]
  0x00000189a7ee0630 JavaThread "pool-46-thread-1"                  [_thread_blocked, id=7540, stack(0x000000804a900000,0x000000804aa00000) (1024K)]
  0x00000189bb845910 JavaThread "pool-50-thread-1"                  [_thread_blocked, id=13468, stack(0x000000804a800000,0x000000804a900000) (1024K)]
  0x00000189a5264ef0 JavaThread "pool-54-thread-1"                  [_thread_blocked, id=8132, stack(0x0000008049f00000,0x000000804a000000) (1024K)]
  0x00000189c44fa110 JavaThread "pool-58-thread-1"                  [_thread_blocked, id=15260, stack(0x000000804b000000,0x000000804b100000) (1024K)]
  0x00000189b5b3d700 JavaThread "pool-62-thread-1"                  [_thread_blocked, id=1032, stack(0x000000804b100000,0x000000804b200000) (1024K)]
  0x00000189bd6ef800 JavaThread "pool-66-thread-1"                  [_thread_blocked, id=12988, stack(0x000000804b600000,0x000000804b700000) (1024K)]
  0x00000189c44fa7a0 JavaThread "pool-69-thread-1"                  [_thread_blocked, id=2576, stack(0x000000804aa00000,0x000000804ab00000) (1024K)]
  0x00000189c5c44c40 JavaThread "pool-73-thread-1"                  [_thread_blocked, id=14876, stack(0x000000804b700000,0x000000804b800000) (1024K)]
  0x00000189c5c45ff0 JavaThread "pool-77-thread-1"                  [_thread_blocked, id=12200, stack(0x000000804b400000,0x000000804b500000) (1024K)]
  0x00000189c34fe360 JavaThread "pool-80-thread-1"                  [_thread_blocked, id=6752, stack(0x000000804b500000,0x000000804b600000) (1024K)]
  0x00000189bd6f1f60 JavaThread "pool-83-thread-1"                  [_thread_blocked, id=4148, stack(0x000000804b200000,0x000000804b300000) (1024K)]
  0x00000189a7ee1350 JavaThread "RMI GC Daemon"              daemon [_thread_blocked, id=1072, stack(0x0000008051100000,0x0000008051200000) (1024K)]
  0x00000189a7ee19e0 JavaThread "RMI Reaper"                        [_thread_blocked, id=7772, stack(0x0000008051200000,0x0000008051300000) (1024K)]
  0x00000189b6033be0 JavaThread "pool-87-thread-1"                  [_thread_blocked, id=228, stack(0x000000804b800000,0x000000804b900000) (1024K)]
  0x00000189c44fb4c0 JavaThread "pool-91-thread-1"                  [_thread_blocked, id=16228, stack(0x000000804b900000,0x000000804ba00000) (1024K)]
  0x00000189b6037d80 JavaThread "pool-95-thread-1"                  [_thread_blocked, id=7352, stack(0x000000804ba00000,0x000000804bb00000) (1024K)]
  0x00000189c4147a60 JavaThread "ForkJoinPool.commonPool-worker-195" daemon [_thread_blocked, id=16884, stack(0x0000008053600000,0x0000008053700000) (1024K)]
  0x00000189b6cc7960 JavaThread "ForkJoinPool.commonPool-worker-199" daemon [_thread_blocked, id=7376, stack(0x0000008053a00000,0x0000008053b00000) (1024K)]
  0x00000189a5262790 JavaThread "Daemon Thread 16"                  [_thread_blocked, id=19396, stack(0x0000008045400000,0x0000008045500000) (1024K)]
  0x00000189aba1e3b0 JavaThread "Handler for socket connection from /127.0.0.1:59893 to /127.0.0.1:51488"        [_thread_in_native, id=11256, stack(0x0000008045500000,0x0000008045600000) (1024K)]
  0x00000189aba1f760 JavaThread "Cancel handler"                    [_thread_blocked, id=6100, stack(0x0000008047100000,0x0000008047200000) (1024K)]
  0x00000189aba1fdf0 JavaThread "Daemon worker Thread 17"           [_thread_blocked, id=15848, stack(0x0000008047300000,0x0000008047400000) (1024K)]
  0x00000189aba1c970 JavaThread "Asynchronous log dispatcher for DefaultDaemonConnection: socket connection from /127.0.0.1:59893 to /127.0.0.1:51488"        [_thread_blocked, id=13472, stack(0x0000008047500000,0x0000008047600000) (1024K)]
  0x00000189aba1d000 JavaThread "Stdin handler"                     [_thread_blocked, id=7908, stack(0x0000008047600000,0x0000008047700000) (1024K)]
  0x00000189aba1d690 JavaThread "Daemon client event forwarder"        [_thread_blocked, id=2524, stack(0x0000008047700000,0x0000008047800000) (1024K)]
  0x00000189b6cc8d10 JavaThread "Cache worker for file hash cache (C:\Users\harsh\AndroidStudioProjects\PairlixDating\.gradle\8.11.1\fileHashes)"        [_thread_blocked, id=15828, stack(0x0000008047800000,0x0000008047900000) (1024K)]
  0x00000189a7edf280 JavaThread "Cache worker for Build Output Cleanup Cache (C:\Users\harsh\AndroidStudioProjects\PairlixDating\.gradle\buildOutputCleanup)"        [_thread_blocked, id=15684, stack(0x0000008048100000,0x0000008048200000) (1024K)]
  0x00000189a7edebf0 JavaThread "Cache worker for checksums cache (C:\Users\harsh\AndroidStudioProjects\PairlixDating\.gradle\8.11.1\checksums)"        [_thread_blocked, id=1500, stack(0x0000008048200000,0x0000008048300000) (1024K)]
  0x00000189a7edf910 JavaThread "Cache worker for cache directory md-rule (C:\Users\harsh\.gradle\caches\8.11.1\md-rule)"        [_thread_blocked, id=15736, stack(0x0000008048400000,0x0000008048500000) (1024K)]
  0x00000189a7edc490 JavaThread "Cache worker for cache directory md-supplier (C:\Users\harsh\.gradle\caches\8.11.1\md-supplier)"        [_thread_blocked, id=9528, stack(0x0000008048500000,0x0000008048600000) (1024K)]
  0x00000189bb6fe140 JavaThread "Unconstrained build operations"        [_thread_blocked, id=17520, stack(0x0000008048a00000,0x0000008048b00000) (1024K)]
  0x00000189ab813700 JavaThread "Unconstrained build operations Thread 2"        [_thread_blocked, id=16632, stack(0x0000008048b00000,0x0000008048c00000) (1024K)]
  0x00000189ab813d90 JavaThread "Unconstrained build operations Thread 3"        [_thread_blocked, id=17680, stack(0x0000008048c00000,0x0000008048d00000) (1024K)]
  0x00000189ab8164f0 JavaThread "Unconstrained build operations Thread 4"        [_thread_blocked, id=9244, stack(0x0000008048d00000,0x0000008048e00000) (1024K)]
  0x00000189ab814ab0 JavaThread "Unconstrained build operations Thread 5"        [_thread_blocked, id=19208, stack(0x0000008048e00000,0x0000008048f00000) (1024K)]
  0x00000189ab8157d0 JavaThread "Unconstrained build operations Thread 6"        [_thread_blocked, id=17640, stack(0x0000008048f00000,0x0000008049000000) (1024K)]
  0x00000189ab813070 JavaThread "Unconstrained build operations Thread 7"        [_thread_blocked, id=8092, stack(0x0000008049000000,0x0000008049100000) (1024K)]
  0x00000189ab816b80 JavaThread "Unconstrained build operations Thread 8"        [_thread_blocked, id=10508, stack(0x0000008049100000,0x0000008049200000) (1024K)]
  0x00000189ab814420 JavaThread "Unconstrained build operations Thread 9"        [_thread_blocked, id=14940, stack(0x0000008049200000,0x0000008049300000) (1024K)]
  0x00000189ab818c50 JavaThread "Unconstrained build operations Thread 10"        [_thread_blocked, id=12312, stack(0x0000008049300000,0x0000008049400000) (1024K)]
  0x00000189ab8185c0 JavaThread "Unconstrained build operations Thread 11"        [_thread_blocked, id=3444, stack(0x0000008049400000,0x0000008049500000) (1024K)]
  0x00000189bce00dc0 JavaThread "Unconstrained build operations Thread 12"        [_thread_blocked, id=17468, stack(0x0000008049500000,0x0000008049600000) (1024K)]
  0x00000189bce02800 JavaThread "Unconstrained build operations Thread 13"        [_thread_blocked, id=6352, stack(0x0000008049600000,0x0000008049700000) (1024K)]
  0x00000189bce01450 JavaThread "Unconstrained build operations Thread 14"        [_thread_blocked, id=8272, stack(0x0000008049700000,0x0000008049800000) (1024K)]
  0x00000189bce01ae0 JavaThread "Unconstrained build operations Thread 15"        [_thread_blocked, id=14236, stack(0x0000008049800000,0x0000008049900000) (1024K)]
  0x00000189bce02e90 JavaThread "Unconstrained build operations Thread 16"        [_thread_blocked, id=17412, stack(0x0000008049900000,0x0000008049a00000) (1024K)]
  0x00000189bce00730 JavaThread "Unconstrained build operations Thread 17"        [_thread_blocked, id=15436, stack(0x0000008049a00000,0x0000008049b00000) (1024K)]
  0x00000189bce03520 JavaThread "Unconstrained build operations Thread 18"        [_thread_blocked, id=17264, stack(0x0000008049b00000,0x0000008049c00000) (1024K)]
  0x00000189bce03bb0 JavaThread "Unconstrained build operations Thread 19"        [_thread_blocked, id=15108, stack(0x0000008049c00000,0x0000008049d00000) (1024K)]
  0x00000189c5c417c0 JavaThread "Unconstrained build operations Thread 20"        [_thread_blocked, id=10824, stack(0x0000008049d00000,0x0000008049e00000) (1024K)]
  0x00000189c5c3f060 JavaThread "Unconstrained build operations Thread 21"        [_thread_blocked, id=17444, stack(0x0000008049e00000,0x0000008049f00000) (1024K)]
  0x00000189c5c40410 JavaThread "Unconstrained build operations Thread 22"        [_thread_blocked, id=10432, stack(0x000000804b300000,0x000000804b400000) (1024K)]
  0x00000189c5c3f6f0 JavaThread "build event listener"              [_thread_blocked, id=13068, stack(0x000000804bb00000,0x000000804bc00000) (1024K)]
  0x00000189c5c43200 JavaThread "build event listener"              [_thread_blocked, id=9060, stack(0x000000804bc00000,0x000000804bd00000) (1024K)]
  0x00000189c5c43890 JavaThread "pool-99-thread-1"                  [_thread_blocked, id=18316, stack(0x000000804bd00000,0x000000804be00000) (1024K)]
  0x00000189c5c43f20 JavaThread "build event listener"              [_thread_blocked, id=9576, stack(0x000000804be00000,0x000000804bf00000) (1024K)]
  0x00000189bd6f0520 JavaThread "included builds"                   [_thread_blocked, id=18752, stack(0x000000804bf00000,0x000000804c000000) (1024K)]
  0x00000189a5262e20 JavaThread "Execution worker"                  [_thread_blocked, id=16708, stack(0x000000804c000000,0x000000804c100000) (1024K)]
  0x00000189a5263b40 JavaThread "Execution worker Thread 2"         [_thread_blocked, id=19196, stack(0x000000804c100000,0x000000804c200000) (1024K)]
  0x00000189a5265580 JavaThread "Execution worker Thread 3"         [_thread_blocked, id=10856, stack(0x000000804c200000,0x000000804c300000) (1024K)]
  0x00000189a52662a0 JavaThread "Execution worker Thread 4"         [_thread_blocked, id=7356, stack(0x000000804c300000,0x000000804c400000) (1024K)]
  0x00000189a5265c10 JavaThread "Execution worker Thread 5"         [_thread_blocked, id=3440, stack(0x000000804c400000,0x000000804c500000) (1024K)]
  0x00000189a52641d0 JavaThread "Execution worker Thread 6"         [_thread_blocked, id=18044, stack(0x000000804c500000,0x000000804c600000) (1024K)]
  0x00000189a5266930 JavaThread "Execution worker Thread 7"         [_thread_blocked, id=17072, stack(0x000000804c600000,0x000000804c700000) (1024K)]
  0x00000189a52634b0 JavaThread "Execution worker Thread 8"         [_thread_blocked, id=18088, stack(0x000000804c700000,0x000000804c800000) (1024K)]
  0x00000189a5267ce0 JavaThread "Execution worker Thread 9"         [_thread_blocked, id=16736, stack(0x000000804c800000,0x000000804c900000) (1024K)]
  0x00000189a5266fc0 JavaThread "Execution worker Thread 10"        [_thread_blocked, id=9696, stack(0x000000804c900000,0x000000804ca00000) (1024K)]
  0x00000189a5264860 JavaThread "Execution worker Thread 11"        [_thread_blocked, id=9796, stack(0x000000804ca00000,0x000000804cb00000) (1024K)]
  0x00000189bb6fee60 JavaThread "Cache worker for execution history cache (C:\Users\harsh\AndroidStudioProjects\PairlixDating\.gradle\8.11.1\executionHistory)"        [_thread_blocked, id=6420, stack(0x000000804cb00000,0x000000804cc00000) (1024K)]
  0x00000189bb6fc700 JavaThread "Unconstrained build operations Thread 23"        [_thread_blocked, id=8900, stack(0x000000804cc00000,0x000000804cd00000) (1024K)]
  0x00000189bb6fcd90 JavaThread "Unconstrained build operations Thread 24"        [_thread_blocked, id=1384, stack(0x000000804cd00000,0x000000804ce00000) (1024K)]
  0x00000189c5c445b0 JavaThread "Unconstrained build operations Thread 25"        [_thread_blocked, id=12960, stack(0x000000804ce00000,0x000000804cf00000) (1024K)]
  0x00000189bd84cb00 JavaThread "Unconstrained build operations Thread 26"        [_thread_blocked, id=18032, stack(0x000000804cf00000,0x000000804d000000) (1024K)]
  0x00000189bd84ff80 JavaThread "Unconstrained build operations Thread 27"        [_thread_blocked, id=17516, stack(0x000000804d000000,0x000000804d100000) (1024K)]
  0x00000189bd84ebd0 JavaThread "Unconstrained build operations Thread 28"        [_thread_blocked, id=16992, stack(0x000000804d100000,0x000000804d200000) (1024K)]
  0x00000189bd84f8f0 JavaThread "Unconstrained build operations Thread 29"        [_thread_blocked, id=17340, stack(0x000000804d200000,0x000000804d300000) (1024K)]
  0x00000189bd84d820 JavaThread "Unconstrained build operations Thread 30"        [_thread_blocked, id=15280, stack(0x000000804d300000,0x000000804d400000) (1024K)]
  0x00000189bd84d190 JavaThread "Unconstrained build operations Thread 31"        [_thread_blocked, id=4520, stack(0x000000804d400000,0x000000804d500000) (1024K)]
  0x00000189bd84e540 JavaThread "Unconstrained build operations Thread 32"        [_thread_blocked, id=14260, stack(0x000000804d500000,0x000000804d600000) (1024K)]
  0x00000189bd84f260 JavaThread "Unconstrained build operations Thread 33"        [_thread_blocked, id=15980, stack(0x000000804d600000,0x000000804d700000) (1024K)]
  0x00000189b616f110 JavaThread "Unconstrained build operations Thread 34"        [_thread_blocked, id=13948, stack(0x000000804d700000,0x000000804d800000) (1024K)]
  0x00000189b616fe30 JavaThread "Unconstrained build operations Thread 35"        [_thread_blocked, id=16668, stack(0x000000804d800000,0x000000804d900000) (1024K)]
  0x00000189b5e4c8c0 JavaThread "Unconstrained build operations Thread 36"        [_thread_blocked, id=17124, stack(0x000000804d900000,0x000000804da00000) (1024K)]
  0x00000189b5e4bba0 JavaThread "Unconstrained build operations Thread 37"        [_thread_blocked, id=19220, stack(0x000000804da00000,0x000000804db00000) (1024K)]
  0x00000189b5e4c230 JavaThread "Unconstrained build operations Thread 38"        [_thread_blocked, id=400, stack(0x000000804db00000,0x000000804dc00000) (1024K)]
  0x00000189b5e49440 JavaThread "Unconstrained build operations Thread 39"        [_thread_blocked, id=18828, stack(0x000000804dc00000,0x000000804dd00000) (1024K)]
  0x00000189b5e49ad0 JavaThread "Unconstrained build operations Thread 40"        [_thread_blocked, id=14852, stack(0x000000804dd00000,0x000000804de00000) (1024K)]
  0x00000189b5e4a160 JavaThread "Unconstrained build operations Thread 41"        [_thread_blocked, id=19336, stack(0x000000804de00000,0x000000804df00000) (1024K)]
  0x00000189b5e4a7f0 JavaThread "Unconstrained build operations Thread 42"        [_thread_blocked, id=8352, stack(0x000000804df00000,0x000000804e000000) (1024K)]
  0x00000189b5e4ae80 JavaThread "Unconstrained build operations Thread 43"        [_thread_blocked, id=8380, stack(0x000000804e000000,0x000000804e100000) (1024K)]
  0x00000189a502b8d0 JavaThread "Unconstrained build operations Thread 44"        [_thread_blocked, id=17108, stack(0x000000804e100000,0x000000804e200000) (1024K)]
  0x00000189a7ede560 JavaThread "Unconstrained build operations Thread 45"        [_thread_blocked, id=9248, stack(0x000000804e200000,0x000000804e300000) (1024K)]
  0x00000189a7edffa0 JavaThread "Unconstrained build operations Thread 46"        [_thread_blocked, id=10424, stack(0x000000804e300000,0x000000804e400000) (1024K)]
  0x00000189a7edded0 JavaThread "Unconstrained build operations Thread 47"        [_thread_blocked, id=8864, stack(0x000000804e400000,0x000000804e500000) (1024K)]
  0x00000189a7edd1b0 JavaThread "Unconstrained build operations Thread 48"        [_thread_blocked, id=16796, stack(0x000000804e500000,0x000000804e600000) (1024K)]
  0x00000189a7edd840 JavaThread "Unconstrained build operations Thread 49"        [_thread_blocked, id=18872, stack(0x000000804e600000,0x000000804e700000) (1024K)]
  0x00000189a7ee2070 JavaThread "Unconstrained build operations Thread 50"        [_thread_blocked, id=17660, stack(0x000000804e700000,0x000000804e800000) (1024K)]
  0x00000189a7ee2700 JavaThread "Unconstrained build operations Thread 51"        [_thread_blocked, id=11528, stack(0x000000804e800000,0x000000804e900000) (1024K)]
  0x00000189a7ee0cc0 JavaThread "Unconstrained build operations Thread 52"        [_thread_blocked, id=1760, stack(0x000000804e900000,0x000000804ea00000) (1024K)]
  0x00000189a7ee3420 JavaThread "Unconstrained build operations Thread 53"        [_thread_blocked, id=6912, stack(0x000000804ea00000,0x000000804eb00000) (1024K)]
  0x00000189b1242e90 JavaThread "Unconstrained build operations Thread 54"        [_thread_blocked, id=2664, stack(0x000000804eb00000,0x000000804ec00000) (1024K)]
  0x00000189b1242800 JavaThread "Unconstrained build operations Thread 55"        [_thread_blocked, id=7348, stack(0x000000804ec00000,0x000000804ed00000) (1024K)]
  0x00000189b12400a0 JavaThread "Unconstrained build operations Thread 56"        [_thread_blocked, id=7192, stack(0x000000804ed00000,0x000000804ee00000) (1024K)]
  0x00000189ab81a000 JavaThread "Unconstrained build operations Thread 57"        [_thread_blocked, id=18976, stack(0x000000804ee00000,0x000000804ef00000) (1024K)]
  0x00000189ab819970 JavaThread "Unconstrained build operations Thread 58"        [_thread_blocked, id=5136, stack(0x000000804ef00000,0x000000804f000000) (1024K)]
  0x00000189ab817210 JavaThread "Unconstrained build operations Thread 59"        [_thread_blocked, id=18084, stack(0x000000804f000000,0x000000804f100000) (1024K)]
  0x00000189ab81a690 JavaThread "Unconstrained build operations Thread 60"        [_thread_blocked, id=9220, stack(0x000000804f100000,0x000000804f200000) (1024K)]
  0x00000189ab81ad20 JavaThread "Unconstrained build operations Thread 61"        [_thread_blocked, id=10536, stack(0x000000804f200000,0x000000804f300000) (1024K)]
  0x00000189ab8192e0 JavaThread "Unconstrained build operations Thread 62"        [_thread_blocked, id=8156, stack(0x000000804f300000,0x000000804f400000) (1024K)]
  0x00000189ab8178a0 JavaThread "Unconstrained build operations Thread 63"        [_thread_blocked, id=14656, stack(0x000000804f400000,0x000000804f500000) (1024K)]
  0x00000189ab81b3b0 JavaThread "Unconstrained build operations Thread 64"        [_thread_blocked, id=4032, stack(0x000000804f500000,0x000000804f600000) (1024K)]
  0x00000189ab817f30 JavaThread "Unconstrained build operations Thread 65"        [_thread_blocked, id=15876, stack(0x000000804f600000,0x000000804f700000) (1024K)]
  0x00000189ab81cdf0 JavaThread "Unconstrained build operations Thread 66"        [_thread_blocked, id=15732, stack(0x000000804f700000,0x000000804f800000) (1024K)]
  0x00000189ab81ba40 JavaThread "Unconstrained build operations Thread 67"        [_thread_blocked, id=2780, stack(0x000000804f800000,0x000000804f900000) (1024K)]
  0x00000189ab81c760 JavaThread "Unconstrained build operations Thread 68"        [_thread_blocked, id=16996, stack(0x000000804f900000,0x000000804fa00000) (1024K)]
  0x00000189ab81eec0 JavaThread "Unconstrained build operations Thread 69"        [_thread_blocked, id=16888, stack(0x000000804fa00000,0x000000804fb00000) (1024K)]
  0x00000189ab81e1a0 JavaThread "Unconstrained build operations Thread 70"        [_thread_blocked, id=3996, stack(0x000000804fb00000,0x000000804fc00000) (1024K)]
  0x00000189b6038aa0 JavaThread "WorkerExecutor Queue"              [_thread_blocked, id=7700, stack(0x000000804fc00000,0x000000804fd00000) (1024K)]
  0x00000189ab81db10 JavaThread "Unconstrained build operations Thread 71"        [_thread_blocked, id=6724, stack(0x000000804fd00000,0x000000804fe00000) (1024K)]
  0x00000189ab81d480 JavaThread "Unconstrained build operations Thread 72"        [_thread_blocked, id=12668, stack(0x000000804fe00000,0x000000804ff00000) (1024K)]
  0x00000189ab81e830 JavaThread "Unconstrained build operations Thread 73"        [_thread_blocked, id=19424, stack(0x000000804ff00000,0x0000008050000000) (1024K)]
  0x00000189ab81f550 JavaThread "Unconstrained build operations Thread 74"        [_thread_blocked, id=17448, stack(0x0000008050000000,0x0000008050100000) (1024K)]
  0x00000189ab81c0d0 JavaThread "Unconstrained build operations Thread 75"        [_thread_blocked, id=8288, stack(0x0000008050100000,0x0000008050200000) (1024K)]
  0x00000189b6cc6c40 JavaThread "ForkJoinPool.commonPool-worker-202" daemon [_thread_blocked, id=19148, stack(0x0000008050200000,0x0000008050300000) (1024K)]
  0x00000189bb845fa0 JavaThread "Unconstrained build operations Thread 76"        [_thread_blocked, id=18720, stack(0x0000008050300000,0x0000008050400000) (1024K)]
  0x00000189bb846630 JavaThread "Unconstrained build operations Thread 77"        [_thread_blocked, id=12936, stack(0x0000008050400000,0x0000008050500000) (1024K)]
  0x00000189bb844bf0 JavaThread "Unconstrained build operations Thread 78"        [_thread_blocked, id=4652, stack(0x0000008050500000,0x0000008050600000) (1024K)]
  0x00000189bb845280 JavaThread "Unconstrained build operations Thread 79"        [_thread_blocked, id=18812, stack(0x0000008050600000,0x0000008050700000) (1024K)]
  0x00000189bb846cc0 JavaThread "Unconstrained build operations Thread 80"        [_thread_blocked, id=15304, stack(0x0000008050700000,0x0000008050800000) (1024K)]
  0x00000189bb843840 JavaThread "Unconstrained build operations Thread 81"        [_thread_blocked, id=8620, stack(0x0000008050800000,0x0000008050900000) (1024K)]
  0x00000189bb843ed0 JavaThread "Unconstrained build operations Thread 82"        [_thread_blocked, id=15180, stack(0x0000008050900000,0x0000008050a00000) (1024K)]
  0x00000189c44f86d0 JavaThread "Unconstrained build operations Thread 83"        [_thread_blocked, id=1972, stack(0x0000008050a00000,0x0000008050b00000) (1024K)]
  0x00000189c44f8d60 JavaThread "Unconstrained build operations Thread 84"        [_thread_blocked, id=17320, stack(0x0000008050b00000,0x0000008050c00000) (1024K)]
  0x00000189c44fae30 JavaThread "Unconstrained build operations Thread 85"        [_thread_blocked, id=11420, stack(0x0000008050c00000,0x0000008050d00000) (1024K)]
  0x00000189c44f8040 JavaThread "Unconstrained build operations Thread 86"        [_thread_blocked, id=2464, stack(0x0000008050d00000,0x0000008050e00000) (1024K)]
  0x00000189b1243520 JavaThread "Unconstrained build operations Thread 87"        [_thread_blocked, id=13992, stack(0x0000008050e00000,0x0000008050f00000) (1024K)]
  0x00000189b1243bb0 JavaThread "Unconstrained build operations Thread 88"        [_thread_blocked, id=14552, stack(0x0000008050f00000,0x0000008051000000) (1024K)]
  0x00000189b1240730 JavaThread "WorkerExecutor Queue Thread 2"        [_thread_blocked, id=1556, stack(0x0000008051000000,0x0000008051100000) (1024K)]
  0x00000189b6039e50 JavaThread "RMI TCP Connection(105)-127.0.0.1" daemon [_thread_in_native, id=17532, stack(0x0000008051400000,0x0000008051500000) (1024K)]
  0x00000189b1244240 JavaThread "Unconstrained build operations Thread 89"        [_thread_blocked, id=5128, stack(0x0000008051500000,0x0000008051600000) (1024K)]
  0x00000189b1240dc0 JavaThread "Unconstrained build operations Thread 90"        [_thread_blocked, id=2288, stack(0x0000008051c00000,0x0000008051d00000) (1024K)]
  0x00000189b1241450 JavaThread "Unconstrained build operations Thread 91"        [_thread_blocked, id=17776, stack(0x0000008051d00000,0x0000008051e00000) (1024K)]
  0x00000189b1241ae0 JavaThread "Unconstrained build operations Thread 92"        [_thread_blocked, id=10924, stack(0x0000008048900000,0x0000008048a00000) (1024K)]
  0x00000189b12455f0 JavaThread "WorkerExecutor Queue Thread 3"        [_thread_blocked, id=18376, stack(0x0000008051e00000,0x0000008051f00000) (1024K)]
  0x00000189b603a4e0 JavaThread "WorkerExecutor Queue Thread 4"        [_thread_blocked, id=15616, stack(0x0000008048800000,0x0000008048900000) (1024K)]
  0x00000189b603ab70 JavaThread "WorkerExecutor Queue Thread 5"        [_thread_blocked, id=17836, stack(0x0000008052000000,0x0000008052100000) (1024K)]
  0x00000189b603e680 JavaThread "WorkerExecutor Queue Thread 6"        [_thread_blocked, id=16548, stack(0x0000008052100000,0x0000008052200000) (1024K)]
  0x00000189b603b200 JavaThread "WorkerExecutor Queue Thread 7"        [_thread_blocked, id=15832, stack(0x0000008052200000,0x0000008052300000) (1024K)]
  0x00000189b6042190 JavaThread "WorkerExecutor Queue Thread 8"        [_thread_blocked, id=18396, stack(0x0000008052300000,0x0000008052400000) (1024K)]
  0x00000189b6041b00 JavaThread "WorkerExecutor Queue Thread 9"        [_thread_blocked, id=12640, stack(0x0000008052400000,0x0000008052500000) (1024K)]
  0x00000189b603ed10 JavaThread "WorkerExecutor Queue Thread 10"        [_thread_blocked, id=17148, stack(0x0000008052500000,0x0000008052600000) (1024K)]
  0x00000189c44fe940 JavaThread "WorkerExecutor Queue Thread 11"        [_thread_blocked, id=3528, stack(0x0000008052600000,0x0000008052700000) (1024K)]
  0x00000189c44fefd0 JavaThread "WorkerExecutor Queue Thread 12"        [_thread_blocked, id=6848, stack(0x0000008052700000,0x0000008052800000) (1024K)]
  0x00000189bd752430 JavaThread "C2 CompilerThread1"         daemon [_thread_in_native, id=11072, stack(0x0000008052800000,0x0000008052900000) (1024K)]
  0x00000189b5bfc4e0 JavaThread "C2 CompilerThread2"         daemon [_thread_in_native, id=19128, stack(0x0000008051300000,0x0000008051400000) (1024K)]
  0x00000189b1245c80 JavaThread "ForkJoinPool.commonPool-worker-203" daemon [_thread_blocked, id=1668, stack(0x0000008052900000,0x0000008052a00000) (1024K)]
  0x00000189bb6fdab0 JavaThread "ForkJoinPool.commonPool-worker-204" daemon [_thread_blocked, id=18412, stack(0x0000008052b00000,0x0000008052c00000) (1024K)]
  0x00000189a5269db0 JavaThread "ForkJoinPool.commonPool-worker-205" daemon [_thread_blocked, id=18824, stack(0x0000008052c00000,0x0000008052d00000) (1024K)]
  0x00000189b6cc93a0 JavaThread "ForkJoinPool.commonPool-worker-206" daemon [_thread_blocked, id=7464, stack(0x0000008052d00000,0x0000008052e00000) (1024K)]
  0x00000189bb6ff4f0 JavaThread "ForkJoinPool.commonPool-worker-207" daemon [_thread_blocked, id=7724, stack(0x0000008052e00000,0x0000008052f00000) (1024K)]
  0x00000189b6cc7ff0 JavaThread "ForkJoinPool.commonPool-worker-208" daemon [_thread_blocked, id=10736, stack(0x0000008052f00000,0x0000008053000000) (1024K)]
  0x00000189c61f5e20 JavaThread "ForkJoinPool.commonPool-worker-209" daemon [_thread_blocked, id=6624, stack(0x0000008053000000,0x0000008053100000) (1024K)]
  0x00000189b1246310 JavaThread "ForkJoinPool.commonPool-worker-210" daemon [_thread_blocked, id=14376, stack(0x0000008053100000,0x0000008053200000) (1024K)]
Total: 203

Other Threads:
  0x000001899e7f4860 VMThread "VM Thread"                           [id=3352, stack(0x0000008045e00000,0x0000008045f00000) (1024K)]
  0x000001899e890490 WatcherThread "VM Periodic Task Thread"        [id=7688, stack(0x0000008045d00000,0x0000008045e00000) (1024K)]
  0x0000018986d16120 WorkerThread "GC Thread#0"                     [id=2964, stack(0x0000008045800000,0x0000008045900000) (1024K)]
  0x00000189a32f76f0 WorkerThread "GC Thread#1"                     [id=3044, stack(0x0000008046b00000,0x0000008046c00000) (1024K)]
  0x00000189a32f7a90 WorkerThread "GC Thread#2"                     [id=14588, stack(0x0000008046c00000,0x0000008046d00000) (1024K)]
  0x00000189a3702210 WorkerThread "GC Thread#3"                     [id=8124, stack(0x0000008046d00000,0x0000008046e00000) (1024K)]
  0x00000189a37025b0 WorkerThread "GC Thread#4"                     [id=15032, stack(0x0000008046e00000,0x0000008046f00000) (1024K)]
  0x00000189a406fae0 WorkerThread "GC Thread#5"                     [id=3324, stack(0x0000008046900000,0x0000008046a00000) (1024K)]
  0x00000189a406fe80 WorkerThread "GC Thread#6"                     [id=12228, stack(0x0000008046a00000,0x0000008046b00000) (1024K)]
  0x00000189a4d01c70 WorkerThread "GC Thread#7"                     [id=12832, stack(0x0000008047900000,0x0000008047a00000) (1024K)]
  0x00000189a4d00a50 WorkerThread "GC Thread#8"                     [id=2528, stack(0x0000008047a00000,0x0000008047b00000) (1024K)]
  0x00000189a4d00df0 WorkerThread "GC Thread#9"                     [id=3252, stack(0x0000008047b00000,0x0000008047c00000) (1024K)]
  0x0000018986d27e50 ConcurrentGCThread "G1 Main Marker"            [id=2984, stack(0x0000008045900000,0x0000008045a00000) (1024K)]
  0x0000018986d29000 WorkerThread "G1 Conc#0"                       [id=2044, stack(0x0000008045a00000,0x0000008045b00000) (1024K)]
  0x00000189a4d01190 WorkerThread "G1 Conc#1"                       [id=3496, stack(0x0000008047c00000,0x0000008047d00000) (1024K)]
  0x00000189a4d01530 WorkerThread "G1 Conc#2"                       [id=4712, stack(0x0000008047d00000,0x0000008047e00000) (1024K)]
  0x000001899e6e3ab0 ConcurrentGCThread "G1 Refine#0"               [id=8128, stack(0x0000008045b00000,0x0000008045c00000) (1024K)]
  0x000001899e6e4430 ConcurrentGCThread "G1 Service"                [id=4672, stack(0x0000008045c00000,0x0000008045d00000) (1024K)]
Total: 18

Threads with active compile tasks:
C2 CompilerThread0  12276714 158564       4       com.android.tools.r8.dex.L::a (293 bytes)
C2 CompilerThread1  12276714 158551       4       com.android.tools.r8.dex.n0::a (60 bytes)
C2 CompilerThread2  12276714 158565 %     4       com.android.tools.r8.dex.L::a @ 1002 (3910 bytes)
Total: 3

VM state: not at safepoint (normal execution)

VM Mutex/Monitor currently owned by a thread: None

Heap address: 0x0000000080000000, size: 2048 MB, Compressed Oops mode: 32-bit

CDS archive(s) not mapped
Compressed class space mapped at: 0x0000000100000000-0x0000000140000000, reserved size: 1073741824
Narrow klass base: 0x0000000000000000, Narrow klass shift: 3, Narrow klass range: 0x140000000

GC Precious Log:
 CardTable entry size: 512
 Card Set container configuration: InlinePtr #cards 5 size 8 Array Of Cards #cards 12 size 40 Howl #buckets 4 coarsen threshold 1843 Howl Bitmap #cards 512 size 80 coarsen threshold 460 Card regions per heap region 1 cards per card region 2048
 CPUs: 12 total, 12 available
 Memory: 15708M
 Large Page Support: Disabled
 NUMA Support: Disabled
 Compressed Oops: Enabled (32-bit)
 Heap Region Size: 1M
 Heap Min Capacity: 8M
 Heap Initial Capacity: 246M
 Heap Max Capacity: 2G
 Pre-touch: Disabled
 Parallel Workers: 10
 Concurrent Workers: 3
 Concurrent Refinement Workers: 10
 Periodic GC: Disabled

Heap:
 garbage-first heap   total 1018880K, used 650224K [0x0000000080000000, 0x0000000100000000)
  region size 1024K, 92 young (94208K), 16 survivors (16384K)
 Metaspace       used 260100K, committed 262720K, reserved 1376256K
  class space    used 31160K, committed 32896K, reserved 1048576K

Heap Regions: E=young(eden), S=young(survivor), O=old, HS=humongous(starts), HC=humongous(continues), CS=collection set, F=free, TAMS=top-at-mark-start, PB=parsable bottom
|   0|0x0000000080000000, 0x00000000800fff78, 0x0000000080100000| 99%| O|  |TAMS 0x0000000080000000| PB 0x0000000080000000| Untracked 
|   1|0x0000000080100000, 0x0000000080200000, 0x0000000080200000|100%|HS|  |TAMS 0x0000000080100000| PB 0x0000000080100000| Complete 
|   2|0x0000000080200000, 0x0000000080300000, 0x0000000080300000|100%|HC|  |TAMS 0x0000000080200000| PB 0x0000000080200000| Complete 
|   3|0x0000000080300000, 0x0000000080400000, 0x0000000080400000|100%|HC|  |TAMS 0x0000000080300000| PB 0x0000000080300000| Complete 
|   4|0x0000000080400000, 0x00000000804ffff0, 0x0000000080500000| 99%| O|  |TAMS 0x0000000080400000| PB 0x0000000080400000| Untracked 
|   5|0x0000000080500000, 0x0000000080600000, 0x0000000080600000|100%| O|  |TAMS 0x0000000080500000| PB 0x0000000080500000| Untracked 
|   6|0x0000000080600000, 0x00000000806ffef8, 0x0000000080700000| 99%| O|  |TAMS 0x0000000080600000| PB 0x0000000080600000| Untracked 
|   7|0x0000000080700000, 0x0000000080800000, 0x0000000080800000|100%|HS|  |TAMS 0x0000000080700000| PB 0x0000000080700000| Complete 
|   8|0x0000000080800000, 0x0000000080900000, 0x0000000080900000|100%| O|  |TAMS 0x0000000080800000| PB 0x0000000080800000| Untracked 
|   9|0x0000000080900000, 0x00000000809fffc8, 0x0000000080a00000| 99%| O|  |TAMS 0x0000000080900000| PB 0x0000000080900000| Untracked 
|  10|0x0000000080a00000, 0x0000000080af8678, 0x0000000080b00000| 97%| O|  |TAMS 0x0000000080a00000| PB 0x0000000080a00000| Untracked 
|  11|0x0000000080b00000, 0x0000000080bffff8, 0x0000000080c00000| 99%| O|  |TAMS 0x0000000080b00000| PB 0x0000000080b00000| Untracked 
|  12|0x0000000080c00000, 0x0000000080cffff0, 0x0000000080d00000| 99%| O|  |TAMS 0x0000000080c00000| PB 0x0000000080c00000| Untracked 
|  13|0x0000000080d00000, 0x0000000080e00000, 0x0000000080e00000|100%| O|  |TAMS 0x0000000080d00000| PB 0x0000000080d00000| Untracked 
|  14|0x0000000080e00000, 0x0000000080effff8, 0x0000000080f00000| 99%| O|  |TAMS 0x0000000080e00000| PB 0x0000000080e00000| Untracked 
|  15|0x0000000080f00000, 0x0000000081000000, 0x0000000081000000|100%| O|  |TAMS 0x0000000080f00000| PB 0x0000000080f00000| Untracked 
|  16|0x0000000081000000, 0x00000000810fffa0, 0x0000000081100000| 99%| O|  |TAMS 0x0000000081000000| PB 0x0000000081000000| Untracked 
|  17|0x0000000081100000, 0x0000000081200000, 0x0000000081200000|100%| O|  |TAMS 0x0000000081100000| PB 0x0000000081100000| Untracked 
|  18|0x0000000081200000, 0x00000000812ff878, 0x0000000081300000| 99%| O|  |TAMS 0x0000000081200000| PB 0x0000000081200000| Untracked 
|  19|0x0000000081300000, 0x0000000081400000, 0x0000000081400000|100%| O|  |TAMS 0x0000000081300000| PB 0x0000000081300000| Untracked 
|  20|0x0000000081400000, 0x0000000081500000, 0x0000000081500000|100%| O|  |TAMS 0x0000000081400000| PB 0x0000000081400000| Untracked 
|  21|0x0000000081500000, 0x00000000815fffe0, 0x0000000081600000| 99%| O|  |TAMS 0x0000000081500000| PB 0x0000000081500000| Untracked 
|  22|0x0000000081600000, 0x0000000081700000, 0x0000000081700000|100%| O|  |TAMS 0x0000000081600000| PB 0x0000000081600000| Untracked 
|  23|0x0000000081700000, 0x00000000817ffff8, 0x0000000081800000| 99%| O|  |TAMS 0x0000000081700000| PB 0x0000000081700000| Untracked 
|  24|0x0000000081800000, 0x00000000818ffff0, 0x0000000081900000| 99%| O|  |TAMS 0x0000000081800000| PB 0x0000000081800000| Untracked 
|  25|0x0000000081900000, 0x00000000819ffff0, 0x0000000081a00000| 99%| O|  |TAMS 0x0000000081900000| PB 0x0000000081900000| Untracked 
|  26|0x0000000081a00000, 0x0000000081afff58, 0x0000000081b00000| 99%| O|  |TAMS 0x0000000081a00000| PB 0x0000000081a00000| Untracked 
|  27|0x0000000081b00000, 0x0000000081bfffd0, 0x0000000081c00000| 99%| O|  |TAMS 0x0000000081b00000| PB 0x0000000081b00000| Untracked 
|  28|0x0000000081c00000, 0x0000000081cfffe0, 0x0000000081d00000| 99%| O|  |TAMS 0x0000000081c00000| PB 0x0000000081c00000| Untracked 
|  29|0x0000000081d00000, 0x0000000081dffff0, 0x0000000081e00000| 99%| O|  |TAMS 0x0000000081d00000| PB 0x0000000081d00000| Untracked 
|  30|0x0000000081e00000, 0x0000000081ef7c08, 0x0000000081f00000| 96%| O|  |TAMS 0x0000000081e00000| PB 0x0000000081e00000| Untracked 
|  31|0x0000000081f00000, 0x0000000081fffff0, 0x0000000082000000| 99%| O|  |TAMS 0x0000000081f00000| PB 0x0000000081f00000| Untracked 
|  32|0x0000000082000000, 0x00000000820fc508, 0x0000000082100000| 98%| O|  |TAMS 0x0000000082000000| PB 0x0000000082000000| Untracked 
|  33|0x0000000082100000, 0x00000000821ffff0, 0x0000000082200000| 99%| O|  |TAMS 0x0000000082100000| PB 0x0000000082100000| Untracked 
|  34|0x0000000082200000, 0x00000000822fffb8, 0x0000000082300000| 99%| O|  |TAMS 0x0000000082200000| PB 0x0000000082200000| Untracked 
|  35|0x0000000082300000, 0x00000000823d8d08, 0x0000000082400000| 84%| O|  |TAMS 0x0000000082300000| PB 0x0000000082300000| Untracked 
|  36|0x0000000082400000, 0x00000000824ffff8, 0x0000000082500000| 99%| O|  |TAMS 0x0000000082400000| PB 0x0000000082400000| Untracked 
|  37|0x0000000082500000, 0x00000000825ffff8, 0x0000000082600000| 99%| O|  |TAMS 0x0000000082500000| PB 0x0000000082500000| Untracked 
|  38|0x0000000082600000, 0x00000000826ffa78, 0x0000000082700000| 99%| O|  |TAMS 0x0000000082600000| PB 0x0000000082600000| Untracked 
|  39|0x0000000082700000, 0x0000000082800000, 0x0000000082800000|100%| O|  |TAMS 0x0000000082700000| PB 0x0000000082700000| Untracked 
|  40|0x0000000082800000, 0x00000000828ffff0, 0x0000000082900000| 99%| O|  |TAMS 0x0000000082800000| PB 0x0000000082800000| Untracked 
|  41|0x0000000082900000, 0x0000000082a00000, 0x0000000082a00000|100%| O|  |TAMS 0x0000000082900000| PB 0x0000000082900000| Untracked 
|  42|0x0000000082a00000, 0x0000000082affff0, 0x0000000082b00000| 99%| O|  |TAMS 0x0000000082a00000| PB 0x0000000082a00000| Untracked 
|  43|0x0000000082b00000, 0x0000000082bfff78, 0x0000000082c00000| 99%| O|  |TAMS 0x0000000082b00000| PB 0x0000000082b00000| Untracked 
|  44|0x0000000082c00000, 0x0000000082cfffe0, 0x0000000082d00000| 99%| O|  |TAMS 0x0000000082c00000| PB 0x0000000082c00000| Untracked 
|  45|0x0000000082d00000, 0x0000000082e00000, 0x0000000082e00000|100%| O|  |TAMS 0x0000000082d00000| PB 0x0000000082d00000| Untracked 
|  46|0x0000000082e00000, 0x0000000082efffe8, 0x0000000082f00000| 99%| O|  |TAMS 0x0000000082e00000| PB 0x0000000082e00000| Untracked 
|  47|0x0000000082f00000, 0x0000000082fff100, 0x0000000083000000| 99%| O|  |TAMS 0x0000000082f00000| PB 0x0000000082f00000| Untracked 
|  48|0x0000000083000000, 0x00000000830ffff8, 0x0000000083100000| 99%| O|  |TAMS 0x0000000083000000| PB 0x0000000083000000| Untracked 
|  49|0x0000000083100000, 0x00000000831ffff0, 0x0000000083200000| 99%| O|  |TAMS 0x0000000083100000| PB 0x0000000083100000| Untracked 
|  50|0x0000000083200000, 0x0000000083300000, 0x0000000083300000|100%|HS|  |TAMS 0x0000000083200000| PB 0x0000000083200000| Complete 
|  51|0x0000000083300000, 0x0000000083400000, 0x0000000083400000|100%|HS|  |TAMS 0x0000000083300000| PB 0x0000000083300000| Complete 
|  52|0x0000000083400000, 0x0000000083500000, 0x0000000083500000|100%|HS|  |TAMS 0x0000000083400000| PB 0x0000000083400000| Complete 
|  53|0x0000000083500000, 0x0000000083600000, 0x0000000083600000|100%|HC|  |TAMS 0x0000000083500000| PB 0x0000000083500000| Complete 
|  54|0x0000000083600000, 0x0000000083700000, 0x0000000083700000|100%|HS|  |TAMS 0x0000000083600000| PB 0x0000000083600000| Complete 
|  55|0x0000000083700000, 0x0000000083800000, 0x0000000083800000|100%|HC|  |TAMS 0x0000000083700000| PB 0x0000000083700000| Complete 
|  56|0x0000000083800000, 0x0000000083900000, 0x0000000083900000|100%|HS|  |TAMS 0x0000000083800000| PB 0x0000000083800000| Complete 
|  57|0x0000000083900000, 0x0000000083a00000, 0x0000000083a00000|100%|HS|  |TAMS 0x0000000083900000| PB 0x0000000083900000| Complete 
|  58|0x0000000083a00000, 0x0000000083afefa0, 0x0000000083b00000| 99%| O|  |TAMS 0x0000000083a00000| PB 0x0000000083a00000| Untracked 
|  59|0x0000000083b00000, 0x0000000083c00000, 0x0000000083c00000|100%|HS|  |TAMS 0x0000000083b00000| PB 0x0000000083b00000| Complete 
|  60|0x0000000083c00000, 0x0000000083d00000, 0x0000000083d00000|100%|HS|  |TAMS 0x0000000083c00000| PB 0x0000000083c00000| Complete 
|  61|0x0000000083d00000, 0x0000000083dffff0, 0x0000000083e00000| 99%| O|  |TAMS 0x0000000083d00000| PB 0x0000000083d00000| Untracked 
|  62|0x0000000083e00000, 0x0000000083f00000, 0x0000000083f00000|100%| O|  |TAMS 0x0000000083e00000| PB 0x0000000083e00000| Untracked 
|  63|0x0000000083f00000, 0x0000000084000000, 0x0000000084000000|100%|HS|  |TAMS 0x0000000083f00000| PB 0x0000000083f00000| Complete 
|  64|0x0000000084000000, 0x00000000840ffff8, 0x0000000084100000| 99%| O|  |TAMS 0x0000000084000000| PB 0x0000000084000000| Untracked 
|  65|0x0000000084100000, 0x00000000841ffff0, 0x0000000084200000| 99%| O|  |TAMS 0x0000000084100000| PB 0x0000000084100000| Untracked 
|  66|0x0000000084200000, 0x0000000084300000, 0x0000000084300000|100%| O|  |TAMS 0x0000000084200000| PB 0x0000000084200000| Untracked 
|  67|0x0000000084300000, 0x00000000843ffff8, 0x0000000084400000| 99%| O|  |TAMS 0x0000000084300000| PB 0x0000000084300000| Untracked 
|  68|0x0000000084400000, 0x00000000844fffd0, 0x0000000084500000| 99%| O|  |TAMS 0x0000000084400000| PB 0x0000000084400000| Untracked 
|  69|0x0000000084500000, 0x00000000845ffff8, 0x0000000084600000| 99%| O|  |TAMS 0x0000000084500000| PB 0x0000000084500000| Untracked 
|  70|0x0000000084600000, 0x00000000846ffff8, 0x0000000084700000| 99%| O|  |TAMS 0x0000000084600000| PB 0x0000000084600000| Untracked 
|  71|0x0000000084700000, 0x00000000847ff8a8, 0x0000000084800000| 99%| O|  |TAMS 0x0000000084700000| PB 0x0000000084700000| Untracked 
|  72|0x0000000084800000, 0x00000000848ffff0, 0x0000000084900000| 99%| O|  |TAMS 0x0000000084800000| PB 0x0000000084800000| Untracked 
|  73|0x0000000084900000, 0x00000000849fffd8, 0x0000000084a00000| 99%| O|  |TAMS 0x0000000084900000| PB 0x0000000084900000| Untracked 
|  74|0x0000000084a00000, 0x0000000084afffd8, 0x0000000084b00000| 99%| O|  |TAMS 0x0000000084a00000| PB 0x0000000084a00000| Untracked 
|  75|0x0000000084b00000, 0x0000000084bffff8, 0x0000000084c00000| 99%| O|  |TAMS 0x0000000084b00000| PB 0x0000000084b00000| Untracked 
|  76|0x0000000084c00000, 0x0000000084cfffd0, 0x0000000084d00000| 99%| O|  |TAMS 0x0000000084c00000| PB 0x0000000084c00000| Untracked 
|  77|0x0000000084d00000, 0x0000000084dffff0, 0x0000000084e00000| 99%| O|  |TAMS 0x0000000084d00000| PB 0x0000000084d00000| Untracked 
|  78|0x0000000084e00000, 0x0000000084efffe8, 0x0000000084f00000| 99%| O|  |TAMS 0x0000000084e00000| PB 0x0000000084e00000| Untracked 
|  79|0x0000000084f00000, 0x0000000084fffff0, 0x0000000085000000| 99%| O|  |TAMS 0x0000000084f00000| PB 0x0000000084f00000| Untracked 
|  80|0x0000000085000000, 0x00000000850ffff0, 0x0000000085100000| 99%| O|  |TAMS 0x0000000085000000| PB 0x0000000085000000| Untracked 
|  81|0x0000000085100000, 0x00000000851ffff0, 0x0000000085200000| 99%| O|  |TAMS 0x0000000085100000| PB 0x0000000085100000| Untracked 
|  82|0x0000000085200000, 0x00000000852fffc8, 0x0000000085300000| 99%| O|  |TAMS 0x0000000085200000| PB 0x0000000085200000| Untracked 
|  83|0x0000000085300000, 0x00000000853e9bd0, 0x0000000085400000| 91%| O|  |TAMS 0x0000000085300000| PB 0x0000000085300000| Untracked 
|  84|0x0000000085400000, 0x00000000854ffff8, 0x0000000085500000| 99%| O|  |TAMS 0x0000000085400000| PB 0x0000000085400000| Untracked 
|  85|0x0000000085500000, 0x00000000855fd4d8, 0x0000000085600000| 98%| O|  |TAMS 0x0000000085500000| PB 0x0000000085500000| Untracked 
|  86|0x0000000085600000, 0x00000000856fefe8, 0x0000000085700000| 99%| O|  |TAMS 0x0000000085600000| PB 0x0000000085600000| Untracked 
|  87|0x0000000085700000, 0x00000000857fffe0, 0x0000000085800000| 99%| O|  |TAMS 0x0000000085700000| PB 0x0000000085700000| Untracked 
|  88|0x0000000085800000, 0x00000000858fffd8, 0x0000000085900000| 99%| O|  |TAMS 0x0000000085800000| PB 0x0000000085800000| Untracked 
|  89|0x0000000085900000, 0x00000000859ffff8, 0x0000000085a00000| 99%| O|  |TAMS 0x0000000085900000| PB 0x0000000085900000| Untracked 
|  90|0x0000000085a00000, 0x0000000085afffd8, 0x0000000085b00000| 99%| O|  |TAMS 0x0000000085a00000| PB 0x0000000085a00000| Untracked 
|  91|0x0000000085b00000, 0x0000000085bfd828, 0x0000000085c00000| 99%| O|  |TAMS 0x0000000085b00000| PB 0x0000000085b00000| Untracked 
|  92|0x0000000085c00000, 0x0000000085cffff0, 0x0000000085d00000| 99%| O|  |TAMS 0x0000000085c00000| PB 0x0000000085c00000| Untracked 
|  93|0x0000000085d00000, 0x0000000085dffff8, 0x0000000085e00000| 99%| O|  |TAMS 0x0000000085d00000| PB 0x0000000085d00000| Untracked 
|  94|0x0000000085e00000, 0x0000000085efffe0, 0x0000000085f00000| 99%| O|  |TAMS 0x0000000085e00000| PB 0x0000000085e00000| Untracked 
|  95|0x0000000085f00000, 0x0000000085ffffd8, 0x0000000086000000| 99%| O|  |TAMS 0x0000000085f00000| PB 0x0000000085f00000| Untracked 
|  96|0x0000000086000000, 0x00000000860ffff8, 0x0000000086100000| 99%| O|  |TAMS 0x0000000086000000| PB 0x0000000086000000| Untracked 
|  97|0x0000000086100000, 0x00000000861ffff0, 0x0000000086200000| 99%| O|  |TAMS 0x0000000086100000| PB 0x0000000086100000| Untracked 
|  98|0x0000000086200000, 0x00000000862ff260, 0x0000000086300000| 99%| O|  |TAMS 0x0000000086200000| PB 0x0000000086200000| Untracked 
|  99|0x0000000086300000, 0x00000000863ffff0, 0x0000000086400000| 99%| O|  |TAMS 0x0000000086300000| PB 0x0000000086300000| Untracked 
| 100|0x0000000086400000, 0x00000000864fffd8, 0x0000000086500000| 99%| O|  |TAMS 0x0000000086400000| PB 0x0000000086400000| Untracked 
| 101|0x0000000086500000, 0x00000000865fffa0, 0x0000000086600000| 99%| O|  |TAMS 0x0000000086500000| PB 0x0000000086500000| Untracked 
| 102|0x0000000086600000, 0x00000000866ff320, 0x0000000086700000| 99%| O|  |TAMS 0x0000000086600000| PB 0x0000000086600000| Untracked 
| 103|0x0000000086700000, 0x00000000867ffff0, 0x0000000086800000| 99%| O|  |TAMS 0x0000000086700000| PB 0x0000000086700000| Untracked 
| 104|0x0000000086800000, 0x0000000086900000, 0x0000000086900000|100%| O|  |TAMS 0x0000000086800000| PB 0x0000000086800000| Untracked 
| 105|0x0000000086900000, 0x00000000869fffd8, 0x0000000086a00000| 99%| O|  |TAMS 0x0000000086900000| PB 0x0000000086900000| Untracked 
| 106|0x0000000086a00000, 0x0000000086affff0, 0x0000000086b00000| 99%| O|  |TAMS 0x0000000086a00000| PB 0x0000000086a00000| Untracked 
| 107|0x0000000086b00000, 0x0000000086bffff8, 0x0000000086c00000| 99%| O|  |TAMS 0x0000000086b00000| PB 0x0000000086b00000| Untracked 
| 108|0x0000000086c00000, 0x0000000086cffff8, 0x0000000086d00000| 99%| O|  |TAMS 0x0000000086c00000| PB 0x0000000086c00000| Untracked 
| 109|0x0000000086d00000, 0x0000000086dffff8, 0x0000000086e00000| 99%| O|  |TAMS 0x0000000086d00000| PB 0x0000000086d00000| Untracked 
| 110|0x0000000086e00000, 0x0000000086effff0, 0x0000000086f00000| 99%| O|  |TAMS 0x0000000086e00000| PB 0x0000000086e00000| Untracked 
| 111|0x0000000086f00000, 0x0000000086ffffe0, 0x0000000087000000| 99%| O|  |TAMS 0x0000000086f00000| PB 0x0000000086f00000| Untracked 
| 112|0x0000000087000000, 0x0000000087100000, 0x0000000087100000|100%| O|  |TAMS 0x0000000087000000| PB 0x0000000087000000| Untracked 
| 113|0x0000000087100000, 0x0000000087200000, 0x0000000087200000|100%| O|  |TAMS 0x0000000087100000| PB 0x0000000087100000| Untracked 
| 114|0x0000000087200000, 0x00000000872fffe0, 0x0000000087300000| 99%| O|  |TAMS 0x0000000087200000| PB 0x0000000087200000| Untracked 
| 115|0x0000000087300000, 0x00000000873fff78, 0x0000000087400000| 99%| O|  |TAMS 0x0000000087300000| PB 0x0000000087300000| Untracked 
| 116|0x0000000087400000, 0x00000000874fb8d0, 0x0000000087500000| 98%| O|  |TAMS 0x0000000087400000| PB 0x0000000087400000| Untracked 
| 117|0x0000000087500000, 0x00000000875ffff8, 0x0000000087600000| 99%| O|  |TAMS 0x0000000087500000| PB 0x0000000087500000| Untracked 
| 118|0x0000000087600000, 0x0000000087700000, 0x0000000087700000|100%| O|  |TAMS 0x0000000087600000| PB 0x0000000087600000| Untracked 
| 119|0x0000000087700000, 0x0000000087800000, 0x0000000087800000|100%| O|  |TAMS 0x0000000087700000| PB 0x0000000087700000| Untracked 
| 120|0x0000000087800000, 0x00000000878ffff8, 0x0000000087900000| 99%| O|  |TAMS 0x0000000087800000| PB 0x0000000087800000| Untracked 
| 121|0x0000000087900000, 0x00000000879fffb8, 0x0000000087a00000| 99%| O|  |TAMS 0x0000000087900000| PB 0x0000000087900000| Untracked 
| 122|0x0000000087a00000, 0x0000000087afffc0, 0x0000000087b00000| 99%| O|  |TAMS 0x0000000087a00000| PB 0x0000000087a00000| Untracked 
| 123|0x0000000087b00000, 0x0000000087bffff8, 0x0000000087c00000| 99%| O|  |TAMS 0x0000000087b00000| PB 0x0000000087b00000| Untracked 
| 124|0x0000000087c00000, 0x0000000087d00000, 0x0000000087d00000|100%| O|  |TAMS 0x0000000087c00000| PB 0x0000000087c00000| Untracked 
| 125|0x0000000087d00000, 0x0000000087dfffd8, 0x0000000087e00000| 99%| O|  |TAMS 0x0000000087d00000| PB 0x0000000087d00000| Untracked 
| 126|0x0000000087e00000, 0x0000000087efffd0, 0x0000000087f00000| 99%| O|  |TAMS 0x0000000087e00000| PB 0x0000000087e00000| Untracked 
| 127|0x0000000087f00000, 0x0000000087ffffc0, 0x0000000088000000| 99%| O|  |TAMS 0x0000000087f00000| PB 0x0000000087f00000| Untracked 
| 128|0x0000000088000000, 0x00000000880ffff0, 0x0000000088100000| 99%| O|  |TAMS 0x0000000088000000| PB 0x0000000088000000| Untracked 
| 129|0x0000000088100000, 0x0000000088200000, 0x0000000088200000|100%| O|  |TAMS 0x0000000088100000| PB 0x0000000088100000| Untracked 
| 130|0x0000000088200000, 0x00000000882ffff0, 0x0000000088300000| 99%| O|  |TAMS 0x0000000088200000| PB 0x0000000088200000| Untracked 
| 131|0x0000000088300000, 0x00000000883ffff8, 0x0000000088400000| 99%| O|  |TAMS 0x0000000088300000| PB 0x0000000088300000| Untracked 
| 132|0x0000000088400000, 0x00000000884fffe8, 0x0000000088500000| 99%| O|  |TAMS 0x0000000088400000| PB 0x0000000088400000| Untracked 
| 133|0x0000000088500000, 0x00000000885ffff8, 0x0000000088600000| 99%| O|  |TAMS 0x0000000088500000| PB 0x0000000088500000| Untracked 
| 134|0x0000000088600000, 0x0000000088700000, 0x0000000088700000|100%|HS|  |TAMS 0x0000000088600000| PB 0x0000000088600000| Complete 
| 135|0x0000000088700000, 0x00000000887dd3f8, 0x0000000088800000| 86%| O|  |TAMS 0x0000000088700000| PB 0x0000000088700000| Untracked 
| 136|0x0000000088800000, 0x00000000888ffff0, 0x0000000088900000| 99%| O|  |TAMS 0x0000000088800000| PB 0x0000000088800000| Untracked 
| 137|0x0000000088900000, 0x0000000088a00000, 0x0000000088a00000|100%| O|  |TAMS 0x0000000088900000| PB 0x0000000088900000| Untracked 
| 138|0x0000000088a00000, 0x0000000088b00000, 0x0000000088b00000|100%|HS|  |TAMS 0x0000000088a00000| PB 0x0000000088a00000| Complete 
| 139|0x0000000088b00000, 0x0000000088c00000, 0x0000000088c00000|100%|HC|  |TAMS 0x0000000088b00000| PB 0x0000000088b00000| Complete 
| 140|0x0000000088c00000, 0x0000000088d00000, 0x0000000088d00000|100%|HC|  |TAMS 0x0000000088c00000| PB 0x0000000088c00000| Complete 
| 141|0x0000000088d00000, 0x0000000088e00000, 0x0000000088e00000|100%|HC|  |TAMS 0x0000000088d00000| PB 0x0000000088d00000| Complete 
| 142|0x0000000088e00000, 0x0000000088effff8, 0x0000000088f00000| 99%| O|  |TAMS 0x0000000088e00000| PB 0x0000000088e00000| Untracked 
| 143|0x0000000088f00000, 0x0000000089000000, 0x0000000089000000|100%| O|  |TAMS 0x0000000088f00000| PB 0x0000000088f00000| Untracked 
| 144|0x0000000089000000, 0x00000000890fffd8, 0x0000000089100000| 99%| O|  |TAMS 0x0000000089000000| PB 0x0000000089000000| Untracked 
| 145|0x0000000089100000, 0x00000000891fffd0, 0x0000000089200000| 99%| O|  |TAMS 0x0000000089100000| PB 0x0000000089100000| Untracked 
| 146|0x0000000089200000, 0x0000000089300000, 0x0000000089300000|100%|HS|  |TAMS 0x0000000089200000| PB 0x0000000089200000| Complete 
| 147|0x0000000089300000, 0x00000000893fffe8, 0x0000000089400000| 99%| O|  |TAMS 0x0000000089300000| PB 0x0000000089300000| Untracked 
| 148|0x0000000089400000, 0x0000000089500000, 0x0000000089500000|100%| O|  |TAMS 0x0000000089400000| PB 0x0000000089400000| Untracked 
| 149|0x0000000089500000, 0x00000000895fffe0, 0x0000000089600000| 99%| O|  |TAMS 0x0000000089500000| PB 0x0000000089500000| Untracked 
| 150|0x0000000089600000, 0x00000000896ffff0, 0x0000000089700000| 99%| O|  |TAMS 0x0000000089600000| PB 0x0000000089600000| Untracked 
| 151|0x0000000089700000, 0x0000000089800000, 0x0000000089800000|100%| O|  |TAMS 0x0000000089700000| PB 0x0000000089700000| Untracked 
| 152|0x0000000089800000, 0x00000000898ffff8, 0x0000000089900000| 99%| O|  |TAMS 0x0000000089800000| PB 0x0000000089800000| Untracked 
| 153|0x0000000089900000, 0x00000000899fffe8, 0x0000000089a00000| 99%| O|  |TAMS 0x0000000089900000| PB 0x0000000089900000| Untracked 
| 154|0x0000000089a00000, 0x0000000089b00000, 0x0000000089b00000|100%|HS|  |TAMS 0x0000000089a00000| PB 0x0000000089a00000| Complete 
| 155|0x0000000089b00000, 0x0000000089c00000, 0x0000000089c00000|100%| O|  |TAMS 0x0000000089b00000| PB 0x0000000089b00000| Untracked 
| 156|0x0000000089c00000, 0x0000000089d00000, 0x0000000089d00000|100%| O|  |TAMS 0x0000000089c00000| PB 0x0000000089c00000| Untracked 
| 157|0x0000000089d00000, 0x0000000089dffff8, 0x0000000089e00000| 99%| O|  |TAMS 0x0000000089d00000| PB 0x0000000089d00000| Untracked 
| 158|0x0000000089e00000, 0x0000000089f00000, 0x0000000089f00000|100%| O|  |TAMS 0x0000000089e00000| PB 0x0000000089e00000| Untracked 
| 159|0x0000000089f00000, 0x000000008a000000, 0x000000008a000000|100%| O|  |TAMS 0x0000000089f00000| PB 0x0000000089f00000| Untracked 
| 160|0x000000008a000000, 0x000000008a0fffe8, 0x000000008a100000| 99%| O|  |TAMS 0x000000008a000000| PB 0x000000008a000000| Untracked 
| 161|0x000000008a100000, 0x000000008a100000, 0x000000008a200000|  0%| F|  |TAMS 0x000000008a100000| PB 0x000000008a100000| Untracked 
| 162|0x000000008a200000, 0x000000008a300000, 0x000000008a300000|100%| O|  |TAMS 0x000000008a200000| PB 0x000000008a200000| Untracked 
| 163|0x000000008a300000, 0x000000008a3ea598, 0x000000008a400000| 91%| O|  |TAMS 0x000000008a300000| PB 0x000000008a300000| Untracked 
| 164|0x000000008a400000, 0x000000008a500000, 0x000000008a500000|100%| O|  |TAMS 0x000000008a400000| PB 0x000000008a400000| Untracked 
| 165|0x000000008a500000, 0x000000008a5cf6f0, 0x000000008a600000| 81%| O|  |TAMS 0x000000008a500000| PB 0x000000008a500000| Untracked 
| 166|0x000000008a600000, 0x000000008a600000, 0x000000008a700000|  0%| F|  |TAMS 0x000000008a600000| PB 0x000000008a600000| Untracked 
| 167|0x000000008a700000, 0x000000008a7fffe8, 0x000000008a800000| 99%| O|  |TAMS 0x000000008a700000| PB 0x000000008a700000| Untracked 
| 168|0x000000008a800000, 0x000000008a900000, 0x000000008a900000|100%| O|Cm|TAMS 0x000000008a800000| PB 0x000000008a800000| Complete 
| 169|0x000000008a900000, 0x000000008aa00000, 0x000000008aa00000|100%| O|  |TAMS 0x000000008a900000| PB 0x000000008a900000| Untracked 
| 170|0x000000008aa00000, 0x000000008ab00000, 0x000000008ab00000|100%| O|Cm|TAMS 0x000000008aa00000| PB 0x000000008aa00000| Complete 
| 171|0x000000008ab00000, 0x000000008ac00000, 0x000000008ac00000|100%| O|  |TAMS 0x000000008ab00000| PB 0x000000008ab00000| Untracked 
| 172|0x000000008ac00000, 0x000000008ad00000, 0x000000008ad00000|100%| O|  |TAMS 0x000000008ac00000| PB 0x000000008ac00000| Untracked 
| 173|0x000000008ad00000, 0x000000008ad00000, 0x000000008ae00000|  0%| F|  |TAMS 0x000000008ad00000| PB 0x000000008ad00000| Untracked 
| 174|0x000000008ae00000, 0x000000008af00000, 0x000000008af00000|100%| O|  |TAMS 0x000000008ae00000| PB 0x000000008ae00000| Untracked 
| 175|0x000000008af00000, 0x000000008b000000, 0x000000008b000000|100%| O|  |TAMS 0x000000008af00000| PB 0x000000008af00000| Untracked 
| 176|0x000000008b000000, 0x000000008b100000, 0x000000008b100000|100%| O|  |TAMS 0x000000008b000000| PB 0x000000008b000000| Untracked 
| 177|0x000000008b100000, 0x000000008b200000, 0x000000008b200000|100%| O|  |TAMS 0x000000008b100000| PB 0x000000008b100000| Untracked 
| 178|0x000000008b200000, 0x000000008b300000, 0x000000008b300000|100%| O|  |TAMS 0x000000008b200000| PB 0x000000008b200000| Untracked 
| 179|0x000000008b300000, 0x000000008b300000, 0x000000008b400000|  0%| F|  |TAMS 0x000000008b300000| PB 0x000000008b300000| Untracked 
| 180|0x000000008b400000, 0x000000008b500000, 0x000000008b500000|100%| O|  |TAMS 0x000000008b400000| PB 0x000000008b400000| Untracked 
| 181|0x000000008b500000, 0x000000008b600000, 0x000000008b600000|100%| O|  |TAMS 0x000000008b500000| PB 0x000000008b500000| Untracked 
| 182|0x000000008b600000, 0x000000008b700000, 0x000000008b700000|100%| O|Cm|TAMS 0x000000008b600000| PB 0x000000008b600000| Complete 
| 183|0x000000008b700000, 0x000000008b7e6558, 0x000000008b800000| 89%| O|  |TAMS 0x000000008b700000| PB 0x000000008b700000| Untracked 
| 184|0x000000008b800000, 0x000000008b800000, 0x000000008b900000|  0%| F|  |TAMS 0x000000008b800000| PB 0x000000008b800000| Untracked 
| 185|0x000000008b900000, 0x000000008b9ffff0, 0x000000008ba00000| 99%| O|  |TAMS 0x000000008b900000| PB 0x000000008b900000| Untracked 
| 186|0x000000008ba00000, 0x000000008bb00000, 0x000000008bb00000|100%| O|  |TAMS 0x000000008ba00000| PB 0x000000008ba00000| Untracked 
| 187|0x000000008bb00000, 0x000000008bc00000, 0x000000008bc00000|100%| O|  |TAMS 0x000000008bb00000| PB 0x000000008bb00000| Untracked 
| 188|0x000000008bc00000, 0x000000008bd00000, 0x000000008bd00000|100%| O|  |TAMS 0x000000008bc00000| PB 0x000000008bc00000| Untracked 
| 189|0x000000008bd00000, 0x000000008be00000, 0x000000008be00000|100%| O|  |TAMS 0x000000008bd00000| PB 0x000000008bd00000| Untracked 
| 190|0x000000008be00000, 0x000000008bf00000, 0x000000008bf00000|100%| O|  |TAMS 0x000000008be00000| PB 0x000000008be00000| Untracked 
| 191|0x000000008bf00000, 0x000000008c000000, 0x000000008c000000|100%| O|  |TAMS 0x000000008bf00000| PB 0x000000008bf00000| Untracked 
| 192|0x000000008c000000, 0x000000008c100000, 0x000000008c100000|100%| O|Cm|TAMS 0x000000008c000000| PB 0x000000008c000000| Complete 
| 193|0x000000008c100000, 0x000000008c200000, 0x000000008c200000|100%| O|  |TAMS 0x000000008c100000| PB 0x000000008c100000| Untracked 
| 194|0x000000008c200000, 0x000000008c300000, 0x000000008c300000|100%| O|  |TAMS 0x000000008c200000| PB 0x000000008c200000| Untracked 
| 195|0x000000008c300000, 0x000000008c400000, 0x000000008c400000|100%| O|Cm|TAMS 0x000000008c300000| PB 0x000000008c300000| Complete 
| 196|0x000000008c400000, 0x000000008c500000, 0x000000008c500000|100%| O|  |TAMS 0x000000008c400000| PB 0x000000008c400000| Untracked 
| 197|0x000000008c500000, 0x000000008c600000, 0x000000008c600000|100%| O|  |TAMS 0x000000008c500000| PB 0x000000008c500000| Untracked 
| 198|0x000000008c600000, 0x000000008c700000, 0x000000008c700000|100%| O|  |TAMS 0x000000008c600000| PB 0x000000008c600000| Untracked 
| 199|0x000000008c700000, 0x000000008c800000, 0x000000008c800000|100%| O|  |TAMS 0x000000008c700000| PB 0x000000008c700000| Untracked 
| 200|0x000000008c800000, 0x000000008c900000, 0x000000008c900000|100%| O|  |TAMS 0x000000008c800000| PB 0x000000008c800000| Untracked 
| 201|0x000000008c900000, 0x000000008ca00000, 0x000000008ca00000|100%| O|  |TAMS 0x000000008c900000| PB 0x000000008c900000| Untracked 
| 202|0x000000008ca00000, 0x000000008cb00000, 0x000000008cb00000|100%| O|  |TAMS 0x000000008ca00000| PB 0x000000008ca00000| Untracked 
| 203|0x000000008cb00000, 0x000000008cc00000, 0x000000008cc00000|100%| O|Cm|TAMS 0x000000008cb00000| PB 0x000000008cb00000| Complete 
| 204|0x000000008cc00000, 0x000000008cd00000, 0x000000008cd00000|100%| O|  |TAMS 0x000000008cc00000| PB 0x000000008cc00000| Untracked 
| 205|0x000000008cd00000, 0x000000008ce00000, 0x000000008ce00000|100%| O|  |TAMS 0x000000008cd00000| PB 0x000000008cd00000| Untracked 
| 206|0x000000008ce00000, 0x000000008cf00000, 0x000000008cf00000|100%| O|  |TAMS 0x000000008ce00000| PB 0x000000008ce00000| Untracked 
| 207|0x000000008cf00000, 0x000000008cf00000, 0x000000008d000000|  0%| F|  |TAMS 0x000000008cf00000| PB 0x000000008cf00000| Untracked 
| 208|0x000000008d000000, 0x000000008d100000, 0x000000008d100000|100%| O|  |TAMS 0x000000008d000000| PB 0x000000008d000000| Untracked 
| 209|0x000000008d100000, 0x000000008d200000, 0x000000008d200000|100%| O|  |TAMS 0x000000008d100000| PB 0x000000008d100000| Untracked 
| 210|0x000000008d200000, 0x000000008d300000, 0x000000008d300000|100%| O|  |TAMS 0x000000008d200000| PB 0x000000008d200000| Untracked 
| 211|0x000000008d300000, 0x000000008d400000, 0x000000008d400000|100%| O|  |TAMS 0x000000008d300000| PB 0x000000008d300000| Untracked 
| 212|0x000000008d400000, 0x000000008d500000, 0x000000008d500000|100%| O|Cm|TAMS 0x000000008d400000| PB 0x000000008d400000| Complete 
| 213|0x000000008d500000, 0x000000008d600000, 0x000000008d600000|100%| O|  |TAMS 0x000000008d500000| PB 0x000000008d500000| Untracked 
| 214|0x000000008d600000, 0x000000008d700000, 0x000000008d700000|100%| O|  |TAMS 0x000000008d600000| PB 0x000000008d600000| Untracked 
| 215|0x000000008d700000, 0x000000008d800000, 0x000000008d800000|100%| O|  |TAMS 0x000000008d700000| PB 0x000000008d700000| Untracked 
| 216|0x000000008d800000, 0x000000008d900000, 0x000000008d900000|100%| O|  |TAMS 0x000000008d800000| PB 0x000000008d800000| Untracked 
| 217|0x000000008d900000, 0x000000008da00000, 0x000000008da00000|100%| O|Cm|TAMS 0x000000008d900000| PB 0x000000008d900000| Complete 
| 218|0x000000008da00000, 0x000000008db00000, 0x000000008db00000|100%| O|  |TAMS 0x000000008da00000| PB 0x000000008da00000| Untracked 
| 219|0x000000008db00000, 0x000000008db00000, 0x000000008dc00000|  0%| F|  |TAMS 0x000000008db00000| PB 0x000000008db00000| Untracked 
| 220|0x000000008dc00000, 0x000000008dd00000, 0x000000008dd00000|100%| O|  |TAMS 0x000000008dc00000| PB 0x000000008dc00000| Untracked 
| 221|0x000000008dd00000, 0x000000008de00000, 0x000000008de00000|100%| O|  |TAMS 0x000000008dd00000| PB 0x000000008dd00000| Untracked 
| 222|0x000000008de00000, 0x000000008df00000, 0x000000008df00000|100%| O|  |TAMS 0x000000008de00000| PB 0x000000008de00000| Untracked 
| 223|0x000000008df00000, 0x000000008e000000, 0x000000008e000000|100%|HS|  |TAMS 0x000000008df00000| PB 0x000000008df00000| Complete 
| 224|0x000000008e000000, 0x000000008e100000, 0x000000008e100000|100%|HC|  |TAMS 0x000000008e000000| PB 0x000000008e000000| Complete 
| 225|0x000000008e100000, 0x000000008e200000, 0x000000008e200000|100%| O|  |TAMS 0x000000008e100000| PB 0x000000008e100000| Untracked 
| 226|0x000000008e200000, 0x000000008e300000, 0x000000008e300000|100%| O|  |TAMS 0x000000008e200000| PB 0x000000008e200000| Untracked 
| 227|0x000000008e300000, 0x000000008e400000, 0x000000008e400000|100%| O|  |TAMS 0x000000008e300000| PB 0x000000008e300000| Untracked 
| 228|0x000000008e400000, 0x000000008e500000, 0x000000008e500000|100%| O|  |TAMS 0x000000008e400000| PB 0x000000008e400000| Untracked 
| 229|0x000000008e500000, 0x000000008e600000, 0x000000008e600000|100%| O|  |TAMS 0x000000008e500000| PB 0x000000008e500000| Untracked 
| 230|0x000000008e600000, 0x000000008e700000, 0x000000008e700000|100%| O|  |TAMS 0x000000008e600000| PB 0x000000008e600000| Untracked 
| 231|0x000000008e700000, 0x000000008e800000, 0x000000008e800000|100%| O|  |TAMS 0x000000008e700000| PB 0x000000008e700000| Untracked 
| 232|0x000000008e800000, 0x000000008e900000, 0x000000008e900000|100%| O|  |TAMS 0x000000008e800000| PB 0x000000008e800000| Untracked 
| 233|0x000000008e900000, 0x000000008ea00000, 0x000000008ea00000|100%| O|  |TAMS 0x000000008e900000| PB 0x000000008e900000| Untracked 
| 234|0x000000008ea00000, 0x000000008eb00000, 0x000000008eb00000|100%| O|  |TAMS 0x000000008ea00000| PB 0x000000008ea00000| Untracked 
| 235|0x000000008eb00000, 0x000000008ec00000, 0x000000008ec00000|100%| O|  |TAMS 0x000000008eb00000| PB 0x000000008eb00000| Untracked 
| 236|0x000000008ec00000, 0x000000008ed00000, 0x000000008ed00000|100%| O|  |TAMS 0x000000008ec00000| PB 0x000000008ec00000| Untracked 
| 237|0x000000008ed00000, 0x000000008ee00000, 0x000000008ee00000|100%| O|  |TAMS 0x000000008ed00000| PB 0x000000008ed00000| Untracked 
| 238|0x000000008ee00000, 0x000000008ef00000, 0x000000008ef00000|100%| O|  |TAMS 0x000000008ee00000| PB 0x000000008ee00000| Untracked 
| 239|0x000000008ef00000, 0x000000008f000000, 0x000000008f000000|100%| O|  |TAMS 0x000000008ef00000| PB 0x000000008ef00000| Untracked 
| 240|0x000000008f000000, 0x000000008f100000, 0x000000008f100000|100%| O|  |TAMS 0x000000008f000000| PB 0x000000008f000000| Untracked 
| 241|0x000000008f100000, 0x000000008f200000, 0x000000008f200000|100%| O|  |TAMS 0x000000008f100000| PB 0x000000008f100000| Untracked 
| 242|0x000000008f200000, 0x000000008f300000, 0x000000008f300000|100%| O|  |TAMS 0x000000008f200000| PB 0x000000008f200000| Untracked 
| 243|0x000000008f300000, 0x000000008f300000, 0x000000008f400000|  0%| F|  |TAMS 0x000000008f300000| PB 0x000000008f300000| Untracked 
| 244|0x000000008f400000, 0x000000008f500000, 0x000000008f500000|100%| O|  |TAMS 0x000000008f400000| PB 0x000000008f400000| Untracked 
| 245|0x000000008f500000, 0x000000008f500000, 0x000000008f600000|  0%| F|  |TAMS 0x000000008f500000| PB 0x000000008f500000| Untracked 
| 246|0x000000008f600000, 0x000000008f700000, 0x000000008f700000|100%| O|  |TAMS 0x000000008f600000| PB 0x000000008f600000| Untracked 
| 247|0x000000008f700000, 0x000000008f800000, 0x000000008f800000|100%| O|  |TAMS 0x000000008f700000| PB 0x000000008f700000| Untracked 
| 248|0x000000008f800000, 0x000000008f900000, 0x000000008f900000|100%| O|  |TAMS 0x000000008f800000| PB 0x000000008f800000| Untracked 
| 249|0x000000008f900000, 0x000000008fa00000, 0x000000008fa00000|100%| O|  |TAMS 0x000000008f900000| PB 0x000000008f900000| Untracked 
| 250|0x000000008fa00000, 0x000000008fb00000, 0x000000008fb00000|100%| O|  |TAMS 0x000000008fa00000| PB 0x000000008fa00000| Untracked 
| 251|0x000000008fb00000, 0x000000008fc00000, 0x000000008fc00000|100%| O|  |TAMS 0x000000008fb00000| PB 0x000000008fb00000| Untracked 
| 252|0x000000008fc00000, 0x000000008fd00000, 0x000000008fd00000|100%| O|  |TAMS 0x000000008fc00000| PB 0x000000008fc00000| Untracked 
| 253|0x000000008fd00000, 0x000000008fd00000, 0x000000008fe00000|  0%| F|  |TAMS 0x000000008fd00000| PB 0x000000008fd00000| Untracked 
| 254|0x000000008fe00000, 0x000000008ff00000, 0x000000008ff00000|100%| O|  |TAMS 0x000000008fe00000| PB 0x000000008fe00000| Untracked 
| 255|0x000000008ff00000, 0x0000000090000000, 0x0000000090000000|100%| O|  |TAMS 0x000000008ff00000| PB 0x000000008ff00000| Untracked 
| 256|0x0000000090000000, 0x0000000090100000, 0x0000000090100000|100%| O|  |TAMS 0x0000000090000000| PB 0x0000000090000000| Untracked 
| 257|0x0000000090100000, 0x0000000090100000, 0x0000000090200000|  0%| F|  |TAMS 0x0000000090100000| PB 0x0000000090100000| Untracked 
| 258|0x0000000090200000, 0x0000000090300000, 0x0000000090300000|100%| O|  |TAMS 0x0000000090200000| PB 0x0000000090200000| Untracked 
| 259|0x0000000090300000, 0x0000000090300000, 0x0000000090400000|  0%| F|  |TAMS 0x0000000090300000| PB 0x0000000090300000| Untracked 
| 260|0x0000000090400000, 0x0000000090500000, 0x0000000090500000|100%| O|  |TAMS 0x0000000090400000| PB 0x0000000090400000| Untracked 
| 261|0x0000000090500000, 0x0000000090600000, 0x0000000090600000|100%|HS|  |TAMS 0x0000000090500000| PB 0x0000000090500000| Complete 
| 262|0x0000000090600000, 0x0000000090700000, 0x0000000090700000|100%|HC|  |TAMS 0x0000000090600000| PB 0x0000000090600000| Complete 
| 263|0x0000000090700000, 0x0000000090800000, 0x0000000090800000|100%| O|  |TAMS 0x0000000090700000| PB 0x0000000090700000| Untracked 
| 264|0x0000000090800000, 0x0000000090900000, 0x0000000090900000|100%| O|  |TAMS 0x0000000090800000| PB 0x0000000090800000| Untracked 
| 265|0x0000000090900000, 0x0000000090a00000, 0x0000000090a00000|100%| O|  |TAMS 0x0000000090900000| PB 0x0000000090900000| Untracked 
| 266|0x0000000090a00000, 0x0000000090b00000, 0x0000000090b00000|100%| O|  |TAMS 0x0000000090a00000| PB 0x0000000090a00000| Untracked 
| 267|0x0000000090b00000, 0x0000000090c00000, 0x0000000090c00000|100%| O|  |TAMS 0x0000000090b00000| PB 0x0000000090b00000| Untracked 
| 268|0x0000000090c00000, 0x0000000090d00000, 0x0000000090d00000|100%| O|  |TAMS 0x0000000090c00000| PB 0x0000000090c00000| Untracked 
| 269|0x0000000090d00000, 0x0000000090e00000, 0x0000000090e00000|100%| O|  |TAMS 0x0000000090d00000| PB 0x0000000090d00000| Untracked 
| 270|0x0000000090e00000, 0x0000000090e00000, 0x0000000090f00000|  0%| F|  |TAMS 0x0000000090e00000| PB 0x0000000090e00000| Untracked 
| 271|0x0000000090f00000, 0x0000000091000000, 0x0000000091000000|100%| O|  |TAMS 0x0000000090f00000| PB 0x0000000090f00000| Untracked 
| 272|0x0000000091000000, 0x0000000091100000, 0x0000000091100000|100%| O|  |TAMS 0x0000000091000000| PB 0x0000000091000000| Untracked 
| 273|0x0000000091100000, 0x0000000091200000, 0x0000000091200000|100%| O|  |TAMS 0x0000000091100000| PB 0x0000000091100000| Untracked 
| 274|0x0000000091200000, 0x0000000091300000, 0x0000000091300000|100%| O|  |TAMS 0x0000000091200000| PB 0x0000000091200000| Untracked 
| 275|0x0000000091300000, 0x0000000091400000, 0x0000000091400000|100%| O|  |TAMS 0x0000000091300000| PB 0x0000000091300000| Untracked 
| 276|0x0000000091400000, 0x0000000091500000, 0x0000000091500000|100%| O|  |TAMS 0x0000000091400000| PB 0x0000000091400000| Untracked 
| 277|0x0000000091500000, 0x0000000091600000, 0x0000000091600000|100%| O|  |TAMS 0x0000000091500000| PB 0x0000000091500000| Untracked 
| 278|0x0000000091600000, 0x0000000091700000, 0x0000000091700000|100%| O|  |TAMS 0x0000000091600000| PB 0x0000000091600000| Untracked 
| 279|0x0000000091700000, 0x0000000091800000, 0x0000000091800000|100%| O|  |TAMS 0x0000000091700000| PB 0x0000000091700000| Untracked 
| 280|0x0000000091800000, 0x0000000091900000, 0x0000000091900000|100%| O|  |TAMS 0x0000000091800000| PB 0x0000000091800000| Untracked 
| 281|0x0000000091900000, 0x0000000091a00000, 0x0000000091a00000|100%| O|  |TAMS 0x0000000091900000| PB 0x0000000091900000| Untracked 
| 282|0x0000000091a00000, 0x0000000091b00000, 0x0000000091b00000|100%| O|  |TAMS 0x0000000091a00000| PB 0x0000000091a00000| Untracked 
| 283|0x0000000091b00000, 0x0000000091c00000, 0x0000000091c00000|100%| O|  |TAMS 0x0000000091b00000| PB 0x0000000091b00000| Untracked 
| 284|0x0000000091c00000, 0x0000000091d00000, 0x0000000091d00000|100%| O|  |TAMS 0x0000000091c00000| PB 0x0000000091c00000| Untracked 
| 285|0x0000000091d00000, 0x0000000091e00000, 0x0000000091e00000|100%| O|  |TAMS 0x0000000091d00000| PB 0x0000000091d00000| Untracked 
| 286|0x0000000091e00000, 0x0000000091f00000, 0x0000000091f00000|100%| O|  |TAMS 0x0000000091e00000| PB 0x0000000091e00000| Untracked 
| 287|0x0000000091f00000, 0x0000000092000000, 0x0000000092000000|100%| O|  |TAMS 0x0000000091f00000| PB 0x0000000091f00000| Untracked 
| 288|0x0000000092000000, 0x0000000092100000, 0x0000000092100000|100%| O|  |TAMS 0x0000000092000000| PB 0x0000000092000000| Untracked 
| 289|0x0000000092100000, 0x0000000092200000, 0x0000000092200000|100%| O|  |TAMS 0x0000000092100000| PB 0x0000000092100000| Untracked 
| 290|0x0000000092200000, 0x0000000092300000, 0x0000000092300000|100%| O|  |TAMS 0x0000000092200000| PB 0x0000000092200000| Untracked 
| 291|0x0000000092300000, 0x0000000092400000, 0x0000000092400000|100%| O|  |TAMS 0x0000000092300000| PB 0x0000000092300000| Untracked 
| 292|0x0000000092400000, 0x0000000092500000, 0x0000000092500000|100%| O|  |TAMS 0x0000000092400000| PB 0x0000000092400000| Untracked 
| 293|0x0000000092500000, 0x0000000092600000, 0x0000000092600000|100%| O|  |TAMS 0x0000000092500000| PB 0x0000000092500000| Untracked 
| 294|0x0000000092600000, 0x0000000092700000, 0x0000000092700000|100%| O|  |TAMS 0x0000000092600000| PB 0x0000000092600000| Untracked 
| 295|0x0000000092700000, 0x0000000092800000, 0x0000000092800000|100%| O|  |TAMS 0x0000000092700000| PB 0x0000000092700000| Untracked 
| 296|0x0000000092800000, 0x0000000092900000, 0x0000000092900000|100%| O|  |TAMS 0x0000000092800000| PB 0x0000000092800000| Untracked 
| 297|0x0000000092900000, 0x0000000092a00000, 0x0000000092a00000|100%| O|  |TAMS 0x0000000092900000| PB 0x0000000092900000| Untracked 
| 298|0x0000000092a00000, 0x0000000092b00000, 0x0000000092b00000|100%| O|  |TAMS 0x0000000092a00000| PB 0x0000000092a00000| Untracked 
| 299|0x0000000092b00000, 0x0000000092c00000, 0x0000000092c00000|100%| O|  |TAMS 0x0000000092b00000| PB 0x0000000092b00000| Untracked 
| 300|0x0000000092c00000, 0x0000000092d00000, 0x0000000092d00000|100%| O|  |TAMS 0x0000000092c00000| PB 0x0000000092c00000| Untracked 
| 301|0x0000000092d00000, 0x0000000092e00000, 0x0000000092e00000|100%| O|  |TAMS 0x0000000092d00000| PB 0x0000000092d00000| Untracked 
| 302|0x0000000092e00000, 0x0000000092f00000, 0x0000000092f00000|100%| O|  |TAMS 0x0000000092e00000| PB 0x0000000092e00000| Untracked 
| 303|0x0000000092f00000, 0x0000000093000000, 0x0000000093000000|100%| O|  |TAMS 0x0000000092f00000| PB 0x0000000092f00000| Untracked 
| 304|0x0000000093000000, 0x0000000093100000, 0x0000000093100000|100%| O|  |TAMS 0x0000000093000000| PB 0x0000000093000000| Untracked 
| 305|0x0000000093100000, 0x0000000093200000, 0x0000000093200000|100%| O|  |TAMS 0x0000000093100000| PB 0x0000000093100000| Untracked 
| 306|0x0000000093200000, 0x0000000093300000, 0x0000000093300000|100%| O|  |TAMS 0x0000000093200000| PB 0x0000000093200000| Untracked 
| 307|0x0000000093300000, 0x0000000093400000, 0x0000000093400000|100%| O|  |TAMS 0x0000000093300000| PB 0x0000000093300000| Untracked 
| 308|0x0000000093400000, 0x0000000093500000, 0x0000000093500000|100%| O|  |TAMS 0x0000000093400000| PB 0x0000000093400000| Untracked 
| 309|0x0000000093500000, 0x0000000093600000, 0x0000000093600000|100%| O|  |TAMS 0x0000000093500000| PB 0x0000000093500000| Untracked 
| 310|0x0000000093600000, 0x0000000093700000, 0x0000000093700000|100%| O|  |TAMS 0x0000000093600000| PB 0x0000000093600000| Untracked 
| 311|0x0000000093700000, 0x0000000093700000, 0x0000000093800000|  0%| F|  |TAMS 0x0000000093700000| PB 0x0000000093700000| Untracked 
| 312|0x0000000093800000, 0x0000000093900000, 0x0000000093900000|100%| O|  |TAMS 0x0000000093800000| PB 0x0000000093800000| Untracked 
| 313|0x0000000093900000, 0x0000000093a00000, 0x0000000093a00000|100%| O|  |TAMS 0x0000000093900000| PB 0x0000000093900000| Untracked 
| 314|0x0000000093a00000, 0x0000000093b00000, 0x0000000093b00000|100%|HS|  |TAMS 0x0000000093a00000| PB 0x0000000093a00000| Complete 
| 315|0x0000000093b00000, 0x0000000093c00000, 0x0000000093c00000|100%| O|  |TAMS 0x0000000093b00000| PB 0x0000000093b00000| Untracked 
| 316|0x0000000093c00000, 0x0000000093d00000, 0x0000000093d00000|100%| O|  |TAMS 0x0000000093c00000| PB 0x0000000093c00000| Untracked 
| 317|0x0000000093d00000, 0x0000000093e00000, 0x0000000093e00000|100%| O|  |TAMS 0x0000000093d00000| PB 0x0000000093d00000| Untracked 
| 318|0x0000000093e00000, 0x0000000093f00000, 0x0000000093f00000|100%| O|  |TAMS 0x0000000093e00000| PB 0x0000000093e00000| Untracked 
| 319|0x0000000093f00000, 0x0000000094000000, 0x0000000094000000|100%| O|  |TAMS 0x0000000093f00000| PB 0x0000000093f00000| Untracked 
| 320|0x0000000094000000, 0x0000000094100000, 0x0000000094100000|100%| O|  |TAMS 0x0000000094000000| PB 0x0000000094000000| Untracked 
| 321|0x0000000094100000, 0x0000000094200000, 0x0000000094200000|100%| O|  |TAMS 0x0000000094100000| PB 0x0000000094100000| Untracked 
| 322|0x0000000094200000, 0x0000000094300000, 0x0000000094300000|100%| O|Cm|TAMS 0x0000000094200000| PB 0x0000000094200000| Complete 
| 323|0x0000000094300000, 0x0000000094400000, 0x0000000094400000|100%| O|  |TAMS 0x0000000094300000| PB 0x0000000094300000| Untracked 
| 324|0x0000000094400000, 0x0000000094400000, 0x0000000094500000|  0%| F|  |TAMS 0x0000000094400000| PB 0x0000000094400000| Untracked 
| 325|0x0000000094500000, 0x0000000094600000, 0x0000000094600000|100%|HS|  |TAMS 0x0000000094500000| PB 0x0000000094500000| Complete 
| 326|0x0000000094600000, 0x0000000094700000, 0x0000000094700000|100%|HC|  |TAMS 0x0000000094600000| PB 0x0000000094600000| Complete 
| 327|0x0000000094700000, 0x0000000094800000, 0x0000000094800000|100%|HS|  |TAMS 0x0000000094700000| PB 0x0000000094700000| Complete 
| 328|0x0000000094800000, 0x0000000094900000, 0x0000000094900000|100%|HC|  |TAMS 0x0000000094800000| PB 0x0000000094800000| Complete 
| 329|0x0000000094900000, 0x0000000094a00000, 0x0000000094a00000|100%| O|  |TAMS 0x0000000094900000| PB 0x0000000094900000| Untracked 
| 330|0x0000000094a00000, 0x0000000094b00000, 0x0000000094b00000|100%| O|  |TAMS 0x0000000094a00000| PB 0x0000000094a00000| Untracked 
| 331|0x0000000094b00000, 0x0000000094c00000, 0x0000000094c00000|100%| O|  |TAMS 0x0000000094b00000| PB 0x0000000094b00000| Untracked 
| 332|0x0000000094c00000, 0x0000000094d00000, 0x0000000094d00000|100%| O|  |TAMS 0x0000000094c00000| PB 0x0000000094c00000| Untracked 
| 333|0x0000000094d00000, 0x0000000094e00000, 0x0000000094e00000|100%| O|  |TAMS 0x0000000094d00000| PB 0x0000000094d00000| Untracked 
| 334|0x0000000094e00000, 0x0000000094f00000, 0x0000000094f00000|100%| O|  |TAMS 0x0000000094e00000| PB 0x0000000094e00000| Untracked 
| 335|0x0000000094f00000, 0x0000000095000000, 0x0000000095000000|100%| O|  |TAMS 0x0000000094f00000| PB 0x0000000094f00000| Untracked 
| 336|0x0000000095000000, 0x0000000095100000, 0x0000000095100000|100%| O|  |TAMS 0x0000000095000000| PB 0x0000000095000000| Untracked 
| 337|0x0000000095100000, 0x0000000095200000, 0x0000000095200000|100%| O|  |TAMS 0x0000000095100000| PB 0x0000000095100000| Untracked 
| 338|0x0000000095200000, 0x0000000095300000, 0x0000000095300000|100%| O|  |TAMS 0x0000000095200000| PB 0x0000000095200000| Untracked 
| 339|0x0000000095300000, 0x0000000095400000, 0x0000000095400000|100%| O|  |TAMS 0x0000000095300000| PB 0x0000000095300000| Untracked 
| 340|0x0000000095400000, 0x0000000095500000, 0x0000000095500000|100%| O|  |TAMS 0x0000000095400000| PB 0x0000000095400000| Untracked 
| 341|0x0000000095500000, 0x0000000095600000, 0x0000000095600000|100%| O|  |TAMS 0x0000000095500000| PB 0x0000000095500000| Untracked 
| 342|0x0000000095600000, 0x0000000095700000, 0x0000000095700000|100%| O|  |TAMS 0x0000000095600000| PB 0x0000000095600000| Untracked 
| 343|0x0000000095700000, 0x0000000095800000, 0x0000000095800000|100%| O|  |TAMS 0x0000000095700000| PB 0x0000000095700000| Untracked 
| 344|0x0000000095800000, 0x0000000095900000, 0x0000000095900000|100%| O|  |TAMS 0x0000000095800000| PB 0x0000000095800000| Untracked 
| 345|0x0000000095900000, 0x0000000095a00000, 0x0000000095a00000|100%| O|  |TAMS 0x0000000095900000| PB 0x0000000095900000| Untracked 
| 346|0x0000000095a00000, 0x0000000095b00000, 0x0000000095b00000|100%| O|  |TAMS 0x0000000095a00000| PB 0x0000000095a00000| Untracked 
| 347|0x0000000095b00000, 0x0000000095c00000, 0x0000000095c00000|100%| O|  |TAMS 0x0000000095b00000| PB 0x0000000095b00000| Untracked 
| 348|0x0000000095c00000, 0x0000000095d00000, 0x0000000095d00000|100%| O|  |TAMS 0x0000000095c00000| PB 0x0000000095c00000| Untracked 
| 349|0x0000000095d00000, 0x0000000095e00000, 0x0000000095e00000|100%| O|  |TAMS 0x0000000095d00000| PB 0x0000000095d00000| Untracked 
| 350|0x0000000095e00000, 0x0000000095f00000, 0x0000000095f00000|100%| O|  |TAMS 0x0000000095e00000| PB 0x0000000095e00000| Untracked 
| 351|0x0000000095f00000, 0x0000000096000000, 0x0000000096000000|100%| O|  |TAMS 0x0000000095f00000| PB 0x0000000095f00000| Untracked 
| 352|0x0000000096000000, 0x0000000096000000, 0x0000000096100000|  0%| F|  |TAMS 0x0000000096000000| PB 0x0000000096000000| Untracked 
| 353|0x0000000096100000, 0x0000000096200000, 0x0000000096200000|100%| O|  |TAMS 0x0000000096100000| PB 0x0000000096100000| Untracked 
| 354|0x0000000096200000, 0x0000000096300000, 0x0000000096300000|100%| O|  |TAMS 0x0000000096200000| PB 0x0000000096200000| Untracked 
| 355|0x0000000096300000, 0x0000000096400000, 0x0000000096400000|100%| O|  |TAMS 0x0000000096300000| PB 0x0000000096300000| Untracked 
| 356|0x0000000096400000, 0x0000000096500000, 0x0000000096500000|100%| O|  |TAMS 0x0000000096400000| PB 0x0000000096400000| Untracked 
| 357|0x0000000096500000, 0x0000000096600000, 0x0000000096600000|100%| O|  |TAMS 0x0000000096500000| PB 0x0000000096500000| Untracked 
| 358|0x0000000096600000, 0x0000000096700000, 0x0000000096700000|100%| O|  |TAMS 0x0000000096600000| PB 0x0000000096600000| Untracked 
| 359|0x0000000096700000, 0x0000000096800000, 0x0000000096800000|100%| O|  |TAMS 0x0000000096700000| PB 0x0000000096700000| Untracked 
| 360|0x0000000096800000, 0x0000000096800000, 0x0000000096900000|  0%| F|  |TAMS 0x0000000096800000| PB 0x0000000096800000| Untracked 
| 361|0x0000000096900000, 0x0000000096a00000, 0x0000000096a00000|100%| O|  |TAMS 0x0000000096900000| PB 0x0000000096900000| Untracked 
| 362|0x0000000096a00000, 0x0000000096b00000, 0x0000000096b00000|100%| O|  |TAMS 0x0000000096a00000| PB 0x0000000096a00000| Untracked 
| 363|0x0000000096b00000, 0x0000000096c00000, 0x0000000096c00000|100%| O|  |TAMS 0x0000000096b00000| PB 0x0000000096b00000| Untracked 
| 364|0x0000000096c00000, 0x0000000096d00000, 0x0000000096d00000|100%| O|  |TAMS 0x0000000096c00000| PB 0x0000000096c00000| Untracked 
| 365|0x0000000096d00000, 0x0000000096e00000, 0x0000000096e00000|100%| O|Cm|TAMS 0x0000000096d00000| PB 0x0000000096d00000| Complete 
| 366|0x0000000096e00000, 0x0000000096f00000, 0x0000000096f00000|100%| O|  |TAMS 0x0000000096e00000| PB 0x0000000096e00000| Untracked 
| 367|0x0000000096f00000, 0x0000000097000000, 0x0000000097000000|100%| O|  |TAMS 0x0000000096f00000| PB 0x0000000096f00000| Untracked 
| 368|0x0000000097000000, 0x0000000097100000, 0x0000000097100000|100%| O|  |TAMS 0x0000000097000000| PB 0x0000000097000000| Untracked 
| 369|0x0000000097100000, 0x0000000097200000, 0x0000000097200000|100%| O|  |TAMS 0x0000000097100000| PB 0x0000000097100000| Untracked 
| 370|0x0000000097200000, 0x0000000097200000, 0x0000000097300000|  0%| F|  |TAMS 0x0000000097200000| PB 0x0000000097200000| Untracked 
| 371|0x0000000097300000, 0x0000000097400000, 0x0000000097400000|100%| O|  |TAMS 0x0000000097300000| PB 0x0000000097300000| Untracked 
| 372|0x0000000097400000, 0x0000000097500000, 0x0000000097500000|100%| O|  |TAMS 0x0000000097400000| PB 0x0000000097400000| Untracked 
| 373|0x0000000097500000, 0x0000000097600000, 0x0000000097600000|100%| O|Cm|TAMS 0x0000000097500000| PB 0x0000000097500000| Complete 
| 374|0x0000000097600000, 0x0000000097700000, 0x0000000097700000|100%| O|  |TAMS 0x0000000097600000| PB 0x0000000097600000| Untracked 
| 375|0x0000000097700000, 0x0000000097800000, 0x0000000097800000|100%| O|  |TAMS 0x0000000097700000| PB 0x0000000097700000| Untracked 
| 376|0x0000000097800000, 0x0000000097900000, 0x0000000097900000|100%| O|  |TAMS 0x0000000097800000| PB 0x0000000097800000| Untracked 
| 377|0x0000000097900000, 0x0000000097900000, 0x0000000097a00000|  0%| F|  |TAMS 0x0000000097900000| PB 0x0000000097900000| Untracked 
| 378|0x0000000097a00000, 0x0000000097b00000, 0x0000000097b00000|100%| O|  |TAMS 0x0000000097a00000| PB 0x0000000097a00000| Untracked 
| 379|0x0000000097b00000, 0x0000000097c00000, 0x0000000097c00000|100%| O|  |TAMS 0x0000000097b00000| PB 0x0000000097b00000| Untracked 
| 380|0x0000000097c00000, 0x0000000097d00000, 0x0000000097d00000|100%| O|  |TAMS 0x0000000097c00000| PB 0x0000000097c00000| Untracked 
| 381|0x0000000097d00000, 0x0000000097e00000, 0x0000000097e00000|100%| O|  |TAMS 0x0000000097d00000| PB 0x0000000097d00000| Untracked 
| 382|0x0000000097e00000, 0x0000000097f00000, 0x0000000097f00000|100%| O|Cm|TAMS 0x0000000097e00000| PB 0x0000000097e00000| Complete 
| 383|0x0000000097f00000, 0x0000000097f00000, 0x0000000098000000|  0%| F|  |TAMS 0x0000000097f00000| PB 0x0000000097f00000| Untracked 
| 384|0x0000000098000000, 0x0000000098100000, 0x0000000098100000|100%| O|  |TAMS 0x0000000098000000| PB 0x0000000098000000| Untracked 
| 385|0x0000000098100000, 0x0000000098200000, 0x0000000098200000|100%| O|  |TAMS 0x0000000098100000| PB 0x0000000098100000| Untracked 
| 386|0x0000000098200000, 0x0000000098200000, 0x0000000098300000|  0%| F|  |TAMS 0x0000000098200000| PB 0x0000000098200000| Untracked 
| 387|0x0000000098300000, 0x0000000098400000, 0x0000000098400000|100%| O|  |TAMS 0x0000000098300000| PB 0x0000000098300000| Untracked 
| 388|0x0000000098400000, 0x0000000098500000, 0x0000000098500000|100%| O|  |TAMS 0x0000000098400000| PB 0x0000000098400000| Untracked 
| 389|0x0000000098500000, 0x0000000098600000, 0x0000000098600000|100%| O|  |TAMS 0x0000000098500000| PB 0x0000000098500000| Untracked 
| 390|0x0000000098600000, 0x0000000098700000, 0x0000000098700000|100%| O|  |TAMS 0x0000000098600000| PB 0x0000000098600000| Untracked 
| 391|0x0000000098700000, 0x0000000098700000, 0x0000000098800000|  0%| F|  |TAMS 0x0000000098700000| PB 0x0000000098700000| Untracked 
| 392|0x0000000098800000, 0x0000000098900000, 0x0000000098900000|100%| O|  |TAMS 0x0000000098800000| PB 0x0000000098800000| Untracked 
| 393|0x0000000098900000, 0x0000000098a00000, 0x0000000098a00000|100%| O|  |TAMS 0x0000000098900000| PB 0x0000000098900000| Untracked 
| 394|0x0000000098a00000, 0x0000000098b00000, 0x0000000098b00000|100%| O|  |TAMS 0x0000000098a00000| PB 0x0000000098a00000| Untracked 
| 395|0x0000000098b00000, 0x0000000098c00000, 0x0000000098c00000|100%| O|  |TAMS 0x0000000098b00000| PB 0x0000000098b00000| Untracked 
| 396|0x0000000098c00000, 0x0000000098d00000, 0x0000000098d00000|100%| O|  |TAMS 0x0000000098c00000| PB 0x0000000098c00000| Untracked 
| 397|0x0000000098d00000, 0x0000000098e00000, 0x0000000098e00000|100%| O|  |TAMS 0x0000000098d00000| PB 0x0000000098d00000| Untracked 
| 398|0x0000000098e00000, 0x0000000098f00000, 0x0000000098f00000|100%| O|  |TAMS 0x0000000098e00000| PB 0x0000000098e00000| Untracked 
| 399|0x0000000098f00000, 0x0000000099000000, 0x0000000099000000|100%| O|Cm|TAMS 0x0000000098f00000| PB 0x0000000098f00000| Complete 
| 400|0x0000000099000000, 0x0000000099100000, 0x0000000099100000|100%| O|  |TAMS 0x0000000099000000| PB 0x0000000099000000| Untracked 
| 401|0x0000000099100000, 0x0000000099200000, 0x0000000099200000|100%| O|  |TAMS 0x0000000099100000| PB 0x0000000099100000| Untracked 
| 402|0x0000000099200000, 0x0000000099300000, 0x0000000099300000|100%|HS|  |TAMS 0x0000000099200000| PB 0x0000000099200000| Complete 
| 403|0x0000000099300000, 0x0000000099400000, 0x0000000099400000|100%|HC|  |TAMS 0x0000000099300000| PB 0x0000000099300000| Complete 
| 404|0x0000000099400000, 0x0000000099500000, 0x0000000099500000|100%|HC|  |TAMS 0x0000000099400000| PB 0x0000000099400000| Complete 
| 405|0x0000000099500000, 0x0000000099600000, 0x0000000099600000|100%|HC|  |TAMS 0x0000000099500000| PB 0x0000000099500000| Complete 
| 406|0x0000000099600000, 0x0000000099700000, 0x0000000099700000|100%|HS|  |TAMS 0x0000000099600000| PB 0x0000000099600000| Complete 
| 407|0x0000000099700000, 0x0000000099800000, 0x0000000099800000|100%|HC|  |TAMS 0x0000000099700000| PB 0x0000000099700000| Complete 
| 408|0x0000000099800000, 0x0000000099900000, 0x0000000099900000|100%|HS|  |TAMS 0x0000000099800000| PB 0x0000000099800000| Complete 
| 409|0x0000000099900000, 0x0000000099a00000, 0x0000000099a00000|100%|HC|  |TAMS 0x0000000099900000| PB 0x0000000099900000| Complete 
| 410|0x0000000099a00000, 0x0000000099b00000, 0x0000000099b00000|100%|HS|  |TAMS 0x0000000099a00000| PB 0x0000000099a00000| Complete 
| 411|0x0000000099b00000, 0x0000000099c00000, 0x0000000099c00000|100%|HC|  |TAMS 0x0000000099b00000| PB 0x0000000099b00000| Complete 
| 412|0x0000000099c00000, 0x0000000099c00000, 0x0000000099d00000|  0%| F|  |TAMS 0x0000000099c00000| PB 0x0000000099c00000| Untracked 
| 413|0x0000000099d00000, 0x0000000099e00000, 0x0000000099e00000|100%| O|  |TAMS 0x0000000099d00000| PB 0x0000000099d00000| Untracked 
| 414|0x0000000099e00000, 0x0000000099f00000, 0x0000000099f00000|100%|HS|  |TAMS 0x0000000099e00000| PB 0x0000000099e00000| Complete 
| 415|0x0000000099f00000, 0x000000009a000000, 0x000000009a000000|100%|HC|  |TAMS 0x0000000099f00000| PB 0x0000000099f00000| Complete 
| 416|0x000000009a000000, 0x000000009a100000, 0x000000009a100000|100%|HS|  |TAMS 0x000000009a000000| PB 0x000000009a000000| Complete 
| 417|0x000000009a100000, 0x000000009a200000, 0x000000009a200000|100%|HC|  |TAMS 0x000000009a100000| PB 0x000000009a100000| Complete 
| 418|0x000000009a200000, 0x000000009a300000, 0x000000009a300000|100%|HS|  |TAMS 0x000000009a200000| PB 0x000000009a200000| Complete 
| 419|0x000000009a300000, 0x000000009a400000, 0x000000009a400000|100%|HC|  |TAMS 0x000000009a300000| PB 0x000000009a300000| Complete 
| 420|0x000000009a400000, 0x000000009a500000, 0x000000009a500000|100%| O|  |TAMS 0x000000009a400000| PB 0x000000009a400000| Untracked 
| 421|0x000000009a500000, 0x000000009a600000, 0x000000009a600000|100%|HS|  |TAMS 0x000000009a500000| PB 0x000000009a500000| Complete 
| 422|0x000000009a600000, 0x000000009a700000, 0x000000009a700000|100%|HC|  |TAMS 0x000000009a600000| PB 0x000000009a600000| Complete 
| 423|0x000000009a700000, 0x000000009a800000, 0x000000009a800000|100%|HS|  |TAMS 0x000000009a700000| PB 0x000000009a700000| Complete 
| 424|0x000000009a800000, 0x000000009a900000, 0x000000009a900000|100%|HC|  |TAMS 0x000000009a800000| PB 0x000000009a800000| Complete 
| 425|0x000000009a900000, 0x000000009aa00000, 0x000000009aa00000|100%|HS|  |TAMS 0x000000009a900000| PB 0x000000009a900000| Complete 
| 426|0x000000009aa00000, 0x000000009ab00000, 0x000000009ab00000|100%|HC|  |TAMS 0x000000009aa00000| PB 0x000000009aa00000| Complete 
| 427|0x000000009ab00000, 0x000000009ac00000, 0x000000009ac00000|100%|HS|  |TAMS 0x000000009ab00000| PB 0x000000009ab00000| Complete 
| 428|0x000000009ac00000, 0x000000009ad00000, 0x000000009ad00000|100%|HC|  |TAMS 0x000000009ac00000| PB 0x000000009ac00000| Complete 
| 429|0x000000009ad00000, 0x000000009ae00000, 0x000000009ae00000|100%|HS|  |TAMS 0x000000009ad00000| PB 0x000000009ad00000| Complete 
| 430|0x000000009ae00000, 0x000000009af00000, 0x000000009af00000|100%|HC|  |TAMS 0x000000009ae00000| PB 0x000000009ae00000| Complete 
| 431|0x000000009af00000, 0x000000009b000000, 0x000000009b000000|100%|HS|  |TAMS 0x000000009af00000| PB 0x000000009af00000| Complete 
| 432|0x000000009b000000, 0x000000009b100000, 0x000000009b100000|100%|HC|  |TAMS 0x000000009b000000| PB 0x000000009b000000| Complete 
| 433|0x000000009b100000, 0x000000009b200000, 0x000000009b200000|100%| O|Cm|TAMS 0x000000009b100000| PB 0x000000009b100000| Complete 
| 434|0x000000009b200000, 0x000000009b200000, 0x000000009b300000|  0%| F|  |TAMS 0x000000009b200000| PB 0x000000009b200000| Untracked 
| 435|0x000000009b300000, 0x000000009b400000, 0x000000009b400000|100%| O|Cm|TAMS 0x000000009b300000| PB 0x000000009b300000| Complete 
| 436|0x000000009b400000, 0x000000009b500000, 0x000000009b500000|100%|HS|  |TAMS 0x000000009b400000| PB 0x000000009b400000| Complete 
| 437|0x000000009b500000, 0x000000009b600000, 0x000000009b600000|100%|HC|  |TAMS 0x000000009b500000| PB 0x000000009b500000| Complete 
| 438|0x000000009b600000, 0x000000009b700000, 0x000000009b700000|100%|HS|  |TAMS 0x000000009b600000| PB 0x000000009b600000| Complete 
| 439|0x000000009b700000, 0x000000009b800000, 0x000000009b800000|100%|HC|  |TAMS 0x000000009b700000| PB 0x000000009b700000| Complete 
| 440|0x000000009b800000, 0x000000009b900000, 0x000000009b900000|100%| O|  |TAMS 0x000000009b800000| PB 0x000000009b800000| Untracked 
| 441|0x000000009b900000, 0x000000009ba00000, 0x000000009ba00000|100%|HS|  |TAMS 0x000000009b900000| PB 0x000000009b900000| Complete 
| 442|0x000000009ba00000, 0x000000009bb00000, 0x000000009bb00000|100%|HC|  |TAMS 0x000000009ba00000| PB 0x000000009ba00000| Complete 
| 443|0x000000009bb00000, 0x000000009bc00000, 0x000000009bc00000|100%|HS|  |TAMS 0x000000009bb00000| PB 0x000000009bb00000| Complete 
| 444|0x000000009bc00000, 0x000000009bd00000, 0x000000009bd00000|100%|HC|  |TAMS 0x000000009bc00000| PB 0x000000009bc00000| Complete 
| 445|0x000000009bd00000, 0x000000009be00000, 0x000000009be00000|100%|HS|  |TAMS 0x000000009bd00000| PB 0x000000009bd00000| Complete 
| 446|0x000000009be00000, 0x000000009bf00000, 0x000000009bf00000|100%|HC|  |TAMS 0x000000009be00000| PB 0x000000009be00000| Complete 
| 447|0x000000009bf00000, 0x000000009c000000, 0x000000009c000000|100%|HS|  |TAMS 0x000000009bf00000| PB 0x000000009bf00000| Complete 
| 448|0x000000009c000000, 0x000000009c100000, 0x000000009c100000|100%|HC|  |TAMS 0x000000009c000000| PB 0x000000009c000000| Complete 
| 449|0x000000009c100000, 0x000000009c200000, 0x000000009c200000|100%|HS|  |TAMS 0x000000009c100000| PB 0x000000009c100000| Complete 
| 450|0x000000009c200000, 0x000000009c300000, 0x000000009c300000|100%|HC|  |TAMS 0x000000009c200000| PB 0x000000009c200000| Complete 
| 451|0x000000009c300000, 0x000000009c400000, 0x000000009c400000|100%|HS|  |TAMS 0x000000009c300000| PB 0x000000009c300000| Complete 
| 452|0x000000009c400000, 0x000000009c500000, 0x000000009c500000|100%|HC|  |TAMS 0x000000009c400000| PB 0x000000009c400000| Complete 
| 453|0x000000009c500000, 0x000000009c600000, 0x000000009c600000|100%|HS|  |TAMS 0x000000009c500000| PB 0x000000009c500000| Complete 
| 454|0x000000009c600000, 0x000000009c700000, 0x000000009c700000|100%|HC|  |TAMS 0x000000009c600000| PB 0x000000009c600000| Complete 
| 455|0x000000009c700000, 0x000000009c800000, 0x000000009c800000|100%|HS|  |TAMS 0x000000009c700000| PB 0x000000009c700000| Complete 
| 456|0x000000009c800000, 0x000000009c900000, 0x000000009c900000|100%|HC|  |TAMS 0x000000009c800000| PB 0x000000009c800000| Complete 
| 457|0x000000009c900000, 0x000000009ca00000, 0x000000009ca00000|100%|HS|  |TAMS 0x000000009c900000| PB 0x000000009c900000| Complete 
| 458|0x000000009ca00000, 0x000000009cb00000, 0x000000009cb00000|100%|HC|  |TAMS 0x000000009ca00000| PB 0x000000009ca00000| Complete 
| 459|0x000000009cb00000, 0x000000009cc00000, 0x000000009cc00000|100%|HS|  |TAMS 0x000000009cb00000| PB 0x000000009cb00000| Complete 
| 460|0x000000009cc00000, 0x000000009cd00000, 0x000000009cd00000|100%|HC|  |TAMS 0x000000009cc00000| PB 0x000000009cc00000| Complete 
| 461|0x000000009cd00000, 0x000000009ce00000, 0x000000009ce00000|100%|HS|  |TAMS 0x000000009cd00000| PB 0x000000009cd00000| Complete 
| 462|0x000000009ce00000, 0x000000009cf00000, 0x000000009cf00000|100%|HC|  |TAMS 0x000000009ce00000| PB 0x000000009ce00000| Complete 
| 463|0x000000009cf00000, 0x000000009d000000, 0x000000009d000000|100%| O|  |TAMS 0x000000009cf00000| PB 0x000000009cf00000| Untracked 
| 464|0x000000009d000000, 0x000000009d000000, 0x000000009d100000|  0%| F|  |TAMS 0x000000009d000000| PB 0x000000009d000000| Untracked 
| 465|0x000000009d100000, 0x000000009d200000, 0x000000009d200000|100%| O|  |TAMS 0x000000009d100000| PB 0x000000009d100000| Untracked 
| 466|0x000000009d200000, 0x000000009d300000, 0x000000009d300000|100%|HS|  |TAMS 0x000000009d200000| PB 0x000000009d200000| Complete 
| 467|0x000000009d300000, 0x000000009d400000, 0x000000009d400000|100%|HC|  |TAMS 0x000000009d300000| PB 0x000000009d300000| Complete 
| 468|0x000000009d400000, 0x000000009d500000, 0x000000009d500000|100%|HS|  |TAMS 0x000000009d400000| PB 0x000000009d400000| Complete 
| 469|0x000000009d500000, 0x000000009d600000, 0x000000009d600000|100%|HC|  |TAMS 0x000000009d500000| PB 0x000000009d500000| Complete 
| 470|0x000000009d600000, 0x000000009d700000, 0x000000009d700000|100%|HS|  |TAMS 0x000000009d600000| PB 0x000000009d600000| Complete 
| 471|0x000000009d700000, 0x000000009d800000, 0x000000009d800000|100%|HC|  |TAMS 0x000000009d700000| PB 0x000000009d700000| Complete 
| 472|0x000000009d800000, 0x000000009d900000, 0x000000009d900000|100%| O|  |TAMS 0x000000009d800000| PB 0x000000009d800000| Untracked 
| 473|0x000000009d900000, 0x000000009da00000, 0x000000009da00000|100%| O|  |TAMS 0x000000009d900000| PB 0x000000009d900000| Untracked 
| 474|0x000000009da00000, 0x000000009db00000, 0x000000009db00000|100%|HS|  |TAMS 0x000000009da00000| PB 0x000000009da00000| Complete 
| 475|0x000000009db00000, 0x000000009dc00000, 0x000000009dc00000|100%|HC|  |TAMS 0x000000009db00000| PB 0x000000009db00000| Complete 
| 476|0x000000009dc00000, 0x000000009dd00000, 0x000000009dd00000|100%| O|  |TAMS 0x000000009dc00000| PB 0x000000009dc00000| Untracked 
| 477|0x000000009dd00000, 0x000000009dd00000, 0x000000009de00000|  0%| F|  |TAMS 0x000000009dd00000| PB 0x000000009dd00000| Untracked 
| 478|0x000000009de00000, 0x000000009df00000, 0x000000009df00000|100%| O|  |TAMS 0x000000009de00000| PB 0x000000009de00000| Untracked 
| 479|0x000000009df00000, 0x000000009e000000, 0x000000009e000000|100%|HS|  |TAMS 0x000000009df00000| PB 0x000000009df00000| Complete 
| 480|0x000000009e000000, 0x000000009e100000, 0x000000009e100000|100%|HC|  |TAMS 0x000000009e000000| PB 0x000000009e000000| Complete 
| 481|0x000000009e100000, 0x000000009e200000, 0x000000009e200000|100%|HS|  |TAMS 0x000000009e100000| PB 0x000000009e100000| Complete 
| 482|0x000000009e200000, 0x000000009e300000, 0x000000009e300000|100%|HC|  |TAMS 0x000000009e200000| PB 0x000000009e200000| Complete 
| 483|0x000000009e300000, 0x000000009e400000, 0x000000009e400000|100%|HS|  |TAMS 0x000000009e300000| PB 0x000000009e300000| Complete 
| 484|0x000000009e400000, 0x000000009e500000, 0x000000009e500000|100%|HC|  |TAMS 0x000000009e400000| PB 0x000000009e400000| Complete 
| 485|0x000000009e500000, 0x000000009e600000, 0x000000009e600000|100%|HS|  |TAMS 0x000000009e500000| PB 0x000000009e500000| Complete 
| 486|0x000000009e600000, 0x000000009e700000, 0x000000009e700000|100%|HC|  |TAMS 0x000000009e600000| PB 0x000000009e600000| Complete 
| 487|0x000000009e700000, 0x000000009e800000, 0x000000009e800000|100%|HS|  |TAMS 0x000000009e700000| PB 0x000000009e700000| Complete 
| 488|0x000000009e800000, 0x000000009e900000, 0x000000009e900000|100%|HC|  |TAMS 0x000000009e800000| PB 0x000000009e800000| Complete 
| 489|0x000000009e900000, 0x000000009ea00000, 0x000000009ea00000|100%|HS|  |TAMS 0x000000009e900000| PB 0x000000009e900000| Complete 
| 490|0x000000009ea00000, 0x000000009eb00000, 0x000000009eb00000|100%|HC|  |TAMS 0x000000009ea00000| PB 0x000000009ea00000| Complete 
| 491|0x000000009eb00000, 0x000000009ec00000, 0x000000009ec00000|100%|HS|  |TAMS 0x000000009eb00000| PB 0x000000009eb00000| Complete 
| 492|0x000000009ec00000, 0x000000009ed00000, 0x000000009ed00000|100%|HC|  |TAMS 0x000000009ec00000| PB 0x000000009ec00000| Complete 
| 493|0x000000009ed00000, 0x000000009ee00000, 0x000000009ee00000|100%|HS|  |TAMS 0x000000009ed00000| PB 0x000000009ed00000| Complete 
| 494|0x000000009ee00000, 0x000000009ef00000, 0x000000009ef00000|100%|HC|  |TAMS 0x000000009ee00000| PB 0x000000009ee00000| Complete 
| 495|0x000000009ef00000, 0x000000009f000000, 0x000000009f000000|100%|HS|  |TAMS 0x000000009ef00000| PB 0x000000009ef00000| Complete 
| 496|0x000000009f000000, 0x000000009f100000, 0x000000009f100000|100%|HC|  |TAMS 0x000000009f000000| PB 0x000000009f000000| Complete 
| 497|0x000000009f100000, 0x000000009f200000, 0x000000009f200000|100%|HS|  |TAMS 0x000000009f100000| PB 0x000000009f100000| Complete 
| 498|0x000000009f200000, 0x000000009f300000, 0x000000009f300000|100%|HC|  |TAMS 0x000000009f200000| PB 0x000000009f200000| Complete 
| 499|0x000000009f300000, 0x000000009f400000, 0x000000009f400000|100%|HS|  |TAMS 0x000000009f300000| PB 0x000000009f300000| Complete 
| 500|0x000000009f400000, 0x000000009f500000, 0x000000009f500000|100%|HC|  |TAMS 0x000000009f400000| PB 0x000000009f400000| Complete 
| 501|0x000000009f500000, 0x000000009f600000, 0x000000009f600000|100%|HS|  |TAMS 0x000000009f500000| PB 0x000000009f500000| Complete 
| 502|0x000000009f600000, 0x000000009f700000, 0x000000009f700000|100%|HC|  |TAMS 0x000000009f600000| PB 0x000000009f600000| Complete 
| 503|0x000000009f700000, 0x000000009f800000, 0x000000009f800000|100%|HS|  |TAMS 0x000000009f700000| PB 0x000000009f700000| Complete 
| 504|0x000000009f800000, 0x000000009f900000, 0x000000009f900000|100%|HC|  |TAMS 0x000000009f800000| PB 0x000000009f800000| Complete 
| 505|0x000000009f900000, 0x000000009fa00000, 0x000000009fa00000|100%|HS|  |TAMS 0x000000009f900000| PB 0x000000009f900000| Complete 
| 506|0x000000009fa00000, 0x000000009fb00000, 0x000000009fb00000|100%|HC|  |TAMS 0x000000009fa00000| PB 0x000000009fa00000| Complete 
| 507|0x000000009fb00000, 0x000000009fc00000, 0x000000009fc00000|100%|HS|  |TAMS 0x000000009fb00000| PB 0x000000009fb00000| Complete 
| 508|0x000000009fc00000, 0x000000009fd00000, 0x000000009fd00000|100%|HC|  |TAMS 0x000000009fc00000| PB 0x000000009fc00000| Complete 
| 509|0x000000009fd00000, 0x000000009fe00000, 0x000000009fe00000|100%|HS|  |TAMS 0x000000009fd00000| PB 0x000000009fd00000| Complete 
| 510|0x000000009fe00000, 0x000000009ff00000, 0x000000009ff00000|100%|HC|  |TAMS 0x000000009fe00000| PB 0x000000009fe00000| Complete 
| 511|0x000000009ff00000, 0x00000000a0000000, 0x00000000a0000000|100%|HS|  |TAMS 0x000000009ff00000| PB 0x000000009ff00000| Complete 
| 512|0x00000000a0000000, 0x00000000a0100000, 0x00000000a0100000|100%|HC|  |TAMS 0x00000000a0000000| PB 0x00000000a0000000| Complete 
| 513|0x00000000a0100000, 0x00000000a0200000, 0x00000000a0200000|100%|HS|  |TAMS 0x00000000a0100000| PB 0x00000000a0100000| Complete 
| 514|0x00000000a0200000, 0x00000000a0300000, 0x00000000a0300000|100%|HC|  |TAMS 0x00000000a0200000| PB 0x00000000a0200000| Complete 
| 515|0x00000000a0300000, 0x00000000a0400000, 0x00000000a0400000|100%|HS|  |TAMS 0x00000000a0300000| PB 0x00000000a0300000| Complete 
| 516|0x00000000a0400000, 0x00000000a0500000, 0x00000000a0500000|100%|HC|  |TAMS 0x00000000a0400000| PB 0x00000000a0400000| Complete 
| 517|0x00000000a0500000, 0x00000000a0600000, 0x00000000a0600000|100%|HS|  |TAMS 0x00000000a0500000| PB 0x00000000a0500000| Complete 
| 518|0x00000000a0600000, 0x00000000a0700000, 0x00000000a0700000|100%|HC|  |TAMS 0x00000000a0600000| PB 0x00000000a0600000| Complete 
| 519|0x00000000a0700000, 0x00000000a0800000, 0x00000000a0800000|100%|HS|  |TAMS 0x00000000a0700000| PB 0x00000000a0700000| Complete 
| 520|0x00000000a0800000, 0x00000000a0900000, 0x00000000a0900000|100%|HC|  |TAMS 0x00000000a0800000| PB 0x00000000a0800000| Complete 
| 521|0x00000000a0900000, 0x00000000a0a00000, 0x00000000a0a00000|100%|HS|  |TAMS 0x00000000a0900000| PB 0x00000000a0900000| Complete 
| 522|0x00000000a0a00000, 0x00000000a0b00000, 0x00000000a0b00000|100%|HC|  |TAMS 0x00000000a0a00000| PB 0x00000000a0a00000| Complete 
| 523|0x00000000a0b00000, 0x00000000a0c00000, 0x00000000a0c00000|100%|HS|  |TAMS 0x00000000a0b00000| PB 0x00000000a0b00000| Complete 
| 524|0x00000000a0c00000, 0x00000000a0d00000, 0x00000000a0d00000|100%|HC|  |TAMS 0x00000000a0c00000| PB 0x00000000a0c00000| Complete 
| 525|0x00000000a0d00000, 0x00000000a0e00000, 0x00000000a0e00000|100%|HS|  |TAMS 0x00000000a0d00000| PB 0x00000000a0d00000| Complete 
| 526|0x00000000a0e00000, 0x00000000a0f00000, 0x00000000a0f00000|100%|HC|  |TAMS 0x00000000a0e00000| PB 0x00000000a0e00000| Complete 
| 527|0x00000000a0f00000, 0x00000000a0f00000, 0x00000000a1000000|  0%| F|  |TAMS 0x00000000a0f00000| PB 0x00000000a0f00000| Untracked 
| 528|0x00000000a1000000, 0x00000000a1100000, 0x00000000a1100000|100%| O|  |TAMS 0x00000000a1000000| PB 0x00000000a1000000| Untracked 
| 529|0x00000000a1100000, 0x00000000a1200000, 0x00000000a1200000|100%|HS|  |TAMS 0x00000000a1100000| PB 0x00000000a1100000| Complete 
| 530|0x00000000a1200000, 0x00000000a1300000, 0x00000000a1300000|100%|HC|  |TAMS 0x00000000a1200000| PB 0x00000000a1200000| Complete 
| 531|0x00000000a1300000, 0x00000000a1400000, 0x00000000a1400000|100%|HS|  |TAMS 0x00000000a1300000| PB 0x00000000a1300000| Complete 
| 532|0x00000000a1400000, 0x00000000a1500000, 0x00000000a1500000|100%|HC|  |TAMS 0x00000000a1400000| PB 0x00000000a1400000| Complete 
| 533|0x00000000a1500000, 0x00000000a1500000, 0x00000000a1600000|  0%| F|  |TAMS 0x00000000a1500000| PB 0x00000000a1500000| Untracked 
| 534|0x00000000a1600000, 0x00000000a1700000, 0x00000000a1700000|100%| O|  |TAMS 0x00000000a1600000| PB 0x00000000a1600000| Untracked 
| 535|0x00000000a1700000, 0x00000000a1800000, 0x00000000a1800000|100%| O|  |TAMS 0x00000000a1700000| PB 0x00000000a1700000| Untracked 
| 536|0x00000000a1800000, 0x00000000a1900000, 0x00000000a1900000|100%|HS|  |TAMS 0x00000000a1800000| PB 0x00000000a1800000| Complete 
| 537|0x00000000a1900000, 0x00000000a1a00000, 0x00000000a1a00000|100%|HC|  |TAMS 0x00000000a1900000| PB 0x00000000a1900000| Complete 
| 538|0x00000000a1a00000, 0x00000000a1b00000, 0x00000000a1b00000|100%|HS|  |TAMS 0x00000000a1a00000| PB 0x00000000a1a00000| Complete 
| 539|0x00000000a1b00000, 0x00000000a1c00000, 0x00000000a1c00000|100%|HC|  |TAMS 0x00000000a1b00000| PB 0x00000000a1b00000| Complete 
| 540|0x00000000a1c00000, 0x00000000a1d00000, 0x00000000a1d00000|100%|HS|  |TAMS 0x00000000a1c00000| PB 0x00000000a1c00000| Complete 
| 541|0x00000000a1d00000, 0x00000000a1e00000, 0x00000000a1e00000|100%|HC|  |TAMS 0x00000000a1d00000| PB 0x00000000a1d00000| Complete 
| 542|0x00000000a1e00000, 0x00000000a1f00000, 0x00000000a1f00000|100%|HS|  |TAMS 0x00000000a1e00000| PB 0x00000000a1e00000| Complete 
| 543|0x00000000a1f00000, 0x00000000a2000000, 0x00000000a2000000|100%|HC|  |TAMS 0x00000000a1f00000| PB 0x00000000a1f00000| Complete 
| 544|0x00000000a2000000, 0x00000000a2100000, 0x00000000a2100000|100%|HS|  |TAMS 0x00000000a2000000| PB 0x00000000a2000000| Complete 
| 545|0x00000000a2100000, 0x00000000a2200000, 0x00000000a2200000|100%|HC|  |TAMS 0x00000000a2100000| PB 0x00000000a2100000| Complete 
| 546|0x00000000a2200000, 0x00000000a2300000, 0x00000000a2300000|100%|HS|  |TAMS 0x00000000a2200000| PB 0x00000000a2200000| Complete 
| 547|0x00000000a2300000, 0x00000000a2400000, 0x00000000a2400000|100%|HC|  |TAMS 0x00000000a2300000| PB 0x00000000a2300000| Complete 
| 548|0x00000000a2400000, 0x00000000a2500000, 0x00000000a2500000|100%|HS|  |TAMS 0x00000000a2400000| PB 0x00000000a2400000| Complete 
| 549|0x00000000a2500000, 0x00000000a2600000, 0x00000000a2600000|100%|HC|  |TAMS 0x00000000a2500000| PB 0x00000000a2500000| Complete 
| 550|0x00000000a2600000, 0x00000000a2700000, 0x00000000a2700000|100%|HS|  |TAMS 0x00000000a2600000| PB 0x00000000a2600000| Complete 
| 551|0x00000000a2700000, 0x00000000a2800000, 0x00000000a2800000|100%|HC|  |TAMS 0x00000000a2700000| PB 0x00000000a2700000| Complete 
| 552|0x00000000a2800000, 0x00000000a2900000, 0x00000000a2900000|100%|HS|  |TAMS 0x00000000a2800000| PB 0x00000000a2800000| Complete 
| 553|0x00000000a2900000, 0x00000000a2a00000, 0x00000000a2a00000|100%|HC|  |TAMS 0x00000000a2900000| PB 0x00000000a2900000| Complete 
| 554|0x00000000a2a00000, 0x00000000a2b00000, 0x00000000a2b00000|100%|HS|  |TAMS 0x00000000a2a00000| PB 0x00000000a2a00000| Complete 
| 555|0x00000000a2b00000, 0x00000000a2c00000, 0x00000000a2c00000|100%|HC|  |TAMS 0x00000000a2b00000| PB 0x00000000a2b00000| Complete 
| 556|0x00000000a2c00000, 0x00000000a2d00000, 0x00000000a2d00000|100%|HS|  |TAMS 0x00000000a2c00000| PB 0x00000000a2c00000| Complete 
| 557|0x00000000a2d00000, 0x00000000a2e00000, 0x00000000a2e00000|100%|HC|  |TAMS 0x00000000a2d00000| PB 0x00000000a2d00000| Complete 
| 558|0x00000000a2e00000, 0x00000000a2f00000, 0x00000000a2f00000|100%|HS|  |TAMS 0x00000000a2e00000| PB 0x00000000a2e00000| Complete 
| 559|0x00000000a2f00000, 0x00000000a3000000, 0x00000000a3000000|100%|HC|  |TAMS 0x00000000a2f00000| PB 0x00000000a2f00000| Complete 
| 560|0x00000000a3000000, 0x00000000a3100000, 0x00000000a3100000|100%|HS|  |TAMS 0x00000000a3000000| PB 0x00000000a3000000| Complete 
| 561|0x00000000a3100000, 0x00000000a3200000, 0x00000000a3200000|100%|HC|  |TAMS 0x00000000a3100000| PB 0x00000000a3100000| Complete 
| 562|0x00000000a3200000, 0x00000000a3300000, 0x00000000a3300000|100%|HS|  |TAMS 0x00000000a3200000| PB 0x00000000a3200000| Complete 
| 563|0x00000000a3300000, 0x00000000a3400000, 0x00000000a3400000|100%|HC|  |TAMS 0x00000000a3300000| PB 0x00000000a3300000| Complete 
| 564|0x00000000a3400000, 0x00000000a3500000, 0x00000000a3500000|100%|HS|  |TAMS 0x00000000a3400000| PB 0x00000000a3400000| Complete 
| 565|0x00000000a3500000, 0x00000000a3600000, 0x00000000a3600000|100%|HC|  |TAMS 0x00000000a3500000| PB 0x00000000a3500000| Complete 
| 566|0x00000000a3600000, 0x00000000a3700000, 0x00000000a3700000|100%|HS|  |TAMS 0x00000000a3600000| PB 0x00000000a3600000| Complete 
| 567|0x00000000a3700000, 0x00000000a3800000, 0x00000000a3800000|100%|HC|  |TAMS 0x00000000a3700000| PB 0x00000000a3700000| Complete 
| 568|0x00000000a3800000, 0x00000000a3900000, 0x00000000a3900000|100%|HS|  |TAMS 0x00000000a3800000| PB 0x00000000a3800000| Complete 
| 569|0x00000000a3900000, 0x00000000a3a00000, 0x00000000a3a00000|100%|HC|  |TAMS 0x00000000a3900000| PB 0x00000000a3900000| Complete 
| 570|0x00000000a3a00000, 0x00000000a3b00000, 0x00000000a3b00000|100%|HS|  |TAMS 0x00000000a3a00000| PB 0x00000000a3a00000| Complete 
| 571|0x00000000a3b00000, 0x00000000a3c00000, 0x00000000a3c00000|100%|HC|  |TAMS 0x00000000a3b00000| PB 0x00000000a3b00000| Complete 
| 572|0x00000000a3c00000, 0x00000000a3c00000, 0x00000000a3d00000|  0%| F|  |TAMS 0x00000000a3c00000| PB 0x00000000a3c00000| Untracked 
| 573|0x00000000a3d00000, 0x00000000a3d00000, 0x00000000a3e00000|  0%| F|  |TAMS 0x00000000a3d00000| PB 0x00000000a3d00000| Untracked 
| 574|0x00000000a3e00000, 0x00000000a3e00000, 0x00000000a3f00000|  0%| F|  |TAMS 0x00000000a3e00000| PB 0x00000000a3e00000| Untracked 
| 575|0x00000000a3f00000, 0x00000000a3f00000, 0x00000000a4000000|  0%| F|  |TAMS 0x00000000a3f00000| PB 0x00000000a3f00000| Untracked 
| 576|0x00000000a4000000, 0x00000000a4000000, 0x00000000a4100000|  0%| F|  |TAMS 0x00000000a4000000| PB 0x00000000a4000000| Untracked 
| 577|0x00000000a4100000, 0x00000000a4100000, 0x00000000a4200000|  0%| F|  |TAMS 0x00000000a4100000| PB 0x00000000a4100000| Untracked 
| 578|0x00000000a4200000, 0x00000000a4300000, 0x00000000a4300000|100%| O|Cm|TAMS 0x00000000a4200000| PB 0x00000000a4200000| Complete 
| 579|0x00000000a4300000, 0x00000000a4300000, 0x00000000a4400000|  0%| F|  |TAMS 0x00000000a4300000| PB 0x00000000a4300000| Untracked 
| 580|0x00000000a4400000, 0x00000000a4400000, 0x00000000a4500000|  0%| F|  |TAMS 0x00000000a4400000| PB 0x00000000a4400000| Untracked 
| 581|0x00000000a4500000, 0x00000000a4500000, 0x00000000a4600000|  0%| F|  |TAMS 0x00000000a4500000| PB 0x00000000a4500000| Untracked 
| 582|0x00000000a4600000, 0x00000000a4600000, 0x00000000a4700000|  0%| F|  |TAMS 0x00000000a4600000| PB 0x00000000a4600000| Untracked 
| 583|0x00000000a4700000, 0x00000000a4700000, 0x00000000a4800000|  0%| F|  |TAMS 0x00000000a4700000| PB 0x00000000a4700000| Untracked 
| 584|0x00000000a4800000, 0x00000000a4800000, 0x00000000a4900000|  0%| F|  |TAMS 0x00000000a4800000| PB 0x00000000a4800000| Untracked 
| 585|0x00000000a4900000, 0x00000000a4900000, 0x00000000a4a00000|  0%| F|  |TAMS 0x00000000a4900000| PB 0x00000000a4900000| Untracked 
| 586|0x00000000a4a00000, 0x00000000a4a00000, 0x00000000a4b00000|  0%| F|  |TAMS 0x00000000a4a00000| PB 0x00000000a4a00000| Untracked 
| 587|0x00000000a4b00000, 0x00000000a4b00000, 0x00000000a4c00000|  0%| F|  |TAMS 0x00000000a4b00000| PB 0x00000000a4b00000| Untracked 
| 588|0x00000000a4c00000, 0x00000000a4c00000, 0x00000000a4d00000|  0%| F|  |TAMS 0x00000000a4c00000| PB 0x00000000a4c00000| Untracked 
| 589|0x00000000a4d00000, 0x00000000a4d00000, 0x00000000a4e00000|  0%| F|  |TAMS 0x00000000a4d00000| PB 0x00000000a4d00000| Untracked 
| 590|0x00000000a4e00000, 0x00000000a4f00000, 0x00000000a4f00000|100%| O|  |TAMS 0x00000000a4e00000| PB 0x00000000a4e00000| Untracked 
| 591|0x00000000a4f00000, 0x00000000a4f00000, 0x00000000a5000000|  0%| F|  |TAMS 0x00000000a4f00000| PB 0x00000000a4f00000| Untracked 
| 592|0x00000000a5000000, 0x00000000a5000000, 0x00000000a5100000|  0%| F|  |TAMS 0x00000000a5000000| PB 0x00000000a5000000| Untracked 
| 593|0x00000000a5100000, 0x00000000a5100000, 0x00000000a5200000|  0%| F|  |TAMS 0x00000000a5100000| PB 0x00000000a5100000| Untracked 
| 594|0x00000000a5200000, 0x00000000a5200000, 0x00000000a5300000|  0%| F|  |TAMS 0x00000000a5200000| PB 0x00000000a5200000| Untracked 
| 595|0x00000000a5300000, 0x00000000a5300000, 0x00000000a5400000|  0%| F|  |TAMS 0x00000000a5300000| PB 0x00000000a5300000| Untracked 
| 596|0x00000000a5400000, 0x00000000a5400000, 0x00000000a5500000|  0%| F|  |TAMS 0x00000000a5400000| PB 0x00000000a5400000| Untracked 
| 597|0x00000000a5500000, 0x00000000a5500000, 0x00000000a5600000|  0%| F|  |TAMS 0x00000000a5500000| PB 0x00000000a5500000| Untracked 
| 598|0x00000000a5600000, 0x00000000a5600000, 0x00000000a5700000|  0%| F|  |TAMS 0x00000000a5600000| PB 0x00000000a5600000| Untracked 
| 599|0x00000000a5700000, 0x00000000a5700000, 0x00000000a5800000|  0%| F|  |TAMS 0x00000000a5700000| PB 0x00000000a5700000| Untracked 
| 600|0x00000000a5800000, 0x00000000a5800000, 0x00000000a5900000|  0%| F|  |TAMS 0x00000000a5800000| PB 0x00000000a5800000| Untracked 
| 601|0x00000000a5900000, 0x00000000a5900000, 0x00000000a5a00000|  0%| F|  |TAMS 0x00000000a5900000| PB 0x00000000a5900000| Untracked 
| 602|0x00000000a5a00000, 0x00000000a5a00000, 0x00000000a5b00000|  0%| F|  |TAMS 0x00000000a5a00000| PB 0x00000000a5a00000| Untracked 
| 603|0x00000000a5b00000, 0x00000000a5b00000, 0x00000000a5c00000|  0%| F|  |TAMS 0x00000000a5b00000| PB 0x00000000a5b00000| Untracked 
| 604|0x00000000a5c00000, 0x00000000a5c00000, 0x00000000a5d00000|  0%| F|  |TAMS 0x00000000a5c00000| PB 0x00000000a5c00000| Untracked 
| 605|0x00000000a5d00000, 0x00000000a5d00000, 0x00000000a5e00000|  0%| F|  |TAMS 0x00000000a5d00000| PB 0x00000000a5d00000| Untracked 
| 606|0x00000000a5e00000, 0x00000000a5e00000, 0x00000000a5f00000|  0%| F|  |TAMS 0x00000000a5e00000| PB 0x00000000a5e00000| Untracked 
| 607|0x00000000a5f00000, 0x00000000a5f00000, 0x00000000a6000000|  0%| F|  |TAMS 0x00000000a5f00000| PB 0x00000000a5f00000| Untracked 
| 608|0x00000000a6000000, 0x00000000a6000000, 0x00000000a6100000|  0%| F|  |TAMS 0x00000000a6000000| PB 0x00000000a6000000| Untracked 
| 609|0x00000000a6100000, 0x00000000a6100000, 0x00000000a6200000|  0%| F|  |TAMS 0x00000000a6100000| PB 0x00000000a6100000| Untracked 
| 610|0x00000000a6200000, 0x00000000a6200000, 0x00000000a6300000|  0%| F|  |TAMS 0x00000000a6200000| PB 0x00000000a6200000| Untracked 
| 611|0x00000000a6300000, 0x00000000a6300000, 0x00000000a6400000|  0%| F|  |TAMS 0x00000000a6300000| PB 0x00000000a6300000| Untracked 
| 612|0x00000000a6400000, 0x00000000a6400000, 0x00000000a6500000|  0%| F|  |TAMS 0x00000000a6400000| PB 0x00000000a6400000| Untracked 
| 613|0x00000000a6500000, 0x00000000a6500000, 0x00000000a6600000|  0%| F|  |TAMS 0x00000000a6500000| PB 0x00000000a6500000| Untracked 
| 614|0x00000000a6600000, 0x00000000a6600000, 0x00000000a6700000|  0%| F|  |TAMS 0x00000000a6600000| PB 0x00000000a6600000| Untracked 
| 615|0x00000000a6700000, 0x00000000a6700000, 0x00000000a6800000|  0%| F|  |TAMS 0x00000000a6700000| PB 0x00000000a6700000| Untracked 
| 616|0x00000000a6800000, 0x00000000a6800000, 0x00000000a6900000|  0%| F|  |TAMS 0x00000000a6800000| PB 0x00000000a6800000| Untracked 
| 617|0x00000000a6900000, 0x00000000a6900000, 0x00000000a6a00000|  0%| F|  |TAMS 0x00000000a6900000| PB 0x00000000a6900000| Untracked 
| 618|0x00000000a6a00000, 0x00000000a6a00000, 0x00000000a6b00000|  0%| F|  |TAMS 0x00000000a6a00000| PB 0x00000000a6a00000| Untracked 
| 619|0x00000000a6b00000, 0x00000000a6b00000, 0x00000000a6c00000|  0%| F|  |TAMS 0x00000000a6b00000| PB 0x00000000a6b00000| Untracked 
| 620|0x00000000a6c00000, 0x00000000a6c00000, 0x00000000a6d00000|  0%| F|  |TAMS 0x00000000a6c00000| PB 0x00000000a6c00000| Untracked 
| 621|0x00000000a6d00000, 0x00000000a6d00000, 0x00000000a6e00000|  0%| F|  |TAMS 0x00000000a6d00000| PB 0x00000000a6d00000| Untracked 
| 622|0x00000000a6e00000, 0x00000000a6e00000, 0x00000000a6f00000|  0%| F|  |TAMS 0x00000000a6e00000| PB 0x00000000a6e00000| Untracked 
| 623|0x00000000a6f00000, 0x00000000a6f00000, 0x00000000a7000000|  0%| F|  |TAMS 0x00000000a6f00000| PB 0x00000000a6f00000| Untracked 
| 624|0x00000000a7000000, 0x00000000a7000000, 0x00000000a7100000|  0%| F|  |TAMS 0x00000000a7000000| PB 0x00000000a7000000| Untracked 
| 625|0x00000000a7100000, 0x00000000a7100000, 0x00000000a7200000|  0%| F|  |TAMS 0x00000000a7100000| PB 0x00000000a7100000| Untracked 
| 626|0x00000000a7200000, 0x00000000a7200000, 0x00000000a7300000|  0%| F|  |TAMS 0x00000000a7200000| PB 0x00000000a7200000| Untracked 
| 627|0x00000000a7300000, 0x00000000a7300000, 0x00000000a7400000|  0%| F|  |TAMS 0x00000000a7300000| PB 0x00000000a7300000| Untracked 
| 628|0x00000000a7400000, 0x00000000a7400000, 0x00000000a7500000|  0%| F|  |TAMS 0x00000000a7400000| PB 0x00000000a7400000| Untracked 
| 629|0x00000000a7500000, 0x00000000a7500000, 0x00000000a7600000|  0%| F|  |TAMS 0x00000000a7500000| PB 0x00000000a7500000| Untracked 
| 630|0x00000000a7600000, 0x00000000a7600000, 0x00000000a7700000|  0%| F|  |TAMS 0x00000000a7600000| PB 0x00000000a7600000| Untracked 
| 631|0x00000000a7700000, 0x00000000a7700000, 0x00000000a7800000|  0%| F|  |TAMS 0x00000000a7700000| PB 0x00000000a7700000| Untracked 
| 632|0x00000000a7800000, 0x00000000a7800000, 0x00000000a7900000|  0%| F|  |TAMS 0x00000000a7800000| PB 0x00000000a7800000| Untracked 
| 633|0x00000000a7900000, 0x00000000a7900000, 0x00000000a7a00000|  0%| F|  |TAMS 0x00000000a7900000| PB 0x00000000a7900000| Untracked 
| 634|0x00000000a7a00000, 0x00000000a7a00000, 0x00000000a7b00000|  0%| F|  |TAMS 0x00000000a7a00000| PB 0x00000000a7a00000| Untracked 
| 635|0x00000000a7b00000, 0x00000000a7b00000, 0x00000000a7c00000|  0%| F|  |TAMS 0x00000000a7b00000| PB 0x00000000a7b00000| Untracked 
| 636|0x00000000a7c00000, 0x00000000a7c00000, 0x00000000a7d00000|  0%| F|  |TAMS 0x00000000a7c00000| PB 0x00000000a7c00000| Untracked 
| 637|0x00000000a7d00000, 0x00000000a7d00000, 0x00000000a7e00000|  0%| F|  |TAMS 0x00000000a7d00000| PB 0x00000000a7d00000| Untracked 
| 638|0x00000000a7e00000, 0x00000000a7e00000, 0x00000000a7f00000|  0%| F|  |TAMS 0x00000000a7e00000| PB 0x00000000a7e00000| Untracked 
| 639|0x00000000a7f00000, 0x00000000a7f00000, 0x00000000a8000000|  0%| F|  |TAMS 0x00000000a7f00000| PB 0x00000000a7f00000| Untracked 
| 640|0x00000000a8000000, 0x00000000a8000000, 0x00000000a8100000|  0%| F|  |TAMS 0x00000000a8000000| PB 0x00000000a8000000| Untracked 
| 641|0x00000000a8100000, 0x00000000a8100000, 0x00000000a8200000|  0%| F|  |TAMS 0x00000000a8100000| PB 0x00000000a8100000| Untracked 
| 642|0x00000000a8200000, 0x00000000a8200000, 0x00000000a8300000|  0%| F|  |TAMS 0x00000000a8200000| PB 0x00000000a8200000| Untracked 
| 643|0x00000000a8300000, 0x00000000a8300000, 0x00000000a8400000|  0%| F|  |TAMS 0x00000000a8300000| PB 0x00000000a8300000| Untracked 
| 644|0x00000000a8400000, 0x00000000a8400000, 0x00000000a8500000|  0%| F|  |TAMS 0x00000000a8400000| PB 0x00000000a8400000| Untracked 
| 645|0x00000000a8500000, 0x00000000a8500000, 0x00000000a8600000|  0%| F|  |TAMS 0x00000000a8500000| PB 0x00000000a8500000| Untracked 
| 646|0x00000000a8600000, 0x00000000a8600000, 0x00000000a8700000|  0%| F|  |TAMS 0x00000000a8600000| PB 0x00000000a8600000| Untracked 
| 647|0x00000000a8700000, 0x00000000a8700000, 0x00000000a8800000|  0%| F|  |TAMS 0x00000000a8700000| PB 0x00000000a8700000| Untracked 
| 648|0x00000000a8800000, 0x00000000a8800000, 0x00000000a8900000|  0%| F|  |TAMS 0x00000000a8800000| PB 0x00000000a8800000| Untracked 
| 649|0x00000000a8900000, 0x00000000a8900000, 0x00000000a8a00000|  0%| F|  |TAMS 0x00000000a8900000| PB 0x00000000a8900000| Untracked 
| 650|0x00000000a8a00000, 0x00000000a8a00000, 0x00000000a8b00000|  0%| F|  |TAMS 0x00000000a8a00000| PB 0x00000000a8a00000| Untracked 
| 651|0x00000000a8b00000, 0x00000000a8b00000, 0x00000000a8c00000|  0%| F|  |TAMS 0x00000000a8b00000| PB 0x00000000a8b00000| Untracked 
| 652|0x00000000a8c00000, 0x00000000a8c00000, 0x00000000a8d00000|  0%| F|  |TAMS 0x00000000a8c00000| PB 0x00000000a8c00000| Untracked 
| 653|0x00000000a8d00000, 0x00000000a8d00000, 0x00000000a8e00000|  0%| F|  |TAMS 0x00000000a8d00000| PB 0x00000000a8d00000| Untracked 
| 654|0x00000000a8e00000, 0x00000000a8e00000, 0x00000000a8f00000|  0%| F|  |TAMS 0x00000000a8e00000| PB 0x00000000a8e00000| Untracked 
| 655|0x00000000a8f00000, 0x00000000a8f00000, 0x00000000a9000000|  0%| F|  |TAMS 0x00000000a8f00000| PB 0x00000000a8f00000| Untracked 
| 656|0x00000000a9000000, 0x00000000a9000000, 0x00000000a9100000|  0%| F|  |TAMS 0x00000000a9000000| PB 0x00000000a9000000| Untracked 
| 657|0x00000000a9100000, 0x00000000a9100000, 0x00000000a9200000|  0%| F|  |TAMS 0x00000000a9100000| PB 0x00000000a9100000| Untracked 
| 658|0x00000000a9200000, 0x00000000a9200000, 0x00000000a9300000|  0%| F|  |TAMS 0x00000000a9200000| PB 0x00000000a9200000| Untracked 
| 659|0x00000000a9300000, 0x00000000a9300000, 0x00000000a9400000|  0%| F|  |TAMS 0x00000000a9300000| PB 0x00000000a9300000| Untracked 
| 660|0x00000000a9400000, 0x00000000a9400000, 0x00000000a9500000|  0%| F|  |TAMS 0x00000000a9400000| PB 0x00000000a9400000| Untracked 
| 661|0x00000000a9500000, 0x00000000a9500000, 0x00000000a9600000|  0%| F|  |TAMS 0x00000000a9500000| PB 0x00000000a9500000| Untracked 
| 662|0x00000000a9600000, 0x00000000a9600000, 0x00000000a9700000|  0%| F|  |TAMS 0x00000000a9600000| PB 0x00000000a9600000| Untracked 
| 663|0x00000000a9700000, 0x00000000a9700000, 0x00000000a9800000|  0%| F|  |TAMS 0x00000000a9700000| PB 0x00000000a9700000| Untracked 
| 664|0x00000000a9800000, 0x00000000a9800000, 0x00000000a9900000|  0%| F|  |TAMS 0x00000000a9800000| PB 0x00000000a9800000| Untracked 
| 665|0x00000000a9900000, 0x00000000a9900000, 0x00000000a9a00000|  0%| F|  |TAMS 0x00000000a9900000| PB 0x00000000a9900000| Untracked 
| 666|0x00000000a9a00000, 0x00000000a9a00000, 0x00000000a9b00000|  0%| F|  |TAMS 0x00000000a9a00000| PB 0x00000000a9a00000| Untracked 
| 667|0x00000000a9b00000, 0x00000000a9b00000, 0x00000000a9c00000|  0%| F|  |TAMS 0x00000000a9b00000| PB 0x00000000a9b00000| Untracked 
| 668|0x00000000a9c00000, 0x00000000a9c00000, 0x00000000a9d00000|  0%| F|  |TAMS 0x00000000a9c00000| PB 0x00000000a9c00000| Untracked 
| 669|0x00000000a9d00000, 0x00000000a9d00000, 0x00000000a9e00000|  0%| F|  |TAMS 0x00000000a9d00000| PB 0x00000000a9d00000| Untracked 
| 670|0x00000000a9e00000, 0x00000000a9e00000, 0x00000000a9f00000|  0%| F|  |TAMS 0x00000000a9e00000| PB 0x00000000a9e00000| Untracked 
| 671|0x00000000a9f00000, 0x00000000a9f00000, 0x00000000aa000000|  0%| F|  |TAMS 0x00000000a9f00000| PB 0x00000000a9f00000| Untracked 
| 672|0x00000000aa000000, 0x00000000aa000000, 0x00000000aa100000|  0%| F|  |TAMS 0x00000000aa000000| PB 0x00000000aa000000| Untracked 
| 673|0x00000000aa100000, 0x00000000aa100000, 0x00000000aa200000|  0%| F|  |TAMS 0x00000000aa100000| PB 0x00000000aa100000| Untracked 
| 674|0x00000000aa200000, 0x00000000aa200000, 0x00000000aa300000|  0%| F|  |TAMS 0x00000000aa200000| PB 0x00000000aa200000| Untracked 
| 675|0x00000000aa300000, 0x00000000aa300000, 0x00000000aa400000|  0%| F|  |TAMS 0x00000000aa300000| PB 0x00000000aa300000| Untracked 
| 676|0x00000000aa400000, 0x00000000aa400000, 0x00000000aa500000|  0%| F|  |TAMS 0x00000000aa400000| PB 0x00000000aa400000| Untracked 
| 677|0x00000000aa500000, 0x00000000aa500000, 0x00000000aa600000|  0%| F|  |TAMS 0x00000000aa500000| PB 0x00000000aa500000| Untracked 
| 678|0x00000000aa600000, 0x00000000aa600000, 0x00000000aa700000|  0%| F|  |TAMS 0x00000000aa600000| PB 0x00000000aa600000| Untracked 
| 679|0x00000000aa700000, 0x00000000aa700000, 0x00000000aa800000|  0%| F|  |TAMS 0x00000000aa700000| PB 0x00000000aa700000| Untracked 
| 680|0x00000000aa800000, 0x00000000aa800000, 0x00000000aa900000|  0%| F|  |TAMS 0x00000000aa800000| PB 0x00000000aa800000| Untracked 
| 681|0x00000000aa900000, 0x00000000aa900000, 0x00000000aaa00000|  0%| F|  |TAMS 0x00000000aa900000| PB 0x00000000aa900000| Untracked 
| 682|0x00000000aaa00000, 0x00000000aaa00000, 0x00000000aab00000|  0%| F|  |TAMS 0x00000000aaa00000| PB 0x00000000aaa00000| Untracked 
| 683|0x00000000aab00000, 0x00000000aab00000, 0x00000000aac00000|  0%| F|  |TAMS 0x00000000aab00000| PB 0x00000000aab00000| Untracked 
| 684|0x00000000aac00000, 0x00000000aac00000, 0x00000000aad00000|  0%| F|  |TAMS 0x00000000aac00000| PB 0x00000000aac00000| Untracked 
| 685|0x00000000aad00000, 0x00000000aad00000, 0x00000000aae00000|  0%| F|  |TAMS 0x00000000aad00000| PB 0x00000000aad00000| Untracked 
| 686|0x00000000aae00000, 0x00000000aae00000, 0x00000000aaf00000|  0%| F|  |TAMS 0x00000000aae00000| PB 0x00000000aae00000| Untracked 
| 687|0x00000000aaf00000, 0x00000000aaf00000, 0x00000000ab000000|  0%| F|  |TAMS 0x00000000aaf00000| PB 0x00000000aaf00000| Untracked 
| 688|0x00000000ab000000, 0x00000000ab000000, 0x00000000ab100000|  0%| F|  |TAMS 0x00000000ab000000| PB 0x00000000ab000000| Untracked 
| 689|0x00000000ab100000, 0x00000000ab100000, 0x00000000ab200000|  0%| F|  |TAMS 0x00000000ab100000| PB 0x00000000ab100000| Untracked 
| 690|0x00000000ab200000, 0x00000000ab200000, 0x00000000ab300000|  0%| F|  |TAMS 0x00000000ab200000| PB 0x00000000ab200000| Untracked 
| 691|0x00000000ab300000, 0x00000000ab300000, 0x00000000ab400000|  0%| F|  |TAMS 0x00000000ab300000| PB 0x00000000ab300000| Untracked 
| 692|0x00000000ab400000, 0x00000000ab400000, 0x00000000ab500000|  0%| F|  |TAMS 0x00000000ab400000| PB 0x00000000ab400000| Untracked 
| 693|0x00000000ab500000, 0x00000000ab500000, 0x00000000ab600000|  0%| F|  |TAMS 0x00000000ab500000| PB 0x00000000ab500000| Untracked 
| 694|0x00000000ab600000, 0x00000000ab600000, 0x00000000ab700000|  0%| F|  |TAMS 0x00000000ab600000| PB 0x00000000ab600000| Untracked 
| 695|0x00000000ab700000, 0x00000000ab700000, 0x00000000ab800000|  0%| F|  |TAMS 0x00000000ab700000| PB 0x00000000ab700000| Untracked 
| 696|0x00000000ab800000, 0x00000000ab800000, 0x00000000ab900000|  0%| F|  |TAMS 0x00000000ab800000| PB 0x00000000ab800000| Untracked 
| 697|0x00000000ab900000, 0x00000000ab900000, 0x00000000aba00000|  0%| F|  |TAMS 0x00000000ab900000| PB 0x00000000ab900000| Untracked 
| 698|0x00000000aba00000, 0x00000000aba00000, 0x00000000abb00000|  0%| F|  |TAMS 0x00000000aba00000| PB 0x00000000aba00000| Untracked 
| 699|0x00000000abb00000, 0x00000000abb00000, 0x00000000abc00000|  0%| F|  |TAMS 0x00000000abb00000| PB 0x00000000abb00000| Untracked 
| 700|0x00000000abc00000, 0x00000000abc00000, 0x00000000abd00000|  0%| F|  |TAMS 0x00000000abc00000| PB 0x00000000abc00000| Untracked 
| 701|0x00000000abd00000, 0x00000000abd00000, 0x00000000abe00000|  0%| F|  |TAMS 0x00000000abd00000| PB 0x00000000abd00000| Untracked 
| 702|0x00000000abe00000, 0x00000000abe00000, 0x00000000abf00000|  0%| F|  |TAMS 0x00000000abe00000| PB 0x00000000abe00000| Untracked 
| 703|0x00000000abf00000, 0x00000000abf00000, 0x00000000ac000000|  0%| F|  |TAMS 0x00000000abf00000| PB 0x00000000abf00000| Untracked 
| 704|0x00000000ac000000, 0x00000000ac000000, 0x00000000ac100000|  0%| F|  |TAMS 0x00000000ac000000| PB 0x00000000ac000000| Untracked 
| 705|0x00000000ac100000, 0x00000000ac100000, 0x00000000ac200000|  0%| F|  |TAMS 0x00000000ac100000| PB 0x00000000ac100000| Untracked 
| 706|0x00000000ac200000, 0x00000000ac200000, 0x00000000ac300000|  0%| F|  |TAMS 0x00000000ac200000| PB 0x00000000ac200000| Untracked 
| 707|0x00000000ac300000, 0x00000000ac300000, 0x00000000ac400000|  0%| F|  |TAMS 0x00000000ac300000| PB 0x00000000ac300000| Untracked 
| 708|0x00000000ac400000, 0x00000000ac400000, 0x00000000ac500000|  0%| F|  |TAMS 0x00000000ac400000| PB 0x00000000ac400000| Untracked 
| 709|0x00000000ac500000, 0x00000000ac500000, 0x00000000ac600000|  0%| F|  |TAMS 0x00000000ac500000| PB 0x00000000ac500000| Untracked 
| 710|0x00000000ac600000, 0x00000000ac600000, 0x00000000ac700000|  0%| F|  |TAMS 0x00000000ac600000| PB 0x00000000ac600000| Untracked 
| 711|0x00000000ac700000, 0x00000000ac700000, 0x00000000ac800000|  0%| F|  |TAMS 0x00000000ac700000| PB 0x00000000ac700000| Untracked 
| 712|0x00000000ac800000, 0x00000000ac800000, 0x00000000ac900000|  0%| F|  |TAMS 0x00000000ac800000| PB 0x00000000ac800000| Untracked 
| 713|0x00000000ac900000, 0x00000000ac900000, 0x00000000aca00000|  0%| F|  |TAMS 0x00000000ac900000| PB 0x00000000ac900000| Untracked 
| 714|0x00000000aca00000, 0x00000000aca00000, 0x00000000acb00000|  0%| F|  |TAMS 0x00000000aca00000| PB 0x00000000aca00000| Untracked 
| 715|0x00000000acb00000, 0x00000000acb00000, 0x00000000acc00000|  0%| F|  |TAMS 0x00000000acb00000| PB 0x00000000acb00000| Untracked 
| 716|0x00000000acc00000, 0x00000000acc00000, 0x00000000acd00000|  0%| F|  |TAMS 0x00000000acc00000| PB 0x00000000acc00000| Untracked 
| 717|0x00000000acd00000, 0x00000000acd00000, 0x00000000ace00000|  0%| F|  |TAMS 0x00000000acd00000| PB 0x00000000acd00000| Untracked 
| 718|0x00000000ace00000, 0x00000000ace00000, 0x00000000acf00000|  0%| F|  |TAMS 0x00000000ace00000| PB 0x00000000ace00000| Untracked 
| 719|0x00000000acf00000, 0x00000000acf00000, 0x00000000ad000000|  0%| F|  |TAMS 0x00000000acf00000| PB 0x00000000acf00000| Untracked 
| 720|0x00000000ad000000, 0x00000000ad000000, 0x00000000ad100000|  0%| F|  |TAMS 0x00000000ad000000| PB 0x00000000ad000000| Untracked 
| 721|0x00000000ad100000, 0x00000000ad100000, 0x00000000ad200000|  0%| F|  |TAMS 0x00000000ad100000| PB 0x00000000ad100000| Untracked 
| 722|0x00000000ad200000, 0x00000000ad200000, 0x00000000ad300000|  0%| F|  |TAMS 0x00000000ad200000| PB 0x00000000ad200000| Untracked 
| 723|0x00000000ad300000, 0x00000000ad300000, 0x00000000ad400000|  0%| F|  |TAMS 0x00000000ad300000| PB 0x00000000ad300000| Untracked 
| 724|0x00000000ad400000, 0x00000000ad400000, 0x00000000ad500000|  0%| F|  |TAMS 0x00000000ad400000| PB 0x00000000ad400000| Untracked 
| 725|0x00000000ad500000, 0x00000000ad500000, 0x00000000ad600000|  0%| F|  |TAMS 0x00000000ad500000| PB 0x00000000ad500000| Untracked 
| 726|0x00000000ad600000, 0x00000000ad600000, 0x00000000ad700000|  0%| F|  |TAMS 0x00000000ad600000| PB 0x00000000ad600000| Untracked 
| 727|0x00000000ad700000, 0x00000000ad700000, 0x00000000ad800000|  0%| F|  |TAMS 0x00000000ad700000| PB 0x00000000ad700000| Untracked 
| 728|0x00000000ad800000, 0x00000000ad800000, 0x00000000ad900000|  0%| F|  |TAMS 0x00000000ad800000| PB 0x00000000ad800000| Untracked 
| 729|0x00000000ad900000, 0x00000000ad900000, 0x00000000ada00000|  0%| F|  |TAMS 0x00000000ad900000| PB 0x00000000ad900000| Untracked 
| 730|0x00000000ada00000, 0x00000000ada00000, 0x00000000adb00000|  0%| F|  |TAMS 0x00000000ada00000| PB 0x00000000ada00000| Untracked 
| 731|0x00000000adb00000, 0x00000000adb00000, 0x00000000adc00000|  0%| F|  |TAMS 0x00000000adb00000| PB 0x00000000adb00000| Untracked 
| 732|0x00000000adc00000, 0x00000000adc00000, 0x00000000add00000|  0%| F|  |TAMS 0x00000000adc00000| PB 0x00000000adc00000| Untracked 
| 733|0x00000000add00000, 0x00000000add00000, 0x00000000ade00000|  0%| F|  |TAMS 0x00000000add00000| PB 0x00000000add00000| Untracked 
| 734|0x00000000ade00000, 0x00000000ade00000, 0x00000000adf00000|  0%| F|  |TAMS 0x00000000ade00000| PB 0x00000000ade00000| Untracked 
| 735|0x00000000adf00000, 0x00000000adf00000, 0x00000000ae000000|  0%| F|  |TAMS 0x00000000adf00000| PB 0x00000000adf00000| Untracked 
| 736|0x00000000ae000000, 0x00000000ae000000, 0x00000000ae100000|  0%| F|  |TAMS 0x00000000ae000000| PB 0x00000000ae000000| Untracked 
| 737|0x00000000ae100000, 0x00000000ae100000, 0x00000000ae200000|  0%| F|  |TAMS 0x00000000ae100000| PB 0x00000000ae100000| Untracked 
| 738|0x00000000ae200000, 0x00000000ae200000, 0x00000000ae300000|  0%| F|  |TAMS 0x00000000ae200000| PB 0x00000000ae200000| Untracked 
| 739|0x00000000ae300000, 0x00000000ae300000, 0x00000000ae400000|  0%| F|  |TAMS 0x00000000ae300000| PB 0x00000000ae300000| Untracked 
| 740|0x00000000ae400000, 0x00000000ae400000, 0x00000000ae500000|  0%| F|  |TAMS 0x00000000ae400000| PB 0x00000000ae400000| Untracked 
| 741|0x00000000ae500000, 0x00000000ae500000, 0x00000000ae600000|  0%| F|  |TAMS 0x00000000ae500000| PB 0x00000000ae500000| Untracked 
| 742|0x00000000ae600000, 0x00000000ae600000, 0x00000000ae700000|  0%| F|  |TAMS 0x00000000ae600000| PB 0x00000000ae600000| Untracked 
| 743|0x00000000ae700000, 0x00000000ae700000, 0x00000000ae800000|  0%| F|  |TAMS 0x00000000ae700000| PB 0x00000000ae700000| Untracked 
| 744|0x00000000ae800000, 0x00000000ae800000, 0x00000000ae900000|  0%| F|  |TAMS 0x00000000ae800000| PB 0x00000000ae800000| Untracked 
| 745|0x00000000ae900000, 0x00000000ae900000, 0x00000000aea00000|  0%| F|  |TAMS 0x00000000ae900000| PB 0x00000000ae900000| Untracked 
| 746|0x00000000aea00000, 0x00000000aea00000, 0x00000000aeb00000|  0%| F|  |TAMS 0x00000000aea00000| PB 0x00000000aea00000| Untracked 
| 747|0x00000000aeb00000, 0x00000000aeb00000, 0x00000000aec00000|  0%| F|  |TAMS 0x00000000aeb00000| PB 0x00000000aeb00000| Untracked 
| 748|0x00000000aec00000, 0x00000000aec00000, 0x00000000aed00000|  0%| F|  |TAMS 0x00000000aec00000| PB 0x00000000aec00000| Untracked 
| 749|0x00000000aed00000, 0x00000000aed00000, 0x00000000aee00000|  0%| F|  |TAMS 0x00000000aed00000| PB 0x00000000aed00000| Untracked 
| 750|0x00000000aee00000, 0x00000000aee00000, 0x00000000aef00000|  0%| F|  |TAMS 0x00000000aee00000| PB 0x00000000aee00000| Untracked 
| 751|0x00000000aef00000, 0x00000000aef00000, 0x00000000af000000|  0%| F|  |TAMS 0x00000000aef00000| PB 0x00000000aef00000| Untracked 
| 752|0x00000000af000000, 0x00000000af000000, 0x00000000af100000|  0%| F|  |TAMS 0x00000000af000000| PB 0x00000000af000000| Untracked 
| 753|0x00000000af100000, 0x00000000af100000, 0x00000000af200000|  0%| F|  |TAMS 0x00000000af100000| PB 0x00000000af100000| Untracked 
| 754|0x00000000af200000, 0x00000000af200000, 0x00000000af300000|  0%| F|  |TAMS 0x00000000af200000| PB 0x00000000af200000| Untracked 
| 755|0x00000000af300000, 0x00000000af300000, 0x00000000af400000|  0%| F|  |TAMS 0x00000000af300000| PB 0x00000000af300000| Untracked 
| 756|0x00000000af400000, 0x00000000af400000, 0x00000000af500000|  0%| F|  |TAMS 0x00000000af400000| PB 0x00000000af400000| Untracked 
| 757|0x00000000af500000, 0x00000000af500000, 0x00000000af600000|  0%| F|  |TAMS 0x00000000af500000| PB 0x00000000af500000| Untracked 
| 758|0x00000000af600000, 0x00000000af600000, 0x00000000af700000|  0%| F|  |TAMS 0x00000000af600000| PB 0x00000000af600000| Untracked 
| 759|0x00000000af700000, 0x00000000af700000, 0x00000000af800000|  0%| F|  |TAMS 0x00000000af700000| PB 0x00000000af700000| Untracked 
| 760|0x00000000af800000, 0x00000000af800000, 0x00000000af900000|  0%| F|  |TAMS 0x00000000af800000| PB 0x00000000af800000| Untracked 
| 761|0x00000000af900000, 0x00000000af900000, 0x00000000afa00000|  0%| F|  |TAMS 0x00000000af900000| PB 0x00000000af900000| Untracked 
| 762|0x00000000afa00000, 0x00000000afa00000, 0x00000000afb00000|  0%| F|  |TAMS 0x00000000afa00000| PB 0x00000000afa00000| Untracked 
| 763|0x00000000afb00000, 0x00000000afb00000, 0x00000000afc00000|  0%| F|  |TAMS 0x00000000afb00000| PB 0x00000000afb00000| Untracked 
| 764|0x00000000afc00000, 0x00000000afc00000, 0x00000000afd00000|  0%| F|  |TAMS 0x00000000afc00000| PB 0x00000000afc00000| Untracked 
| 765|0x00000000afd00000, 0x00000000afd00000, 0x00000000afe00000|  0%| F|  |TAMS 0x00000000afd00000| PB 0x00000000afd00000| Untracked 
| 766|0x00000000afe00000, 0x00000000afe00000, 0x00000000aff00000|  0%| F|  |TAMS 0x00000000afe00000| PB 0x00000000afe00000| Untracked 
| 767|0x00000000aff00000, 0x00000000aff00000, 0x00000000b0000000|  0%| F|  |TAMS 0x00000000aff00000| PB 0x00000000aff00000| Untracked 
| 768|0x00000000b0000000, 0x00000000b0000000, 0x00000000b0100000|  0%| F|  |TAMS 0x00000000b0000000| PB 0x00000000b0000000| Untracked 
| 769|0x00000000b0100000, 0x00000000b0100000, 0x00000000b0200000|  0%| F|  |TAMS 0x00000000b0100000| PB 0x00000000b0100000| Untracked 
| 770|0x00000000b0200000, 0x00000000b0200000, 0x00000000b0300000|  0%| F|  |TAMS 0x00000000b0200000| PB 0x00000000b0200000| Untracked 
| 771|0x00000000b0300000, 0x00000000b0300000, 0x00000000b0400000|  0%| F|  |TAMS 0x00000000b0300000| PB 0x00000000b0300000| Untracked 
| 772|0x00000000b0400000, 0x00000000b0400000, 0x00000000b0500000|  0%| F|  |TAMS 0x00000000b0400000| PB 0x00000000b0400000| Untracked 
| 773|0x00000000b0500000, 0x00000000b0500000, 0x00000000b0600000|  0%| F|  |TAMS 0x00000000b0500000| PB 0x00000000b0500000| Untracked 
| 774|0x00000000b0600000, 0x00000000b0600000, 0x00000000b0700000|  0%| F|  |TAMS 0x00000000b0600000| PB 0x00000000b0600000| Untracked 
| 775|0x00000000b0700000, 0x00000000b0700000, 0x00000000b0800000|  0%| F|  |TAMS 0x00000000b0700000| PB 0x00000000b0700000| Untracked 
| 776|0x00000000b0800000, 0x00000000b0800000, 0x00000000b0900000|  0%| F|  |TAMS 0x00000000b0800000| PB 0x00000000b0800000| Untracked 
| 777|0x00000000b0900000, 0x00000000b0900000, 0x00000000b0a00000|  0%| F|  |TAMS 0x00000000b0900000| PB 0x00000000b0900000| Untracked 
| 778|0x00000000b0a00000, 0x00000000b0a00000, 0x00000000b0b00000|  0%| F|  |TAMS 0x00000000b0a00000| PB 0x00000000b0a00000| Untracked 
| 779|0x00000000b0b00000, 0x00000000b0b00000, 0x00000000b0c00000|  0%| F|  |TAMS 0x00000000b0b00000| PB 0x00000000b0b00000| Untracked 
| 780|0x00000000b0c00000, 0x00000000b0c00000, 0x00000000b0d00000|  0%| F|  |TAMS 0x00000000b0c00000| PB 0x00000000b0c00000| Untracked 
| 781|0x00000000b0d00000, 0x00000000b0d00000, 0x00000000b0e00000|  0%| F|  |TAMS 0x00000000b0d00000| PB 0x00000000b0d00000| Untracked 
| 782|0x00000000b0e00000, 0x00000000b0e00000, 0x00000000b0f00000|  0%| F|  |TAMS 0x00000000b0e00000| PB 0x00000000b0e00000| Untracked 
| 783|0x00000000b0f00000, 0x00000000b0f00000, 0x00000000b1000000|  0%| F|  |TAMS 0x00000000b0f00000| PB 0x00000000b0f00000| Untracked 
| 784|0x00000000b1000000, 0x00000000b1000000, 0x00000000b1100000|  0%| F|  |TAMS 0x00000000b1000000| PB 0x00000000b1000000| Untracked 
| 785|0x00000000b1100000, 0x00000000b1100000, 0x00000000b1200000|  0%| F|  |TAMS 0x00000000b1100000| PB 0x00000000b1100000| Untracked 
| 786|0x00000000b1200000, 0x00000000b1200000, 0x00000000b1300000|  0%| F|  |TAMS 0x00000000b1200000| PB 0x00000000b1200000| Untracked 
| 787|0x00000000b1300000, 0x00000000b1300000, 0x00000000b1400000|  0%| F|  |TAMS 0x00000000b1300000| PB 0x00000000b1300000| Untracked 
| 788|0x00000000b1400000, 0x00000000b1400000, 0x00000000b1500000|  0%| F|  |TAMS 0x00000000b1400000| PB 0x00000000b1400000| Untracked 
| 789|0x00000000b1500000, 0x00000000b1500000, 0x00000000b1600000|  0%| F|  |TAMS 0x00000000b1500000| PB 0x00000000b1500000| Untracked 
| 790|0x00000000b1600000, 0x00000000b1600000, 0x00000000b1700000|  0%| F|  |TAMS 0x00000000b1600000| PB 0x00000000b1600000| Untracked 
| 791|0x00000000b1700000, 0x00000000b1700000, 0x00000000b1800000|  0%| F|  |TAMS 0x00000000b1700000| PB 0x00000000b1700000| Untracked 
| 792|0x00000000b1800000, 0x00000000b1800000, 0x00000000b1900000|  0%| F|  |TAMS 0x00000000b1800000| PB 0x00000000b1800000| Untracked 
| 793|0x00000000b1900000, 0x00000000b1900000, 0x00000000b1a00000|  0%| F|  |TAMS 0x00000000b1900000| PB 0x00000000b1900000| Untracked 
| 794|0x00000000b1a00000, 0x00000000b1a00000, 0x00000000b1b00000|  0%| F|  |TAMS 0x00000000b1a00000| PB 0x00000000b1a00000| Untracked 
| 795|0x00000000b1b00000, 0x00000000b1b00000, 0x00000000b1c00000|  0%| F|  |TAMS 0x00000000b1b00000| PB 0x00000000b1b00000| Untracked 
| 796|0x00000000b1c00000, 0x00000000b1c00000, 0x00000000b1d00000|  0%| F|  |TAMS 0x00000000b1c00000| PB 0x00000000b1c00000| Untracked 
| 797|0x00000000b1d00000, 0x00000000b1d00000, 0x00000000b1e00000|  0%| F|  |TAMS 0x00000000b1d00000| PB 0x00000000b1d00000| Untracked 
| 798|0x00000000b1e00000, 0x00000000b1e00000, 0x00000000b1f00000|  0%| F|  |TAMS 0x00000000b1e00000| PB 0x00000000b1e00000| Untracked 
| 799|0x00000000b1f00000, 0x00000000b1f00000, 0x00000000b2000000|  0%| F|  |TAMS 0x00000000b1f00000| PB 0x00000000b1f00000| Untracked 
| 800|0x00000000b2000000, 0x00000000b2000000, 0x00000000b2100000|  0%| F|  |TAMS 0x00000000b2000000| PB 0x00000000b2000000| Untracked 
| 801|0x00000000b2100000, 0x00000000b2100000, 0x00000000b2200000|  0%| F|  |TAMS 0x00000000b2100000| PB 0x00000000b2100000| Untracked 
| 802|0x00000000b2200000, 0x00000000b2200000, 0x00000000b2300000|  0%| F|  |TAMS 0x00000000b2200000| PB 0x00000000b2200000| Untracked 
| 803|0x00000000b2300000, 0x00000000b2300000, 0x00000000b2400000|  0%| F|  |TAMS 0x00000000b2300000| PB 0x00000000b2300000| Untracked 
| 804|0x00000000b2400000, 0x00000000b2400000, 0x00000000b2500000|  0%| F|  |TAMS 0x00000000b2400000| PB 0x00000000b2400000| Untracked 
| 805|0x00000000b2500000, 0x00000000b2500000, 0x00000000b2600000|  0%| F|  |TAMS 0x00000000b2500000| PB 0x00000000b2500000| Untracked 
| 806|0x00000000b2600000, 0x00000000b2600000, 0x00000000b2700000|  0%| F|  |TAMS 0x00000000b2600000| PB 0x00000000b2600000| Untracked 
| 807|0x00000000b2700000, 0x00000000b2700000, 0x00000000b2800000|  0%| F|  |TAMS 0x00000000b2700000| PB 0x00000000b2700000| Untracked 
| 808|0x00000000b2800000, 0x00000000b2800000, 0x00000000b2900000|  0%| F|  |TAMS 0x00000000b2800000| PB 0x00000000b2800000| Untracked 
| 809|0x00000000b2900000, 0x00000000b2900000, 0x00000000b2a00000|  0%| F|  |TAMS 0x00000000b2900000| PB 0x00000000b2900000| Untracked 
| 810|0x00000000b2a00000, 0x00000000b2a00000, 0x00000000b2b00000|  0%| F|  |TAMS 0x00000000b2a00000| PB 0x00000000b2a00000| Untracked 
| 811|0x00000000b2b00000, 0x00000000b2b00000, 0x00000000b2c00000|  0%| F|  |TAMS 0x00000000b2b00000| PB 0x00000000b2b00000| Untracked 
| 812|0x00000000b2c00000, 0x00000000b2c00000, 0x00000000b2d00000|  0%| F|  |TAMS 0x00000000b2c00000| PB 0x00000000b2c00000| Untracked 
| 813|0x00000000b2d00000, 0x00000000b2d00000, 0x00000000b2e00000|  0%| F|  |TAMS 0x00000000b2d00000| PB 0x00000000b2d00000| Untracked 
| 814|0x00000000b2e00000, 0x00000000b2e00000, 0x00000000b2f00000|  0%| F|  |TAMS 0x00000000b2e00000| PB 0x00000000b2e00000| Untracked 
| 815|0x00000000b2f00000, 0x00000000b2f00000, 0x00000000b3000000|  0%| F|  |TAMS 0x00000000b2f00000| PB 0x00000000b2f00000| Untracked 
| 816|0x00000000b3000000, 0x00000000b3000000, 0x00000000b3100000|  0%| F|  |TAMS 0x00000000b3000000| PB 0x00000000b3000000| Untracked 
| 817|0x00000000b3100000, 0x00000000b3100000, 0x00000000b3200000|  0%| F|  |TAMS 0x00000000b3100000| PB 0x00000000b3100000| Untracked 
| 818|0x00000000b3200000, 0x00000000b3200000, 0x00000000b3300000|  0%| F|  |TAMS 0x00000000b3200000| PB 0x00000000b3200000| Untracked 
| 819|0x00000000b3300000, 0x00000000b3300000, 0x00000000b3400000|  0%| F|  |TAMS 0x00000000b3300000| PB 0x00000000b3300000| Untracked 
| 820|0x00000000b3400000, 0x00000000b3400000, 0x00000000b3500000|  0%| F|  |TAMS 0x00000000b3400000| PB 0x00000000b3400000| Untracked 
| 821|0x00000000b3500000, 0x00000000b3500000, 0x00000000b3600000|  0%| F|  |TAMS 0x00000000b3500000| PB 0x00000000b3500000| Untracked 
| 822|0x00000000b3600000, 0x00000000b3600000, 0x00000000b3700000|  0%| F|  |TAMS 0x00000000b3600000| PB 0x00000000b3600000| Untracked 
| 823|0x00000000b3700000, 0x00000000b3700000, 0x00000000b3800000|  0%| F|  |TAMS 0x00000000b3700000| PB 0x00000000b3700000| Untracked 
| 824|0x00000000b3800000, 0x00000000b3800000, 0x00000000b3900000|  0%| F|  |TAMS 0x00000000b3800000| PB 0x00000000b3800000| Untracked 
| 825|0x00000000b3900000, 0x00000000b3900000, 0x00000000b3a00000|  0%| F|  |TAMS 0x00000000b3900000| PB 0x00000000b3900000| Untracked 
| 826|0x00000000b3a00000, 0x00000000b3a00000, 0x00000000b3b00000|  0%| F|  |TAMS 0x00000000b3a00000| PB 0x00000000b3a00000| Untracked 
| 827|0x00000000b3b00000, 0x00000000b3b00000, 0x00000000b3c00000|  0%| F|  |TAMS 0x00000000b3b00000| PB 0x00000000b3b00000| Untracked 
| 828|0x00000000b3c00000, 0x00000000b3c00000, 0x00000000b3d00000|  0%| F|  |TAMS 0x00000000b3c00000| PB 0x00000000b3c00000| Untracked 
| 829|0x00000000b3d00000, 0x00000000b3d00000, 0x00000000b3e00000|  0%| F|  |TAMS 0x00000000b3d00000| PB 0x00000000b3d00000| Untracked 
| 830|0x00000000b3e00000, 0x00000000b3e00000, 0x00000000b3f00000|  0%| F|  |TAMS 0x00000000b3e00000| PB 0x00000000b3e00000| Untracked 
| 831|0x00000000b3f00000, 0x00000000b3f00000, 0x00000000b4000000|  0%| F|  |TAMS 0x00000000b3f00000| PB 0x00000000b3f00000| Untracked 
| 832|0x00000000b4000000, 0x00000000b4000000, 0x00000000b4100000|  0%| F|  |TAMS 0x00000000b4000000| PB 0x00000000b4000000| Untracked 
| 833|0x00000000b4100000, 0x00000000b4100000, 0x00000000b4200000|  0%| F|  |TAMS 0x00000000b4100000| PB 0x00000000b4100000| Untracked 
| 834|0x00000000b4200000, 0x00000000b4200000, 0x00000000b4300000|  0%| F|  |TAMS 0x00000000b4200000| PB 0x00000000b4200000| Untracked 
| 835|0x00000000b4300000, 0x00000000b4300000, 0x00000000b4400000|  0%| F|  |TAMS 0x00000000b4300000| PB 0x00000000b4300000| Untracked 
| 836|0x00000000b4400000, 0x00000000b4400000, 0x00000000b4500000|  0%| F|  |TAMS 0x00000000b4400000| PB 0x00000000b4400000| Untracked 
| 837|0x00000000b4500000, 0x00000000b4500000, 0x00000000b4600000|  0%| F|  |TAMS 0x00000000b4500000| PB 0x00000000b4500000| Untracked 
| 838|0x00000000b4600000, 0x00000000b4600000, 0x00000000b4700000|  0%| F|  |TAMS 0x00000000b4600000| PB 0x00000000b4600000| Untracked 
| 839|0x00000000b4700000, 0x00000000b4700000, 0x00000000b4800000|  0%| F|  |TAMS 0x00000000b4700000| PB 0x00000000b4700000| Untracked 
| 840|0x00000000b4800000, 0x00000000b4800000, 0x00000000b4900000|  0%| F|  |TAMS 0x00000000b4800000| PB 0x00000000b4800000| Untracked 
| 841|0x00000000b4900000, 0x00000000b4900000, 0x00000000b4a00000|  0%| F|  |TAMS 0x00000000b4900000| PB 0x00000000b4900000| Untracked 
| 842|0x00000000b4a00000, 0x00000000b4a00000, 0x00000000b4b00000|  0%| F|  |TAMS 0x00000000b4a00000| PB 0x00000000b4a00000| Untracked 
| 843|0x00000000b4b00000, 0x00000000b4b00000, 0x00000000b4c00000|  0%| F|  |TAMS 0x00000000b4b00000| PB 0x00000000b4b00000| Untracked 
| 844|0x00000000b4c00000, 0x00000000b4c00000, 0x00000000b4d00000|  0%| F|  |TAMS 0x00000000b4c00000| PB 0x00000000b4c00000| Untracked 
| 845|0x00000000b4d00000, 0x00000000b4d00000, 0x00000000b4e00000|  0%| F|  |TAMS 0x00000000b4d00000| PB 0x00000000b4d00000| Untracked 
| 846|0x00000000b4e00000, 0x00000000b4e00000, 0x00000000b4f00000|  0%| F|  |TAMS 0x00000000b4e00000| PB 0x00000000b4e00000| Untracked 
| 847|0x00000000b4f00000, 0x00000000b4f00000, 0x00000000b5000000|  0%| F|  |TAMS 0x00000000b4f00000| PB 0x00000000b4f00000| Untracked 
| 848|0x00000000b5000000, 0x00000000b5000000, 0x00000000b5100000|  0%| F|  |TAMS 0x00000000b5000000| PB 0x00000000b5000000| Untracked 
| 849|0x00000000b5100000, 0x00000000b5100000, 0x00000000b5200000|  0%| F|  |TAMS 0x00000000b5100000| PB 0x00000000b5100000| Untracked 
| 850|0x00000000b5200000, 0x00000000b5200000, 0x00000000b5300000|  0%| F|  |TAMS 0x00000000b5200000| PB 0x00000000b5200000| Untracked 
| 851|0x00000000b5300000, 0x00000000b5300000, 0x00000000b5400000|  0%| F|  |TAMS 0x00000000b5300000| PB 0x00000000b5300000| Untracked 
| 852|0x00000000b5400000, 0x00000000b5400000, 0x00000000b5500000|  0%| F|  |TAMS 0x00000000b5400000| PB 0x00000000b5400000| Untracked 
| 853|0x00000000b5500000, 0x00000000b5500000, 0x00000000b5600000|  0%| F|  |TAMS 0x00000000b5500000| PB 0x00000000b5500000| Untracked 
| 854|0x00000000b5600000, 0x00000000b5600000, 0x00000000b5700000|  0%| F|  |TAMS 0x00000000b5600000| PB 0x00000000b5600000| Untracked 
| 855|0x00000000b5700000, 0x00000000b5700000, 0x00000000b5800000|  0%| F|  |TAMS 0x00000000b5700000| PB 0x00000000b5700000| Untracked 
| 856|0x00000000b5800000, 0x00000000b5800000, 0x00000000b5900000|  0%| F|  |TAMS 0x00000000b5800000| PB 0x00000000b5800000| Untracked 
| 857|0x00000000b5900000, 0x00000000b5900000, 0x00000000b5a00000|  0%| F|  |TAMS 0x00000000b5900000| PB 0x00000000b5900000| Untracked 
| 858|0x00000000b5a00000, 0x00000000b5a00000, 0x00000000b5b00000|  0%| F|  |TAMS 0x00000000b5a00000| PB 0x00000000b5a00000| Untracked 
| 859|0x00000000b5b00000, 0x00000000b5b00000, 0x00000000b5c00000|  0%| F|  |TAMS 0x00000000b5b00000| PB 0x00000000b5b00000| Untracked 
| 860|0x00000000b5c00000, 0x00000000b5c00000, 0x00000000b5d00000|  0%| F|  |TAMS 0x00000000b5c00000| PB 0x00000000b5c00000| Untracked 
| 861|0x00000000b5d00000, 0x00000000b5d00000, 0x00000000b5e00000|  0%| F|  |TAMS 0x00000000b5d00000| PB 0x00000000b5d00000| Untracked 
| 862|0x00000000b5e00000, 0x00000000b5e00000, 0x00000000b5f00000|  0%| F|  |TAMS 0x00000000b5e00000| PB 0x00000000b5e00000| Untracked 
| 863|0x00000000b5f00000, 0x00000000b5f00000, 0x00000000b6000000|  0%| F|  |TAMS 0x00000000b5f00000| PB 0x00000000b5f00000| Untracked 
| 864|0x00000000b6000000, 0x00000000b6000000, 0x00000000b6100000|  0%| F|  |TAMS 0x00000000b6000000| PB 0x00000000b6000000| Untracked 
| 865|0x00000000b6100000, 0x00000000b6100000, 0x00000000b6200000|  0%| F|  |TAMS 0x00000000b6100000| PB 0x00000000b6100000| Untracked 
| 866|0x00000000b6200000, 0x00000000b6200000, 0x00000000b6300000|  0%| F|  |TAMS 0x00000000b6200000| PB 0x00000000b6200000| Untracked 
| 867|0x00000000b6300000, 0x00000000b6300000, 0x00000000b6400000|  0%| F|  |TAMS 0x00000000b6300000| PB 0x00000000b6300000| Untracked 
| 868|0x00000000b6400000, 0x00000000b6400000, 0x00000000b6500000|  0%| F|  |TAMS 0x00000000b6400000| PB 0x00000000b6400000| Untracked 
| 869|0x00000000b6500000, 0x00000000b6500000, 0x00000000b6600000|  0%| F|  |TAMS 0x00000000b6500000| PB 0x00000000b6500000| Untracked 
| 870|0x00000000b6600000, 0x00000000b6600000, 0x00000000b6700000|  0%| F|  |TAMS 0x00000000b6600000| PB 0x00000000b6600000| Untracked 
| 871|0x00000000b6700000, 0x00000000b6700000, 0x00000000b6800000|  0%| F|  |TAMS 0x00000000b6700000| PB 0x00000000b6700000| Untracked 
| 872|0x00000000b6800000, 0x00000000b6800000, 0x00000000b6900000|  0%| F|  |TAMS 0x00000000b6800000| PB 0x00000000b6800000| Untracked 
| 873|0x00000000b6900000, 0x00000000b6900000, 0x00000000b6a00000|  0%| F|  |TAMS 0x00000000b6900000| PB 0x00000000b6900000| Untracked 
| 874|0x00000000b6a00000, 0x00000000b6a00000, 0x00000000b6b00000|  0%| F|  |TAMS 0x00000000b6a00000| PB 0x00000000b6a00000| Untracked 
| 875|0x00000000b6b00000, 0x00000000b6b00000, 0x00000000b6c00000|  0%| F|  |TAMS 0x00000000b6b00000| PB 0x00000000b6b00000| Untracked 
| 876|0x00000000b6c00000, 0x00000000b6c00000, 0x00000000b6d00000|  0%| F|  |TAMS 0x00000000b6c00000| PB 0x00000000b6c00000| Untracked 
| 877|0x00000000b6d00000, 0x00000000b6d00000, 0x00000000b6e00000|  0%| F|  |TAMS 0x00000000b6d00000| PB 0x00000000b6d00000| Untracked 
| 878|0x00000000b6e00000, 0x00000000b6e00000, 0x00000000b6f00000|  0%| F|  |TAMS 0x00000000b6e00000| PB 0x00000000b6e00000| Untracked 
| 879|0x00000000b6f00000, 0x00000000b6f00000, 0x00000000b7000000|  0%| F|  |TAMS 0x00000000b6f00000| PB 0x00000000b6f00000| Untracked 
| 880|0x00000000b7000000, 0x00000000b7000000, 0x00000000b7100000|  0%| F|  |TAMS 0x00000000b7000000| PB 0x00000000b7000000| Untracked 
| 881|0x00000000b7100000, 0x00000000b7100000, 0x00000000b7200000|  0%| F|  |TAMS 0x00000000b7100000| PB 0x00000000b7100000| Untracked 
| 882|0x00000000b7200000, 0x00000000b7200000, 0x00000000b7300000|  0%| F|  |TAMS 0x00000000b7200000| PB 0x00000000b7200000| Untracked 
| 883|0x00000000b7300000, 0x00000000b7300000, 0x00000000b7400000|  0%| F|  |TAMS 0x00000000b7300000| PB 0x00000000b7300000| Untracked 
| 884|0x00000000b7400000, 0x00000000b7400000, 0x00000000b7500000|  0%| F|  |TAMS 0x00000000b7400000| PB 0x00000000b7400000| Untracked 
| 885|0x00000000b7500000, 0x00000000b7500000, 0x00000000b7600000|  0%| F|  |TAMS 0x00000000b7500000| PB 0x00000000b7500000| Untracked 
| 886|0x00000000b7600000, 0x00000000b7600000, 0x00000000b7700000|  0%| F|  |TAMS 0x00000000b7600000| PB 0x00000000b7600000| Untracked 
| 887|0x00000000b7700000, 0x00000000b7700000, 0x00000000b7800000|  0%| F|  |TAMS 0x00000000b7700000| PB 0x00000000b7700000| Untracked 
| 888|0x00000000b7800000, 0x00000000b7800000, 0x00000000b7900000|  0%| F|  |TAMS 0x00000000b7800000| PB 0x00000000b7800000| Untracked 
| 889|0x00000000b7900000, 0x00000000b7900000, 0x00000000b7a00000|  0%| F|  |TAMS 0x00000000b7900000| PB 0x00000000b7900000| Untracked 
| 890|0x00000000b7a00000, 0x00000000b7a00000, 0x00000000b7b00000|  0%| F|  |TAMS 0x00000000b7a00000| PB 0x00000000b7a00000| Untracked 
| 891|0x00000000b7b00000, 0x00000000b7b00000, 0x00000000b7c00000|  0%| F|  |TAMS 0x00000000b7b00000| PB 0x00000000b7b00000| Untracked 
| 892|0x00000000b7c00000, 0x00000000b7c00000, 0x00000000b7d00000|  0%| F|  |TAMS 0x00000000b7c00000| PB 0x00000000b7c00000| Untracked 
| 893|0x00000000b7d00000, 0x00000000b7d00000, 0x00000000b7e00000|  0%| F|  |TAMS 0x00000000b7d00000| PB 0x00000000b7d00000| Untracked 
| 894|0x00000000b7e00000, 0x00000000b7e00000, 0x00000000b7f00000|  0%| F|  |TAMS 0x00000000b7e00000| PB 0x00000000b7e00000| Untracked 
| 895|0x00000000b7f00000, 0x00000000b7f00000, 0x00000000b8000000|  0%| F|  |TAMS 0x00000000b7f00000| PB 0x00000000b7f00000| Untracked 
| 896|0x00000000b8000000, 0x00000000b8000000, 0x00000000b8100000|  0%| F|  |TAMS 0x00000000b8000000| PB 0x00000000b8000000| Untracked 
| 897|0x00000000b8100000, 0x00000000b8100000, 0x00000000b8200000|  0%| F|  |TAMS 0x00000000b8100000| PB 0x00000000b8100000| Untracked 
| 898|0x00000000b8200000, 0x00000000b8200000, 0x00000000b8300000|  0%| F|  |TAMS 0x00000000b8200000| PB 0x00000000b8200000| Untracked 
| 899|0x00000000b8300000, 0x00000000b8300000, 0x00000000b8400000|  0%| F|  |TAMS 0x00000000b8300000| PB 0x00000000b8300000| Untracked 
| 900|0x00000000b8400000, 0x00000000b8400000, 0x00000000b8500000|  0%| F|  |TAMS 0x00000000b8400000| PB 0x00000000b8400000| Untracked 
| 901|0x00000000b8500000, 0x00000000b8500000, 0x00000000b8600000|  0%| F|  |TAMS 0x00000000b8500000| PB 0x00000000b8500000| Untracked 
| 902|0x00000000b8600000, 0x00000000b86e0118, 0x00000000b8700000| 87%| S|CS|TAMS 0x00000000b8600000| PB 0x00000000b8600000| Complete 
| 903|0x00000000b8700000, 0x00000000b8800000, 0x00000000b8800000|100%| S|CS|TAMS 0x00000000b8700000| PB 0x00000000b8700000| Complete 
| 904|0x00000000b8800000, 0x00000000b8900000, 0x00000000b8900000|100%| S|CS|TAMS 0x00000000b8800000| PB 0x00000000b8800000| Complete 
| 905|0x00000000b8900000, 0x00000000b8a00000, 0x00000000b8a00000|100%| S|CS|TAMS 0x00000000b8900000| PB 0x00000000b8900000| Complete 
| 906|0x00000000b8a00000, 0x00000000b8b00000, 0x00000000b8b00000|100%| S|CS|TAMS 0x00000000b8a00000| PB 0x00000000b8a00000| Complete 
| 907|0x00000000b8b00000, 0x00000000b8c00000, 0x00000000b8c00000|100%| S|CS|TAMS 0x00000000b8b00000| PB 0x00000000b8b00000| Complete 
| 908|0x00000000b8c00000, 0x00000000b8d00000, 0x00000000b8d00000|100%| S|CS|TAMS 0x00000000b8c00000| PB 0x00000000b8c00000| Complete 
| 909|0x00000000b8d00000, 0x00000000b8e00000, 0x00000000b8e00000|100%| S|CS|TAMS 0x00000000b8d00000| PB 0x00000000b8d00000| Complete 
| 910|0x00000000b8e00000, 0x00000000b8f00000, 0x00000000b8f00000|100%| S|CS|TAMS 0x00000000b8e00000| PB 0x00000000b8e00000| Complete 
| 911|0x00000000b8f00000, 0x00000000b9000000, 0x00000000b9000000|100%| S|CS|TAMS 0x00000000b8f00000| PB 0x00000000b8f00000| Complete 
|1965|0x00000000fad00000, 0x00000000fae00000, 0x00000000fae00000|100%| S|CS|TAMS 0x00000000fad00000| PB 0x00000000fad00000| Complete 
|1966|0x00000000fae00000, 0x00000000faf00000, 0x00000000faf00000|100%| S|CS|TAMS 0x00000000fae00000| PB 0x00000000fae00000| Complete 
|1967|0x00000000faf00000, 0x00000000fb000000, 0x00000000fb000000|100%| S|CS|TAMS 0x00000000faf00000| PB 0x00000000faf00000| Complete 
|1968|0x00000000fb000000, 0x00000000fb100000, 0x00000000fb100000|100%| S|CS|TAMS 0x00000000fb000000| PB 0x00000000fb000000| Complete 
|1969|0x00000000fb100000, 0x00000000fb200000, 0x00000000fb200000|100%| S|CS|TAMS 0x00000000fb100000| PB 0x00000000fb100000| Complete 
|1970|0x00000000fb200000, 0x00000000fb300000, 0x00000000fb300000|100%| S|CS|TAMS 0x00000000fb200000| PB 0x00000000fb200000| Complete 
|1971|0x00000000fb300000, 0x00000000fb300000, 0x00000000fb400000|  0%| F|  |TAMS 0x00000000fb300000| PB 0x00000000fb300000| Untracked 
|1972|0x00000000fb400000, 0x00000000fb46f170, 0x00000000fb500000| 43%| E|  |TAMS 0x00000000fb400000| PB 0x00000000fb400000| Complete 
|1973|0x00000000fb500000, 0x00000000fb600000, 0x00000000fb600000|100%| E|CS|TAMS 0x00000000fb500000| PB 0x00000000fb500000| Complete 
|1974|0x00000000fb600000, 0x00000000fb700000, 0x00000000fb700000|100%| E|CS|TAMS 0x00000000fb600000| PB 0x00000000fb600000| Complete 
|1975|0x00000000fb700000, 0x00000000fb800000, 0x00000000fb800000|100%| E|  |TAMS 0x00000000fb700000| PB 0x00000000fb700000| Complete 
|1976|0x00000000fb800000, 0x00000000fb900000, 0x00000000fb900000|100%| E|CS|TAMS 0x00000000fb800000| PB 0x00000000fb800000| Complete 
|1977|0x00000000fb900000, 0x00000000fba00000, 0x00000000fba00000|100%| E|CS|TAMS 0x00000000fb900000| PB 0x00000000fb900000| Complete 
|1978|0x00000000fba00000, 0x00000000fbb00000, 0x00000000fbb00000|100%| E|CS|TAMS 0x00000000fba00000| PB 0x00000000fba00000| Complete 
|1979|0x00000000fbb00000, 0x00000000fbc00000, 0x00000000fbc00000|100%| E|CS|TAMS 0x00000000fbb00000| PB 0x00000000fbb00000| Complete 
|1980|0x00000000fbc00000, 0x00000000fbd00000, 0x00000000fbd00000|100%| E|CS|TAMS 0x00000000fbc00000| PB 0x00000000fbc00000| Complete 
|1981|0x00000000fbd00000, 0x00000000fbe00000, 0x00000000fbe00000|100%| E|CS|TAMS 0x00000000fbd00000| PB 0x00000000fbd00000| Complete 
|1982|0x00000000fbe00000, 0x00000000fbf00000, 0x00000000fbf00000|100%| E|CS|TAMS 0x00000000fbe00000| PB 0x00000000fbe00000| Complete 
|1983|0x00000000fbf00000, 0x00000000fc000000, 0x00000000fc000000|100%| E|CS|TAMS 0x00000000fbf00000| PB 0x00000000fbf00000| Complete 
|1984|0x00000000fc000000, 0x00000000fc100000, 0x00000000fc100000|100%| E|CS|TAMS 0x00000000fc000000| PB 0x00000000fc000000| Complete 
|1985|0x00000000fc100000, 0x00000000fc200000, 0x00000000fc200000|100%| E|CS|TAMS 0x00000000fc100000| PB 0x00000000fc100000| Complete 
|1986|0x00000000fc200000, 0x00000000fc300000, 0x00000000fc300000|100%| E|CS|TAMS 0x00000000fc200000| PB 0x00000000fc200000| Complete 
|1987|0x00000000fc300000, 0x00000000fc400000, 0x00000000fc400000|100%| E|CS|TAMS 0x00000000fc300000| PB 0x00000000fc300000| Complete 
|1988|0x00000000fc400000, 0x00000000fc500000, 0x00000000fc500000|100%| E|CS|TAMS 0x00000000fc400000| PB 0x00000000fc400000| Complete 
|1989|0x00000000fc500000, 0x00000000fc600000, 0x00000000fc600000|100%| E|CS|TAMS 0x00000000fc500000| PB 0x00000000fc500000| Complete 
|1990|0x00000000fc600000, 0x00000000fc700000, 0x00000000fc700000|100%| E|CS|TAMS 0x00000000fc600000| PB 0x00000000fc600000| Complete 
|1991|0x00000000fc700000, 0x00000000fc800000, 0x00000000fc800000|100%| E|CS|TAMS 0x00000000fc700000| PB 0x00000000fc700000| Complete 
|1992|0x00000000fc800000, 0x00000000fc900000, 0x00000000fc900000|100%| E|CS|TAMS 0x00000000fc800000| PB 0x00000000fc800000| Complete 
|1993|0x00000000fc900000, 0x00000000fca00000, 0x00000000fca00000|100%| E|CS|TAMS 0x00000000fc900000| PB 0x00000000fc900000| Complete 
|1994|0x00000000fca00000, 0x00000000fcb00000, 0x00000000fcb00000|100%| E|CS|TAMS 0x00000000fca00000| PB 0x00000000fca00000| Complete 
|1995|0x00000000fcb00000, 0x00000000fcc00000, 0x00000000fcc00000|100%| E|CS|TAMS 0x00000000fcb00000| PB 0x00000000fcb00000| Complete 
|1996|0x00000000fcc00000, 0x00000000fcd00000, 0x00000000fcd00000|100%| E|CS|TAMS 0x00000000fcc00000| PB 0x00000000fcc00000| Complete 
|1997|0x00000000fcd00000, 0x00000000fce00000, 0x00000000fce00000|100%| E|CS|TAMS 0x00000000fcd00000| PB 0x00000000fcd00000| Complete 
|1998|0x00000000fce00000, 0x00000000fcf00000, 0x00000000fcf00000|100%| E|CS|TAMS 0x00000000fce00000| PB 0x00000000fce00000| Complete 
|1999|0x00000000fcf00000, 0x00000000fd000000, 0x00000000fd000000|100%| E|CS|TAMS 0x00000000fcf00000| PB 0x00000000fcf00000| Complete 
|2000|0x00000000fd000000, 0x00000000fd100000, 0x00000000fd100000|100%| E|CS|TAMS 0x00000000fd000000| PB 0x00000000fd000000| Complete 
|2001|0x00000000fd100000, 0x00000000fd200000, 0x00000000fd200000|100%| E|CS|TAMS 0x00000000fd100000| PB 0x00000000fd100000| Complete 
|2002|0x00000000fd200000, 0x00000000fd300000, 0x00000000fd300000|100%| E|CS|TAMS 0x00000000fd200000| PB 0x00000000fd200000| Complete 
|2003|0x00000000fd300000, 0x00000000fd400000, 0x00000000fd400000|100%| E|CS|TAMS 0x00000000fd300000| PB 0x00000000fd300000| Complete 
|2004|0x00000000fd400000, 0x00000000fd500000, 0x00000000fd500000|100%| E|CS|TAMS 0x00000000fd400000| PB 0x00000000fd400000| Complete 
|2005|0x00000000fd500000, 0x00000000fd600000, 0x00000000fd600000|100%| E|CS|TAMS 0x00000000fd500000| PB 0x00000000fd500000| Complete 
|2006|0x00000000fd600000, 0x00000000fd700000, 0x00000000fd700000|100%| E|CS|TAMS 0x00000000fd600000| PB 0x00000000fd600000| Complete 
|2007|0x00000000fd700000, 0x00000000fd800000, 0x00000000fd800000|100%| E|CS|TAMS 0x00000000fd700000| PB 0x00000000fd700000| Complete 
|2008|0x00000000fd800000, 0x00000000fd900000, 0x00000000fd900000|100%| E|CS|TAMS 0x00000000fd800000| PB 0x00000000fd800000| Complete 
|2009|0x00000000fd900000, 0x00000000fda00000, 0x00000000fda00000|100%| E|CS|TAMS 0x00000000fd900000| PB 0x00000000fd900000| Complete 
|2010|0x00000000fda00000, 0x00000000fdb00000, 0x00000000fdb00000|100%| E|CS|TAMS 0x00000000fda00000| PB 0x00000000fda00000| Complete 
|2011|0x00000000fdb00000, 0x00000000fdc00000, 0x00000000fdc00000|100%| E|CS|TAMS 0x00000000fdb00000| PB 0x00000000fdb00000| Complete 
|2012|0x00000000fdc00000, 0x00000000fdd00000, 0x00000000fdd00000|100%| E|CS|TAMS 0x00000000fdc00000| PB 0x00000000fdc00000| Complete 
|2013|0x00000000fdd00000, 0x00000000fde00000, 0x00000000fde00000|100%| E|CS|TAMS 0x00000000fdd00000| PB 0x00000000fdd00000| Complete 
|2014|0x00000000fde00000, 0x00000000fdf00000, 0x00000000fdf00000|100%| E|CS|TAMS 0x00000000fde00000| PB 0x00000000fde00000| Complete 
|2015|0x00000000fdf00000, 0x00000000fe000000, 0x00000000fe000000|100%| E|CS|TAMS 0x00000000fdf00000| PB 0x00000000fdf00000| Complete 
|2016|0x00000000fe000000, 0x00000000fe100000, 0x00000000fe100000|100%| E|CS|TAMS 0x00000000fe000000| PB 0x00000000fe000000| Complete 
|2017|0x00000000fe100000, 0x00000000fe200000, 0x00000000fe200000|100%| E|CS|TAMS 0x00000000fe100000| PB 0x00000000fe100000| Complete 
|2018|0x00000000fe200000, 0x00000000fe300000, 0x00000000fe300000|100%| E|CS|TAMS 0x00000000fe200000| PB 0x00000000fe200000| Complete 
|2019|0x00000000fe300000, 0x00000000fe400000, 0x00000000fe400000|100%| E|CS|TAMS 0x00000000fe300000| PB 0x00000000fe300000| Complete 
|2020|0x00000000fe400000, 0x00000000fe500000, 0x00000000fe500000|100%| E|CS|TAMS 0x00000000fe400000| PB 0x00000000fe400000| Complete 
|2021|0x00000000fe500000, 0x00000000fe600000, 0x00000000fe600000|100%| E|CS|TAMS 0x00000000fe500000| PB 0x00000000fe500000| Complete 
|2022|0x00000000fe600000, 0x00000000fe700000, 0x00000000fe700000|100%| E|CS|TAMS 0x00000000fe600000| PB 0x00000000fe600000| Complete 
|2023|0x00000000fe700000, 0x00000000fe800000, 0x00000000fe800000|100%| E|CS|TAMS 0x00000000fe700000| PB 0x00000000fe700000| Complete 
|2024|0x00000000fe800000, 0x00000000fe900000, 0x00000000fe900000|100%| E|CS|TAMS 0x00000000fe800000| PB 0x00000000fe800000| Complete 
|2025|0x00000000fe900000, 0x00000000fea00000, 0x00000000fea00000|100%| E|CS|TAMS 0x00000000fe900000| PB 0x00000000fe900000| Complete 
|2026|0x00000000fea00000, 0x00000000feb00000, 0x00000000feb00000|100%| E|CS|TAMS 0x00000000fea00000| PB 0x00000000fea00000| Complete 
|2027|0x00000000feb00000, 0x00000000fec00000, 0x00000000fec00000|100%| E|CS|TAMS 0x00000000feb00000| PB 0x00000000feb00000| Complete 
|2028|0x00000000fec00000, 0x00000000fed00000, 0x00000000fed00000|100%| E|CS|TAMS 0x00000000fec00000| PB 0x00000000fec00000| Complete 
|2029|0x00000000fed00000, 0x00000000fee00000, 0x00000000fee00000|100%| E|CS|TAMS 0x00000000fed00000| PB 0x00000000fed00000| Complete 
|2030|0x00000000fee00000, 0x00000000fef00000, 0x00000000fef00000|100%| E|CS|TAMS 0x00000000fee00000| PB 0x00000000fee00000| Complete 
|2031|0x00000000fef00000, 0x00000000ff000000, 0x00000000ff000000|100%| E|CS|TAMS 0x00000000fef00000| PB 0x00000000fef00000| Complete 
|2032|0x00000000ff000000, 0x00000000ff100000, 0x00000000ff100000|100%| E|CS|TAMS 0x00000000ff000000| PB 0x00000000ff000000| Complete 
|2033|0x00000000ff100000, 0x00000000ff200000, 0x00000000ff200000|100%| E|CS|TAMS 0x00000000ff100000| PB 0x00000000ff100000| Complete 
|2034|0x00000000ff200000, 0x00000000ff300000, 0x00000000ff300000|100%| E|CS|TAMS 0x00000000ff200000| PB 0x00000000ff200000| Complete 
|2035|0x00000000ff300000, 0x00000000ff400000, 0x00000000ff400000|100%| E|CS|TAMS 0x00000000ff300000| PB 0x00000000ff300000| Complete 
|2036|0x00000000ff400000, 0x00000000ff500000, 0x00000000ff500000|100%| E|CS|TAMS 0x00000000ff400000| PB 0x00000000ff400000| Complete 
|2037|0x00000000ff500000, 0x00000000ff600000, 0x00000000ff600000|100%| E|CS|TAMS 0x00000000ff500000| PB 0x00000000ff500000| Complete 
|2038|0x00000000ff600000, 0x00000000ff700000, 0x00000000ff700000|100%| E|CS|TAMS 0x00000000ff600000| PB 0x00000000ff600000| Complete 
|2039|0x00000000ff700000, 0x00000000ff800000, 0x00000000ff800000|100%| E|CS|TAMS 0x00000000ff700000| PB 0x00000000ff700000| Complete 
|2040|0x00000000ff800000, 0x00000000ff900000, 0x00000000ff900000|100%| E|CS|TAMS 0x00000000ff800000| PB 0x00000000ff800000| Complete 
|2041|0x00000000ff900000, 0x00000000ffa00000, 0x00000000ffa00000|100%| E|CS|TAMS 0x00000000ff900000| PB 0x00000000ff900000| Complete 
|2042|0x00000000ffa00000, 0x00000000ffb00000, 0x00000000ffb00000|100%| E|CS|TAMS 0x00000000ffa00000| PB 0x00000000ffa00000| Complete 
|2043|0x00000000ffb00000, 0x00000000ffc00000, 0x00000000ffc00000|100%| E|CS|TAMS 0x00000000ffb00000| PB 0x00000000ffb00000| Complete 
|2044|0x00000000ffc00000, 0x00000000ffd00000, 0x00000000ffd00000|100%| E|CS|TAMS 0x00000000ffc00000| PB 0x00000000ffc00000| Complete 
|2045|0x00000000ffd00000, 0x00000000ffe00000, 0x00000000ffe00000|100%| E|CS|TAMS 0x00000000ffd00000| PB 0x00000000ffd00000| Complete 
|2046|0x00000000ffe00000, 0x00000000fff00000, 0x00000000fff00000|100%| E|CS|TAMS 0x00000000ffe00000| PB 0x00000000ffe00000| Complete 
|2047|0x00000000fff00000, 0x0000000100000000, 0x0000000100000000|100%| E|CS|TAMS 0x00000000fff00000| PB 0x00000000fff00000| Complete 

Card table byte_map: [0x0000018999770000,0x0000018999b70000] _byte_map_base: 0x0000018999370000

Marking Bits: (CMBitMap*) 0x0000018986d16730
 Bits: [0x0000018999b70000, 0x000001899bb70000)

Polling page: 0x0000018984af0000

Metaspace:

Usage:
  Non-class:    223.59 MB used.
      Class:     30.43 MB used.
       Both:    254.02 MB used.

Virtual space:
  Non-class space:      320.00 MB reserved,     224.44 MB ( 70%) committed,  5 nodes.
      Class space:        1.00 GB reserved,      32.12 MB (  3%) committed,  1 nodes.
             Both:        1.31 GB reserved,     256.56 MB ( 19%) committed. 

Chunk freelists:
   Non-Class:  46.69 MB
       Class:  16.66 MB
        Both:  63.34 MB

MaxMetaspaceSize: unlimited
CompressedClassSpaceSize: 1.00 GB
Initial GC threshold: 21.00 MB
Current GC threshold: 459.81 MB
CDS: off
 - commit_granule_bytes: 65536.
 - commit_granule_words: 8192.
 - virtual_space_node_default_size: 8388608.
 - enlarge_chunks_in_place: 1.
 - use_allocation_guard: 0.


Internal statistics:

num_allocs_failed_limit: 9.
num_arena_births: 6224.
num_arena_deaths: 3058.
num_vsnodes_births: 6.
num_vsnodes_deaths: 0.
num_space_committed: 6970.
num_space_uncommitted: 1190.
num_chunks_returned_to_freelist: 20470.
num_chunks_taken_from_freelist: 34978.
num_chunk_merges: 4175.
num_chunk_splits: 18377.
num_chunks_enlarged: 14697.
num_inconsistent_stats: 0.

CodeHeap 'non-profiled nmethods': size=120000Kb used=53962Kb max_used=56853Kb free=66037Kb
 bounds [0x00000189918e0000, 0x0000018995070000, 0x0000018998e10000]
CodeHeap 'profiled nmethods': size=120000Kb used=50686Kb max_used=82965Kb free=69313Kb
 bounds [0x0000018989e10000, 0x000001898ef80000, 0x0000018991340000]
CodeHeap 'non-nmethods': size=5760Kb used=2591Kb max_used=2724Kb free=3168Kb
 bounds [0x0000018991340000, 0x0000018991600000, 0x00000189918e0000]
 total_blobs=28756 nmethods=27545 adapters=1110
 compilation: enabled
              stopped_count=0, restarted_count=0
 full_count=0

Compilation events (20 events):
Event: 12270.543 Thread 0x00000189bd752430 nmethod 158542 0x0000018993596710 code [0x0000018993596dc0, 0x000001899359da80]
Event: 12270.543 Thread 0x00000189bd752430 158584 %     4       com.sun.org.apache.xerces.internal.impl.io.UTF8Reader::read @ 113 (1443 bytes)
Event: 12270.550 Thread 0x00000189bd752430 nmethod 158584% 0x0000018994288a10 code [0x0000018994288bc0, 0x0000018994288fe0]
Event: 12270.550 Thread 0x00000189bd752430 158593 %     4       com.sun.org.apache.xerces.internal.impl.XMLEntityScanner::scanQName @ 175 (580 bytes)
Event: 12270.568 Thread 0x000001899e967a00 158614       3       com.android.zipflinger.FreeStore::<init> (263 bytes)
Event: 12270.570 Thread 0x000001899e967a00 nmethod 158614 0x000001898d167f10 code [0x000001898d1682a0, 0x000001898d169ef8]
Event: 12270.570 Thread 0x000001899e967a00 158616       2       com.google.common.collect.HashBiMap$Itr::hasNext (42 bytes)
Event: 12270.570 Thread 0x000001899e967a00 nmethod 158616 0x0000018989ea5490 code [0x0000018989ea5640, 0x0000018989ea5848]
Event: 12270.570 Thread 0x000001899e967a00 158615       1       com.android.builder.files.RelativeFile::getType (5 bytes)
Event: 12270.570 Thread 0x000001899e967a00 nmethod 158615 0x0000018994b7ae10 code [0x0000018994b7afa0, 0x0000018994b7b068]
Event: 12270.595 Thread 0x00000189bd752430 nmethod 158593% 0x0000018992d43f90 code [0x0000018992d44280, 0x0000018992d45578]
Event: 12270.595 Thread 0x00000189bd752430 158607 %     4       java.math.BigInteger::stripLeadingZeroBytes @ 53 (141 bytes)
Event: 12270.602 Thread 0x00000189bd752430 nmethod 158607% 0x000001899429f290 code [0x000001899429f440, 0x000001899429f818]
Event: 12270.602 Thread 0x00000189bd752430 158573 %     4       java.net.URI::quote @ 24 (214 bytes)
Event: 12270.617 Thread 0x00000189bd752430 nmethod 158573% 0x00000189949e2910 code [0x00000189949e2b60, 0x00000189949e35d0]
Event: 12270.617 Thread 0x00000189bd752430 158611 %     4       java.util.Properties::load0 @ 29 (249 bytes)
Event: 12270.625 Thread 0x000001899e967a00 158618       2       java.lang.Thread::<init> (24 bytes)
Event: 12270.626 Thread 0x000001899e967a00 nmethod 158618 0x0000018989fb0a90 code [0x0000018989fb0c40, 0x0000018989fb0e70]
Event: 12270.628 Thread 0x00000189bd752430 nmethod 158611% 0x0000018994e23d10 code [0x0000018994e23f20, 0x0000018994e24700]
Event: 12270.628 Thread 0x00000189bd752430 158585   !   4       com.sun.org.apache.xerces.internal.impl.XMLDocumentFragmentScannerImpl$FragmentContentDriver::next (2331 bytes)

GC Heap History (20 events):
Event: 12149.575 GC heap before
{Heap before GC invocations=277 (full 1):
 garbage-first heap   total 1018880K, used 525903K [0x0000000080000000, 0x0000000100000000)
  region size 1024K, 71 young (72704K), 55 survivors (56320K)
 Metaspace       used 260686K, committed 263168K, reserved 1376256K
  class space    used 31261K, committed 32896K, reserved 1048576K
}
Event: 12149.604 GC heap after
{Heap after GC invocations=278 (full 1):
 garbage-first heap   total 1018880K, used 520816K [0x0000000080000000, 0x0000000100000000)
  region size 1024K, 8 young (8192K), 8 survivors (8192K)
 Metaspace       used 260686K, committed 263168K, reserved 1376256K
  class space    used 31261K, committed 32896K, reserved 1048576K
}
Event: 12152.207 GC heap before
{Heap before GC invocations=279 (full 1):
 garbage-first heap   total 1018880K, used 852592K [0x0000000080000000, 0x0000000100000000)
  region size 1024K, 336 young (344064K), 8 survivors (8192K)
 Metaspace       used 267700K, committed 269440K, reserved 1376256K
  class space    used 32190K, committed 33088K, reserved 1048576K
}
Event: 12152.247 GC heap after
{Heap after GC invocations=280 (full 1):
 garbage-first heap   total 1018880K, used 583280K [0x0000000080000000, 0x0000000100000000)
  region size 1024K, 42 young (43008K), 42 survivors (43008K)
 Metaspace       used 267700K, committed 269440K, reserved 1376256K
  class space    used 32190K, committed 33088K, reserved 1048576K
}
Event: 12156.222 GC heap before
{Heap before GC invocations=280 (full 1):
 garbage-first heap   total 1018880K, used 872048K [0x0000000080000000, 0x0000000100000000)
  region size 1024K, 322 young (329728K), 42 survivors (43008K)
 Metaspace       used 268281K, committed 270144K, reserved 1376256K
  class space    used 32276K, committed 33216K, reserved 1048576K
}
Event: 12156.265 GC heap after
{Heap after GC invocations=281 (full 1):
 garbage-first heap   total 1018880K, used 603760K [0x0000000080000000, 0x0000000100000000)
  region size 1024K, 32 young (32768K), 32 survivors (32768K)
 Metaspace       used 268281K, committed 270144K, reserved 1376256K
  class space    used 32276K, committed 33216K, reserved 1048576K
}
Event: 12156.369 GC heap before
{Heap before GC invocations=281 (full 1):
 garbage-first heap   total 1018880K, used 607856K [0x0000000080000000, 0x0000000100000000)
  region size 1024K, 37 young (37888K), 32 survivors (32768K)
 Metaspace       used 268281K, committed 270144K, reserved 1376256K
  class space    used 32276K, committed 33216K, reserved 1048576K
}
Event: 12156.384 GC heap after
{Heap after GC invocations=282 (full 1):
 garbage-first heap   total 1018880K, used 609904K [0x0000000080000000, 0x0000000100000000)
  region size 1024K, 6 young (6144K), 6 survivors (6144K)
 Metaspace       used 268281K, committed 270144K, reserved 1376256K
  class space    used 32276K, committed 33216K, reserved 1048576K
}
Event: 12260.012 GC heap before
{Heap before GC invocations=283 (full 1):
 garbage-first heap   total 1018880K, used 921200K [0x0000000080000000, 0x0000000100000000)
  region size 1024K, 290 young (296960K), 6 survivors (6144K)
 Metaspace       used 260063K, committed 268736K, reserved 1376256K
  class space    used 31250K, committed 33216K, reserved 1048576K
}
Event: 12260.018 GC heap after
{Heap after GC invocations=284 (full 1):
 garbage-first heap   total 1018880K, used 464676K [0x0000000080000000, 0x0000000100000000)
  region size 1024K, 5 young (5120K), 5 survivors (5120K)
 Metaspace       used 260063K, committed 268736K, reserved 1376256K
  class space    used 31250K, committed 33216K, reserved 1048576K
}
Event: 12262.571 GC heap before
{Heap before GC invocations=284 (full 1):
 garbage-first heap   total 1018880K, used 892708K [0x0000000080000000, 0x0000000100000000)
  region size 1024K, 414 young (423936K), 5 survivors (5120K)
 Metaspace       used 260121K, committed 268800K, reserved 1376256K
  class space    used 31259K, committed 33216K, reserved 1048576K
}
Event: 12262.613 GC heap after
{Heap after GC invocations=285 (full 1):
 garbage-first heap   total 1018880K, used 497400K [0x0000000080000000, 0x0000000100000000)
  region size 1024K, 52 young (53248K), 52 survivors (53248K)
 Metaspace       used 260121K, committed 268800K, reserved 1376256K
  class space    used 31259K, committed 33216K, reserved 1048576K
}
Event: 12262.799 GC heap before
{Heap before GC invocations=285 (full 1):
 garbage-first heap   total 1018880K, used 526072K [0x0000000080000000, 0x0000000100000000)
  region size 1024K, 81 young (82944K), 52 survivors (53248K)
 Metaspace       used 260902K, committed 268800K, reserved 1376256K
  class space    used 31351K, committed 33216K, reserved 1048576K
}
Event: 12262.828 GC heap after
{Heap after GC invocations=286 (full 1):
 garbage-first heap   total 1018880K, used 505034K [0x0000000080000000, 0x0000000100000000)
  region size 1024K, 9 young (9216K), 9 survivors (9216K)
 Metaspace       used 260902K, committed 268800K, reserved 1376256K
  class space    used 31351K, committed 33216K, reserved 1048576K
}
Event: 12265.247 GC heap before
{Heap before GC invocations=287 (full 1):
 garbage-first heap   total 1018880K, used 736458K [0x0000000080000000, 0x0000000100000000)
  region size 1024K, 341 young (349184K), 9 survivors (9216K)
 Metaspace       used 259069K, committed 262016K, reserved 1376256K
  class space    used 31026K, committed 32896K, reserved 1048576K
}
Event: 12265.291 GC heap after
{Heap after GC invocations=288 (full 1):
 garbage-first heap   total 1018880K, used 468592K [0x0000000080000000, 0x0000000100000000)
  region size 1024K, 43 young (44032K), 43 survivors (44032K)
 Metaspace       used 259069K, committed 262016K, reserved 1376256K
  class space    used 31026K, committed 32896K, reserved 1048576K
}
Event: 12269.808 GC heap before
{Heap before GC invocations=288 (full 1):
 garbage-first heap   total 1018880K, used 826992K [0x0000000080000000, 0x0000000100000000)
  region size 1024K, 389 young (398336K), 43 survivors (44032K)
 Metaspace       used 260082K, committed 262720K, reserved 1376256K
  class space    used 31160K, committed 32896K, reserved 1048576K
}
Event: 12269.838 GC heap after
{Heap after GC invocations=289 (full 1):
 garbage-first heap   total 1018880K, used 428656K [0x0000000080000000, 0x0000000100000000)
  region size 1024K, 17 young (17408K), 17 survivors (17408K)
 Metaspace       used 260082K, committed 262720K, reserved 1376256K
  class space    used 31160K, committed 32896K, reserved 1048576K
}
Event: 12270.157 GC heap before
{Heap before GC invocations=289 (full 1):
 garbage-first heap   total 1018880K, used 505456K [0x0000000080000000, 0x0000000100000000)
  region size 1024K, 94 young (96256K), 17 survivors (17408K)
 Metaspace       used 260083K, committed 262720K, reserved 1376256K
  class space    used 31160K, committed 32896K, reserved 1048576K
}
Event: 12270.164 GC heap after
{Heap after GC invocations=290 (full 1):
 garbage-first heap   total 1018880K, used 428016K [0x0000000080000000, 0x0000000100000000)
  region size 1024K, 16 young (16384K), 16 survivors (16384K)
 Metaspace       used 260083K, committed 262720K, reserved 1376256K
  class space    used 31160K, committed 32896K, reserved 1048576K
}

Dll operation events (3 events):
Event: 0.027 Loaded shared library C:\Users\harsh\AppData\Local\Programs\Android Studio\jbr\bin\java.dll
Event: 0.039 Loaded shared library C:\Users\harsh\AppData\Local\Programs\Android Studio\jbr\bin\zip.dll
Event: 1.038 Loaded shared library C:\Users\harsh\AppData\Local\Programs\Android Studio\jbr\bin\verify.dll

Deoptimization events (20 events):
Event: 12269.693 Thread 0x00000189a52662a0 DEOPT PACKING pc=0x000001899408ba38 sp=0x000000804c3f9fe0
Event: 12269.693 Thread 0x00000189a52662a0 DEOPT UNPACKING pc=0x00000189913946a2 sp=0x000000804c3f9fb0 mode 2
Event: 12269.693 Thread 0x00000189a52662a0 Uncommon trap: trap_request=0xffffffbe fr.pc=0x000001899408ba38 relative=0x0000000000001298
Event: 12269.693 Thread 0x00000189a52662a0 Uncommon trap: reason=profile_predicate action=maybe_recompile pc=0x000001899408ba38 method=java.util.HashSet.writeObject(Ljava/io/ObjectOutputStream;)V @ 56 c2
Event: 12269.693 Thread 0x00000189a52662a0 DEOPT PACKING pc=0x000001899408ba38 sp=0x000000804c3f9fe0
Event: 12269.693 Thread 0x00000189a52662a0 DEOPT UNPACKING pc=0x00000189913946a2 sp=0x000000804c3f9fb0 mode 2
Event: 12269.694 Thread 0x00000189a52662a0 Uncommon trap: trap_request=0xffffffbe fr.pc=0x000001899408ba38 relative=0x0000000000001298
Event: 12269.694 Thread 0x00000189a52662a0 Uncommon trap: reason=profile_predicate action=maybe_recompile pc=0x000001899408ba38 method=java.util.HashSet.writeObject(Ljava/io/ObjectOutputStream;)V @ 56 c2
Event: 12269.694 Thread 0x00000189a52662a0 DEOPT PACKING pc=0x000001899408ba38 sp=0x000000804c3f9fe0
Event: 12269.694 Thread 0x00000189a52662a0 DEOPT UNPACKING pc=0x00000189913946a2 sp=0x000000804c3f9fb0 mode 2
Event: 12269.864 Thread 0x00000189b6038aa0 DEOPT PACKING pc=0x000001898ad1e79e sp=0x000000804fcfd330
Event: 12269.864 Thread 0x00000189b6038aa0 DEOPT UNPACKING pc=0x0000018991394e42 sp=0x000000804fcfc860 mode 0
Event: 12269.911 Thread 0x00000189b6038aa0 DEOPT PACKING pc=0x000001898cf39f6f sp=0x000000804fcfcfd0
Event: 12269.911 Thread 0x00000189b6038aa0 DEOPT UNPACKING pc=0x0000018991394e42 sp=0x000000804fcfc498 mode 0
Event: 12269.963 Thread 0x00000189b6038aa0 DEOPT PACKING pc=0x000001898c6420eb sp=0x000000804fcfcfe0
Event: 12269.963 Thread 0x00000189b6038aa0 DEOPT UNPACKING pc=0x0000018991394e42 sp=0x000000804fcfc580 mode 0
Event: 12269.988 Thread 0x00000189b6038aa0 DEOPT PACKING pc=0x000001898a936ca5 sp=0x000000804fcfd080
Event: 12269.988 Thread 0x00000189b6038aa0 DEOPT UNPACKING pc=0x0000018991394e42 sp=0x000000804fcfc570 mode 0
Event: 12270.389 Thread 0x00000189b6042190 DEOPT PACKING pc=0x000001898b6f80b1 sp=0x00000080523fd190
Event: 12270.389 Thread 0x00000189b6042190 DEOPT UNPACKING pc=0x0000018991394e42 sp=0x00000080523fc740 mode 0

Classes loaded (20 events):
Event: 97.546 Loading class java/util/logging/LogRecord
Event: 97.547 Loading class java/util/logging/LogRecord done
Event: 147.374 Loading class jdk/internal/math/FormattedFPDecimal
Event: 147.374 Loading class jdk/internal/math/FormattedFPDecimal done
Event: 163.962 Loading class java/rmi/server/Unreferenced
Event: 163.962 Loading class java/rmi/server/Unreferenced done
Event: 838.561 Loading class java/lang/Throwable$WrappedPrintWriter
Event: 838.561 Loading class java/lang/Throwable$PrintStreamOrWriter
Event: 838.561 Loading class java/lang/Throwable$PrintStreamOrWriter done
Event: 838.561 Loading class java/lang/Throwable$WrappedPrintWriter done
Event: 839.451 Loading class java/util/Collections$EmptyListIterator
Event: 839.451 Loading class java/util/Collections$EmptyListIterator done
Event: 839.488 Loading class java/net/UrlDeserializedState
Event: 839.488 Loading class java/net/UrlDeserializedState done
Event: 883.821 Loading class java/util/IdentityHashMap$EntryIterator
Event: 883.821 Loading class java/util/IdentityHashMap$EntryIterator done
Event: 883.822 Loading class java/util/IdentityHashMap$EntryIterator$Entry
Event: 883.822 Loading class java/util/IdentityHashMap$EntryIterator$Entry done
Event: 9978.664 Loading class sun/rmi/transport/ObjectTable$1
Event: 9978.666 Loading class sun/rmi/transport/ObjectTable$1 done

Classes unloaded (20 events):
Event: 12263.064 Thread 0x000001899e7f4860 Unloading class 0x0000000102135078 'dagger/hilt/processor/internal/BaseProcessingStep'
Event: 12263.064 Thread 0x000001899e7f4860 Unloading class 0x0000000102134e68 'dagger/spi/internal/shaded/androidx/room/compiler/processing/XProcessingStep'
Event: 12263.064 Thread 0x000001899e7f4860 Unloading class 0x0000000102134bc0 'dagger/hilt/processor/internal/uninstallmodules/KspUninstallModulesProcessor'
Event: 12263.064 Thread 0x000001899e7f4860 Unloading class 0x0000000102134918 'dagger/hilt/processor/internal/KspBaseProcessingStepProcessor'
Event: 12263.064 Thread 0x000001899e7f4860 Unloading class 0x0000000102134678 'dagger/spi/internal/shaded/androidx/room/compiler/processing/ksp/KspBasicAnnotationProcessor'
Event: 12263.064 Thread 0x000001899e7f4860 Unloading class 0x0000000102134468 'dagger/spi/internal/shaded/androidx/room/compiler/processing/XBasicAnnotationProcessor'
Event: 12263.064 Thread 0x000001899e7f4860 Unloading class 0x0000000102134230 'dagger/internal/codegen/KspComponentProcessor$Provider'
Event: 12263.064 Thread 0x000001899e7f4860 Unloading class 0x0000000102134000 'dagger/hilt/processor/internal/generatesrootinput/KspGeneratesRootInputProcessor$Provider'
Event: 12263.064 Thread 0x000001899e7f4860 Unloading class 0x0000000101a25c60 'dagger/hilt/processor/internal/earlyentrypoint/KspEarlyEntryPointProcessor$Provider'
Event: 12263.064 Thread 0x000001899e7f4860 Unloading class 0x0000000101a25a30 'dagger/hilt/android/processor/internal/androidentrypoint/KspAndroidEntryPointProcessor$Provider'
Event: 12263.064 Thread 0x000001899e7f4860 Unloading class 0x0000000101a25800 'dagger/hilt/processor/internal/definecomponent/KspDefineComponentProcessor$Provider'
Event: 12263.064 Thread 0x000001899e7f4860 Unloading class 0x0000000101a26460 'dagger/hilt/processor/internal/aggregateddeps/KspAggregatedDepsProcessor$Provider'
Event: 12263.064 Thread 0x000001899e7f4860 Unloading class 0x0000000101a26230 'dagger/hilt/android/processor/internal/bindvalue/KspBindValueProcessor$Provider'
Event: 12263.064 Thread 0x000001899e7f4860 Unloading class 0x0000000101a26000 'dagger/hilt/android/processor/internal/viewmodel/KspViewModelProcessor$Provider'
Event: 12263.064 Thread 0x000001899e7f4860 Unloading class 0x0000000101ce5460 'dagger/hilt/processor/internal/root/KspRootProcessor$Provider'
Event: 12263.064 Thread 0x000001899e7f4860 Unloading class 0x0000000101ce5230 'dagger/hilt/android/processor/internal/customtestapplication/KspCustomTestApplicationProcessor$Provider'
Event: 12263.064 Thread 0x000001899e7f4860 Unloading class 0x0000000101ce5000 'dagger/hilt/processor/internal/root/KspComponentTreeDepsProcessor$Provider'
Event: 12263.064 Thread 0x000001899e7f4860 Unloading class 0x0000000101ba0460 'dagger/hilt/processor/internal/originatingelement/KspOriginatingElementProcessor$Provider'
Event: 12263.064 Thread 0x000001899e7f4860 Unloading class 0x0000000101ba0230 'dagger/hilt/processor/internal/aliasof/KspAliasOfProcessor$Provider'
Event: 12263.064 Thread 0x000001899e7f4860 Unloading class 0x0000000101ba0000 'dagger/hilt/processor/internal/uninstallmodules/KspUninstallModulesProcessor$Provider'

Classes redefined (0 events):
No events

Internal exceptions (20 events):
Event: 12266.511 Thread 0x00000189b6038aa0 Exception <a 'sun/nio/fs/WindowsException'{0x00000000b20885a8}> (0x00000000b20885a8) 
thrown [s\src\hotspot\share\prims\jni.cpp, line 535]
Event: 12266.513 Thread 0x00000189b6038aa0 Exception <a 'sun/nio/fs/WindowsException'{0x00000000b20bcfd8}> (0x00000000b20bcfd8) 
thrown [s\src\hotspot\share\prims\jni.cpp, line 535]
Event: 12266.516 Thread 0x00000189b6038aa0 Exception <a 'sun/nio/fs/WindowsException'{0x00000000b20bf6f8}> (0x00000000b20bf6f8) 
thrown [s\src\hotspot\share\prims\jni.cpp, line 535]
Event: 12266.518 Thread 0x00000189b6038aa0 Exception <a 'sun/nio/fs/WindowsException'{0x00000000b20c1e40}> (0x00000000b20c1e40) 
thrown [s\src\hotspot\share\prims\jni.cpp, line 535]
Event: 12266.521 Thread 0x00000189b6038aa0 Exception <a 'sun/nio/fs/WindowsException'{0x00000000b20c4670}> (0x00000000b20c4670) 
thrown [s\src\hotspot\share\prims\jni.cpp, line 535]
Event: 12266.523 Thread 0x00000189b6038aa0 Exception <a 'sun/nio/fs/WindowsException'{0x00000000b20c6f60}> (0x00000000b20c6f60) 
thrown [s\src\hotspot\share\prims\jni.cpp, line 535]
Event: 12266.525 Thread 0x00000189b6038aa0 Exception <a 'sun/nio/fs/WindowsException'{0x00000000b20c9750}> (0x00000000b20c9750) 
thrown [s\src\hotspot\share\prims\jni.cpp, line 535]
Event: 12266.527 Thread 0x00000189b6038aa0 Exception <a 'sun/nio/fs/WindowsException'{0x00000000b20cbea0}> (0x00000000b20cbea0) 
thrown [s\src\hotspot\share\prims\jni.cpp, line 535]
Event: 12266.530 Thread 0x00000189b6038aa0 Exception <a 'sun/nio/fs/WindowsException'{0x00000000b20ce638}> (0x00000000b20ce638) 
thrown [s\src\hotspot\share\prims\jni.cpp, line 535]
Event: 12266.532 Thread 0x00000189b6038aa0 Exception <a 'sun/nio/fs/WindowsException'{0x00000000b20d0dc8}> (0x00000000b20d0dc8) 
thrown [s\src\hotspot\share\prims\jni.cpp, line 535]
Event: 12266.534 Thread 0x00000189b6038aa0 Exception <a 'sun/nio/fs/WindowsException'{0x00000000b20d3580}> (0x00000000b20d3580) 
thrown [s\src\hotspot\share\prims\jni.cpp, line 535]
Event: 12266.536 Thread 0x00000189b6038aa0 Exception <a 'sun/nio/fs/WindowsException'{0x00000000b20d5e38}> (0x00000000b20d5e38) 
thrown [s\src\hotspot\share\prims\jni.cpp, line 535]
Event: 12266.538 Thread 0x00000189b6038aa0 Exception <a 'sun/nio/fs/WindowsException'{0x00000000b20d87a8}> (0x00000000b20d87a8) 
thrown [s\src\hotspot\share\prims\jni.cpp, line 535]
Event: 12266.540 Thread 0x00000189b6038aa0 Exception <a 'sun/nio/fs/WindowsException'{0x00000000b20dae10}> (0x00000000b20dae10) 
thrown [s\src\hotspot\share\prims\jni.cpp, line 535]
Event: 12269.637 Thread 0x00000189b1240730 Exception <a 'sun/nio/fs/WindowsException'{0x00000000acaf8508}> (0x00000000acaf8508) 
thrown [s\src\hotspot\share\prims\jni.cpp, line 535]
Event: 12269.640 Thread 0x00000189b1240730 Exception <a 'sun/nio/fs/WindowsException'{0x00000000ac941e68}> (0x00000000ac941e68) 
thrown [s\src\hotspot\share\prims\jni.cpp, line 535]
Event: 12269.845 Thread 0x00000189b603a4e0 Exception <a 'sun/nio/fs/WindowsException'{0x00000000fffb7b68}> (0x00000000fffb7b68) 
thrown [s\src\hotspot\share\prims\jni.cpp, line 535]
Event: 12269.991 Thread 0x00000189b6038aa0 Exception <a 'sun/nio/fs/WindowsException'{0x00000000fc07f668}> (0x00000000fc07f668) 
thrown [s\src\hotspot\share\prims\jni.cpp, line 535]
Event: 12270.073 Thread 0x00000189b603ed10 Exception <a 'sun/nio/fs/WindowsException'{0x00000000fb42ec20}> (0x00000000fb42ec20) 
thrown [s\src\hotspot\share\prims\jni.cpp, line 535]
Event: 12270.450 Thread 0x00000189b6042190 Exception <a 'sun/nio/fs/WindowsException'{0x00000000fbfbab88}> (0x00000000fbfbab88) 
thrown [s\src\hotspot\share\prims\jni.cpp, line 535]

ZGC Phase Switch (0 events):
No events

VM Operations (20 events):
Event: 12263.200 Executing VM operation: G1PauseCleanup
Event: 12263.201 Executing VM operation: G1PauseCleanup done
Event: 12264.202 Executing VM operation: Cleanup
Event: 12264.202 Executing VM operation: Cleanup done
Event: 12264.787 Executing VM operation: ICBufferFull
Event: 12264.787 Executing VM operation: ICBufferFull done
Event: 12265.246 Executing VM operation: G1CollectForAllocation (G1 Evacuation Pause)
Event: 12265.291 Executing VM operation: G1CollectForAllocation (G1 Evacuation Pause) done
Event: 12266.255 Executing VM operation: ICBufferFull
Event: 12266.255 Executing VM operation: ICBufferFull done
Event: 12268.255 Executing VM operation: Cleanup
Event: 12268.255 Executing VM operation: Cleanup done
Event: 12269.808 Executing VM operation: G1CollectForAllocation (G1 Evacuation Pause)
Event: 12269.838 Executing VM operation: G1CollectForAllocation (G1 Evacuation Pause) done
Event: 12270.157 Executing VM operation: G1TryInitiateConcMark (G1 Humongous Allocation)
Event: 12270.165 Executing VM operation: G1TryInitiateConcMark (G1 Humongous Allocation) done
Event: 12270.460 Executing VM operation: G1PauseRemark
Event: 12270.478 Executing VM operation: G1PauseRemark done
Event: 12270.585 Executing VM operation: G1PauseCleanup
Event: 12270.586 Executing VM operation: G1PauseCleanup done

Memory protections (0 events):
No events

Nmethod flushes (20 events):
Event: 12270.475 Thread 0x000001899e7f4860 flushing  nmethod 0x000001898b308710
Event: 12270.475 Thread 0x000001899e7f4860 flushing  nmethod 0x000001898b3ed190
Event: 12270.475 Thread 0x000001899e7f4860 flushing  nmethod 0x000001898baa1c10
Event: 12270.475 Thread 0x000001899e7f4860 flushing  nmethod 0x000001898bdcba10
Event: 12270.475 Thread 0x000001899e7f4860 flushing  nmethod 0x000001898c102d90
Event: 12270.475 Thread 0x000001899e7f4860 flushing  nmethod 0x000001898c305f90
Event: 12270.475 Thread 0x000001899e7f4860 flushing  nmethod 0x000001898c711290
Event: 12270.475 Thread 0x000001899e7f4860 flushing  nmethod 0x000001898c716410
Event: 12270.475 Thread 0x000001899e7f4860 flushing  nmethod 0x000001898caa2f10
Event: 12270.475 Thread 0x000001899e7f4860 flushing  nmethod 0x000001898cca0790
Event: 12270.475 Thread 0x000001899e7f4860 flushing  nmethod 0x000001898cca0b90
Event: 12270.475 Thread 0x000001899e7f4860 flushing  nmethod 0x000001898cca0f90
Event: 12270.475 Thread 0x000001899e7f4860 flushing  nmethod 0x000001898ccdeb90
Event: 12270.475 Thread 0x000001899e7f4860 flushing  nmethod 0x000001898cf56710
Event: 12270.475 Thread 0x000001899e7f4860 flushing  nmethod 0x000001898d150210
Event: 12270.475 Thread 0x000001899e7f4860 flushing  nmethod 0x000001898d151090
Event: 12270.475 Thread 0x000001899e7f4860 flushing  nmethod 0x000001898dfac490
Event: 12270.475 Thread 0x000001899e7f4860 flushing  nmethod 0x000001898e10d110
Event: 12270.475 Thread 0x000001899e7f4860 flushing  nmethod 0x000001898e799110
Event: 12270.475 Thread 0x000001899e7f4860 flushing  nmethod 0x000001898ef12e10

Events (20 events):
Event: 12269.695 Thread 0x00000189a52662a0 Thread added: 0x00000189b6042190
Event: 12269.695 Thread 0x00000189a52662a0 Thread added: 0x00000189b6041b00
Event: 12269.696 Thread 0x00000189a52662a0 Thread added: 0x00000189b603ed10
Event: 12269.697 Thread 0x00000189a52662a0 Thread added: 0x00000189c44fe940
Event: 12269.698 Thread 0x00000189a52662a0 Thread added: 0x00000189c44fefd0
Event: 12269.699 Thread 0x000001899e967a00 Thread added: 0x00000189bd752430
Event: 12269.699 Thread 0x000001899e967a00 Thread added: 0x00000189bd752b00
Event: 12269.700 Thread 0x00000189a52662a0 Thread added: 0x00000189c44fdc20
Event: 12269.841 Thread 0x00000189bd6ee450 Thread exited: 0x00000189bd6ee450
Event: 12270.168 Thread 0x00000189bd752b00 Thread exited: 0x00000189bd752b00
Event: 12270.203 Thread 0x000001899e967a00 Thread added: 0x00000189b5bfc4e0
Event: 12270.625 Thread 0x00000189b6cc6c40 Thread added: 0x00000189b1245c80
Event: 12270.625 Thread 0x00000189b1245c80 Thread added: 0x00000189bb6fdab0
Event: 12270.626 Thread 0x00000189bb6fdab0 Thread added: 0x00000189a5269db0
Event: 12270.626 Thread 0x00000189a5269db0 Thread added: 0x00000189b6cc93a0
Event: 12270.626 Thread 0x00000189b6cc93a0 Thread added: 0x00000189bb6ff4f0
Event: 12270.627 Thread 0x00000189bb6ff4f0 Thread added: 0x00000189b6cc7ff0
Event: 12270.627 Thread 0x00000189b6cc7ff0 Thread added: 0x00000189c61f5e20
Event: 12270.628 Thread 0x00000189c61f5e20 Thread added: 0x00000189b1246310
Event: 12271.704 Thread 0x00000189c44fdc20 Thread exited: 0x00000189c44fdc20


Dynamic libraries:
0x00007ff753260000 - 0x00007ff75326a000 	C:\Users\harsh\AppData\Local\Programs\Android Studio\jbr\bin\java.exe
0x00007ffca2ea0000 - 0x00007ffca3107000 	C:\Windows\SYSTEM32\ntdll.dll
0x00007ffca11c0000 - 0x00007ffca1289000 	C:\Windows\System32\KERNEL32.DLL
0x00007ffc9fff0000 - 0x00007ffca03df000 	C:\Windows\System32\KERNELBASE.dll
0x00007ffca0790000 - 0x00007ffca08db000 	C:\Windows\System32\ucrtbase.dll
0x00007ffc91850000 - 0x00007ffc91868000 	C:\Users\harsh\AppData\Local\Programs\Android Studio\jbr\bin\jli.dll
0x00007ffc32e00000 - 0x00007ffc32e1b000 	C:\Users\harsh\AppData\Local\Programs\Android Studio\jbr\bin\VCRUNTIME140.dll
0x00007ffca2bd0000 - 0x00007ffca2d95000 	C:\Windows\System32\USER32.dll
0x00007ffc9f3f0000 - 0x00007ffc9f683000 	C:\Windows\WinSxS\amd64_microsoft.windows.common-controls_6595b64144ccf1df_6.0.26100.7309_none_3e05feeae336a044\COMCTL32.dll
0x00007ffca0480000 - 0x00007ffca04a7000 	C:\Windows\System32\win32u.dll
0x00007ffca0fd0000 - 0x00007ffca1079000 	C:\Windows\System32\msvcrt.dll
0x00007ffca2430000 - 0x00007ffca245b000 	C:\Windows\System32\GDI32.dll
0x00007ffca09a0000 - 0x00007ffca0acc000 	C:\Windows\System32\gdi32full.dll
0x00007ffca06e0000 - 0x00007ffca0783000 	C:\Windows\System32\msvcp_win.dll
0x00007ffca2db0000 - 0x00007ffca2de1000 	C:\Windows\System32\IMM32.DLL
0x00007ffc32df0000 - 0x00007ffc32dfc000 	C:\Users\harsh\AppData\Local\Programs\Android Studio\jbr\bin\vcruntime140_1.dll
0x00007ffc8ace0000 - 0x00007ffc8ad6d000 	C:\Users\harsh\AppData\Local\Programs\Android Studio\jbr\bin\msvcp140.dll
0x00007ffc32e20000 - 0x00007ffc33aab000 	C:\Users\harsh\AppData\Local\Programs\Android Studio\jbr\bin\server\jvm.dll
0x00007ffca27d0000 - 0x00007ffca2884000 	C:\Windows\System32\ADVAPI32.dll
0x00007ffca1110000 - 0x00007ffca11b6000 	C:\Windows\System32\sechost.dll
0x00007ffca2510000 - 0x00007ffca2628000 	C:\Windows\System32\RPCRT4.dll
0x00007ffca1090000 - 0x00007ffca1104000 	C:\Windows\System32\WS2_32.dll
0x00007ffc9fda0000 - 0x00007ffc9fdfe000 	C:\Windows\SYSTEM32\POWRPROF.dll
0x00007ffc98270000 - 0x00007ffc982a5000 	C:\Windows\SYSTEM32\WINMM.dll
0x00007ffc9da80000 - 0x00007ffc9da8b000 	C:\Windows\SYSTEM32\VERSION.dll
0x00007ffc9fc80000 - 0x00007ffc9fc94000 	C:\Windows\SYSTEM32\UMPDC.dll
0x00007ffc9e680000 - 0x00007ffc9e69b000 	C:\Windows\SYSTEM32\kernel.appcore.dll
0x00007ffc32de0000 - 0x00007ffc32dea000 	C:\Users\harsh\AppData\Local\Programs\Android Studio\jbr\bin\jimage.dll
0x00007ffc9f830000 - 0x00007ffc9fa72000 	C:\Windows\SYSTEM32\DBGHELP.DLL
0x00007ffca0c40000 - 0x00007ffca0fc6000 	C:\Windows\System32\combase.dll
0x00007ffca2170000 - 0x00007ffca2246000 	C:\Windows\System32\OLEAUT32.dll
0x00007ffc9f700000 - 0x00007ffc9f73c000 	C:\Windows\SYSTEM32\dbgcore.DLL
0x00007ffca0630000 - 0x00007ffca06d5000 	C:\Windows\System32\bcryptPrimitives.dll
0x00007ffc9c060000 - 0x00007ffc9c06e000 	C:\Users\harsh\AppData\Local\Programs\Android Studio\jbr\bin\instrument.dll
0x00007ffc32cb0000 - 0x00007ffc32cd0000 	C:\Users\harsh\AppData\Local\Programs\Android Studio\jbr\bin\java.dll
0x00007ffc32c90000 - 0x00007ffc32ca8000 	C:\Users\harsh\AppData\Local\Programs\Android Studio\jbr\bin\zip.dll
0x00007ffca1580000 - 0x00007ffca1cd3000 	C:\Windows\System32\SHELL32.dll
0x00007ffca0ad0000 - 0x00007ffca0c3a000 	C:\Windows\System32\wintypes.dll
0x00007ffc9cc20000 - 0x00007ffc9d47e000 	C:\Windows\SYSTEM32\windows.storage.dll
0x00007ffca1400000 - 0x00007ffca14f5000 	C:\Windows\System32\SHCORE.dll
0x00007ffca2df0000 - 0x00007ffca2e56000 	C:\Windows\System32\shlwapi.dll
0x00007ffc9ff10000 - 0x00007ffc9ff39000 	C:\Windows\SYSTEM32\profapi.dll
0x00007ffc32c10000 - 0x00007ffc32c20000 	C:\Users\harsh\AppData\Local\Programs\Android Studio\jbr\bin\net.dll
0x00007ffc97de0000 - 0x00007ffc97f08000 	C:\Windows\SYSTEM32\WINHTTP.dll
0x00007ffc9e300000 - 0x00007ffc9e36b000 	C:\Windows\system32\mswsock.dll
0x00007ffc32bf0000 - 0x00007ffc32c06000 	C:\Users\harsh\AppData\Local\Programs\Android Studio\jbr\bin\nio.dll
0x00007ffc2c030000 - 0x00007ffc2c040000 	C:\Users\harsh\AppData\Local\Programs\Android Studio\jbr\bin\verify.dll
0x00007ffc8b110000 - 0x00007ffc8b137000 	C:\Users\harsh\.gradle\native\c067742578af261105cb4f569cf0c3c89f3d7b1fecec35dd04571415982c5e48\windows-amd64\native-platform.dll
0x00007ffc6fdf0000 - 0x00007ffc6ff34000 	C:\Users\harsh\.gradle\native\100fb08df4bc3b14c8652ba06237920a3bd2aa13389f12d3474272988ae205f9\windows-amd64\native-platform-file-events.dll
0x00007ffc2ba70000 - 0x00007ffc2ba79000 	C:\Users\harsh\AppData\Local\Programs\Android Studio\jbr\bin\management.dll
0x00007ffc2ba60000 - 0x00007ffc2ba6b000 	C:\Users\harsh\AppData\Local\Programs\Android Studio\jbr\bin\management_ext.dll
0x00007ffca2420000 - 0x00007ffca2428000 	C:\Windows\System32\PSAPI.DLL
0x00007ffc9fb80000 - 0x00007ffc9fb9b000 	C:\Windows\SYSTEM32\CRYPTSP.dll
0x00007ffc9dd50000 - 0x00007ffc9dd8a000 	C:\Windows\system32\rsaenh.dll
0x00007ffc9e3b0000 - 0x00007ffc9e3db000 	C:\Windows\SYSTEM32\USERENV.dll
0x00007ffc9fee0000 - 0x00007ffc9ff0a000 	C:\Windows\SYSTEM32\bcrypt.dll
0x00007ffc9e5c0000 - 0x00007ffc9e5cc000 	C:\Windows\SYSTEM32\CRYPTBASE.dll
0x00007ffc9d7c0000 - 0x00007ffc9d7f4000 	C:\Windows\SYSTEM32\IPHLPAPI.DLL
0x00007ffca1080000 - 0x00007ffca108a000 	C:\Windows\System32\NSI.dll
0x00007ffc2bae0000 - 0x00007ffc2bae9000 	C:\Users\harsh\AppData\Local\Programs\Android Studio\jbr\bin\extnet.dll
0x00007ffc2bad0000 - 0x00007ffc2bad8000 	C:\Windows\system32\wshunix.dll
0x00007ffc2be90000 - 0x00007ffc2c028000 	C:\Users\harsh\AppData\Local\Programs\Android Studio\jbr\bin\awt.dll
0x00007ffc9c610000 - 0x00007ffc9c640000 	C:\Windows\SYSTEM32\dwmapi.dll
0x00007ffc2bdb0000 - 0x00007ffc2bdf4000 	C:\Users\harsh\AppData\Local\Programs\Android Studio\jbr\bin\nvdaControllerClient64.dll
0x00007ffc9c150000 - 0x00007ffc9c1ef000 	C:\Windows\SYSTEM32\apphelp.dll
0x00007ffc9c380000 - 0x00007ffc9c42b000 	C:\Windows\system32\uxtheme.dll
0x00007ffca1290000 - 0x00007ffca13ee000 	C:\Windows\System32\MSCTF.dll
0x00007ffca2630000 - 0x00007ffca27c7000 	C:\Windows\System32\ole32.dll
0x00007ffc9f7d0000 - 0x00007ffc9f806000 	C:\Windows\SYSTEM32\ntmarta.dll
0x00007ffc9c140000 - 0x00007ffc9c147000 	C:\Users\harsh\AppData\Local\Programs\Android Studio\jbr\bin\rmi.dll

dbghelp: loaded successfully - version: 4.0.5 - missing functions: none
symbol engine: initialized successfully - sym options: 0x614 - pdb path: .;C:\Users\harsh\AppData\Local\Programs\Android Studio\jbr\bin;C:\Windows\SYSTEM32;C:\Windows\WinSxS\amd64_microsoft.windows.common-controls_6595b64144ccf1df_6.0.26100.7309_none_3e05feeae336a044;C:\Users\harsh\AppData\Local\Programs\Android Studio\jbr\bin\server;C:\Users\harsh\.gradle\native\c067742578af261105cb4f569cf0c3c89f3d7b1fecec35dd04571415982c5e48\windows-amd64;C:\Users\harsh\.gradle\native\100fb08df4bc3b14c8652ba06237920a3bd2aa13389f12d3474272988ae205f9\windows-amd64

VM Arguments:
jvm_args: --add-opens=java.base/java.lang=ALL-UNNAMED --add-opens=java.base/java.lang.invoke=ALL-UNNAMED --add-opens=java.base/java.util=ALL-UNNAMED --add-opens=java.prefs/java.util.prefs=ALL-UNNAMED --add-exports=jdk.compiler/com.sun.tools.javac.api=ALL-UNNAMED --add-exports=jdk.compiler/com.sun.tools.javac.util=ALL-UNNAMED --add-opens=java.base/java.util=ALL-UNNAMED --add-opens=java.prefs/java.util.prefs=ALL-UNNAMED --add-opens=java.base/java.nio.charset=ALL-UNNAMED --add-opens=java.base/java.net=ALL-UNNAMED --add-opens=java.base/java.util.concurrent.atomic=ALL-UNNAMED --add-opens=java.xml/javax.xml.namespace=ALL-UNNAMED -Xmx2048m -Dfile.encoding=UTF-8 -Duser.country=US -Duser.language=en -Duser.variant -javaagent:C:\Users\harsh\.gradle\wrapper\dists\gradle-8.11.1-bin\bpt9gzteqjrbo1mjrsomdt32c\gradle-8.11.1\lib\agents\gradle-instrumentation-agent-8.11.1.jar 
java_command: org.gradle.launcher.daemon.bootstrap.GradleDaemon 8.11.1
java_class_path (initial): C:\Users\harsh\.gradle\wrapper\dists\gradle-8.11.1-bin\bpt9gzteqjrbo1mjrsomdt32c\gradle-8.11.1\lib\gradle-daemon-main-8.11.1.jar
Launcher Type: SUN_STANDARD

[Global flags]
     intx CICompilerCount                          = 4                                         {product} {ergonomic}
     uint ConcGCThreads                            = 3                                         {product} {ergonomic}
     uint G1ConcRefinementThreads                  = 10                                        {product} {ergonomic}
   size_t G1HeapRegionSize                         = 1048576                                   {product} {ergonomic}
    uintx GCDrainStackTargetSize                   = 64                                        {product} {ergonomic}
   size_t InitialHeapSize                          = 257949696                                 {product} {ergonomic}
   size_t MarkStackSize                            = 4194304                                   {product} {ergonomic}
   size_t MaxHeapSize                              = 2147483648                                {product} {command line}
   size_t MaxNewSize                               = 1287651328                                {product} {ergonomic}
   size_t MinHeapDeltaBytes                        = 1048576                                   {product} {ergonomic}
   size_t MinHeapSize                              = 8388608                                   {product} {ergonomic}
    uintx NonNMethodCodeHeapSize                   = 5839372                                {pd product} {ergonomic}
    uintx NonProfiledCodeHeapSize                  = 122909434                              {pd product} {ergonomic}
    uintx ProfiledCodeHeapSize                     = 122909434                              {pd product} {ergonomic}
    uintx ReservedCodeCacheSize                    = 251658240                              {pd product} {ergonomic}
     bool SegmentedCodeCache                       = true                                      {product} {ergonomic}
   size_t SoftMaxHeapSize                          = 2147483648                             {manageable} {ergonomic}
     bool UseCompressedOops                        = true                           {product lp64_product} {ergonomic}
     bool UseG1GC                                  = true                                      {product} {ergonomic}
     bool UseLargePagesIndividualAllocation        = false                                  {pd product} {ergonomic}

Logging:
Log output configuration:
 #0: stdout all=warning uptime,level,tags foldmultilines=false
 #1: stderr all=off uptime,level,tags foldmultilines=false

Environment Variables:
PATH=D:\oracle\product\10.2.0\db_1\bin;C:\Program Files\Common Files\Oracle\Java\javapath;C:\Windows\system32;C:\Windows;C:\Windows\System32\Wbem;C:\Windows\System32\WindowsPowerShell\v1.0\;C:\Windows\System32\OpenSSH\;C:\ProgramData\chocolatey\bin;C:\Program Files\Java\jdk-23\bin;C:\Program Files\Git\cmd;D:\flutter\bin;C:\Users\harsh\AppData\Local\Microsoft\WindowsApps;C:\Users\harsh\AppData\Local\Programs\Microsoft VS Code\bin;C:\Users\harsh\AppData\Roaming\Python\Python313\Scripts;C:\Users\harsh\AppData\Local\JetBrains\Toolbox\scripts;
USERNAME=harsh
OS=Windows_NT
PROCESSOR_IDENTIFIER=AMD64 Family 25 Model 80 Stepping 0, AuthenticAMD
TMP=C:\Users\harsh\AppData\Local\Temp
TEMP=C:\Users\harsh\AppData\Local\Temp




Periodic native trim disabled

JNI global refs:
JNI global refs: 41, weak refs: 0

JNI global refs memory usage: 835, weak refs: 1281

Process memory usage:
Resident Set Size: 1652972K (10% of 16085060K total physical memory with 950108K free physical memory)

OOME stack traces (most recent first):
Classloader memory used:
Loader java.net.URLClassLoader                                                         : 83279K
Loader org.gradle.internal.classloader.VisitableURLClassLoader$InstrumentingVisitableURLClassLoader: 70448K
Loader org.gradle.internal.classloader.VisitableURLClassLoader                         : 47177K
Loader bootstrap                                                                       : 33005K
Loader org.gradle.initialization.MixInLegacyTypesClassLoader                           : 13821K
Loader jdk.internal.loader.ClassLoaders$AppClassLoader                                 : 10056K
Loader jdk.internal.loader.ClassLoaders$PlatformClassLoader                            : 916K
Loader jdk.internal.reflect.DelegatingClassLoader                                      : 720K
Loader jdk.internal.jrtfs.JrtFileSystemProvider$JrtFsLoader                            : 349K
Loader org.gradle.internal.classloader.VisitableURLClassLoader                         : 334K
Loader sun.reflect.misc.MethodUtil                                                     : 2952B

Classes loaded by more than one classloader:
Class Program                                                                         : loaded 5 times (x 68B)
Class com.google.common.base.PairwiseEquivalence                                      : loaded 3 times (x 79B)
Class com.google.common.base.Equivalence$Identity                                     : loaded 3 times (x 78B)
Class com.google.common.collect.RegularImmutableSet                                   : loaded 3 times (x 145B)
Class com.google.common.collect.Iterators$MergingIterator                             : loaded 3 times (x 77B)
Class com.google.common.collect.ImmutableList$SubList                                 : loaded 3 times (x 205B)
Class com.google.common.collect.ImmutableSet$SetBuilderImpl                           : loaded 3 times (x 72B)
Class com.google.common.collect.Maps$EntrySet                                         : loaded 3 times (x 132B)
Class com.google.common.collect.ImmutableList                                         : loaded 3 times (x 202B)
Class com.google.common.collect.ImmutableSet$EmptySetBuilderImpl                      : loaded 3 times (x 72B)
Class Build_gradle                                                                    : loaded 3 times (x 126B)
Class com.google.common.collect.ImmutableSet$Builder                                  : loaded 3 times (x 81B)
Class com.google.common.collect.SortedSetMultimap                                     : loaded 3 times (x 66B)
Class com.google.common.base.CharMatcher$IsEither                                     : loaded 3 times (x 107B)
Class com.google.common.base.CharMatcher$InRange                                      : loaded 3 times (x 107B)
Class com.google.common.collect.SetMultimap                                           : loaded 3 times (x 66B)
Class com.google.common.collect.Maps$BiMapConverter                                   : loaded 3 times (x 86B)
Class com.google.common.collect.ImmutableMapEntrySet$RegularEntrySet                  : loaded 3 times (x 148B)
Class com.google.common.collect.Multimaps                                             : loaded 3 times (x 67B)
Class com.google.common.base.Joiner$2                                                 : loaded 3 times (x 75B)
Class com.google.common.base.CharMatcher$NamedFastMatcher                             : loaded 3 times (x 108B)
Class com.google.common.base.CharMatcher$1                                            : loaded 3 times (x 109B)
Class com.google.common.collect.AbstractMapBasedMultimap$WrappedCollection            : loaded 3 times (x 120B)
Class com.google.common.collect.ImmutableEnumSet                                      : loaded 3 times (x 142B)
Class com.google.common.collect.ImmutableList$1                                       : loaded 3 times (x 93B)
Class com.google.common.collect.Maps$IteratorBasedAbstractMap                         : loaded 3 times (x 121B)
Class com.google.common.collect.PeekingIterator                                       : loaded 3 times (x 66B)
Class com.google.common.base.Joiner$1                                                 : loaded 3 times (x 76B)
Class com.google.common.base.CharMatcher                                              : loaded 3 times (x 107B)
Class com.google.common.base.Preconditions                                            : loaded 3 times (x 67B)
Class com.google.common.collect.Hashing                                               : loaded 3 times (x 67B)
Class com.google.common.collect.RegularImmutableMap                                   : loaded 3 times (x 117B)
Class com.google.common.collect.ImmutableMap$MapViewOfValuesAsSingletonSets           : loaded 3 times (x 122B)
Class com.google.common.base.Equivalence$Equals                                       : loaded 3 times (x 78B)
Class com.google.common.base.CharMatcher$Is                                           : loaded 3 times (x 107B)
Class com.google.common.base.CharMatcher$Negated                                      : loaded 3 times (x 109B)
Class com.google.common.collect.UnmodifiableListIterator                              : loaded 3 times (x 91B)
Class com.google.common.collect.RegularImmutableBiMap                                 : loaded 3 times (x 145B)
Class com.google.common.collect.AbstractIterator$State                                : loaded 3 times (x 75B)
Class com.google.common.base.Suppliers$NonSerializableMemoizingSupplier               : loaded 3 times (x 75B)
Class com.google.common.collect.RegularImmutableMap$BucketOverflowException           : loaded 3 times (x 78B)
Class com.google.common.collect.ImmutableSet$RegularSetBuilderImpl                    : loaded 3 times (x 73B)
Class com.google.common.collect.SortedMapDifference                                   : loaded 3 times (x 66B)
Class com.google.common.base.Suppliers                                                : loaded 3 times (x 67B)
Class com.google.common.base.Suppliers$MemoizingSupplier                              : loaded 3 times (x 75B)
Class com.google.common.collect.CollectPreconditions                                  : loaded 3 times (x 67B)
Class com.google.common.collect.ArrayListMultimap                                     : loaded 3 times (x 168B)
Class com.google.common.collect.ImmutableEntry                                        : loaded 3 times (x 78B)
Class [Lcom.google.common.collect.AbstractMapEntry;                                   : loaded 3 times (x 65B)
Class com.google.common.base.CharMatcher$NegatedFastMatcher                           : loaded 3 times (x 109B)
Class com.google.common.base.Predicate                                                : loaded 3 times (x 66B)
Class [Lcom.google.common.collect.AbstractIterator$State;                             : loaded 3 times (x 65B)
Class com.google.common.collect.ImmutableMap                                          : loaded 3 times (x 116B)
Class com.google.common.collect.Sets                                                  : loaded 3 times (x 67B)
Class com.google.common.base.CharMatcher$FastMatcher                                  : loaded 3 times (x 107B)
Class com.google.common.base.Supplier                                                 : loaded 3 times (x 66B)
Class com.google.common.base.CharMatcher$Or                                           : loaded 3 times (x 108B)
Class com.google.common.collect.ImmutableSet                                          : loaded 3 times (x 141B)
Class com.google.common.base.CharMatcher$BitSetMatcher                                : loaded 3 times (x 108B)
Class [Lcom.google.common.collect.ImmutableMapEntry;                                  : loaded 3 times (x 65B)
Class com.google.common.collect.RegularImmutableMap$Values                            : loaded 3 times (x 203B)
Class com.google.common.math.IntMath$1                                                : loaded 3 times (x 67B)
Class com.google.common.collect.Sets$SetView                                          : loaded 3 times (x 134B)
Class com.google.common.collect.Maps$8                                                : loaded 3 times (x 78B)
Class Build_gradle$1                                                                  : loaded 3 times (x 70B)
Class com.google.common.collect.Sets$3$1                                              : loaded 3 times (x 78B)
Class com.google.common.collect.ImmutableEnumMap                                      : loaded 3 times (x 122B)
Class com.google.common.collect.ListMultimap                                          : loaded 3 times (x 66B)
Class [Lcom.google.common.collect.ImmutableEntry;                                     : loaded 3 times (x 65B)
Class com.google.common.collect.Maps                                                  : loaded 3 times (x 67B)
Class com.google.common.collect.AbstractMapBasedMultimap$WrappedSet                   : loaded 3 times (x 138B)
Class com.google.common.collect.RegularImmutableList                                  : loaded 3 times (x 209B)
Class com.google.common.collect.IndexedImmutableSet$1                                 : loaded 3 times (x 209B)
Class com.google.common.base.Function                                                 : loaded 3 times (x 66B)
Class com.google.common.collect.Sets$1                                                : loaded 3 times (x 135B)
Class com.google.common.base.Equivalence                                              : loaded 3 times (x 78B)
Class com.google.common.collect.ImmutableMapEntry$NonTerminalImmutableMapEntry        : loaded 3 times (x 81B)
Class com.google.common.collect.ImmutableMapEntry                                     : loaded 3 times (x 81B)
Class com.google.common.math.IntMath                                                  : loaded 3 times (x 67B)
Class com.google.common.collect.RegularImmutableSortedSet                             : loaded 3 times (x 296B)
Class com.google.common.base.CharMatcher$IsNot                                        : loaded 3 times (x 107B)
Class com.google.common.collect.ImmutableSortedSet                                    : loaded 3 times (x 296B)
Class com.google.common.collect.Iterables                                             : loaded 3 times (x 67B)
Class com.google.common.collect.Maps$EntryTransformer                                 : loaded 3 times (x 66B)
Class com.google.common.collect.ImmutableAsList                                       : loaded 3 times (x 205B)
Class com.google.common.collect.Iterators$9                                           : loaded 3 times (x 77B)
Class com.google.common.collect.Sets$2                                                : loaded 3 times (x 135B)
Class com.google.common.collect.Maps$ViewCachingAbstractMap                           : loaded 3 times (x 121B)
Class com.google.common.base.FunctionalEquivalence                                    : loaded 3 times (x 79B)
Class com.google.common.collect.AbstractMapBasedMultimap                              : loaded 3 times (x 135B)
Class com.google.common.collect.ImmutableSet$CachingAsList                            : loaded 3 times (x 144B)
Class com.google.common.base.Converter                                                : loaded 3 times (x 86B)
Class com.google.common.collect.Lists                                                 : loaded 3 times (x 67B)
Class com.google.common.collect.ImmutableCollection                                   : loaded 3 times (x 121B)
Class com.google.common.base.CharMatcher$AnyOf                                        : loaded 3 times (x 108B)
Class com.google.common.base.CharMatcher$ForPredicate                                 : loaded 3 times (x 108B)
Class com.google.common.collect.Iterators$6                                           : loaded 3 times (x 77B)
Class com.google.common.collect.Sets$3                                                : loaded 3 times (x 135B)
Class com.google.common.collect.ImmutableSet$JdkBackedSetBuilderImpl                  : loaded 3 times (x 72B)
Class com.google.common.collect.Iterators$5                                           : loaded 3 times (x 78B)
Class com.google.common.collect.Iterators$4                                           : loaded 3 times (x 78B)
Class com.google.common.collect.AbstractListMultimap                                  : loaded 3 times (x 168B)
Class com.google.common.collect.ImmutableBiMap                                        : loaded 3 times (x 139B)
Class com.google.common.collect.SortedIterable                                        : loaded 3 times (x 66B)
Class com.google.common.collect.SingletonImmutableSet                                 : loaded 3 times (x 142B)
Class com.google.common.collect.ImmutableMap$IteratorBasedImmutableMap                : loaded 3 times (x 122B)
Class com.google.common.collect.Iterators$1                                           : loaded 3 times (x 77B)
Class com.google.common.collect.ImmutableList$ReverseImmutableList                    : loaded 3 times (x 205B)
Class com.google.common.collect.RegularImmutableMap$KeySet                            : loaded 3 times (x 148B)
Class com.google.common.collect.Sets$4                                                : loaded 3 times (x 135B)
Class com.google.common.collect.SingletonImmutableList                                : loaded 3 times (x 203B)
Class com.google.common.base.ExtraObjectsMethodsForWeb                                : loaded 3 times (x 67B)
Class com.google.common.collect.Multimap                                              : loaded 3 times (x 66B)
Class com.google.common.primitives.IntsMethodsForWeb                                  : loaded 3 times (x 67B)
Class com.google.common.collect.ImmutableMap$Builder                                  : loaded 3 times (x 78B)
Class com.google.common.collect.ImmutableMapEntrySet                                  : loaded 3 times (x 148B)
Class com.google.common.math.MathPreconditions                                        : loaded 3 times (x 67B)
Class com.google.common.collect.AbstractIndexedListIterator                           : loaded 3 times (x 92B)
Class com.google.common.collect.ArrayListMultimapGwtSerializationDependencies         : loaded 3 times (x 168B)
Class com.google.common.collect.Multiset                                              : loaded 3 times (x 66B)
Class com.google.common.collect.ObjectArrays                                          : loaded 3 times (x 67B)
Class com.google.common.collect.AbstractIterator                                      : loaded 3 times (x 78B)
Class com.google.common.primitives.Ints                                               : loaded 3 times (x 67B)
Class com.google.common.collect.BiMap                                                 : loaded 3 times (x 66B)
Class com.google.common.collect.ImmutableMap$1                                        : loaded 3 times (x 77B)
Class com.google.common.collect.IndexedImmutableSet                                   : loaded 3 times (x 148B)
Class com.google.common.base.Objects                                                  : loaded 3 times (x 67B)
Class com.google.common.base.CharMatcher$And                                          : loaded 3 times (x 108B)
Class com.google.common.collect.Lists$StringAsImmutableList                           : loaded 3 times (x 203B)
Class com.google.common.collect.TransformedIterator                                   : loaded 3 times (x 76B)
Class com.google.common.collect.Iterators                                             : loaded 3 times (x 67B)
Class com.google.common.collect.MapDifference                                         : loaded 3 times (x 66B)
Class com.google.common.collect.RegularImmutableAsList                                : loaded 3 times (x 213B)
Class com.google.common.collect.ImmutableList$Builder                                 : loaded 3 times (x 73B)
Class com.google.common.collect.AbstractMultimap                                      : loaded 3 times (x 119B)
Class com.google.common.collect.Sets$ImprovedAbstractSet                              : loaded 3 times (x 131B)
Class com.google.common.collect.AbstractSetMultimap                                   : loaded 3 times (x 170B)
Class com.google.common.base.Ascii                                                    : loaded 3 times (x 67B)
Class com.google.common.collect.AbstractMapEntry                                      : loaded 3 times (x 77B)
Class com.google.common.collect.SingletonImmutableBiMap                               : loaded 3 times (x 139B)
Class com.google.common.collect.UnmodifiableIterator                                  : loaded 3 times (x 76B)
Class com.google.common.collect.Platform                                              : loaded 3 times (x 67B)
Class com.google.common.base.Joiner                                                   : loaded 3 times (x 75B)
Class com.google.common.collect.ImmutableCollection$Builder                           : loaded 3 times (x 72B)
Class com.google.common.collect.Iterators$ArrayItr                                    : loaded 3 times (x 93B)
Class com.google.common.collect.Maps$IteratorBasedAbstractMap$1                       : loaded 3 times (x 134B)
Class org.gradle.internal.classpath.TransformedClassPath                              : loaded 2 times (x 92B)
Class org.gradle.internal.classloader.InstrumentingClassLoader                        : loaded 2 times (x 66B)
Class com.google.common.collect.LinkedHashMultimap$ValueSet                           : loaded 2 times (x 138B)
Class com.google.common.cache.CacheBuilder$NullListener                               : loaded 2 times (x 78B)
Class com.google.common.collect.ImmutableListMultimap                                 : loaded 2 times (x 172B)
Class org.objectweb.asm.FieldWriter                                                   : loaded 2 times (x 74B)
Class com.google.common.reflect.Invokable                                             : loaded 2 times (x 99B)
Class jdk.internal.jrtfs.SystemImage$1                                                : loaded 2 times (x 74B)
Class [Lkotlin.annotation.AnnotationTarget;                                           : loaded 2 times (x 65B)
Class kotlin.jvm.internal.FunctionReference                                           : loaded 2 times (x 118B)
Class [Lkotlin.coroutines.intrinsics.CoroutineSingletons;                             : loaded 2 times (x 65B)
Class kotlin.jvm.internal.FunctionBase                                                : loaded 2 times (x 66B)
Class kotlin.enums.EnumEntriesList                                                    : loaded 2 times (x 219B)
Class com.google.common.reflect.Types$ParameterizedTypeImpl                           : loaded 2 times (x 77B)
Class org.apache.commons.io.output.UnsynchronizedByteArrayOutputStream                : loaded 2 times (x 98B)
Class com.google.common.collect.ImmutableRangeSet$AsSet                               : loaded 2 times (x 296B)
Class com.google.common.cache.CacheLoader$FunctionToCacheLoader                       : loaded 2 times (x 71B)
Class com.google.common.collect.EmptyImmutableListMultimap                            : loaded 2 times (x 172B)
Class com.google.common.collect.BaseImmutableMultimap                                 : loaded 2 times (x 119B)
Class kotlin._Assertions                                                              : loaded 2 times (x 67B)
Class jdk.internal.jrtfs.SystemImage$2                                                : loaded 2 times (x 72B)
Class kotlin.collections.builders.AbstractMapBuilderEntrySet                          : loaded 2 times (x 140B)
Class kotlin.comparisons.ComparisonsKt___ComparisonsJvmKt                             : loaded 2 times (x 67B)
Class kotlin.collections.builders.ListBuilder$Companion                               : loaded 2 times (x 67B)
Class kotlin.collections.builders.ListBuilder                                         : loaded 2 times (x 203B)
Class kotlin.collections.CollectionsKt__IteratorsJVMKt                                : loaded 2 times (x 67B)
Class com.google.common.reflect.TypeResolver$TypeVariableKey                          : loaded 2 times (x 68B)
Class org.apache.commons.io.output.ByteArrayOutputStream                              : loaded 2 times (x 98B)
Class com.google.common.base.MoreObjects                                              : loaded 2 times (x 67B)
Class kotlin.text.Regex$Companion                                                     : loaded 2 times (x 67B)
Class com.google.common.base.Splitter$1                                               : loaded 2 times (x 73B)
Class kotlin.reflect.KProperty0                                                       : loaded 2 times (x 66B)
Class kotlin.Result                                                                   : loaded 2 times (x 68B)
Class [Lorg.objectweb.asm.Attribute;                                                  : loaded 2 times (x 65B)
Class [Lorg.objectweb.asm.Type;                                                       : loaded 2 times (x 65B)
Class org.gradle.internal.service.ServiceLocator                                      : loaded 2 times (x 66B)
Class com.google.common.cache.LocalCache$Strength$3                                   : loaded 2 times (x 77B)
Class com.google.common.io.ByteStreams                                                : loaded 2 times (x 67B)
Class [Lcom.google.common.collect.Maps$EntryFunction;                                 : loaded 2 times (x 65B)
Class com.google.common.collect.Iterators$SingletonIterator                           : loaded 2 times (x 77B)
Class jdk.internal.jrtfs.JrtFileSystemProvider                                        : loaded 2 times (x 97B)
Class kotlin.reflect.KClass                                                           : loaded 2 times (x 66B)
Class kotlin.reflect.KProperty1                                                       : loaded 2 times (x 66B)
Class kotlin.sequences.TransformingSequence$iterator$1                                : loaded 2 times (x 75B)
Class kotlin.Pair                                                                     : loaded 2 times (x 68B)
Class com.google.common.collect.HashBiMap$BiEntry                                     : loaded 2 times (x 79B)
Class com.google.common.cache.LocalCache$1                                            : loaded 2 times (x 85B)
Class org.objectweb.asm.Handle                                                        : loaded 2 times (x 68B)
Class kotlin.collections.CollectionsKt__CollectionsKt                                 : loaded 2 times (x 67B)
Class kotlin.collections.ArraysKt___ArraysJvmKt                                       : loaded 2 times (x 67B)
Class kotlin.text.StringsKt__RegexExtensionsJVMKt                                     : loaded 2 times (x 67B)
Class kotlin.sequences.GeneratorSequence$iterator$1                                   : loaded 2 times (x 75B)
Class kotlin.reflect.KProperty2                                                       : loaded 2 times (x 66B)
Class kotlin.collections.CollectionsKt__MutableCollectionsKt                          : loaded 2 times (x 67B)
Class kotlin.io.CloseableKt                                                           : loaded 2 times (x 67B)
Class com.google.common.reflect.TypeToken$SimpleTypeToken                             : loaded 2 times (x 69B)
Class com.google.common.cache.LocalCache$2                                            : loaded 2 times (x 138B)
Class com.google.common.collect.SortedIterables                                       : loaded 2 times (x 67B)
Class kotlin.reflect.KTypeParameter                                                   : loaded 2 times (x 66B)
Class kotlin.streams.jdk8.StreamsKt                                                   : loaded 2 times (x 67B)
Class kotlin.io.TerminateException                                                    : loaded 2 times (x 78B)
Class kotlin.io.FilesKt__FilePathComponentsKt                                         : loaded 2 times (x 67B)
Class kotlin.reflect.KCallable                                                        : loaded 2 times (x 66B)
Class kotlin.coroutines.CoroutineContext$Element                                      : loaded 2 times (x 66B)
Class com.google.common.collect.ImmutableRangeSet$1                                   : loaded 2 times (x 206B)
Class com.google.common.util.concurrent.AbstractFuture$UnsafeAtomicHelper$1           : loaded 2 times (x 72B)
Class com.google.common.base.CaseFormat$5                                             : loaded 2 times (x 79B)
Class kotlin.io.LinesSequence$iterator$1                                              : loaded 2 times (x 75B)
Class kotlin.collections.AbstractIterator                                             : loaded 2 times (x 79B)
Class kotlin.text.CharsKt                                                             : loaded 2 times (x 67B)
Class com.google.common.base.Optional                                                 : loaded 2 times (x 76B)
Class com.google.common.collect.Range                                                 : loaded 2 times (x 83B)
Class com.google.common.util.concurrent.AbstractFuture$Trusted                        : loaded 2 times (x 66B)
Class com.google.common.collect.ExplicitOrdering                                      : loaded 2 times (x 111B)
Class com.google.common.collect.AllEqualOrdering                                      : loaded 2 times (x 110B)
Class jdk.internal.jimage.ImageLocation                                               : loaded 2 times (x 86B)
Class jdk.internal.jrtfs.JrtDirectoryStream$1                                         : loaded 2 times (x 79B)
Class kotlin.coroutines.ContinuationInterceptor$Key                                   : loaded 2 times (x 67B)
Class kotlin.text.DelimitedRangesSequence$iterator$1                                  : loaded 2 times (x 75B)
Class com.google.common.util.concurrent.UncheckedExecutionException                   : loaded 2 times (x 78B)
Class org.gradle.kotlin.dsl.VersionCatalogAccessorsKt                                 : loaded 2 times (x 67B)
Class kotlin.collections.builders.MapBuilder$EntriesItr                               : loaded 2 times (x 77B)
Class kotlin.jvm.internal.Ref$IntRef                                                  : loaded 2 times (x 67B)
Class org.gradle.internal.InternalTransformer                                         : loaded 2 times (x 66B)
Class com.google.common.collect.ImmutableBiMap$Builder                                : loaded 2 times (x 78B)
Class com.google.common.cache.LocalCache$Strength$2                                   : loaded 2 times (x 77B)
Class jdk.internal.jimage.ImageBufferCache$1                                          : loaded 2 times (x 79B)
Class kotlin.DeprecationLevel                                                         : loaded 2 times (x 75B)
Class kotlin.collections.ArraysKt___ArraysKt$asSequence$$inlined$Sequence$1           : loaded 2 times (x 71B)
Class kotlin.time.DurationUnitKt__DurationUnitJvmKt                                   : loaded 2 times (x 67B)
Class kotlin.jvm.JvmStatic                                                            : loaded 2 times (x 66B)
Class kotlin.collections.MapsKt__MapsJVMKt                                            : loaded 2 times (x 67B)
Class kotlin.collections.EmptyList                                                    : loaded 2 times (x 170B)
Class com.google.common.collect.AbstractMapBasedMultimap$KeySet$1                     : loaded 2 times (x 78B)
Class org.objectweb.asm.ClassWriter                                                   : loaded 2 times (x 102B)
Class com.google.common.cache.CacheLoader$UnsupportedLoadingOperationException        : loaded 2 times (x 78B)
Class org.gradle.internal.classloader.ClasspathUtil$1                                 : loaded 2 times (x 72B)
Class com.google.common.util.concurrent.SettableFuture                                : loaded 2 times (x 110B)
Class org.apache.commons.io.output.QueueOutputStream                                  : loaded 2 times (x 83B)
Class com.google.common.collect.Collections2$FilteredCollection                       : loaded 2 times (x 115B)
Class com.google.common.reflect.Types$ClassOwnership$3                                : loaded 2 times (x 67B)
Class jdk.internal.jimage.ImageBufferCache$2                                          : loaded 2 times (x 87B)
Class kotlin.collections.builders.ListBuilderKt                                       : loaded 2 times (x 67B)
Class com.google.common.collect.FluentIterable$1                                      : loaded 2 times (x 77B)
Class org.objectweb.asm.FieldVisitor                                                  : loaded 2 times (x 73B)
Class org.gradle.api.internal.classpath.DefaultModuleRegistry$DefaultModule           : loaded 2 times (x 82B)
Class com.google.common.collect.NullsFirstOrdering                                    : loaded 2 times (x 111B)
Class kotlin.coroutines.jvm.internal.ContinuationImpl                                 : loaded 2 times (x 83B)
Class kotlin.coroutines.jvm.internal.SuspendLambda                                    : loaded 2 times (x 87B)
Class kotlin.ResultKt                                                                 : loaded 2 times (x 67B)
Class com.google.common.reflect.Reflection                                            : loaded 2 times (x 67B)
Class com.google.common.collect.FluentIterable$2                                      : loaded 2 times (x 77B)
Class com.google.common.base.Absent                                                   : loaded 2 times (x 76B)
Class kotlin.collections.MapWithDefault                                               : loaded 2 times (x 66B)
Class kotlin.jvm.functions.Function22                                                 : loaded 2 times (x 66B)
Class kotlin.annotation.AnnotationRetention                                           : loaded 2 times (x 75B)
Class kotlin.collections.builders.MapBuilderEntries                                   : loaded 2 times (x 141B)
Class com.google.common.base.CaseFormat$4                                             : loaded 2 times (x 79B)
Class kotlin.collections.IndexingIterable                                             : loaded 2 times (x 75B)
Class kotlin.Result$Failure                                                           : loaded 2 times (x 68B)
Class kotlin.collections.ArraysKt__ArraysKt                                           : loaded 2 times (x 67B)
Class com.google.common.collect.FluentIterable$3                                      : loaded 2 times (x 77B)
Class com.google.common.cache.LocalCache$Strength$1                                   : loaded 2 times (x 77B)
Class dagger.hilt.processor.internal.optionvalues.GradleProjectType                   : loaded 2 times (x 75B)
Class kotlin.collections.SetsKt__SetsJVMKt                                            : loaded 2 times (x 67B)
Class kotlin.Function                                                                 : loaded 2 times (x 66B)
Class org.apache.commons.io.output.NullOutputStream                                   : loaded 2 times (x 81B)
Class org.gradle.api.internal.classpath.Module                                        : loaded 2 times (x 66B)
Class [Lcom.google.common.collect.LinkedHashMultimap$ValueSetLink;                    : loaded 2 times (x 65B)
Class kotlin.KotlinVersion                                                            : loaded 2 times (x 70B)
Class kotlin.reflect.KMutableProperty                                                 : loaded 2 times (x 66B)
Class kotlin.io.FileAlreadyExistsException                                            : loaded 2 times (x 78B)
Class kotlin.internal.ProgressionUtilKt                                               : loaded 2 times (x 67B)
Class com.google.common.cache.Weigher                                                 : loaded 2 times (x 66B)
Class org.gradle.api.internal.classpath.UnknownModuleException                        : loaded 2 times (x 78B)
Class jdk.internal.jimage.ImageHeader                                                 : loaded 2 times (x 67B)
Class kotlin.jvm.internal.PropertyReference                                           : loaded 2 times (x 111B)
Class com.google.common.base.Stopwatch                                                : loaded 2 times (x 68B)
Class com.google.common.cache.LocalCache$Strength                                     : loaded 2 times (x 77B)
Class com.google.common.cache.Cache                                                   : loaded 2 times (x 66B)
Class org.objectweb.asm.ModuleVisitor                                                 : loaded 2 times (x 77B)
Class kotlin.collections.IndexingIterator                                             : loaded 2 times (x 75B)
Class com.google.common.util.concurrent.AbstractFuture$Cancellation                   : loaded 2 times (x 68B)
Class com.google.common.base.NullnessCasts                                            : loaded 2 times (x 67B)
Class com.google.common.collect.Maps$TransformedEntriesMap                            : loaded 2 times (x 123B)
Class com.google.common.collect.LinkedHashMultimap                                    : loaded 2 times (x 171B)
Class com.google.common.collect.AbstractMapBasedMultimap$AsMap$AsMapIterator          : loaded 2 times (x 79B)
Class [Lkotlin.reflect.KAnnotatedElement;                                             : loaded 2 times (x 65B)
Class com.google.common.base.Throwables                                               : loaded 2 times (x 67B)
Class com.google.common.collect.Maps$EntryFunction$1                                  : loaded 2 times (x 87B)
Class com.google.common.base.Present                                                  : loaded 2 times (x 77B)
Class com.google.common.collect.AbstractMapBasedMultimap$WrappedCollection$WrappedIterator: loaded 2 times (x 80B)
Class com.google.common.cache.RemovalListener                                         : loaded 2 times (x 66B)
Class org.gradle.api.internal.DefaultClassPathRegistry                                : loaded 2 times (x 72B)
Class com.google.common.io.ByteArrayDataInput                                         : loaded 2 times (x 66B)
Class com.google.common.collect.ImmutableMultimap$Keys                                : loaded 2 times (x 162B)
Class com.google.common.reflect.TypeResolver                                          : loaded 2 times (x 68B)
Class kotlin.annotation.AnnotationTarget                                              : loaded 2 times (x 75B)
Class kotlin.jvm.JvmClassMappingKt                                                    : loaded 2 times (x 67B)
Class kotlin.jvm.internal.Reflection                                                  : loaded 2 times (x 67B)
Class kotlin.reflect.KProperty                                                        : loaded 2 times (x 66B)
Class kotlin.ranges.ClosedRange                                                       : loaded 2 times (x 66B)
Class com.google.common.reflect.Invokable$ConstructorInvokable                        : loaded 2 times (x 103B)
Class com.google.common.collect.Maps$EntryFunction$2                                  : loaded 2 times (x 87B)
Class org.gradle.api.internal.ClassPathRegistry                                       : loaded 2 times (x 66B)
Class org.gradle.internal.classpath.DefaultClassPath$ImmutableUniqueList              : loaded 2 times (x 195B)
Class com.google.common.reflect.Types$ClassOwnership$2                                : loaded 2 times (x 76B)
Class jdk.internal.jimage.decompressor.ResourceDecompressor                           : loaded 2 times (x 66B)
Class kotlin.jvm.internal.TypeIntrinsics                                              : loaded 2 times (x 67B)
Class kotlin.collections.IntIterator                                                  : loaded 2 times (x 78B)
Class kotlin.text.StringsKt__StringsJVMKt                                             : loaded 2 times (x 67B)
Class com.google.common.reflect.TypeToken                                             : loaded 2 times (x 69B)
Class org.apache.commons.io.IOUtils                                                   : loaded 2 times (x 67B)
Class kotlin.jvm.functions.Function21                                                 : loaded 2 times (x 66B)
Class kotlin.time.DurationUnit                                                        : loaded 2 times (x 75B)
Class kotlin.text.StringsKt__IndentKt                                                 : loaded 2 times (x 67B)
Class kotlin.collections.SetsKt                                                       : loaded 2 times (x 67B)
Class com.google.common.base.CaseFormat$3                                             : loaded 2 times (x 79B)
Class com.google.common.cache.CacheBuilder                                            : loaded 2 times (x 68B)
Class Settings_gradle$1                                                               : loaded 2 times (x 71B)
Class org.gradle.internal.classpath.ClassPath                                         : loaded 2 times (x 66B)
Class org.gradle.api.UncheckedIOException                                             : loaded 2 times (x 78B)
Class com.google.common.collect.LinkedHashMultimap$ValueSet$1                         : loaded 2 times (x 78B)
Class com.google.common.base.Equivalence$Wrapper                                      : loaded 2 times (x 68B)
Class [Lcom.google.common.collect.LinkedHashMultimap$ValueEntry;                      : loaded 2 times (x 65B)
Class kotlin.collections.ArrayDeque                                                   : loaded 2 times (x 203B)
Class kotlin.reflect.KFunction                                                        : loaded 2 times (x 66B)
Class [Lcom.google.common.reflect.Types$JavaVersion;                                  : loaded 2 times (x 65B)
Class com.google.common.base.JdkPattern                                               : loaded 2 times (x 71B)
Class com.google.common.collect.Sets$1$1                                              : loaded 2 times (x 78B)
Class kotlin.time.DurationUnitKt__DurationUnitKt                                      : loaded 2 times (x 67B)
Class [Lkotlin.reflect.KDeclarationContainer;                                         : loaded 2 times (x 65B)
Class kotlin.jvm.internal.Lambda                                                      : loaded 2 times (x 71B)
Class kotlin.collections.MapsKt__MapsKt                                               : loaded 2 times (x 67B)
Class org.objectweb.asm.SymbolTable$Entry                                             : loaded 2 times (x 70B)
Class com.google.common.util.concurrent.AbstractFuture$AtomicHelper                   : loaded 2 times (x 74B)
Class [Lcom.google.common.base.CaseFormat;                                            : loaded 2 times (x 65B)
Class org.gradle.internal.service.UnknownServiceException                             : loaded 2 times (x 79B)
Class jdk.internal.jimage.ImageStringsReader                                          : loaded 2 times (x 76B)
Class kotlin.jvm.internal.markers.KMutableMap$Entry                                   : loaded 2 times (x 66B)
Class org.objectweb.asm.Edge                                                          : loaded 2 times (x 68B)
Class com.google.common.base.Suppliers$SupplierOfInstance                             : loaded 2 times (x 75B)
Class com.google.common.base.AbstractIterator$State                                   : loaded 2 times (x 75B)
Class com.google.common.cache.LocalCache$LocalLoadingCache                            : loaded 2 times (x 130B)
Class kotlin.properties.Delegates                                                     : loaded 2 times (x 67B)
Class kotlin.Metadata                                                                 : loaded 2 times (x 66B)
Class kotlin.collections.AbstractMutableSet                                           : loaded 2 times (x 138B)
Class com.google.devtools.ksp.processing.KSPJvmConfig                                 : loaded 2 times (x 68B)
Class kotlin.UninitializedPropertyAccessException                                     : loaded 2 times (x 78B)
Class com.google.common.reflect.TypeToken$1                                           : loaded 2 times (x 106B)
Class com.google.common.cache.LocalCache$ComputingValueReference                      : loaded 2 times (x 92B)
Class com.google.common.collect.MultimapBuilder                                       : loaded 2 times (x 69B)
Class com.google.common.collect.AbstractMapBasedMultimap$AsMap$AsMapEntries           : loaded 2 times (x 134B)
Class jdk.internal.jimage.ImageReader                                                 : loaded 2 times (x 71B)
Class kotlin.reflect.KProperty$Getter                                                 : loaded 2 times (x 66B)
Class com.google.common.reflect.TypeToken$2                                           : loaded 2 times (x 106B)
Class com.google.common.cache.LocalCache$Segment                                      : loaded 2 times (x 150B)
Class com.google.common.util.concurrent.AbstractFuture$SafeAtomicHelper               : loaded 2 times (x 75B)
Class [Lorg.objectweb.asm.AnnotationVisitor;                                          : loaded 2 times (x 65B)
Class com.google.common.reflect.Types$ClassOwnership$1                                : loaded 2 times (x 76B)
Class kotlin.collections.CollectionsKt___CollectionsKt$asSequence$$inlined$Sequence$1 : loaded 2 times (x 71B)
Class jdk.internal.jimage.ImageReader$SharedImageReader                               : loaded 2 times (x 91B)
Class kotlin.time.DurationJvmKt                                                       : loaded 2 times (x 67B)
Class kotlin.SafePublicationLazyImpl                                                  : loaded 2 times (x 72B)
Class [Lorg.objectweb.asm.SymbolTable$Entry;                                          : loaded 2 times (x 65B)
Class com.google.common.cache.CacheLoader                                             : loaded 2 times (x 70B)
Class org.gradle.internal.installation.GradleInstallation$1                           : loaded 2 times (x 71B)
Class org.gradle.api.internal.classpath.ModuleRegistry                                : loaded 2 times (x 66B)
Class kotlin.jvm.functions.Function20                                                 : loaded 2 times (x 66B)
Class jdk.internal.jrtfs.SystemImage                                                  : loaded 2 times (x 70B)
Class jdk.internal.jimage.decompressor.ResourceDecompressorFactory                    : loaded 2 times (x 70B)
Class com.google.devtools.ksp.processing.KSPLogger                                    : loaded 2 times (x 66B)
Class org.apache.commons.io.output.NullWriter                                         : loaded 2 times (x 95B)
Class com.google.common.util.concurrent.internal.InternalFutureFailureAccess          : loaded 2 times (x 68B)
Class com.google.common.base.Splitter$SplittingIterator                               : loaded 2 times (x 80B)
Class com.google.common.collect.MultimapBuilder$ArrayListSupplier                     : loaded 2 times (x 73B)
Class com.google.common.collect.ImmutableSortedAsList                                 : loaded 2 times (x 217B)
Class com.google.common.base.CaseFormat$2                                             : loaded 2 times (x 79B)
Class com.google.common.collect.ImmutableMultimap$Values                              : loaded 2 times (x 122B)
Class org.gradle.api.internal.ClassPathProvider                                       : loaded 2 times (x 66B)
Class kotlin.text.RegexKt                                                             : loaded 2 times (x 67B)
Class kotlin.time.Duration$Companion                                                  : loaded 2 times (x 67B)
Class kotlin.coroutines.intrinsics.IntrinsicsKt__IntrinsicsKt                         : loaded 2 times (x 67B)
Class com.google.common.collect.HashBiMap$Inverse                                     : loaded 2 times (x 138B)
Class com.google.common.util.concurrent.AbstractFuture$UnsafeAtomicHelper             : loaded 2 times (x 74B)
Class com.google.common.cache.LocalCache$LocalManualCache$1                           : loaded 2 times (x 71B)
Class com.google.common.collect.Multimaps$CustomListMultimap                          : loaded 2 times (x 170B)
Class [Lorg.gradle.api.internal.ClassPathProvider;                                    : loaded 2 times (x 65B)
Class [Lcom.google.common.base.Function;                                              : loaded 2 times (x 65B)
Class jdk.internal.jimage.ImageReader$Node                                            : loaded 2 times (x 80B)
Class kotlin.io.FilesKt__UtilsKt                                                      : loaded 2 times (x 67B)
Class kotlin.collections.CollectionsKt__CollectionsJVMKt                              : loaded 2 times (x 67B)
Class com.google.common.collect.Multimaps$CustomSetMultimap                           : loaded 2 times (x 174B)
Class org.gradle.api.internal.classpath.DefaultModuleRegistry                         : loaded 2 times (x 82B)
Class com.google.common.collect.LinkedHashMultimap$ValueSetLink                       : loaded 2 times (x 66B)
Class kotlin.sequences.Sequence                                                       : loaded 2 times (x 66B)
Class kotlin.text.StringsKt__StringNumberConversionsJVMKt                             : loaded 2 times (x 67B)
Class kotlin.sequences.SequenceScope                                                  : loaded 2 times (x 69B)
Class jdk.internal.jimage.BasicImageReader$1                                          : loaded 2 times (x 73B)
Class kotlin.collections.IndexedValue                                                 : loaded 2 times (x 68B)
Class kotlin.KotlinVersionCurrentValue                                                : loaded 2 times (x 67B)
Class kotlin.collections.builders.MapBuilder$Itr                                      : loaded 2 times (x 68B)
Class kotlin.sequences.SequencesKt                                                    : loaded 2 times (x 67B)
Class kotlin.collections.CollectionsKt__IteratorsKt                                   : loaded 2 times (x 67B)
Class com.google.common.util.concurrent.ListenableFuture                              : loaded 2 times (x 66B)
Class com.google.common.cache.ReferenceEntry                                          : loaded 2 times (x 66B)
Class com.google.common.collect.ImmutableMapValues                                    : loaded 2 times (x 122B)
Class kotlin.text.MatchResult                                                         : loaded 2 times (x 66B)
Class kotlin.collections.builders.MapBuilder$EntryRef                                 : loaded 2 times (x 77B)
Class com.google.common.base.CaseFormat$1                                             : loaded 2 times (x 79B)
Class com.google.common.collect.LinkedHashMultimapGwtSerializationDependencies        : loaded 2 times (x 170B)
Class kotlin.jvm.internal.markers.KMutableSet                                         : loaded 2 times (x 66B)
Class kotlin.text.StringsKt                                                           : loaded 2 times (x 67B)
Class com.google.common.util.concurrent.AbstractFuture                                : loaded 2 times (x 102B)
Class com.google.common.collect.ImmutableMultiset                                     : loaded 2 times (x 159B)
Class com.google.common.base.CaseFormat$StringConverter                               : loaded 2 times (x 86B)
Class kotlin.coroutines.jvm.internal.RestrictedContinuationImpl                       : loaded 2 times (x 83B)
Class kotlin.coroutines.CoroutineContext$Key                                          : loaded 2 times (x 66B)
Class kotlin.LazyKt__LazyJVMKt                                                        : loaded 2 times (x 67B)
Class com.google.common.reflect.TypeResolver$TypeTable                                : loaded 2 times (x 69B)
Class org.objectweb.asm.RecordComponentVisitor                                        : loaded 2 times (x 73B)
Class com.google.common.cache.CacheLoader$SupplierToCacheLoader                       : loaded 2 times (x 71B)
Class com.google.common.collect.UsingToStringOrdering                                 : loaded 2 times (x 110B)
Class com.google.common.collect.NaturalOrdering                                       : loaded 2 times (x 111B)
Class org.gradle.api.internal.DefaultClassPathProvider                                : loaded 2 times (x 72B)
Class jdk.internal.jimage.ImageReader$Resource                                        : loaded 2 times (x 80B)
Class kotlin.text.MatchNamedGroupCollection                                           : loaded 2 times (x 66B)
Class [Lkotlin.Pair;                                                                  : loaded 2 times (x 65B)
Class kotlin.jvm.internal.markers.KMutableList                                        : loaded 2 times (x 66B)
Class kotlin.io.FilesKt__FileReadWriteKt                                              : loaded 2 times (x 67B)
Class kotlin.text.StringsKt__StringNumberConversionsKt                                : loaded 2 times (x 67B)
Class com.google.common.reflect.TypeResolver$TypeTable$1                              : loaded 2 times (x 69B)
Class org.gradle.internal.service.ServiceLookupException                              : loaded 2 times (x 78B)
Class com.google.common.base.Splitter                                                 : loaded 2 times (x 68B)
Class jdk.internal.jrtfs.JrtFileAttributes                                            : loaded 2 times (x 79B)
Class kotlin.sequences.SequencesKt___SequencesKt$sortedWith$1                         : loaded 2 times (x 71B)
Class [Lkotlin.sequences.Sequence;                                                    : loaded 2 times (x 65B)
Class kotlin.jvm.internal.MutablePropertyReference1Impl                               : loaded 2 times (x 133B)
Class com.google.common.collect.Lists$ReverseList                                     : loaded 2 times (x 196B)
Class [Lcom.google.common.cache.LocalCache$EntryFactory;                              : loaded 2 times (x 65B)
Class org.gradle.internal.classloader.ClassLoaderFactory                              : loaded 2 times (x 66B)
Class org.objectweb.asm.AnnotationVisitor                                             : loaded 2 times (x 74B)
Class org.apache.commons.io.CloseableURLConnection                                    : loaded 2 times (x 112B)
Class com.google.common.cache.LocalCache$LocalManualCache                             : loaded 2 times (x 95B)
Class com.google.common.base.CommonPattern                                            : loaded 2 times (x 70B)
Class org.gradle.internal.service.CachingServiceLocator                               : loaded 2 times (x 78B)
Class com.google.common.collect.Streams                                               : loaded 2 times (x 67B)
Class com.google.common.collect.LinkedHashMultimap$ValueEntry                         : loaded 2 times (x 85B)
Class com.google.common.collect.ImmutableSet$SerializedForm                           : loaded 2 times (x 69B)
Class kotlin.jvm.internal.AdaptedFunctionReference                                    : loaded 2 times (x 73B)
Class kotlin.jvm.internal.CallableReference                                           : loaded 2 times (x 102B)
Class kotlin.collections.AbstractList$IteratorImpl                                    : loaded 2 times (x 78B)
Class com.google.common.collect.AbstractMapBasedMultimap$KeySet                       : loaded 2 times (x 133B)
Class [Lkotlin.reflect.KCallable;                                                     : loaded 2 times (x 65B)
Class kotlin.properties.ReadOnlyProperty                                              : loaded 2 times (x 66B)
Class kotlin.jvm.internal.markers.KMutableMap                                         : loaded 2 times (x 66B)
Class kotlin.ranges.IntRange                                                          : loaded 2 times (x 89B)
Class com.google.common.reflect.Types$TypeVariableInvocationHandler                   : loaded 2 times (x 71B)
Class [Lcom.google.common.collect.HashBiMap$BiEntry;                                  : loaded 2 times (x 65B)
Class com.google.common.collect.ImmutableMultimap                                     : loaded 2 times (x 143B)
Class kotlin.reflect.KProperty$Accessor                                               : loaded 2 times (x 66B)
Class kotlin.jvm.internal.ArrayIteratorKt                                             : loaded 2 times (x 67B)
Class com.google.common.collect.ComparatorOrdering                                    : loaded 2 times (x 111B)
Class kotlin.enums.EnumEntries                                                        : loaded 2 times (x 66B)
Class com.google.common.base.Predicates                                               : loaded 2 times (x 67B)
Class com.google.common.collect.ImmutableRangeSet                                     : loaded 2 times (x 111B)
Class org.apache.commons.io.output.StringBuilderWriter                                : loaded 2 times (x 96B)
Class kotlin.jvm.internal.markers.KMutableListIterator                                : loaded 2 times (x 66B)
Class org.apache.commons.io.output.AbstractByteArrayOutputStream                      : loaded 2 times (x 98B)
Class com.google.common.cache.CacheBuilder$OneWeigher                                 : loaded 2 times (x 78B)
Class jdk.internal.jimage.ImageBufferCache                                            : loaded 2 times (x 67B)
Class jdk.internal.jrtfs.JrtPath                                                      : loaded 2 times (x 114B)
Class com.google.common.reflect.Types$ClassOwnership$1LocalClass                      : loaded 2 times (x 67B)
Class com.google.common.collect.Maps$EntryFunction                                    : loaded 2 times (x 87B)
Class org.gradle.internal.classloader.ClasspathUtil                                   : loaded 2 times (x 67B)
Class kotlin.jvm.internal.PropertyReference0                                          : loaded 2 times (x 123B)
Class kotlin.sequences.EmptySequence                                                  : loaded 2 times (x 74B)
Class kotlin.io.FileSystemException                                                   : loaded 2 times (x 78B)
Class com.google.common.base.Charsets                                                 : loaded 2 times (x 67B)
Class com.google.common.util.concurrent.Uninterruptibles                              : loaded 2 times (x 67B)
Class [Lorg.apache.commons.io.StandardLineSeparator;                                  : loaded 2 times (x 65B)
Class kotlin.text.StringsKt__AppendableKt                                             : loaded 2 times (x 67B)
Class kotlin.jvm.internal.DefaultConstructorMarker                                    : loaded 2 times (x 67B)
Class kotlin.jvm.internal.PropertyReference1                                          : loaded 2 times (x 123B)
Class org.gradle.api.specs.Spec                                                       : loaded 2 times (x 66B)
Class com.google.common.collect.MultimapBuilder$ListMultimapBuilder                   : loaded 2 times (x 71B)
Class kotlin.coroutines.ContinuationInterceptor                                       : loaded 2 times (x 66B)
Class jdk.internal.jimage.ImageReader$SharedImageReader$LocationVisitor               : loaded 2 times (x 66B)
Class kotlin.jvm.internal.MutablePropertyReference                                    : loaded 2 times (x 115B)
Class kotlin.UnsafeLazyImpl                                                           : loaded 2 times (x 72B)
Class kotlin.LazyKt__LazyJVMKt$WhenMappings                                           : loaded 2 times (x 67B)
Class com.google.common.reflect.Types$JavaVersion                                     : loaded 2 times (x 79B)
Class com.google.common.collect.CollectSpliterators$1WithCharacteristics              : loaded 2 times (x 86B)
Class kotlin.jvm.internal.ArrayIterator                                               : loaded 2 times (x 75B)
Class kotlin.LazyThreadSafetyMode                                                     : loaded 2 times (x 75B)
Class com.google.common.cache.LocalCache$LoadingValueReference                        : loaded 2 times (x 92B)
Class com.google.common.collect.CollectSpliterators                                   : loaded 2 times (x 67B)
Class com.google.common.collect.AbstractMapBasedMultimap$AsMap                        : loaded 2 times (x 124B)
Class jdk.internal.jimage.decompressor.ResourceDecompressorRepository                 : loaded 2 times (x 67B)
Class kotlin.jvm.internal.SpreadBuilder                                               : loaded 2 times (x 72B)
Class kotlin.collections.EmptyIterator                                                : loaded 2 times (x 85B)
Class kotlin.text.StringsKt__RegexExtensionsKt                                        : loaded 2 times (x 67B)
Class kotlin.SynchronizedLazyImpl                                                     : loaded 2 times (x 72B)
Class com.google.common.collect.AbstractIterator$1                                    : loaded 2 times (x 67B)
Class com.google.common.reflect.Invokable$MethodInvokable                             : loaded 2 times (x 103B)
Class com.google.common.base.Platform                                                 : loaded 2 times (x 67B)
Class com.google.common.collect.CompoundOrdering                                      : loaded 2 times (x 111B)
Class org.gradle.api.internal.classpath.EffectiveClassPath                            : loaded 2 times (x 86B)
Class jdk.internal.jimage.ImageReader$Directory                                       : loaded 2 times (x 80B)
Class kotlin.io.FilePathComponents                                                    : loaded 2 times (x 68B)
Class kotlin.coroutines.jvm.internal.RestrictedSuspendLambda                          : loaded 2 times (x 87B)
Class kotlin.sequences.SequencesKt__SequencesJVMKt                                    : loaded 2 times (x 67B)
Class kotlin.collections.AbstractList                                                 : loaded 2 times (x 193B)
Class kotlin.collections.AbstractCollection                                           : loaded 2 times (x 113B)
Class com.google.devtools.ksp.processing.KspGradleLogger$Companion                    : loaded 2 times (x 67B)
Class [Lorg.objectweb.asm.AnnotationWriter;                                           : loaded 2 times (x 65B)
Class com.google.common.collect.Maps$9                                                : loaded 2 times (x 72B)
Class kotlin.io.FileTreeWalk$FileTreeWalkIterator                                     : loaded 2 times (x 79B)
Class kotlin.text.Regex                                                               : loaded 2 times (x 68B)
Class kotlin.Triple                                                                   : loaded 2 times (x 68B)
Class kotlin.sequences.SequencesKt__SequenceBuilderKt$sequence$$inlined$Sequence$1    : loaded 2 times (x 71B)
Class kotlin.text.StringsKt__StringBuilderJVMKt                                       : loaded 2 times (x 67B)
Class kotlin.collections.ArrayAsCollection                                            : loaded 2 times (x 101B)
Class kotlin.LazyKt__LazyKt                                                           : loaded 2 times (x 67B)
Class com.google.common.base.Predicates$CompositionPredicate                          : loaded 2 times (x 84B)
Class com.google.common.collect.Lists$ReverseList$1                                   : loaded 2 times (x 95B)
Class com.google.common.collect.ImmutableRangeSet$Builder                             : loaded 2 times (x 73B)
Class com.google.common.cache.LocalCache$StrongValueReference                         : loaded 2 times (x 86B)
Class com.google.common.util.concurrent.AbstractFuture$SynchronizedHelper             : loaded 2 times (x 74B)
Class com.google.common.graph.SuccessorsFunction                                      : loaded 2 times (x 66B)
Class kotlin.jvm.internal.Ref$ObjectRef                                               : loaded 2 times (x 68B)
Class kotlin.jvm.internal.ReflectionFactory                                           : loaded 2 times (x 87B)
Class kotlin.UNINITIALIZED_VALUE                                                      : loaded 2 times (x 67B)
Class org.objectweb.asm.Type                                                          : loaded 2 times (x 68B)
Class org.gradle.internal.classloader.VisitableURLClassLoader$InstrumentingVisitableURLClassLoader: loaded 2 times (x 119B)
Class kotlin.sequences.SequencesKt___SequencesKt$flatMap$2                            : loaded 2 times (x 121B)
Class kotlin.comparisons.ComparisonsKt__ComparisonsKt                                 : loaded 2 times (x 67B)
Class kotlin.jvm.internal.ClassBasedDeclarationContainer                              : loaded 2 times (x 66B)
Class kotlin.coroutines.CoroutineContext$Element$DefaultImpls                         : loaded 2 times (x 67B)
Class kotlin.coroutines.Continuation                                                  : loaded 2 times (x 66B)
Class kotlin.ranges.RangesKt__RangesKt                                                : loaded 2 times (x 67B)
Class kotlin.sequences.SequencesKt__SequencesKt                                       : loaded 2 times (x 67B)
Class kotlin.collections.SetsKt___SetsKt                                              : loaded 2 times (x 67B)
Class org.objectweb.asm.ByteVector                                                    : loaded 2 times (x 75B)
Class [Lcom.google.common.cache.CacheBuilder$NullListener;                            : loaded 2 times (x 65B)
Class org.gradle.internal.classloader.VisitableURLClassLoader$Spec                    : loaded 2 times (x 70B)
Class org.gradle.internal.classpath.DefaultClassPath                                  : loaded 2 times (x 86B)
Class jdk.internal.jimage.decompressor.ZipDecompressorFactory                         : loaded 2 times (x 70B)
Class kotlin.comparisons.ComparisonsKt                                                : loaded 2 times (x 67B)
Class kotlin.comparisons.ComparisonsKt___ComparisonsKt                                : loaded 2 times (x 67B)
Class kotlin.Result$Companion                                                         : loaded 2 times (x 67B)
Class kotlin.coroutines.jvm.internal.BaseContinuationImpl                             : loaded 2 times (x 83B)
Class kotlin.text.CharsKt__CharJVMKt                                                  : loaded 2 times (x 67B)
Class kotlin.sequences.FilteringSequence                                              : loaded 2 times (x 71B)
Class com.google.devtools.ksp.processing.KspGradleLogger                              : loaded 2 times (x 75B)
Class com.google.common.reflect.Types$ClassOwnership                                  : loaded 2 times (x 76B)
Class org.objectweb.asm.Symbol                                                        : loaded 2 times (x 69B)
Class com.google.common.base.AbstractIterator                                         : loaded 2 times (x 76B)
Class [Ldagger.hilt.processor.internal.optionvalues.GradleProjectType;                : loaded 2 times (x 65B)
Class com.google.common.collect.Ordering                                              : loaded 2 times (x 110B)
Class org.gradle.internal.classloader.ClassLoaderVisitor                              : loaded 2 times (x 72B)
Class kotlin.reflect.KType                                                            : loaded 2 times (x 66B)
Class com.google.common.collect.Sets$FilteredSet                                      : loaded 2 times (x 133B)
Class com.google.common.io.Closer                                                     : loaded 2 times (x 74B)
Class com.google.common.base.CharMatcher$Ascii                                        : loaded 2 times (x 108B)
Class org.gradle.internal.classloader.ClassLoaderSpec                                 : loaded 2 times (x 67B)
Class kotlin.jvm.internal.FunctionReferenceImpl                                       : loaded 2 times (x 118B)
Class kotlin.text.DelimitedRangesSequence                                             : loaded 2 times (x 71B)
Class kotlin.collections.CollectionsKt___CollectionsJvmKt                             : loaded 2 times (x 67B)
Class org.objectweb.asm.AnnotationWriter                                              : loaded 2 times (x 75B)
Class com.google.common.cache.CacheStats                                              : loaded 2 times (x 67B)
Class com.google.common.collect.ImmutableMultisetGwtSerializationDependencies         : loaded 2 times (x 121B)
Class com.google.common.base.CharMatcher$None                                         : loaded 2 times (x 108B)
Class kotlin.jdk7.AutoCloseableKt                                                     : loaded 2 times (x 67B)
Class kotlin.time.DurationKt                                                          : loaded 2 times (x 67B)
Class kotlin.TuplesKt                                                                 : loaded 2 times (x 67B)
Class kotlin.jvm.internal.markers.KMutableIterable                                    : loaded 2 times (x 66B)
Class kotlin.sequences.SequencesKt___SequencesJvmKt                                   : loaded 2 times (x 67B)
Class kotlin.Unit                                                                     : loaded 2 times (x 67B)
Class com.google.common.io.Closer$Suppressor                                          : loaded 2 times (x 66B)
Class org.objectweb.asm.RecordComponentWriter                                         : loaded 2 times (x 74B)
Class com.google.common.util.concurrent.AbstractFuture$Listener                       : loaded 2 times (x 68B)
Class Settings_gradle$1$1                                                             : loaded 2 times (x 71B)
Class com.google.common.collect.MultimapBuilder$SortedSetMultimapBuilder              : loaded 2 times (x 73B)
Class kotlin.collections.AbstractList$Companion                                       : loaded 2 times (x 67B)
Class kotlin.ranges.RangesKt                                                          : loaded 2 times (x 67B)
Class [Lorg.objectweb.asm.Label;                                                      : loaded 2 times (x 65B)
Class org.objectweb.asm.Attribute                                                     : loaded 2 times (x 73B)
Class org.gradle.internal.classloader.VisitableURLClassLoader                         : loaded 2 times (x 113B)
Class [Lkotlin.DeprecationLevel;                                                      : loaded 2 times (x 65B)
Class kotlin.sequences.GeneratorSequence                                              : loaded 2 times (x 71B)
Class kotlin.sequences.FlatteningSequence$iterator$1                                  : loaded 2 times (x 75B)
Class kotlin.collections.ArraysUtilJVM                                                : loaded 2 times (x 67B)
Class kotlin.jvm.functions.Function0                                                  : loaded 2 times (x 66B)
Class com.google.common.collect.ImmutableList$SerializedForm                          : loaded 2 times (x 69B)
Class com.google.common.util.concurrent.AbstractFuture$Waiter                         : loaded 2 times (x 68B)
Class Settings_gradle                                                                 : loaded 2 times (x 124B)
Class org.gradle.internal.Cast                                                        : loaded 2 times (x 67B)
Class org.gradle.api.Action                                                           : loaded 2 times (x 66B)
Class kotlin.sequences.SequencesKt___SequencesKt                                      : loaded 2 times (x 67B)
Class kotlin.KotlinVersion$Companion                                                  : loaded 2 times (x 67B)
Class jdk.internal.jimage.decompressor.ZipDecompressor                                : loaded 2 times (x 71B)
Class kotlin.properties.ReadWriteProperty                                             : loaded 2 times (x 66B)
Class kotlin.collections.AbstractMutableList                                          : loaded 2 times (x 202B)
Class kotlin.jvm.functions.Function1                                                  : loaded 2 times (x 66B)
Class com.google.common.collect.HashBiMap                                             : loaded 2 times (x 139B)
Class com.google.common.base.Strings                                                  : loaded 2 times (x 67B)
Class org.objectweb.asm.Handler                                                       : loaded 2 times (x 68B)
Class com.google.common.base.Ticker                                                   : loaded 2 times (x 68B)
Class com.google.common.collect.MultimapBuilder$SetMultimapBuilder                    : loaded 2 times (x 71B)
Class com.google.common.collect.ImmutableSortedSet$Builder                            : loaded 2 times (x 82B)
Class kotlin.text.MatcherMatchResult$groupValues$1                                    : loaded 2 times (x 194B)
Class com.google.common.collect.ReverseNaturalOrdering                                : loaded 2 times (x 110B)
Class kotlin.jvm.internal.markers.KMutableIterator                                    : loaded 2 times (x 66B)
Class kotlin.jvm.functions.Function2                                                  : loaded 2 times (x 66B)
Class kotlin.KotlinNothingValueException                                              : loaded 2 times (x 78B)
Class com.google.devtools.ksp.processing.KSPConfig                                    : loaded 2 times (x 68B)
Class [Lcom.google.common.cache.LocalCache$Segment;                                   : loaded 2 times (x 65B)
Class [Lcom.google.common.cache.LocalCache$Strength;                                  : loaded 2 times (x 65B)
Class com.google.common.cache.CacheBuilder$1                                          : loaded 2 times (x 81B)
Class org.gradle.internal.classpath.DefaultClassPath$ImmutableUniqueList$Builder      : loaded 2 times (x 71B)
Class org.gradle.internal.classloader.DefaultClassLoaderFactory                       : loaded 2 times (x 78B)
Class kotlin.jvm.functions.Function3                                                  : loaded 2 times (x 66B)
Class kotlin.io.FileTreeWalk$WalkState                                                : loaded 2 times (x 69B)
Class kotlin.collections.MapsKt___MapsJvmKt                                           : loaded 2 times (x 67B)
Class com.google.common.collect.AbstractRangeSet                                      : loaded 2 times (x 110B)
Class com.google.common.cache.LocalCache                                              : loaded 2 times (x 183B)
Class com.google.common.cache.CacheBuilder$2                                          : loaded 2 times (x 75B)
Class [Lcom.google.common.cache.CacheBuilder$OneWeigher;                              : loaded 2 times (x 65B)
Class org.objectweb.asm.MethodTooLargeException                                       : loaded 2 times (x 79B)
Class com.google.common.base.Platform$JdkPatternCompiler                              : loaded 2 times (x 71B)
Class kotlin.annotation.Target                                                        : loaded 2 times (x 66B)
Class kotlin.jvm.functions.Function4                                                  : loaded 2 times (x 66B)
Class kotlin.collections.EmptySet                                                     : loaded 2 times (x 118B)
Class kotlin.collections.CollectionsKt___CollectionsKt                                : loaded 2 times (x 67B)
Class com.google.common.cache.CacheBuilder$3                                          : loaded 2 times (x 68B)
Class org.gradle.api.GradleException                                                  : loaded 2 times (x 78B)
Class [Lkotlin.reflect.KClass;                                                        : loaded 2 times (x 65B)
Class kotlin.io.LinesSequence                                                         : loaded 2 times (x 71B)
Class jdk.internal.jimage.ImageStrings                                                : loaded 2 times (x 66B)
Class kotlin.annotation.Retention                                                     : loaded 2 times (x 66B)
Class kotlin.jvm.functions.Function5                                                  : loaded 2 times (x 66B)
Class kotlin.reflect.KDeclarationContainer                                            : loaded 2 times (x 66B)
Class kotlin.text.StringsKt___StringsJvmKt                                            : loaded 2 times (x 67B)
Class org.apache.commons.io.StandardLineSeparator                                     : loaded 2 times (x 75B)
Class org.objectweb.asm.ClassVisitor                                                  : loaded 2 times (x 84B)
Class kotlin.jvm.functions.Function6                                                  : loaded 2 times (x 66B)
Class kotlin.io.FilesKt                                                               : loaded 2 times (x 67B)
Class kotlin.collections.ArraysKt___ArraysKt                                          : loaded 2 times (x 67B)
Class kotlin.collections.MapsKt___MapsKt                                              : loaded 2 times (x 67B)
Class com.google.common.collect.Maps$AbstractFilteredMap                              : loaded 2 times (x 123B)
Class [Lkotlin.time.DurationUnit;                                                     : loaded 2 times (x 65B)
Class kotlin.jvm.functions.Function7                                                  : loaded 2 times (x 66B)
Class kotlin.sequences.SequencesKt___SequencesKt$asIterable$$inlined$Iterable$1       : loaded 2 times (x 75B)
Class kotlin.collections.MapsKt__MapWithDefaultKt                                     : loaded 2 times (x 67B)
Class com.google.common.cache.LocalCache$WriteThroughEntry                            : loaded 2 times (x 75B)
Class com.google.common.cache.LocalCache$HashIterator                                 : loaded 2 times (x 82B)
Class com.google.common.cache.LocalCache$EntryFactory                                 : loaded 2 times (x 79B)
Class com.google.common.collect.NullsLastOrdering                                     : loaded 2 times (x 111B)
Class com.google.common.collect.Maps$12                                               : loaded 2 times (x 78B)
Class [Lkotlin.annotation.AnnotationRetention;                                        : loaded 2 times (x 65B)
Class kotlin.jvm.functions.Function8                                                  : loaded 2 times (x 66B)
Class kotlin.collections.builders.MapBuilder$Companion                                : loaded 2 times (x 67B)
Class kotlin.text.StringsKt___StringsKt                                               : loaded 2 times (x 67B)
Class kotlin.collections.CollectionsKt__MutableCollectionsJVMKt                       : loaded 2 times (x 67B)
Class kotlin.enums.EnumEntriesKt                                                      : loaded 2 times (x 67B)
Class com.google.common.reflect.Types$NativeTypeVariableEquals                        : loaded 2 times (x 67B)
Class com.google.common.reflect.TypeParameter                                         : loaded 2 times (x 68B)
Class com.google.common.collect.Iterables$5                                           : loaded 2 times (x 77B)
Class com.google.common.cache.LocalCache$AbstractReferenceEntry                       : loaded 2 times (x 103B)
Class com.google.common.base.Splitter$1$1                                             : loaded 2 times (x 82B)
Class org.gradle.internal.IoActions                                                   : loaded 2 times (x 67B)
Class com.google.common.collect.MultimapBuilder$MultimapBuilderWithKeys$1             : loaded 2 times (x 72B)
Class com.google.common.collect.Maps$13                                               : loaded 2 times (x 81B)
Class com.google.common.collect.ImmutableMapKeySet                                    : loaded 2 times (x 148B)
Class [Lorg.objectweb.asm.Symbol;                                                     : loaded 2 times (x 65B)
Class kotlin.annotation.MustBeDocumented                                              : loaded 2 times (x 66B)
Class kotlin.jvm.functions.Function10                                                 : loaded 2 times (x 66B)
Class kotlin.jvm.functions.Function9                                                  : loaded 2 times (x 66B)
Class [Lkotlin.reflect.KClassifier;                                                   : loaded 2 times (x 65B)
Class [Lkotlin.LazyThreadSafetyMode;                                                  : loaded 2 times (x 65B)
Class com.google.common.collect.ImmutableRangeSet$ComplementRanges                    : loaded 2 times (x 203B)
Class org.objectweb.asm.SymbolTable                                                   : loaded 2 times (x 68B)
Class com.google.common.cache.CacheLoader$InvalidCacheLoadException                   : loaded 2 times (x 78B)
Class org.gradle.internal.classloader.SystemClassLoaderSpec                           : loaded 2 times (x 67B)
Class com.google.common.collect.MultimapBuilder$MultimapBuilderWithKeys$2             : loaded 2 times (x 72B)
Class com.google.common.base.CaseFormat                                               : loaded 2 times (x 79B)
Class kotlin.text.MatcherMatchResult$groups$1                                         : loaded 2 times (x 147B)
Class kotlin.jvm.functions.Function11                                                 : loaded 2 times (x 66B)
Class kotlin.jvm.internal.PropertyReference0Impl                                      : loaded 2 times (x 123B)
Class kotlin.reflect.KAnnotatedElement                                                : loaded 2 times (x 66B)
Class kotlin.jvm.internal.markers.KMutableCollection                                  : loaded 2 times (x 66B)
Class kotlin.coroutines.intrinsics.IntrinsicsKt                                       : loaded 2 times (x 67B)
Class kotlin.ranges.IntRange$Companion                                                : loaded 2 times (x 67B)
Class kotlin.collections.EmptyMap                                                     : loaded 2 times (x 104B)
Class kotlin.jvm.internal.Intrinsics                                                  : loaded 2 times (x 67B)
Class com.google.common.collect.FluentIterable                                        : loaded 2 times (x 77B)
Class com.google.common.cache.LocalCache$StrongEntry                                  : loaded 2 times (x 104B)
Class com.google.common.util.concurrent.AbstractFuture$TrustedFuture                  : loaded 2 times (x 110B)
Class com.google.common.cache.LoadingCache                                            : loaded 2 times (x 66B)
Class com.google.common.collect.MultimapBuilder$MultimapBuilderWithKeys$3             : loaded 2 times (x 72B)
Class com.google.common.reflect.TypeCapture                                           : loaded 2 times (x 67B)
Class kotlin.sequences.TransformingSequence                                           : loaded 2 times (x 71B)
Class jdk.internal.jrtfs.JrtFileSystem                                                : loaded 2 times (x 98B)
Class kotlin.jvm.functions.Function12                                                 : loaded 2 times (x 66B)
Class kotlin.coroutines.intrinsics.CoroutineSingletons                                : loaded 2 times (x 75B)
Class kotlin.collections.MapsKt                                                       : loaded 2 times (x 67B)
Class kotlin.collections.CollectionsKt__IterablesKt                                   : loaded 2 times (x 67B)
Class com.google.common.io.ByteStreams$LimitedInputStream                             : loaded 2 times (x 88B)
Class org.objectweb.asm.MethodWriter                                                  : loaded 2 times (x 102B)
Class [Lcom.google.common.cache.Weigher;                                              : loaded 2 times (x 65B)
Class com.google.common.collect.MultimapBuilder$MultimapBuilderWithKeys$4             : loaded 2 times (x 72B)
Class com.google.common.collect.ImmutableMultimap$1                                   : loaded 2 times (x 78B)
Class jdk.internal.jimage.decompressor.CompressedResourceHeader                       : loaded 2 times (x 67B)
Class kotlin.text.Charsets                                                            : loaded 2 times (x 67B)
Class kotlin.jvm.functions.Function13                                                 : loaded 2 times (x 66B)
Class kotlin.sequences.SequenceBuilderIterator                                        : loaded 2 times (x 81B)
Class kotlin.ranges.OpenEndRange                                                      : loaded 2 times (x 66B)
Class kotlin.KotlinNullPointerException                                               : loaded 2 times (x 79B)
Class com.google.common.collect.MultimapBuilder$MultimapBuilderWithKeys$5             : loaded 2 times (x 74B)
Class kotlin.collections.builders.ListBuilder$Itr                                     : loaded 2 times (x 90B)
Class com.google.common.collect.ImmutableMultimap$2                                   : loaded 2 times (x 77B)
Class jdk.internal.jimage.decompressor.StringSharingDecompressorFactory               : loaded 2 times (x 70B)
Class com.google.common.io.ByteArrayDataOutput                                        : loaded 2 times (x 66B)
Class kotlin.ranges.IntProgression$Companion                                          : loaded 2 times (x 67B)
Class kotlin.jvm.functions.Function14                                                 : loaded 2 times (x 66B)
Class kotlin.ranges.RangesKt___RangesKt                                               : loaded 2 times (x 67B)
Class com.google.common.reflect.Types$JavaVersion$1                                   : loaded 2 times (x 79B)
Class com.google.common.cache.LocalCache$ValueReference                               : loaded 2 times (x 66B)
Class com.google.common.collect.MultimapBuilder$MultimapBuilderWithKeys$6             : loaded 2 times (x 72B)
Class kotlin.collections.builders.MapBuilder                                          : loaded 2 times (x 108B)
Class com.google.common.collect.ImmutableListMultimap$Builder                         : loaded 2 times (x 79B)
Class org.gradle.api.internal.classpath.ManifestUtil                                  : loaded 2 times (x 67B)
Class kotlin.coroutines.jvm.internal.Boxing                                           : loaded 2 times (x 67B)
Class kotlin.collections.ArrayDeque$Companion                                         : loaded 2 times (x 67B)
Class kotlin.jvm.functions.Function15                                                 : loaded 2 times (x 66B)
Class kotlin.text.CharsKt__CharKt                                                     : loaded 2 times (x 67B)
Class kotlin.collections.ArraysKt                                                     : loaded 2 times (x 67B)
Class com.google.common.reflect.Types$JavaVersion$2                                   : loaded 2 times (x 79B)
Class com.google.common.reflect.Types                                                 : loaded 2 times (x 67B)
Class com.google.common.hash.PrimitiveSink                                            : loaded 2 times (x 66B)
Class com.google.common.base.PatternCompiler                                          : loaded 2 times (x 66B)
Class com.google.common.util.concurrent.AbstractFuture$Failure                        : loaded 2 times (x 68B)
Class com.google.common.collect.ByFunctionOrdering                                    : loaded 2 times (x 111B)
Class com.google.common.collect.ImmutableSetMultimap                                  : loaded 2 times (x 176B)
Class com.google.common.util.concurrent.ExecutionError                                : loaded 2 times (x 78B)
Class kotlin.SafePublicationLazyImpl$Companion                                        : loaded 2 times (x 67B)
Class kotlin.jvm.internal.PropertyReference1Impl                                      : loaded 2 times (x 123B)
Class kotlin.jvm.functions.Function16                                                 : loaded 2 times (x 66B)
Class kotlin.coroutines.EmptyCoroutineContext                                         : loaded 2 times (x 73B)
Class kotlin.collections.SetsKt__SetsKt                                               : loaded 2 times (x 67B)
Class kotlin.LazyKt                                                                   : loaded 2 times (x 67B)
Class com.google.common.reflect.Types$JavaVersion$3                                   : loaded 2 times (x 79B)
Class org.objectweb.asm.Label                                                         : loaded 2 times (x 69B)
Class org.objectweb.asm.CurrentFrame                                                  : loaded 2 times (x 69B)
Class org.objectweb.asm.ClassTooLargeException                                        : loaded 2 times (x 79B)
Class kotlin.jvm.internal.MutablePropertyReference1                                   : loaded 2 times (x 133B)
Class org.gradle.internal.classloader.ClassLoaderHierarchy                            : loaded 2 times (x 66B)
Class [Lcom.google.common.base.AbstractIterator$State;                                : loaded 2 times (x 65B)
Class kotlin.collections.CollectionsKt__ReversedViewsKt                               : loaded 2 times (x 67B)
Class kotlin.InitializedLazyImpl                                                      : loaded 2 times (x 72B)
Class kotlin.jvm.functions.Function17                                                 : loaded 2 times (x 66B)
Class kotlin.collections.ArraysKt__ArraysJVMKt                                        : loaded 2 times (x 67B)
Class com.google.common.reflect.Types$JavaVersion$4                                   : loaded 2 times (x 79B)
Class com.google.common.collect.RangeGwtSerializationDependencies                     : loaded 2 times (x 67B)
Class org.objectweb.asm.Frame                                                         : loaded 2 times (x 69B)
Class org.objectweb.asm.MethodVisitor                                                 : loaded 2 times (x 101B)
Class com.google.common.cache.LocalCache$EntryFactory$1                               : loaded 2 times (x 79B)
Class [Lcom.google.common.cache.RemovalListener;                                      : loaded 2 times (x 65B)
Class kotlin.jvm.functions.Function18                                                 : loaded 2 times (x 66B)
Class kotlin.jvm.internal.CallableReference$NoReceiver                                : loaded 2 times (x 67B)
Class kotlin.text.StringsKt__StringBuilderKt                                          : loaded 2 times (x 67B)
Class com.google.common.reflect.Types$JavaVersion$5                                   : loaded 2 times (x 67B)
Class [Lcom.google.common.reflect.Types$ClassOwnership;                               : loaded 2 times (x 65B)
Class com.google.common.collect.RangeSet                                              : loaded 2 times (x 66B)
Class com.google.common.cache.LocalCache$EntryFactory$2                               : loaded 2 times (x 79B)
Class org.gradle.api.internal.classpath.GlobalCacheRootsProvider                      : loaded 2 times (x 66B)
Class kotlin.sequences.SequencesKt__SequenceBuilderKt                                 : loaded 2 times (x 67B)
Class kotlin.sequences.FilteringSequence$iterator$1                                   : loaded 2 times (x 75B)
Class kotlin.jvm.internal.CollectionToArray                                           : loaded 2 times (x 67B)
Class kotlin.reflect.KMutableProperty$Setter                                          : loaded 2 times (x 66B)
Class kotlin.jvm.functions.Function19                                                 : loaded 2 times (x 66B)
Class kotlin.Lazy                                                                     : loaded 2 times (x 66B)
Class kotlin.NoWhenBranchMatchedException                                             : loaded 2 times (x 78B)
Class com.google.common.collect.CollectCollectors                                     : loaded 2 times (x 67B)
Class org.objectweb.asm.ModuleWriter                                                  : loaded 2 times (x 78B)
Class com.google.common.cache.LocalCache$EntryFactory$3                               : loaded 2 times (x 79B)
Class com.google.common.base.Ticker$1                                                 : loaded 2 times (x 68B)
Class com.google.common.collect.MultimapBuilder$1                                     : loaded 2 times (x 79B)
Class kotlin.io.FilesKt__FileTreeWalkKt                                               : loaded 2 times (x 67B)
Class jdk.internal.jimage.BasicImageReader                                            : loaded 2 times (x 91B)
Class org.gradle.internal.classloader.FilteringClassLoader                            : loaded 2 times (x 101B)
Class com.google.common.cache.LocalCache$EntryFactory$4                               : loaded 2 times (x 79B)
Class Settings_gradle$1$1$1                                                           : loaded 2 times (x 71B)
Class com.google.common.collect.MultimapBuilder$2                                     : loaded 2 times (x 79B)
Class com.google.common.collect.MultimapBuilder$MultimapBuilderWithKeys               : loaded 2 times (x 78B)
Class com.google.common.collect.ReverseOrdering                                       : loaded 2 times (x 111B)
Class kotlin.sequences.ConstrainedOnceSequence                                        : loaded 2 times (x 71B)
Class com.google.common.io.ByteStreams$1                                              : loaded 2 times (x 81B)
Class com.google.common.cache.LocalCache$EntryFactory$5                               : loaded 2 times (x 79B)
Class com.google.common.collect.MultimapBuilder$3                                     : loaded 2 times (x 80B)
Class kotlin.time.Duration                                                            : loaded 2 times (x 70B)
Class [Lkotlin.reflect.KProperty;                                                     : loaded 2 times (x 65B)
Class kotlin.jvm.internal.markers.KMappedMarker                                       : loaded 2 times (x 66B)
Class kotlin.NotImplementedError                                                      : loaded 2 times (x 78B)
Class org.apache.commons.io.output.AppendableWriter                                   : loaded 2 times (x 96B)
Class com.google.common.cache.LocalCache$EntryFactory$6                               : loaded 2 times (x 79B)
Class org.gradle.internal.installation.CurrentGradleInstallationLocator               : loaded 2 times (x 67B)
Class com.google.common.collect.MultimapBuilder$4                                     : loaded 2 times (x 80B)
Class com.google.common.collect.ImmutableMultimap$Builder                             : loaded 2 times (x 79B)
Class kotlin.text.StringsKt__StringsKt                                                : loaded 2 times (x 67B)
Class kotlin.coroutines.jvm.internal.CompletedContinuation                            : loaded 2 times (x 71B)
Class [Lkotlin.io.FileWalkDirection;                                                  : loaded 2 times (x 65B)
Class org.objectweb.asm.ClassReader                                                   : loaded 2 times (x 90B)
Class org.apache.commons.io.output.ThresholdingOutputStream                           : loaded 2 times (x 91B)
Class com.google.common.collect.Maps$KeySet                                           : loaded 2 times (x 133B)
Class com.google.common.cache.LocalCache$EntryFactory$7                               : loaded 2 times (x 79B)
Class org.gradle.internal.service.DefaultServiceLocator                               : loaded 2 times (x 79B)
Class com.google.common.collect.ImmutableMultimap$EntryCollection                     : loaded 2 times (x 124B)
Class kotlin.sequences.DropTakeSequence                                               : loaded 2 times (x 66B)
Class kotlin.sequences.FlatteningSequence                                             : loaded 2 times (x 71B)
Class jdk.internal.jrtfs.JrtDirectoryStream                                           : loaded 2 times (x 85B)
Class kotlin.reflect.KMutableProperty0                                                : loaded 2 times (x 66B)
Class kotlin.reflect.KClassifier                                                      : loaded 2 times (x 66B)
Class kotlin.io.FileTreeWalk                                                          : loaded 2 times (x 71B)
Class kotlin.coroutines.jvm.internal.SuspendFunction                                  : loaded 2 times (x 66B)
Class com.google.common.cache.LocalCache$EntryFactory$8                               : loaded 2 times (x 79B)
Class org.gradle.internal.installation.CurrentGradleInstallation                      : loaded 2 times (x 69B)
Class kotlin.io.TextStreamsKt                                                         : loaded 2 times (x 67B)
Class kotlin.jvm.internal.Ref$BooleanRef                                              : loaded 2 times (x 67B)
Class kotlin.jvm.internal.StringCompanionObject                                       : loaded 2 times (x 67B)
Class kotlin.reflect.KMutableProperty1                                                : loaded 2 times (x 66B)
Class kotlin.coroutines.intrinsics.IntrinsicsKt__IntrinsicsJvmKt                      : loaded 2 times (x 67B)
Class kotlin.coroutines.jvm.internal.CoroutineStackFrame                              : loaded 2 times (x 66B)
Class org.objectweb.asm.Opcodes                                                       : loaded 2 times (x 66B)
Class com.google.common.cache.CacheLoader$1                                           : loaded 2 times (x 71B)
Class com.google.common.collect.ForwardingObject                                      : loaded 2 times (x 68B)
Class org.gradle.util.internal.GUtil                                                  : loaded 2 times (x 67B)
Class kotlin.reflect.KMutableProperty2                                                : loaded 2 times (x 66B)
Class kotlin.io.NoSuchFileException                                                   : loaded 2 times (x 78B)
Class kotlin.collections.CollectionsKt                                                : loaded 2 times (x 67B)
Class com.google.common.util.concurrent.AbstractFuture$SetFuture                      : loaded 2 times (x 71B)
Class com.google.common.cache.AbstractCache$StatsCounter                              : loaded 2 times (x 66B)
Class kotlin.text.MatcherMatchResult                                                  : loaded 2 times (x 76B)
Class kotlin.text.MatchGroupCollection                                                : loaded 2 times (x 66B)
Class kotlin.time.DurationUnitKt                                                      : loaded 2 times (x 67B)
Class kotlin.ranges.IntProgressionIterator                                            : loaded 2 times (x 78B)
Class kotlin.coroutines.jvm.internal.DebugProbesKt                                    : loaded 2 times (x 67B)
Class kotlin.coroutines.CoroutineContext                                              : loaded 2 times (x 66B)
Class com.google.common.reflect.Types$TypeVariableImpl                                : loaded 2 times (x 68B)
Class org.objectweb.asm.Context                                                       : loaded 2 times (x 68B)
Class org.gradle.internal.installation.GradleInstallation                             : loaded 2 times (x 71B)
Class com.google.common.collect.LexicographicalOrdering                               : loaded 2 times (x 111B)
Class jdk.internal.jimage.decompressor.Decompressor                                   : loaded 2 times (x 68B)
Class jdk.internal.jimage.decompressor.ResourceDecompressor$StringsProvider           : loaded 2 times (x 66B)
Class com.google.common.base.Splitter$Strategy                                        : loaded 2 times (x 66B)
Class kotlin.io.FileWalkDirection                                                     : loaded 2 times (x 75B)
Class kotlin.jvm.KotlinReflectionNotSupportedError                                    : loaded 2 times (x 78B)
Class kotlin.ranges.IntProgression                                                    : loaded 2 times (x 77B)
Class com.google.common.collect.Lists$RandomAccessReverseList                         : loaded 2 times (x 196B)

---------------  S Y S T E M  ---------------

OS:
 Windows 11 , 64 bit Build 26100 (10.0.26100.7623)
OS uptime: 0 days 3:33 hours
Hyper-V role detected

CPU: total 12 (initial active 12) (12 cores per cpu, 2 threads per core) family 25 model 80 stepping 0 microcode 0xa50000d, cx8, cmov, fxsr, ht, mmx, 3dnowpref, sse, sse2, sse3, ssse3, sse4a, sse4.1, sse4.2, popcnt, lzcnt, tsc, tscinvbit, avx, avx2, aes, erms, clmul, bmi1, bmi2, adx, sha, fma, vzeroupper, clflush, clflushopt, hv, rdtscp, rdpid, fsrm, f16c, cet_ss
Processor Information for the first 12 processors :
  Max Mhz: 2301, Current Mhz: 2010, Mhz Limit: 2301

Memory: 4k page, system-wide physical 15708M (931M free)
TotalPageFile size 20708M (AvailPageFile size 244M)
current process WorkingSet (physical memory assigned to process): 1613M, peak: 1952M
current process commit charge ("private bytes"): 1800M, peak: 2136M

vm_info: OpenJDK 64-Bit Server VM (21.0.6+-13368085-b895.109) for windows-amd64 JRE (21.0.6+-13368085-b895.109), built on 2025-04-16T17:01:31Z by "builder" with MS VC++ 16.10 / 16.11 (VS2019)

END.
