#
# There is insufficient memory for the Java Runtime Environment to continue.
# Native memory allocation (mmap) failed to map 383778816 bytes. Error detail: G1 virtual space
# Possible reasons:
#   The system is out of physical RAM or swap space
#   This process is running with CompressedOops enabled, and the Java Heap may be blocking the growth of the native heap
# Possible solutions:
#   Reduce memory load on the system
#   Increase physical memory or swap space
#   Check if swap backing store is full
#   Decrease Java heap size (-Xmx/-Xms)
#   Decrease number of Java threads
#   Decrease Java thread stack sizes (-Xss)
#   Set larger code cache with -XX:ReservedCodeCacheSize=
#   JVM is running with Unscaled Compressed Oops mode in which the Java heap is
#     placed in the first 4GB address space. The Java Heap base address is the
#     maximum limit for the native heap growth. Please use -XX:HeapBaseMinAddress
#     to set the Java Heap base and to place the Java Heap above 4GB virtual address.
# This output file may be truncated or incomplete.
#
#  Out of Memory Error (os_windows.cpp:3898), pid=16096, tid=15772
#
# JRE version: OpenJDK Runtime Environment (21.0.6) (build 21.0.6+-13368085-b895.109)
# Java VM: OpenJDK 64-Bit Server VM (21.0.6+-13368085-b895.109, mixed mode, tiered, compressed oops, compressed class ptrs, g1 gc, windows-amd64)
# No core dump will be written. Minidumps are not enabled by default on client versions of Windows
#

---------------  S U M M A R Y ------------

Command Line: --add-opens=java.base/java.lang=ALL-UNNAMED --add-opens=java.base/java.lang.invoke=ALL-UNNAMED --add-opens=java.base/java.util=ALL-UNNAMED --add-opens=java.prefs/java.util.prefs=ALL-UNNAMED --add-exports=jdk.compiler/com.sun.tools.javac.api=ALL-UNNAMED --add-exports=jdk.compiler/com.sun.tools.javac.util=ALL-UNNAMED --add-opens=java.base/java.util=ALL-UNNAMED --add-opens=java.prefs/java.util.prefs=ALL-UNNAMED --add-opens=java.base/java.nio.charset=ALL-UNNAMED --add-opens=java.base/java.net=ALL-UNNAMED --add-opens=java.base/java.util.concurrent.atomic=ALL-UNNAMED --add-opens=java.xml/javax.xml.namespace=ALL-UNNAMED -Xmx2048m -Dfile.encoding=UTF-8 -Duser.country=US -Duser.language=en -Duser.variant -javaagent:C:\Users\harsh\.gradle\wrapper\dists\gradle-8.11.1-bin\bpt9gzteqjrbo1mjrsomdt32c\gradle-8.11.1\lib\agents\gradle-instrumentation-agent-8.11.1.jar org.gradle.launcher.daemon.bootstrap.GradleDaemon 8.11.1

Host: AMD Ryzen 5 5625U with Radeon Graphics         , 12 cores, 15G,  Windows 11 , 64 bit Build 26100 (10.0.26100.7019)
Time: Mon Dec  8 11:21:40 2025 India Standard Time elapsed time: 28.022448 seconds (0d 0h 0m 28s)

---------------  T H R E A D  ---------------

Current thread (0x0000012afb47e3f0):  VMThread "VM Thread"          [id=15772, stack(0x000000194d400000,0x000000194d500000) (1024K)]

Stack: [0x000000194d400000,0x000000194d500000]
Native frames: (J=compiled Java code, j=interpreted, Vv=VM code, C=native code)
V  [jvm.dll+0x6d0639]
V  [jvm.dll+0x85eb03]
V  [jvm.dll+0x86105e]
V  [jvm.dll+0x861743]
V  [jvm.dll+0x27e6e6]
V  [jvm.dll+0x6ccfd5]
V  [jvm.dll+0x6c0a8a]
V  [jvm.dll+0x35537b]
V  [jvm.dll+0x35cfd6]
V  [jvm.dll+0x3aef86]
V  [jvm.dll+0x3af258]
V  [jvm.dll+0x327a2c]
V  [jvm.dll+0x327ab7]
V  [jvm.dll+0x36d93c]
V  [jvm.dll+0x36c0ee]
V  [jvm.dll+0x327181]
V  [jvm.dll+0x36b7f0]
V  [jvm.dll+0x8674c8]
V  [jvm.dll+0x868844]
V  [jvm.dll+0x868d80]
V  [jvm.dll+0x869013]
V  [jvm.dll+0x806ed8]
V  [jvm.dll+0x6cef0d]
C  [ucrtbase.dll+0x37b0]
C  [KERNEL32.DLL+0x2e8d7]
C  [ntdll.dll+0x8c53c]

VM_Operation (0x00000019592fdb40): G1CollectForAllocation, mode: safepoint, requested by thread 0x0000012a89a4b0c0


---------------  P R O C E S S  ---------------

Threads class SMR info:
_java_thread_list=0x0000012a92cbb900, length=187, elements={
0x0000012ae3921650, 0x0000012afb587210, 0x0000012afb5887d0, 0x0000012afb5a5460,
0x0000012afb590e40, 0x0000012afb5938b0, 0x0000012afb56b750, 0x0000012afb56c4d0,
0x0000012afb56f720, 0x0000012afb5aff50, 0x0000012a84021cd0, 0x0000012a856dad60,
0x0000012a8597c730, 0x0000012a85d3b070, 0x0000012a85be93e0, 0x0000012a85bc13f0,
0x0000012a85bbcc10, 0x0000012a859d5170, 0x0000012a859d95c0, 0x0000012a859eb0f0,
0x0000012a859f6c60, 0x0000012a859f7980, 0x0000012a859f72f0, 0x0000012a859f9a50,
0x0000012a859f8010, 0x0000012a859f8d30, 0x0000012a859f65d0, 0x0000012a859f86a0,
0x0000012a859f93c0, 0x0000012a863b6950, 0x0000012a863b6fe0, 0x0000012a863b7670,
0x0000012a863b62c0, 0x0000012a863b7d00, 0x0000012a863b8390, 0x0000012a863b4f10,
0x0000012a863b8a20, 0x0000012a863b55a0, 0x0000012a863ba460, 0x0000012a863bb180,
0x0000012a863b90b0, 0x0000012a863bbea0, 0x0000012a863b9740, 0x0000012a863b9dd0,
0x0000012a863bb810, 0x0000012a863baaf0, 0x0000012a8ab7e8b0, 0x0000012a8ab7e220,
0x0000012a8ab7c7e0, 0x0000012a8ab7ef40, 0x0000012a8ab7bac0, 0x0000012a8ab7ce70,
0x0000012a8ab7db90, 0x0000012a8ab7f5d0, 0x0000012a8ab7d500, 0x0000012a8ab7c150,
0x0000012a8ab802f0, 0x0000012a8ab7fc60, 0x0000012a8ab81010, 0x0000012a8ab82a50,
0x0000012a8ab816a0, 0x0000012a8ab80980, 0x0000012a8ab823c0, 0x0000012a8ab830e0,
0x0000012a8ab81d30, 0x0000012a86316450, 0x0000012a86316ae0, 0x0000012a86317800,
0x0000012a8bf6b220, 0x0000012a8bf6c5d0, 0x0000012a8bf6bf40, 0x0000012a8bf6b8b0,
0x0000012a8bf6f3c0, 0x0000012a8bf6fa50, 0x0000012a8bf700e0, 0x0000012a8bf6cc60,
0x0000012a8bf70770, 0x0000012a8bf6d2f0, 0x0000012a8bf70e00, 0x0000012a8bf6d980,
0x0000012a8bf71490, 0x0000012a8bf71b20, 0x0000012a8bf72840, 0x0000012a87a434a0,
0x0000012a87a406b0, 0x0000012a87a420f0, 0x0000012a87a42780, 0x0000012a87a42e10,
0x0000012a87a40020, 0x0000012a87a46920, 0x0000012a87a43b30, 0x0000012a87a45c00,
0x0000012a87a45570, 0x0000012a87a441c0, 0x0000012a863198d0, 0x0000012a8631b310,
0x0000012a86318bb0, 0x0000012a86318520, 0x0000012a86319240, 0x0000012a86319f60,
0x0000012a8631a5f0, 0x0000012a8bf6e010, 0x0000012a8bf6e6a0, 0x0000012a8bf721b0,
0x0000012a87a44850, 0x0000012a87a46290, 0x0000012a87a46fb0, 0x0000012a8af16230,
0x0000012a8af14e80, 0x0000012a8af15510, 0x0000012a8af18990, 0x0000012a8af16f50,
0x0000012a8af19020, 0x0000012a8af168c0, 0x0000012a8af17c70, 0x0000012a8af175e0,
0x0000012a8af1a3d0, 0x0000012a8af18300, 0x0000012a8af1be10, 0x0000012a8af1aa60,
0x0000012a8af19d40, 0x0000012a8af1b0f0, 0x0000012a8af1b780, 0x0000012a8af1c4a0,
0x0000012a88dded50, 0x0000012a88de0790, 0x0000012a88ddd310, 0x0000012a88ddd9a0,
0x0000012a88ddf3e0, 0x0000012a88ddfa70, 0x0000012a88dde6c0, 0x0000012a88de0e20,
0x0000012a88dde030, 0x0000012a88de3580, 0x0000012a88de21d0, 0x0000012a88de14b0,
0x0000012a88de2860, 0x0000012a88de1b40, 0x0000012a88de2ef0, 0x0000012a88de0100,
0x0000012a88de3c10, 0x0000012a8ad37610, 0x0000012a8ad34190, 0x0000012a8ad37ca0,
0x0000012a8ad3a400, 0x0000012a8ad3aa90, 0x0000012a8ad396e0, 0x0000012a8ad3b120,
0x0000012a8ad3be40, 0x0000012a8ad389c0, 0x0000012a8ad3f2c0, 0x0000012a8ad3c4d0,
0x0000012a8ad3d1f0, 0x0000012a8ad41390, 0x0000012a8ad420b0, 0x0000012a8ad41a20,
0x0000012a8ad40d00, 0x0000012a8af8b120, 0x0000012a8af8a400, 0x0000012a8af8d1f0,
0x0000012a8af8cb60, 0x0000012a8af89d70, 0x0000012a8af8d880, 0x0000012a8af8be40,
0x0000012a8af8df10, 0x0000012a8af8aa90, 0x0000012a8af8e5a0, 0x0000012a8af8c4d0,
0x0000012a8af8ec30, 0x0000012a8af8b7b0, 0x0000012a88de42a0, 0x0000012a8af91a20,
0x0000012a84f0e990, 0x0000012a8c2f74d0, 0x0000012a8c2f52c0, 0x0000012a8af93460,
0x0000012a8af8ffe0, 0x0000012a9370dae0, 0x0000012a8af93af0, 0x0000012a89a4b0c0,
0x0000012a920fa210, 0x0000012a920fa8a0, 0x0000012a89a4deb0, 0x0000012a9370e170,
0x0000012a92a961a0, 0x0000012a89a4bde0, 0x0000012a88a57520
}

Java Threads: ( => current thread )
  0x0000012ae3921650 JavaThread "main"                              [_thread_blocked, id=16764, stack(0x000000194cd00000,0x000000194ce00000) (1024K)]
  0x0000012afb587210 JavaThread "Reference Handler"          daemon [_thread_blocked, id=18568, stack(0x000000194d500000,0x000000194d600000) (1024K)]
  0x0000012afb5887d0 JavaThread "Finalizer"                  daemon [_thread_blocked, id=15416, stack(0x000000194d600000,0x000000194d700000) (1024K)]
  0x0000012afb5a5460 JavaThread "Signal Dispatcher"          daemon [_thread_blocked, id=9100, stack(0x000000194d700000,0x000000194d800000) (1024K)]
  0x0000012afb590e40 JavaThread "Attach Listener"            daemon [_thread_blocked, id=17084, stack(0x000000194d800000,0x000000194d900000) (1024K)]
  0x0000012afb5938b0 JavaThread "Service Thread"             daemon [_thread_blocked, id=7012, stack(0x000000194d900000,0x000000194da00000) (1024K)]
  0x0000012afb56b750 JavaThread "Monitor Deflation Thread"   daemon [_thread_blocked, id=18272, stack(0x000000194da00000,0x000000194db00000) (1024K)]
  0x0000012afb56c4d0 JavaThread "C2 CompilerThread0"         daemon [_thread_blocked, id=3252, stack(0x000000194db00000,0x000000194dc00000) (1024K)]
  0x0000012afb56f720 JavaThread "C1 CompilerThread0"         daemon [_thread_blocked, id=18524, stack(0x000000194dc00000,0x000000194dd00000) (1024K)]
  0x0000012afb5aff50 JavaThread "Common-Cleaner"             daemon [_thread_blocked, id=16624, stack(0x000000194dd00000,0x000000194de00000) (1024K)]
  0x0000012a84021cd0 JavaThread "Notification Thread"        daemon [_thread_blocked, id=15484, stack(0x000000194de00000,0x000000194df00000) (1024K)]
  0x0000012a856dad60 JavaThread "Daemon health stats"               [_thread_blocked, id=18904, stack(0x000000194e600000,0x000000194e700000) (1024K)]
  0x0000012a8597c730 JavaThread "Incoming local TCP Connector on port 55174"        [_thread_in_native, id=4912, stack(0x000000194e700000,0x000000194e800000) (1024K)]
  0x0000012a85d3b070 JavaThread "Daemon periodic checks"            [_thread_blocked, id=18204, stack(0x000000194e800000,0x000000194e900000) (1024K)]
  0x0000012a85be93e0 JavaThread "Daemon"                            [_thread_blocked, id=13844, stack(0x000000194e900000,0x000000194ea00000) (1024K)]
  0x0000012a85bc13f0 JavaThread "Handler for socket connection from /127.0.0.1:55174 to /127.0.0.1:55175"        [_thread_in_native, id=18756, stack(0x000000194ea00000,0x000000194eb00000) (1024K)]
  0x0000012a85bbcc10 JavaThread "Cancel handler"                    [_thread_blocked, id=15980, stack(0x000000194eb00000,0x000000194ec00000) (1024K)]
  0x0000012a859d5170 JavaThread "Daemon worker"                     [_thread_blocked, id=3316, stack(0x000000194ec00000,0x000000194ed00000) (1024K)]
  0x0000012a859d95c0 JavaThread "Asynchronous log dispatcher for DefaultDaemonConnection: socket connection from /127.0.0.1:55174 to /127.0.0.1:55175"        [_thread_blocked, id=13072, stack(0x000000194ed00000,0x000000194ee00000) (1024K)]
  0x0000012a859eb0f0 JavaThread "Stdin handler"                     [_thread_blocked, id=17152, stack(0x000000194ee00000,0x000000194ef00000) (1024K)]
  0x0000012a859f6c60 JavaThread "Daemon client event forwarder"        [_thread_blocked, id=14292, stack(0x000000194ef00000,0x000000194f000000) (1024K)]
  0x0000012a859f7980 JavaThread "Cache worker for journal cache (C:\Users\harsh\.gradle\caches\journal-1)"        [_thread_blocked, id=2632, stack(0x000000194f400000,0x000000194f500000) (1024K)]
  0x0000012a859f72f0 JavaThread "File lock request listener"        [_thread_in_native, id=17540, stack(0x000000194f500000,0x000000194f600000) (1024K)]
  0x0000012a859f9a50 JavaThread "Cache worker for file hash cache (C:\Users\harsh\.gradle\caches\8.11.1\fileHashes)"        [_thread_blocked, id=15364, stack(0x000000194f600000,0x000000194f700000) (1024K)]
  0x0000012a859f8010 JavaThread "Cache worker for file content cache (C:\Users\harsh\.gradle\caches\8.11.1\fileContent)"        [_thread_blocked, id=16824, stack(0x000000194f900000,0x000000194fa00000) (1024K)]
  0x0000012a859f8d30 JavaThread "Cache worker for file hash cache (C:\Users\harsh\AndroidStudioProjects\PairlixDating\.gradle\8.11.1\fileHashes)"        [_thread_blocked, id=18352, stack(0x000000194fa00000,0x000000194fb00000) (1024K)]
  0x0000012a859f65d0 JavaThread "Cache worker for Build Output Cleanup Cache (C:\Users\harsh\AndroidStudioProjects\PairlixDating\.gradle\buildOutputCleanup)"        [_thread_blocked, id=14276, stack(0x000000194fb00000,0x000000194fc00000) (1024K)]
  0x0000012a859f86a0 JavaThread "File watcher server"        daemon [_thread_blocked, id=18600, stack(0x000000194fc00000,0x000000194fd00000) (1024K)]
  0x0000012a859f93c0 JavaThread "File watcher consumer"      daemon [_thread_blocked, id=15636, stack(0x000000194fd00000,0x000000194fe00000) (1024K)]
  0x0000012a863b6950 JavaThread "Cache worker for checksums cache (C:\Users\harsh\AndroidStudioProjects\PairlixDating\.gradle\8.11.1\checksums)"        [_thread_blocked, id=12900, stack(0x000000194fe00000,0x000000194ff00000) (1024K)]
  0x0000012a863b6fe0 JavaThread "Cache worker for cache directory md-rule (C:\Users\harsh\.gradle\caches\8.11.1\md-rule)"        [_thread_blocked, id=11548, stack(0x000000194ff00000,0x0000001950000000) (1024K)]
  0x0000012a863b7670 JavaThread "Cache worker for cache directory md-supplier (C:\Users\harsh\.gradle\caches\8.11.1\md-supplier)"        [_thread_blocked, id=18284, stack(0x0000001950000000,0x0000001950100000) (1024K)]
  0x0000012a863b62c0 JavaThread "Unconstrained build operations"        [_thread_blocked, id=7412, stack(0x000000194f800000,0x000000194f900000) (1024K)]
  0x0000012a863b7d00 JavaThread "Unconstrained build operations Thread 2"        [_thread_blocked, id=13340, stack(0x0000001950100000,0x0000001950200000) (1024K)]
  0x0000012a863b8390 JavaThread "Unconstrained build operations Thread 3"        [_thread_blocked, id=10072, stack(0x0000001950200000,0x0000001950300000) (1024K)]
  0x0000012a863b4f10 JavaThread "Unconstrained build operations Thread 4"        [_thread_blocked, id=18964, stack(0x0000001950300000,0x0000001950400000) (1024K)]
  0x0000012a863b8a20 JavaThread "Unconstrained build operations Thread 5"        [_thread_blocked, id=16392, stack(0x0000001950400000,0x0000001950500000) (1024K)]
  0x0000012a863b55a0 JavaThread "Unconstrained build operations Thread 6"        [_thread_blocked, id=14096, stack(0x0000001950500000,0x0000001950600000) (1024K)]
  0x0000012a863ba460 JavaThread "Unconstrained build operations Thread 7"        [_thread_blocked, id=8564, stack(0x0000001950600000,0x0000001950700000) (1024K)]
  0x0000012a863bb180 JavaThread "Unconstrained build operations Thread 8"        [_thread_blocked, id=16868, stack(0x0000001950700000,0x0000001950800000) (1024K)]
  0x0000012a863b90b0 JavaThread "Unconstrained build operations Thread 9"        [_thread_blocked, id=4572, stack(0x0000001950800000,0x0000001950900000) (1024K)]
  0x0000012a863bbea0 JavaThread "Unconstrained build operations Thread 10"        [_thread_blocked, id=14500, stack(0x0000001950900000,0x0000001950a00000) (1024K)]
  0x0000012a863b9740 JavaThread "Unconstrained build operations Thread 11"        [_thread_blocked, id=18820, stack(0x0000001950a00000,0x0000001950b00000) (1024K)]
  0x0000012a863b9dd0 JavaThread "Unconstrained build operations Thread 12"        [_thread_blocked, id=988, stack(0x0000001950c00000,0x0000001950d00000) (1024K)]
  0x0000012a863bb810 JavaThread "Unconstrained build operations Thread 13"        [_thread_blocked, id=9028, stack(0x0000001950d00000,0x0000001950e00000) (1024K)]
  0x0000012a863baaf0 JavaThread "Unconstrained build operations Thread 14"        [_thread_blocked, id=11560, stack(0x0000001950e00000,0x0000001950f00000) (1024K)]
  0x0000012a8ab7e8b0 JavaThread "Unconstrained build operations Thread 15"        [_thread_blocked, id=2084, stack(0x0000001950f00000,0x0000001951000000) (1024K)]
  0x0000012a8ab7e220 JavaThread "Unconstrained build operations Thread 16"        [_thread_blocked, id=3320, stack(0x0000001951000000,0x0000001951100000) (1024K)]
  0x0000012a8ab7c7e0 JavaThread "Unconstrained build operations Thread 17"        [_thread_blocked, id=8784, stack(0x0000001951100000,0x0000001951200000) (1024K)]
  0x0000012a8ab7ef40 JavaThread "Unconstrained build operations Thread 18"        [_thread_blocked, id=17436, stack(0x0000001951200000,0x0000001951300000) (1024K)]
  0x0000012a8ab7bac0 JavaThread "Unconstrained build operations Thread 19"        [_thread_blocked, id=9060, stack(0x0000001951300000,0x0000001951400000) (1024K)]
  0x0000012a8ab7ce70 JavaThread "Unconstrained build operations Thread 20"        [_thread_blocked, id=15916, stack(0x0000001951400000,0x0000001951500000) (1024K)]
  0x0000012a8ab7db90 JavaThread "Unconstrained build operations Thread 21"        [_thread_blocked, id=17908, stack(0x0000001951500000,0x0000001951600000) (1024K)]
  0x0000012a8ab7f5d0 JavaThread "Unconstrained build operations Thread 22"        [_thread_blocked, id=18512, stack(0x0000001951600000,0x0000001951700000) (1024K)]
  0x0000012a8ab7d500 JavaThread "Unconstrained build operations Thread 23"        [_thread_blocked, id=14736, stack(0x0000001951700000,0x0000001951800000) (1024K)]
  0x0000012a8ab7c150 JavaThread "Unconstrained build operations Thread 24"        [_thread_blocked, id=18576, stack(0x0000001951800000,0x0000001951900000) (1024K)]
  0x0000012a8ab802f0 JavaThread "Unconstrained build operations Thread 25"        [_thread_blocked, id=6836, stack(0x0000001951900000,0x0000001951a00000) (1024K)]
  0x0000012a8ab7fc60 JavaThread "Unconstrained build operations Thread 26"        [_thread_blocked, id=14284, stack(0x0000001951a00000,0x0000001951b00000) (1024K)]
  0x0000012a8ab81010 JavaThread "Unconstrained build operations Thread 27"        [_thread_blocked, id=7312, stack(0x0000001951b00000,0x0000001951c00000) (1024K)]
  0x0000012a8ab82a50 JavaThread "Unconstrained build operations Thread 28"        [_thread_blocked, id=3592, stack(0x0000001951c00000,0x0000001951d00000) (1024K)]
  0x0000012a8ab816a0 JavaThread "Unconstrained build operations Thread 29"        [_thread_blocked, id=17920, stack(0x0000001951d00000,0x0000001951e00000) (1024K)]
  0x0000012a8ab80980 JavaThread "Unconstrained build operations Thread 30"        [_thread_blocked, id=6756, stack(0x0000001951e00000,0x0000001951f00000) (1024K)]
  0x0000012a8ab823c0 JavaThread "Unconstrained build operations Thread 31"        [_thread_blocked, id=15588, stack(0x0000001951f00000,0x0000001952000000) (1024K)]
  0x0000012a8ab830e0 JavaThread "Unconstrained build operations Thread 32"        [_thread_blocked, id=7464, stack(0x0000001952000000,0x0000001952100000) (1024K)]
  0x0000012a8ab81d30 JavaThread "Unconstrained build operations Thread 33"        [_thread_blocked, id=5716, stack(0x0000001952100000,0x0000001952200000) (1024K)]
  0x0000012a86316450 JavaThread "build event listener"              [_thread_blocked, id=19044, stack(0x0000001950b00000,0x0000001950c00000) (1024K)]
  0x0000012a86316ae0 JavaThread "Memory manager"                    [_thread_blocked, id=2924, stack(0x0000001952200000,0x0000001952300000) (1024K)]
  0x0000012a86317800 JavaThread "build event listener"              [_thread_blocked, id=17336, stack(0x0000001952400000,0x0000001952500000) (1024K)]
  0x0000012a8bf6b220 JavaThread "pool-3-thread-1"                   [_thread_blocked, id=13496, stack(0x0000001952500000,0x0000001952600000) (1024K)]
  0x0000012a8bf6c5d0 JavaThread "build event listener"              [_thread_blocked, id=7744, stack(0x0000001952600000,0x0000001952700000) (1024K)]
  0x0000012a8bf6bf40 JavaThread "included builds"                   [_thread_blocked, id=3916, stack(0x0000001952700000,0x0000001952800000) (1024K)]
  0x0000012a8bf6b8b0 JavaThread "Execution worker"                  [_thread_blocked, id=18988, stack(0x0000001952800000,0x0000001952900000) (1024K)]
  0x0000012a8bf6f3c0 JavaThread "Execution worker Thread 2"         [_thread_blocked, id=16908, stack(0x0000001952900000,0x0000001952a00000) (1024K)]
  0x0000012a8bf6fa50 JavaThread "Execution worker Thread 3"         [_thread_blocked, id=18456, stack(0x0000001952a00000,0x0000001952b00000) (1024K)]
  0x0000012a8bf700e0 JavaThread "Execution worker Thread 4"         [_thread_blocked, id=1916, stack(0x0000001952b00000,0x0000001952c00000) (1024K)]
  0x0000012a8bf6cc60 JavaThread "Execution worker Thread 5"         [_thread_blocked, id=17748, stack(0x0000001952c00000,0x0000001952d00000) (1024K)]
  0x0000012a8bf70770 JavaThread "Execution worker Thread 6"         [_thread_blocked, id=2872, stack(0x0000001952d00000,0x0000001952e00000) (1024K)]
  0x0000012a8bf6d2f0 JavaThread "Execution worker Thread 7"         [_thread_blocked, id=4740, stack(0x0000001952e00000,0x0000001952f00000) (1024K)]
  0x0000012a8bf70e00 JavaThread "Execution worker Thread 8"         [_thread_blocked, id=17792, stack(0x0000001952f00000,0x0000001953000000) (1024K)]
  0x0000012a8bf6d980 JavaThread "Execution worker Thread 9"         [_thread_blocked, id=8532, stack(0x0000001953000000,0x0000001953100000) (1024K)]
  0x0000012a8bf71490 JavaThread "Execution worker Thread 10"        [_thread_blocked, id=3864, stack(0x0000001953100000,0x0000001953200000) (1024K)]
  0x0000012a8bf71b20 JavaThread "Execution worker Thread 11"        [_thread_blocked, id=15848, stack(0x0000001953200000,0x0000001953300000) (1024K)]
  0x0000012a8bf72840 JavaThread "Cache worker for execution history cache (C:\Users\harsh\AndroidStudioProjects\PairlixDating\.gradle\8.11.1\executionHistory)"        [_thread_blocked, id=17596, stack(0x0000001953300000,0x0000001953400000) (1024K)]
  0x0000012a87a434a0 JavaThread "Unconstrained build operations Thread 34"        [_thread_blocked, id=4052, stack(0x0000001953400000,0x0000001953500000) (1024K)]
  0x0000012a87a406b0 JavaThread "Unconstrained build operations Thread 35"        [_thread_blocked, id=2900, stack(0x0000001953500000,0x0000001953600000) (1024K)]
  0x0000012a87a420f0 JavaThread "Unconstrained build operations Thread 36"        [_thread_blocked, id=16128, stack(0x0000001953600000,0x0000001953700000) (1024K)]
  0x0000012a87a42780 JavaThread "Unconstrained build operations Thread 37"        [_thread_blocked, id=17888, stack(0x0000001953700000,0x0000001953800000) (1024K)]
  0x0000012a87a42e10 JavaThread "Unconstrained build operations Thread 38"        [_thread_blocked, id=16408, stack(0x0000001953800000,0x0000001953900000) (1024K)]
  0x0000012a87a40020 JavaThread "Unconstrained build operations Thread 39"        [_thread_blocked, id=18940, stack(0x0000001953900000,0x0000001953a00000) (1024K)]
  0x0000012a87a46920 JavaThread "Unconstrained build operations Thread 40"        [_thread_blocked, id=13568, stack(0x0000001953a00000,0x0000001953b00000) (1024K)]
  0x0000012a87a43b30 JavaThread "Unconstrained build operations Thread 41"        [_thread_blocked, id=5216, stack(0x0000001953b00000,0x0000001953c00000) (1024K)]
  0x0000012a87a45c00 JavaThread "Unconstrained build operations Thread 42"        [_thread_blocked, id=17224, stack(0x0000001953c00000,0x0000001953d00000) (1024K)]
  0x0000012a87a45570 JavaThread "Unconstrained build operations Thread 43"        [_thread_blocked, id=9104, stack(0x0000001953d00000,0x0000001953e00000) (1024K)]
  0x0000012a87a441c0 JavaThread "Unconstrained build operations Thread 44"        [_thread_blocked, id=11300, stack(0x0000001953e00000,0x0000001953f00000) (1024K)]
  0x0000012a863198d0 JavaThread "Unconstrained build operations Thread 45"        [_thread_blocked, id=3752, stack(0x0000001953f00000,0x0000001954000000) (1024K)]
  0x0000012a8631b310 JavaThread "Unconstrained build operations Thread 46"        [_thread_blocked, id=16292, stack(0x0000001954000000,0x0000001954100000) (1024K)]
  0x0000012a86318bb0 JavaThread "Unconstrained build operations Thread 47"        [_thread_blocked, id=1680, stack(0x0000001954100000,0x0000001954200000) (1024K)]
  0x0000012a86318520 JavaThread "Unconstrained build operations Thread 48"        [_thread_blocked, id=19224, stack(0x0000001954200000,0x0000001954300000) (1024K)]
  0x0000012a86319240 JavaThread "Unconstrained build operations Thread 49"        [_thread_blocked, id=1648, stack(0x0000001954300000,0x0000001954400000) (1024K)]
  0x0000012a86319f60 JavaThread "Unconstrained build operations Thread 50"        [_thread_blocked, id=6720, stack(0x0000001954400000,0x0000001954500000) (1024K)]
  0x0000012a8631a5f0 JavaThread "Unconstrained build operations Thread 51"        [_thread_blocked, id=11584, stack(0x0000001954500000,0x0000001954600000) (1024K)]
  0x0000012a8bf6e010 JavaThread "Unconstrained build operations Thread 52"        [_thread_blocked, id=3552, stack(0x0000001954600000,0x0000001954700000) (1024K)]
  0x0000012a8bf6e6a0 JavaThread "Unconstrained build operations Thread 53"        [_thread_blocked, id=17076, stack(0x0000001954700000,0x0000001954800000) (1024K)]
  0x0000012a8bf721b0 JavaThread "Unconstrained build operations Thread 54"        [_thread_blocked, id=9556, stack(0x0000001954800000,0x0000001954900000) (1024K)]
  0x0000012a87a44850 JavaThread "Unconstrained build operations Thread 55"        [_thread_blocked, id=17372, stack(0x0000001954900000,0x0000001954a00000) (1024K)]
  0x0000012a87a46290 JavaThread "Unconstrained build operations Thread 56"        [_thread_blocked, id=19352, stack(0x0000001954a00000,0x0000001954b00000) (1024K)]
  0x0000012a87a46fb0 JavaThread "Unconstrained build operations Thread 57"        [_thread_blocked, id=16864, stack(0x0000001954b00000,0x0000001954c00000) (1024K)]
  0x0000012a8af16230 JavaThread "Unconstrained build operations Thread 58"        [_thread_blocked, id=6300, stack(0x0000001954c00000,0x0000001954d00000) (1024K)]
  0x0000012a8af14e80 JavaThread "Unconstrained build operations Thread 59"        [_thread_blocked, id=14060, stack(0x0000001954d00000,0x0000001954e00000) (1024K)]
  0x0000012a8af15510 JavaThread "Unconstrained build operations Thread 60"        [_thread_blocked, id=4928, stack(0x0000001954e00000,0x0000001954f00000) (1024K)]
  0x0000012a8af18990 JavaThread "Unconstrained build operations Thread 61"        [_thread_blocked, id=18336, stack(0x0000001954f00000,0x0000001955000000) (1024K)]
  0x0000012a8af16f50 JavaThread "Unconstrained build operations Thread 62"        [_thread_blocked, id=15516, stack(0x0000001955000000,0x0000001955100000) (1024K)]
  0x0000012a8af19020 JavaThread "Unconstrained build operations Thread 63"        [_thread_blocked, id=6048, stack(0x0000001955100000,0x0000001955200000) (1024K)]
  0x0000012a8af168c0 JavaThread "Unconstrained build operations Thread 64"        [_thread_blocked, id=18868, stack(0x0000001955200000,0x0000001955300000) (1024K)]
  0x0000012a8af17c70 JavaThread "Unconstrained build operations Thread 65"        [_thread_blocked, id=11880, stack(0x0000001955300000,0x0000001955400000) (1024K)]
  0x0000012a8af175e0 JavaThread "Unconstrained build operations Thread 66"        [_thread_blocked, id=10332, stack(0x0000001955400000,0x0000001955500000) (1024K)]
  0x0000012a8af1a3d0 JavaThread "Unconstrained build operations Thread 67"        [_thread_blocked, id=1040, stack(0x0000001955500000,0x0000001955600000) (1024K)]
  0x0000012a8af18300 JavaThread "Unconstrained build operations Thread 68"        [_thread_blocked, id=15688, stack(0x0000001955600000,0x0000001955700000) (1024K)]
  0x0000012a8af1be10 JavaThread "Unconstrained build operations Thread 69"        [_thread_blocked, id=17728, stack(0x0000001955700000,0x0000001955800000) (1024K)]
  0x0000012a8af1aa60 JavaThread "Unconstrained build operations Thread 70"        [_thread_blocked, id=8572, stack(0x0000001955800000,0x0000001955900000) (1024K)]
  0x0000012a8af19d40 JavaThread "Unconstrained build operations Thread 71"        [_thread_blocked, id=5864, stack(0x0000001955900000,0x0000001955a00000) (1024K)]
  0x0000012a8af1b0f0 JavaThread "Unconstrained build operations Thread 72"        [_thread_blocked, id=10420, stack(0x0000001955a00000,0x0000001955b00000) (1024K)]
  0x0000012a8af1b780 JavaThread "Unconstrained build operations Thread 73"        [_thread_blocked, id=6356, stack(0x0000001955b00000,0x0000001955c00000) (1024K)]
  0x0000012a8af1c4a0 JavaThread "Unconstrained build operations Thread 74"        [_thread_blocked, id=15928, stack(0x0000001955c00000,0x0000001955d00000) (1024K)]
  0x0000012a88dded50 JavaThread "Unconstrained build operations Thread 75"        [_thread_blocked, id=7468, stack(0x0000001955d00000,0x0000001955e00000) (1024K)]
  0x0000012a88de0790 JavaThread "Unconstrained build operations Thread 76"        [_thread_blocked, id=15680, stack(0x0000001955e00000,0x0000001955f00000) (1024K)]
  0x0000012a88ddd310 JavaThread "Unconstrained build operations Thread 77"        [_thread_blocked, id=12184, stack(0x0000001955f00000,0x0000001956000000) (1024K)]
  0x0000012a88ddd9a0 JavaThread "Unconstrained build operations Thread 78"        [_thread_blocked, id=4868, stack(0x0000001956000000,0x0000001956100000) (1024K)]
  0x0000012a88ddf3e0 JavaThread "Unconstrained build operations Thread 79"        [_thread_blocked, id=16056, stack(0x0000001956100000,0x0000001956200000) (1024K)]
  0x0000012a88ddfa70 JavaThread "Unconstrained build operations Thread 80"        [_thread_blocked, id=1344, stack(0x0000001956200000,0x0000001956300000) (1024K)]
  0x0000012a88dde6c0 JavaThread "Unconstrained build operations Thread 81"        [_thread_blocked, id=6396, stack(0x0000001956300000,0x0000001956400000) (1024K)]
  0x0000012a88de0e20 JavaThread "Unconstrained build operations Thread 82"        [_thread_blocked, id=15976, stack(0x0000001956400000,0x0000001956500000) (1024K)]
  0x0000012a88dde030 JavaThread "Unconstrained build operations Thread 83"        [_thread_blocked, id=12060, stack(0x0000001956500000,0x0000001956600000) (1024K)]
  0x0000012a88de3580 JavaThread "Unconstrained build operations Thread 84"        [_thread_blocked, id=9040, stack(0x0000001956600000,0x0000001956700000) (1024K)]
  0x0000012a88de21d0 JavaThread "Unconstrained build operations Thread 85"        [_thread_blocked, id=12696, stack(0x0000001956700000,0x0000001956800000) (1024K)]
  0x0000012a88de14b0 JavaThread "Unconstrained build operations Thread 86"        [_thread_blocked, id=9520, stack(0x0000001956800000,0x0000001956900000) (1024K)]
  0x0000012a88de2860 JavaThread "Unconstrained build operations Thread 87"        [_thread_blocked, id=14944, stack(0x0000001956900000,0x0000001956a00000) (1024K)]
  0x0000012a88de1b40 JavaThread "Unconstrained build operations Thread 88"        [_thread_blocked, id=6428, stack(0x0000001956a00000,0x0000001956b00000) (1024K)]
  0x0000012a88de2ef0 JavaThread "Unconstrained build operations Thread 89"        [_thread_blocked, id=15288, stack(0x0000001956b00000,0x0000001956c00000) (1024K)]
  0x0000012a88de0100 JavaThread "Unconstrained build operations Thread 90"        [_thread_blocked, id=3216, stack(0x0000001956c00000,0x0000001956d00000) (1024K)]
  0x0000012a88de3c10 JavaThread "Unconstrained build operations Thread 91"        [_thread_blocked, id=8496, stack(0x0000001956d00000,0x0000001956e00000) (1024K)]
  0x0000012a8ad37610 JavaThread "Unconstrained build operations Thread 92"        [_thread_blocked, id=18760, stack(0x0000001956e00000,0x0000001956f00000) (1024K)]
  0x0000012a8ad34190 JavaThread "Unconstrained build operations Thread 93"        [_thread_blocked, id=15468, stack(0x0000001956f00000,0x0000001957000000) (1024K)]
  0x0000012a8ad37ca0 JavaThread "Unconstrained build operations Thread 94"        [_thread_blocked, id=17592, stack(0x0000001957000000,0x0000001957100000) (1024K)]
  0x0000012a8ad3a400 JavaThread "Unconstrained build operations Thread 95"        [_thread_blocked, id=12540, stack(0x0000001957100000,0x0000001957200000) (1024K)]
  0x0000012a8ad3aa90 JavaThread "Unconstrained build operations Thread 96"        [_thread_blocked, id=17548, stack(0x0000001957200000,0x0000001957300000) (1024K)]
  0x0000012a8ad396e0 JavaThread "Unconstrained build operations Thread 97"        [_thread_blocked, id=11048, stack(0x0000001957300000,0x0000001957400000) (1024K)]
  0x0000012a8ad3b120 JavaThread "Unconstrained build operations Thread 98"        [_thread_blocked, id=3528, stack(0x0000001957400000,0x0000001957500000) (1024K)]
  0x0000012a8ad3be40 JavaThread "Unconstrained build operations Thread 99"        [_thread_blocked, id=12884, stack(0x0000001957500000,0x0000001957600000) (1024K)]
  0x0000012a8ad389c0 JavaThread "Unconstrained build operations Thread 100"        [_thread_blocked, id=16532, stack(0x0000001957600000,0x0000001957700000) (1024K)]
  0x0000012a8ad3f2c0 JavaThread "Unconstrained build operations Thread 101"        [_thread_blocked, id=14564, stack(0x0000001957700000,0x0000001957800000) (1024K)]
  0x0000012a8ad3c4d0 JavaThread "Unconstrained build operations Thread 102"        [_thread_blocked, id=17632, stack(0x0000001957800000,0x0000001957900000) (1024K)]
  0x0000012a8ad3d1f0 JavaThread "Unconstrained build operations Thread 103"        [_thread_blocked, id=9232, stack(0x0000001957900000,0x0000001957a00000) (1024K)]
  0x0000012a8ad41390 JavaThread "Unconstrained build operations Thread 104"        [_thread_blocked, id=16492, stack(0x0000001957a00000,0x0000001957b00000) (1024K)]
  0x0000012a8ad420b0 JavaThread "Unconstrained build operations Thread 105"        [_thread_blocked, id=16576, stack(0x0000001957b00000,0x0000001957c00000) (1024K)]
  0x0000012a8ad41a20 JavaThread "Unconstrained build operations Thread 106"        [_thread_blocked, id=1724, stack(0x0000001957c00000,0x0000001957d00000) (1024K)]
  0x0000012a8ad40d00 JavaThread "Unconstrained build operations Thread 107"        [_thread_blocked, id=11664, stack(0x0000001957d00000,0x0000001957e00000) (1024K)]
  0x0000012a8af8b120 JavaThread "Unconstrained build operations Thread 108"        [_thread_blocked, id=13476, stack(0x0000001957e00000,0x0000001957f00000) (1024K)]
  0x0000012a8af8a400 JavaThread "Unconstrained build operations Thread 109"        [_thread_blocked, id=412, stack(0x0000001957f00000,0x0000001958000000) (1024K)]
  0x0000012a8af8d1f0 JavaThread "Unconstrained build operations Thread 110"        [_thread_blocked, id=9056, stack(0x0000001958000000,0x0000001958100000) (1024K)]
  0x0000012a8af8cb60 JavaThread "Unconstrained build operations Thread 111"        [_thread_blocked, id=8324, stack(0x0000001958100000,0x0000001958200000) (1024K)]
  0x0000012a8af89d70 JavaThread "Unconstrained build operations Thread 112"        [_thread_blocked, id=11700, stack(0x0000001958200000,0x0000001958300000) (1024K)]
  0x0000012a8af8d880 JavaThread "Unconstrained build operations Thread 113"        [_thread_blocked, id=5124, stack(0x0000001958300000,0x0000001958400000) (1024K)]
  0x0000012a8af8be40 JavaThread "Unconstrained build operations Thread 114"        [_thread_blocked, id=16660, stack(0x0000001958400000,0x0000001958500000) (1024K)]
  0x0000012a8af8df10 JavaThread "Unconstrained build operations Thread 115"        [_thread_blocked, id=13480, stack(0x0000001958500000,0x0000001958600000) (1024K)]
  0x0000012a8af8aa90 JavaThread "Unconstrained build operations Thread 116"        [_thread_blocked, id=18792, stack(0x0000001958600000,0x0000001958700000) (1024K)]
  0x0000012a8af8e5a0 JavaThread "Unconstrained build operations Thread 117"        [_thread_blocked, id=14408, stack(0x0000001958700000,0x0000001958800000) (1024K)]
  0x0000012a8af8c4d0 JavaThread "Unconstrained build operations Thread 118"        [_thread_blocked, id=2408, stack(0x0000001958800000,0x0000001958900000) (1024K)]
  0x0000012a8af8ec30 JavaThread "Unconstrained build operations Thread 119"        [_thread_blocked, id=17244, stack(0x0000001958900000,0x0000001958a00000) (1024K)]
  0x0000012a8af8b7b0 JavaThread "Unconstrained build operations Thread 120"        [_thread_blocked, id=7888, stack(0x0000001958a00000,0x0000001958b00000) (1024K)]
  0x0000012a88de42a0 JavaThread "WorkerExecutor Queue"              [_thread_blocked, id=9852, stack(0x0000001958b00000,0x0000001958c00000) (1024K)]
  0x0000012a8af91a20 JavaThread "WorkerExecutor Queue Thread 2"        [_thread_blocked, id=13488, stack(0x0000001958c00000,0x0000001958d00000) (1024K)]
  0x0000012a84f0e990 JavaThread "WorkerExecutor Queue Thread 3"        [_thread_blocked, id=18872, stack(0x0000001958d00000,0x0000001958e00000) (1024K)]
  0x0000012a8c2f74d0 JavaThread "C2 CompilerThread1"         daemon [_thread_blocked, id=18232, stack(0x000000194f700000,0x000000194f800000) (1024K)]
  0x0000012a8c2f52c0 JavaThread "C2 CompilerThread2"         daemon [_thread_blocked, id=14876, stack(0x0000001952300000,0x0000001952400000) (1024K)]
  0x0000012a8af93460 JavaThread "ForkJoinPool-1-worker-1"    daemon [_thread_blocked, id=6416, stack(0x0000001958e00000,0x0000001958f00000) (1024K)]
  0x0000012a8af8ffe0 JavaThread "ForkJoinPool-1-worker-2"    daemon [_thread_blocked, id=16556, stack(0x0000001958f00000,0x0000001959000000) (1024K)]
  0x0000012a9370dae0 JavaThread "ForkJoinPool-1-worker-3"    daemon [_thread_blocked, id=8960, stack(0x0000001959000000,0x0000001959100000) (1024K)]
  0x0000012a8af93af0 JavaThread "ForkJoinPool-1-worker-4"    daemon [_thread_blocked, id=15624, stack(0x0000001959100000,0x0000001959200000) (1024K)]
  0x0000012a89a4b0c0 JavaThread "ForkJoinPool-1-worker-5"    daemon [_thread_blocked, id=948, stack(0x0000001959200000,0x0000001959300000) (1024K)]
  0x0000012a920fa210 JavaThread "ForkJoinPool-1-worker-6"    daemon [_thread_blocked, id=15388, stack(0x0000001959300000,0x0000001959400000) (1024K)]
  0x0000012a920fa8a0 JavaThread "ForkJoinPool-1-worker-7"    daemon [_thread_blocked, id=11732, stack(0x0000001959400000,0x0000001959500000) (1024K)]
  0x0000012a89a4deb0 JavaThread "ForkJoinPool-1-worker-8"    daemon [_thread_blocked, id=404, stack(0x0000001959500000,0x0000001959600000) (1024K)]
  0x0000012a9370e170 JavaThread "ForkJoinPool-1-worker-9"    daemon [_thread_blocked, id=19376, stack(0x0000001959600000,0x0000001959700000) (1024K)]
  0x0000012a92a961a0 JavaThread "ForkJoinPool-1-worker-10"   daemon [_thread_blocked, id=15960, stack(0x0000001959700000,0x0000001959800000) (1024K)]
  0x0000012a89a4bde0 JavaThread "ForkJoinPool-1-worker-11"   daemon [_thread_blocked, id=11344, stack(0x0000001959800000,0x0000001959900000) (1024K)]
  0x0000012a88a57520 JavaThread "ForkJoinPool-1-worker-12"   daemon [_thread_blocked, id=17932, stack(0x0000001959900000,0x0000001959a00000) (1024K)]
Total: 187

Other Threads:
=>0x0000012afb47e3f0 VMThread "VM Thread"                           [id=15772, stack(0x000000194d400000,0x000000194d500000) (1024K)]
  0x0000012afb5009d0 WatcherThread "VM Periodic Task Thread"        [id=18728, stack(0x000000194d300000,0x000000194d400000) (1024K)]
  0x0000012ae165dff0 WorkerThread "GC Thread#0"                     [id=11604, stack(0x000000194ce00000,0x000000194cf00000) (1024K)]
  0x0000012a84661a40 WorkerThread "GC Thread#1"                     [id=15628, stack(0x000000194e100000,0x000000194e200000) (1024K)]
  0x0000012a84661de0 WorkerThread "GC Thread#2"                     [id=4112, stack(0x000000194e200000,0x000000194e300000) (1024K)]
  0x0000012a8455c910 WorkerThread "GC Thread#3"                     [id=19128, stack(0x000000194e300000,0x000000194e400000) (1024K)]
  0x0000012a8455ccb0 WorkerThread "GC Thread#4"                     [id=16372, stack(0x000000194e400000,0x000000194e500000) (1024K)]
  0x0000012a858fe6e0 WorkerThread "GC Thread#5"                     [id=19404, stack(0x000000194df00000,0x000000194e000000) (1024K)]
  0x0000012a858fea80 WorkerThread "GC Thread#6"                     [id=18924, stack(0x000000194e000000,0x000000194e100000) (1024K)]
  0x0000012a859d3c30 WorkerThread "GC Thread#7"                     [id=18596, stack(0x000000194e500000,0x000000194e600000) (1024K)]
  0x0000012a859d2db0 WorkerThread "GC Thread#8"                     [id=11488, stack(0x000000194f000000,0x000000194f100000) (1024K)]
  0x0000012a859d3150 WorkerThread "GC Thread#9"                     [id=12400, stack(0x000000194f100000,0x000000194f200000) (1024K)]
  0x0000012ae3987210 ConcurrentGCThread "G1 Main Marker"            [id=18668, stack(0x000000194cf00000,0x000000194d000000) (1024K)]
  0x0000012ae3988960 WorkerThread "G1 Conc#0"                       [id=12292, stack(0x000000194d000000,0x000000194d100000) (1024K)]
  0x0000012a859d34f0 WorkerThread "G1 Conc#1"                       [id=11856, stack(0x000000194f200000,0x000000194f300000) (1024K)]
  0x0000012a859d3890 WorkerThread "G1 Conc#2"                       [id=9332, stack(0x000000194f300000,0x000000194f400000) (1024K)]
  0x0000012afb3516b0 ConcurrentGCThread "G1 Refine#0"               [id=11620, stack(0x000000194d100000,0x000000194d200000) (1024K)]
  0x0000012afb351d40 ConcurrentGCThread "G1 Service"                [id=7040, stack(0x000000194d200000,0x000000194d300000) (1024K)]
Total: 18

Threads with active compile tasks:
C2 CompilerThread0  28082 16682       4       com.android.tools.r8.dex.C::a (1021 bytes)
C1 CompilerThread0  28082 17628   !   2       ksp.com.intellij.util.ConcurrentLongObjectHashMap::setTabAt (29 bytes)
C2 CompilerThread1  28082 17575       4       ksp.org.jetbrains.kotlin.lexer._JetLexer::advance (2433 bytes)
C2 CompilerThread2  28082 17589       4       ksp.com.intellij.lang.impl.PsiBuilderImpl::insertLeaves (97 bytes)
Total: 4

VM state: at safepoint (normal execution)

VM Mutex/Monitor currently owned by a thread:  ([mutex/lock_event])
[0x00007ffcefb5e3a0] Threads_lock - owner thread: 0x0000012afb47e3f0
[0x00007ffcefb5e4a0] Heap_lock - owner thread: 0x0000012a89a4b0c0

Heap address: 0x0000000080000000, size: 2048 MB, Compressed Oops mode: 32-bit

CDS archive(s) not mapped
Compressed class space mapped at: 0x0000000100000000-0x0000000140000000, reserved size: 1073741824
Narrow klass base: 0x0000000000000000, Narrow klass shift: 3, Narrow klass range: 0x140000000

GC Precious Log:
 CardTable entry size: 512
 Card Set container configuration: InlinePtr #cards 5 size 8 Array Of Cards #cards 12 size 40 Howl #buckets 4 coarsen threshold 1843 Howl Bitmap #cards 512 size 80 coarsen threshold 460 Card regions per heap region 1 cards per card region 2048
 CPUs: 12 total, 12 available
 Memory: 15708M
 Large Page Support: Disabled
 NUMA Support: Disabled
 Compressed Oops: Enabled (32-bit)
 Heap Region Size: 1M
 Heap Min Capacity: 8M
 Heap Initial Capacity: 246M
 Heap Max Capacity: 2G
 Pre-touch: Disabled
 Parallel Workers: 10
 Concurrent Workers: 3
 Concurrent Refinement Workers: 10
 Periodic GC: Disabled

Heap:
 garbage-first heap   total 778240K, used 703488K [0x0000000080000000, 0x0000000100000000)
  region size 1024K, 7 young (7168K), 7 survivors (7168K)
 Metaspace       used 152745K, committed 155200K, reserved 1245184K
  class space    used 20528K, committed 21760K, reserved 1048576K

Heap Regions: E=young(eden), S=young(survivor), O=old, HS=humongous(starts), HC=humongous(continues), CS=collection set, F=free, TAMS=top-at-mark-start, PB=parsable bottom
|   0|0x0000000080000000, 0x0000000080100000, 0x0000000080100000|100%| O|  |TAMS 0x0000000080100000| PB 0x0000000080000000| Untracked 
|   1|0x0000000080100000, 0x0000000080200000, 0x0000000080200000|100%|HS|  |TAMS 0x0000000080200000| PB 0x0000000080100000| Complete 
|   2|0x0000000080200000, 0x0000000080300000, 0x0000000080300000|100%|HC|  |TAMS 0x0000000080300000| PB 0x0000000080200000| Complete 
|   3|0x0000000080300000, 0x0000000080400000, 0x0000000080400000|100%|HC|  |TAMS 0x0000000080400000| PB 0x0000000080300000| Complete 
|   4|0x0000000080400000, 0x0000000080500000, 0x0000000080500000|100%| O|  |TAMS 0x0000000080500000| PB 0x0000000080400000| Untracked 
|   5|0x0000000080500000, 0x0000000080600000, 0x0000000080600000|100%| O|  |TAMS 0x0000000080600000| PB 0x0000000080500000| Untracked 
|   6|0x0000000080600000, 0x0000000080700000, 0x0000000080700000|100%| O|  |TAMS 0x0000000080700000| PB 0x0000000080600000| Untracked 
|   7|0x0000000080700000, 0x0000000080800000, 0x0000000080800000|100%|HS|  |TAMS 0x0000000080800000| PB 0x0000000080700000| Complete 
|   8|0x0000000080800000, 0x0000000080900000, 0x0000000080900000|100%| O|  |TAMS 0x0000000080900000| PB 0x0000000080800000| Untracked 
|   9|0x0000000080900000, 0x0000000080a00000, 0x0000000080a00000|100%| O|  |TAMS 0x0000000080a00000| PB 0x0000000080900000| Untracked 
|  10|0x0000000080a00000, 0x0000000080b00000, 0x0000000080b00000|100%| O|  |TAMS 0x0000000080b00000| PB 0x0000000080a00000| Untracked 
|  11|0x0000000080b00000, 0x0000000080c00000, 0x0000000080c00000|100%| O|  |TAMS 0x0000000080c00000| PB 0x0000000080b00000| Untracked 
|  12|0x0000000080c00000, 0x0000000080d00000, 0x0000000080d00000|100%| O|  |TAMS 0x0000000080d00000| PB 0x0000000080c00000| Untracked 
|  13|0x0000000080d00000, 0x0000000080e00000, 0x0000000080e00000|100%| O|  |TAMS 0x0000000080e00000| PB 0x0000000080d00000| Untracked 
|  14|0x0000000080e00000, 0x0000000080f00000, 0x0000000080f00000|100%| O|  |TAMS 0x0000000080f00000| PB 0x0000000080e00000| Untracked 
|  15|0x0000000080f00000, 0x0000000081000000, 0x0000000081000000|100%| O|  |TAMS 0x0000000081000000| PB 0x0000000080f00000| Untracked 
|  16|0x0000000081000000, 0x0000000081100000, 0x0000000081100000|100%| O|  |TAMS 0x0000000081100000| PB 0x0000000081000000| Untracked 
|  17|0x0000000081100000, 0x0000000081200000, 0x0000000081200000|100%| O|  |TAMS 0x0000000081200000| PB 0x0000000081100000| Untracked 
|  18|0x0000000081200000, 0x0000000081300000, 0x0000000081300000|100%| O|  |TAMS 0x0000000081300000| PB 0x0000000081200000| Untracked 
|  19|0x0000000081300000, 0x0000000081400000, 0x0000000081400000|100%| O|  |TAMS 0x0000000081400000| PB 0x0000000081300000| Untracked 
|  20|0x0000000081400000, 0x0000000081500000, 0x0000000081500000|100%| O|  |TAMS 0x0000000081500000| PB 0x0000000081400000| Untracked 
|  21|0x0000000081500000, 0x0000000081600000, 0x0000000081600000|100%| O|  |TAMS 0x0000000081600000| PB 0x0000000081500000| Untracked 
|  22|0x0000000081600000, 0x0000000081700000, 0x0000000081700000|100%| O|  |TAMS 0x0000000081700000| PB 0x0000000081600000| Untracked 
|  23|0x0000000081700000, 0x0000000081800000, 0x0000000081800000|100%| O|  |TAMS 0x0000000081800000| PB 0x0000000081700000| Untracked 
|  24|0x0000000081800000, 0x0000000081900000, 0x0000000081900000|100%| O|  |TAMS 0x0000000081900000| PB 0x0000000081800000| Untracked 
|  25|0x0000000081900000, 0x0000000081a00000, 0x0000000081a00000|100%| O|  |TAMS 0x0000000081a00000| PB 0x0000000081900000| Untracked 
|  26|0x0000000081a00000, 0x0000000081b00000, 0x0000000081b00000|100%| O|  |TAMS 0x0000000081b00000| PB 0x0000000081a00000| Untracked 
|  27|0x0000000081b00000, 0x0000000081c00000, 0x0000000081c00000|100%| O|  |TAMS 0x0000000081c00000| PB 0x0000000081b00000| Untracked 
|  28|0x0000000081c00000, 0x0000000081d00000, 0x0000000081d00000|100%| O|  |TAMS 0x0000000081d00000| PB 0x0000000081c00000| Untracked 
|  29|0x0000000081d00000, 0x0000000081e00000, 0x0000000081e00000|100%| O|  |TAMS 0x0000000081e00000| PB 0x0000000081d00000| Untracked 
|  30|0x0000000081e00000, 0x0000000081f00000, 0x0000000081f00000|100%| O|  |TAMS 0x0000000081f00000| PB 0x0000000081e00000| Untracked 
|  31|0x0000000081f00000, 0x0000000082000000, 0x0000000082000000|100%| O|  |TAMS 0x0000000082000000| PB 0x0000000081f00000| Untracked 
|  32|0x0000000082000000, 0x0000000082100000, 0x0000000082100000|100%| O|  |TAMS 0x0000000082100000| PB 0x0000000082000000| Untracked 
|  33|0x0000000082100000, 0x0000000082200000, 0x0000000082200000|100%| O|  |TAMS 0x0000000082200000| PB 0x0000000082100000| Untracked 
|  34|0x0000000082200000, 0x0000000082300000, 0x0000000082300000|100%| O|  |TAMS 0x0000000082300000| PB 0x0000000082200000| Untracked 
|  35|0x0000000082300000, 0x0000000082400000, 0x0000000082400000|100%| O|  |TAMS 0x0000000082400000| PB 0x0000000082300000| Untracked 
|  36|0x0000000082400000, 0x0000000082500000, 0x0000000082500000|100%| O|  |TAMS 0x0000000082500000| PB 0x0000000082400000| Untracked 
|  37|0x0000000082500000, 0x0000000082600000, 0x0000000082600000|100%| O|  |TAMS 0x0000000082600000| PB 0x0000000082500000| Untracked 
|  38|0x0000000082600000, 0x0000000082700000, 0x0000000082700000|100%| O|  |TAMS 0x0000000082700000| PB 0x0000000082600000| Untracked 
|  39|0x0000000082700000, 0x0000000082800000, 0x0000000082800000|100%| O|  |TAMS 0x0000000082800000| PB 0x0000000082700000| Untracked 
|  40|0x0000000082800000, 0x0000000082900000, 0x0000000082900000|100%| O|  |TAMS 0x0000000082900000| PB 0x0000000082800000| Untracked 
|  41|0x0000000082900000, 0x0000000082a00000, 0x0000000082a00000|100%| O|  |TAMS 0x0000000082a00000| PB 0x0000000082900000| Untracked 
|  42|0x0000000082a00000, 0x0000000082b00000, 0x0000000082b00000|100%| O|  |TAMS 0x0000000082b00000| PB 0x0000000082a00000| Untracked 
|  43|0x0000000082b00000, 0x0000000082c00000, 0x0000000082c00000|100%|HS|  |TAMS 0x0000000082c00000| PB 0x0000000082b00000| Complete 
|  44|0x0000000082c00000, 0x0000000082d00000, 0x0000000082d00000|100%| O|  |TAMS 0x0000000082d00000| PB 0x0000000082c00000| Untracked 
|  45|0x0000000082d00000, 0x0000000082e00000, 0x0000000082e00000|100%| O|  |TAMS 0x0000000082e00000| PB 0x0000000082d00000| Untracked 
|  46|0x0000000082e00000, 0x0000000082f00000, 0x0000000082f00000|100%| O|  |TAMS 0x0000000082f00000| PB 0x0000000082e00000| Untracked 
|  47|0x0000000082f00000, 0x0000000083000000, 0x0000000083000000|100%| O|  |TAMS 0x0000000083000000| PB 0x0000000082f00000| Untracked 
|  48|0x0000000083000000, 0x0000000083100000, 0x0000000083100000|100%| O|  |TAMS 0x0000000083100000| PB 0x0000000083000000| Untracked 
|  49|0x0000000083100000, 0x0000000083200000, 0x0000000083200000|100%| O|  |TAMS 0x0000000083200000| PB 0x0000000083100000| Untracked 
|  50|0x0000000083200000, 0x0000000083300000, 0x0000000083300000|100%| O|  |TAMS 0x0000000083300000| PB 0x0000000083200000| Untracked 
|  51|0x0000000083300000, 0x0000000083400000, 0x0000000083400000|100%|HS|  |TAMS 0x0000000083400000| PB 0x0000000083300000| Complete 
|  52|0x0000000083400000, 0x0000000083500000, 0x0000000083500000|100%|HS|  |TAMS 0x0000000083500000| PB 0x0000000083400000| Complete 
|  53|0x0000000083500000, 0x0000000083600000, 0x0000000083600000|100%|HS|  |TAMS 0x0000000083600000| PB 0x0000000083500000| Complete 
|  54|0x0000000083600000, 0x0000000083700000, 0x0000000083700000|100%|HC|  |TAMS 0x0000000083700000| PB 0x0000000083600000| Complete 
|  55|0x0000000083700000, 0x0000000083800000, 0x0000000083800000|100%|HS|  |TAMS 0x0000000083800000| PB 0x0000000083700000| Complete 
|  56|0x0000000083800000, 0x0000000083900000, 0x0000000083900000|100%|HC|  |TAMS 0x0000000083900000| PB 0x0000000083800000| Complete 
|  57|0x0000000083900000, 0x0000000083a00000, 0x0000000083a00000|100%|HS|  |TAMS 0x0000000083a00000| PB 0x0000000083900000| Complete 
|  58|0x0000000083a00000, 0x0000000083b00000, 0x0000000083b00000|100%|HS|  |TAMS 0x0000000083b00000| PB 0x0000000083a00000| Complete 
|  59|0x0000000083b00000, 0x0000000083c00000, 0x0000000083c00000|100%| O|  |TAMS 0x0000000083c00000| PB 0x0000000083b00000| Untracked 
|  60|0x0000000083c00000, 0x0000000083d00000, 0x0000000083d00000|100%|HS|  |TAMS 0x0000000083d00000| PB 0x0000000083c00000| Complete 
|  61|0x0000000083d00000, 0x0000000083e00000, 0x0000000083e00000|100%|HS|  |TAMS 0x0000000083e00000| PB 0x0000000083d00000| Complete 
|  62|0x0000000083e00000, 0x0000000083f00000, 0x0000000083f00000|100%| O|  |TAMS 0x0000000083f00000| PB 0x0000000083e00000| Untracked 
|  63|0x0000000083f00000, 0x0000000084000000, 0x0000000084000000|100%| O|  |TAMS 0x0000000084000000| PB 0x0000000083f00000| Untracked 
|  64|0x0000000084000000, 0x0000000084100000, 0x0000000084100000|100%|HS|  |TAMS 0x0000000084100000| PB 0x0000000084000000| Complete 
|  65|0x0000000084100000, 0x0000000084200000, 0x0000000084200000|100%| O|  |TAMS 0x0000000084200000| PB 0x0000000084100000| Untracked 
|  66|0x0000000084200000, 0x0000000084300000, 0x0000000084300000|100%| O|  |TAMS 0x0000000084300000| PB 0x0000000084200000| Untracked 
|  67|0x0000000084300000, 0x0000000084400000, 0x0000000084400000|100%| O|  |TAMS 0x0000000084400000| PB 0x0000000084300000| Untracked 
|  68|0x0000000084400000, 0x0000000084500000, 0x0000000084500000|100%| O|  |TAMS 0x0000000084500000| PB 0x0000000084400000| Untracked 
|  69|0x0000000084500000, 0x0000000084600000, 0x0000000084600000|100%| O|  |TAMS 0x0000000084600000| PB 0x0000000084500000| Untracked 
|  70|0x0000000084600000, 0x0000000084700000, 0x0000000084700000|100%| O|  |TAMS 0x0000000084700000| PB 0x0000000084600000| Untracked 
|  71|0x0000000084700000, 0x0000000084800000, 0x0000000084800000|100%| O|  |TAMS 0x0000000084800000| PB 0x0000000084700000| Untracked 
|  72|0x0000000084800000, 0x0000000084900000, 0x0000000084900000|100%| O|  |TAMS 0x0000000084900000| PB 0x0000000084800000| Untracked 
|  73|0x0000000084900000, 0x0000000084a00000, 0x0000000084a00000|100%| O|  |TAMS 0x0000000084a00000| PB 0x0000000084900000| Untracked 
|  74|0x0000000084a00000, 0x0000000084b00000, 0x0000000084b00000|100%| O|  |TAMS 0x0000000084b00000| PB 0x0000000084a00000| Untracked 
|  75|0x0000000084b00000, 0x0000000084c00000, 0x0000000084c00000|100%| O|  |TAMS 0x0000000084c00000| PB 0x0000000084b00000| Untracked 
|  76|0x0000000084c00000, 0x0000000084d00000, 0x0000000084d00000|100%| O|  |TAMS 0x0000000084d00000| PB 0x0000000084c00000| Untracked 
|  77|0x0000000084d00000, 0x0000000084e00000, 0x0000000084e00000|100%| O|  |TAMS 0x0000000084e00000| PB 0x0000000084d00000| Untracked 
|  78|0x0000000084e00000, 0x0000000084f00000, 0x0000000084f00000|100%| O|  |TAMS 0x0000000084f00000| PB 0x0000000084e00000| Untracked 
|  79|0x0000000084f00000, 0x0000000085000000, 0x0000000085000000|100%| O|  |TAMS 0x0000000085000000| PB 0x0000000084f00000| Untracked 
|  80|0x0000000085000000, 0x0000000085100000, 0x0000000085100000|100%| O|  |TAMS 0x0000000085100000| PB 0x0000000085000000| Untracked 
|  81|0x0000000085100000, 0x0000000085200000, 0x0000000085200000|100%| O|  |TAMS 0x0000000085200000| PB 0x0000000085100000| Untracked 
|  82|0x0000000085200000, 0x0000000085300000, 0x0000000085300000|100%| O|  |TAMS 0x0000000085300000| PB 0x0000000085200000| Untracked 
|  83|0x0000000085300000, 0x0000000085400000, 0x0000000085400000|100%| O|  |TAMS 0x0000000085400000| PB 0x0000000085300000| Untracked 
|  84|0x0000000085400000, 0x0000000085500000, 0x0000000085500000|100%| O|  |TAMS 0x0000000085500000| PB 0x0000000085400000| Untracked 
|  85|0x0000000085500000, 0x0000000085600000, 0x0000000085600000|100%| O|  |TAMS 0x0000000085600000| PB 0x0000000085500000| Untracked 
|  86|0x0000000085600000, 0x0000000085700000, 0x0000000085700000|100%| O|  |TAMS 0x0000000085700000| PB 0x0000000085600000| Untracked 
|  87|0x0000000085700000, 0x0000000085800000, 0x0000000085800000|100%| O|  |TAMS 0x0000000085800000| PB 0x0000000085700000| Untracked 
|  88|0x0000000085800000, 0x0000000085900000, 0x0000000085900000|100%| O|  |TAMS 0x0000000085900000| PB 0x0000000085800000| Untracked 
|  89|0x0000000085900000, 0x0000000085a00000, 0x0000000085a00000|100%| O|  |TAMS 0x0000000085a00000| PB 0x0000000085900000| Untracked 
|  90|0x0000000085a00000, 0x0000000085b00000, 0x0000000085b00000|100%| O|  |TAMS 0x0000000085b00000| PB 0x0000000085a00000| Untracked 
|  91|0x0000000085b00000, 0x0000000085c00000, 0x0000000085c00000|100%| O|  |TAMS 0x0000000085c00000| PB 0x0000000085b00000| Untracked 
|  92|0x0000000085c00000, 0x0000000085d00000, 0x0000000085d00000|100%| O|  |TAMS 0x0000000085d00000| PB 0x0000000085c00000| Untracked 
|  93|0x0000000085d00000, 0x0000000085e00000, 0x0000000085e00000|100%| O|  |TAMS 0x0000000085e00000| PB 0x0000000085d00000| Untracked 
|  94|0x0000000085e00000, 0x0000000085f00000, 0x0000000085f00000|100%| O|  |TAMS 0x0000000085f00000| PB 0x0000000085e00000| Untracked 
|  95|0x0000000085f00000, 0x0000000086000000, 0x0000000086000000|100%| O|  |TAMS 0x0000000086000000| PB 0x0000000085f00000| Untracked 
|  96|0x0000000086000000, 0x0000000086100000, 0x0000000086100000|100%| O|  |TAMS 0x0000000086100000| PB 0x0000000086000000| Untracked 
|  97|0x0000000086100000, 0x0000000086200000, 0x0000000086200000|100%| O|  |TAMS 0x0000000086200000| PB 0x0000000086100000| Untracked 
|  98|0x0000000086200000, 0x0000000086300000, 0x0000000086300000|100%| O|  |TAMS 0x0000000086300000| PB 0x0000000086200000| Untracked 
|  99|0x0000000086300000, 0x0000000086400000, 0x0000000086400000|100%| O|  |TAMS 0x0000000086400000| PB 0x0000000086300000| Untracked 
| 100|0x0000000086400000, 0x0000000086500000, 0x0000000086500000|100%| O|  |TAMS 0x0000000086500000| PB 0x0000000086400000| Untracked 
| 101|0x0000000086500000, 0x0000000086600000, 0x0000000086600000|100%| O|  |TAMS 0x0000000086600000| PB 0x0000000086500000| Untracked 
| 102|0x0000000086600000, 0x0000000086700000, 0x0000000086700000|100%| O|  |TAMS 0x0000000086700000| PB 0x0000000086600000| Untracked 
| 103|0x0000000086700000, 0x0000000086800000, 0x0000000086800000|100%| O|  |TAMS 0x0000000086800000| PB 0x0000000086700000| Untracked 
| 104|0x0000000086800000, 0x0000000086900000, 0x0000000086900000|100%| O|  |TAMS 0x0000000086900000| PB 0x0000000086800000| Untracked 
| 105|0x0000000086900000, 0x0000000086a00000, 0x0000000086a00000|100%| O|  |TAMS 0x0000000086a00000| PB 0x0000000086900000| Untracked 
| 106|0x0000000086a00000, 0x0000000086b00000, 0x0000000086b00000|100%| O|  |TAMS 0x0000000086b00000| PB 0x0000000086a00000| Untracked 
| 107|0x0000000086b00000, 0x0000000086c00000, 0x0000000086c00000|100%| O|  |TAMS 0x0000000086c00000| PB 0x0000000086b00000| Untracked 
| 108|0x0000000086c00000, 0x0000000086d00000, 0x0000000086d00000|100%| O|  |TAMS 0x0000000086d00000| PB 0x0000000086c00000| Untracked 
| 109|0x0000000086d00000, 0x0000000086e00000, 0x0000000086e00000|100%| O|  |TAMS 0x0000000086e00000| PB 0x0000000086d00000| Untracked 
| 110|0x0000000086e00000, 0x0000000086f00000, 0x0000000086f00000|100%| O|  |TAMS 0x0000000086f00000| PB 0x0000000086e00000| Untracked 
| 111|0x0000000086f00000, 0x0000000087000000, 0x0000000087000000|100%| O|  |TAMS 0x0000000087000000| PB 0x0000000086f00000| Untracked 
| 112|0x0000000087000000, 0x0000000087100000, 0x0000000087100000|100%| O|  |TAMS 0x0000000087100000| PB 0x0000000087000000| Untracked 
| 113|0x0000000087100000, 0x0000000087200000, 0x0000000087200000|100%| O|  |TAMS 0x0000000087200000| PB 0x0000000087100000| Untracked 
| 114|0x0000000087200000, 0x0000000087300000, 0x0000000087300000|100%| O|  |TAMS 0x0000000087300000| PB 0x0000000087200000| Untracked 
| 115|0x0000000087300000, 0x0000000087400000, 0x0000000087400000|100%| O|  |TAMS 0x0000000087400000| PB 0x0000000087300000| Untracked 
| 116|0x0000000087400000, 0x0000000087500000, 0x0000000087500000|100%| O|  |TAMS 0x0000000087500000| PB 0x0000000087400000| Untracked 
| 117|0x0000000087500000, 0x0000000087600000, 0x0000000087600000|100%| O|  |TAMS 0x0000000087600000| PB 0x0000000087500000| Untracked 
| 118|0x0000000087600000, 0x0000000087700000, 0x0000000087700000|100%| O|  |TAMS 0x0000000087700000| PB 0x0000000087600000| Untracked 
| 119|0x0000000087700000, 0x0000000087800000, 0x0000000087800000|100%| O|  |TAMS 0x0000000087800000| PB 0x0000000087700000| Untracked 
| 120|0x0000000087800000, 0x0000000087900000, 0x0000000087900000|100%|HS|  |TAMS 0x0000000087900000| PB 0x0000000087800000| Complete 
| 121|0x0000000087900000, 0x0000000087a00000, 0x0000000087a00000|100%|HC|  |TAMS 0x0000000087a00000| PB 0x0000000087900000| Complete 
| 122|0x0000000087a00000, 0x0000000087b00000, 0x0000000087b00000|100%|HC|  |TAMS 0x0000000087b00000| PB 0x0000000087a00000| Complete 
| 123|0x0000000087b00000, 0x0000000087c00000, 0x0000000087c00000|100%|HC|  |TAMS 0x0000000087c00000| PB 0x0000000087b00000| Complete 
| 124|0x0000000087c00000, 0x0000000087d00000, 0x0000000087d00000|100%| O|  |TAMS 0x0000000087d00000| PB 0x0000000087c00000| Untracked 
| 125|0x0000000087d00000, 0x0000000087e00000, 0x0000000087e00000|100%| O|  |TAMS 0x0000000087e00000| PB 0x0000000087d00000| Untracked 
| 126|0x0000000087e00000, 0x0000000087f00000, 0x0000000087f00000|100%| O|  |TAMS 0x0000000087f00000| PB 0x0000000087e00000| Untracked 
| 127|0x0000000087f00000, 0x0000000088000000, 0x0000000088000000|100%| O|  |TAMS 0x0000000088000000| PB 0x0000000087f00000| Untracked 
| 128|0x0000000088000000, 0x0000000088100000, 0x0000000088100000|100%| O|  |TAMS 0x0000000088100000| PB 0x0000000088000000| Untracked 
| 129|0x0000000088100000, 0x0000000088200000, 0x0000000088200000|100%|HS|  |TAMS 0x0000000088200000| PB 0x0000000088100000| Complete 
| 130|0x0000000088200000, 0x0000000088300000, 0x0000000088300000|100%|HC|  |TAMS 0x0000000088300000| PB 0x0000000088200000| Complete 
| 131|0x0000000088300000, 0x0000000088400000, 0x0000000088400000|100%|HS|  |TAMS 0x0000000088400000| PB 0x0000000088300000| Complete 
| 132|0x0000000088400000, 0x0000000088500000, 0x0000000088500000|100%|HC|  |TAMS 0x0000000088500000| PB 0x0000000088400000| Complete 
| 133|0x0000000088500000, 0x0000000088600000, 0x0000000088600000|100%| O|  |TAMS 0x0000000088600000| PB 0x0000000088500000| Untracked 
| 134|0x0000000088600000, 0x0000000088700000, 0x0000000088700000|100%| O|  |TAMS 0x0000000088700000| PB 0x0000000088600000| Untracked 
| 135|0x0000000088700000, 0x0000000088800000, 0x0000000088800000|100%| O|  |TAMS 0x0000000088800000| PB 0x0000000088700000| Untracked 
| 136|0x0000000088800000, 0x0000000088900000, 0x0000000088900000|100%| O|  |TAMS 0x0000000088900000| PB 0x0000000088800000| Untracked 
| 137|0x0000000088900000, 0x0000000088a00000, 0x0000000088a00000|100%| O|  |TAMS 0x0000000088a00000| PB 0x0000000088900000| Untracked 
| 138|0x0000000088a00000, 0x0000000088b00000, 0x0000000088b00000|100%|HS|  |TAMS 0x0000000088b00000| PB 0x0000000088a00000| Complete 
| 139|0x0000000088b00000, 0x0000000088c00000, 0x0000000088c00000|100%|HS|  |TAMS 0x0000000088c00000| PB 0x0000000088b00000| Complete 
| 140|0x0000000088c00000, 0x0000000088d00000, 0x0000000088d00000|100%|HS|  |TAMS 0x0000000088d00000| PB 0x0000000088c00000| Complete 
| 141|0x0000000088d00000, 0x0000000088e00000, 0x0000000088e00000|100%|HS|  |TAMS 0x0000000088e00000| PB 0x0000000088d00000| Complete 
| 142|0x0000000088e00000, 0x0000000088f00000, 0x0000000088f00000|100%|HS|  |TAMS 0x0000000088f00000| PB 0x0000000088e00000| Complete 
| 143|0x0000000088f00000, 0x0000000089000000, 0x0000000089000000|100%|HC|  |TAMS 0x0000000089000000| PB 0x0000000088f00000| Complete 
| 144|0x0000000089000000, 0x0000000089100000, 0x0000000089100000|100%|HC|  |TAMS 0x0000000089100000| PB 0x0000000089000000| Complete 
| 145|0x0000000089100000, 0x0000000089200000, 0x0000000089200000|100%|HC|  |TAMS 0x0000000089200000| PB 0x0000000089100000| Complete 
| 146|0x0000000089200000, 0x0000000089300000, 0x0000000089300000|100%|HC|  |TAMS 0x0000000089300000| PB 0x0000000089200000| Complete 
| 147|0x0000000089300000, 0x0000000089400000, 0x0000000089400000|100%|HC|  |TAMS 0x0000000089400000| PB 0x0000000089300000| Complete 
| 148|0x0000000089400000, 0x0000000089500000, 0x0000000089500000|100%|HS|  |TAMS 0x0000000089500000| PB 0x0000000089400000| Complete 
| 149|0x0000000089500000, 0x0000000089600000, 0x0000000089600000|100%|HS|  |TAMS 0x0000000089600000| PB 0x0000000089500000| Complete 
| 150|0x0000000089600000, 0x0000000089700000, 0x0000000089700000|100%|HS|  |TAMS 0x0000000089700000| PB 0x0000000089600000| Complete 
| 151|0x0000000089700000, 0x0000000089800000, 0x0000000089800000|100%|HC|  |TAMS 0x0000000089800000| PB 0x0000000089700000| Complete 
| 152|0x0000000089800000, 0x0000000089900000, 0x0000000089900000|100%|HS|  |TAMS 0x0000000089900000| PB 0x0000000089800000| Complete 
| 153|0x0000000089900000, 0x0000000089a00000, 0x0000000089a00000|100%|HS|  |TAMS 0x0000000089a00000| PB 0x0000000089900000| Complete 
| 154|0x0000000089a00000, 0x0000000089b00000, 0x0000000089b00000|100%|HC|  |TAMS 0x0000000089b00000| PB 0x0000000089a00000| Complete 
| 155|0x0000000089b00000, 0x0000000089c00000, 0x0000000089c00000|100%|HC|  |TAMS 0x0000000089c00000| PB 0x0000000089b00000| Complete 
| 156|0x0000000089c00000, 0x0000000089d00000, 0x0000000089d00000|100%|HC|  |TAMS 0x0000000089d00000| PB 0x0000000089c00000| Complete 
| 157|0x0000000089d00000, 0x0000000089e00000, 0x0000000089e00000|100%|HC|  |TAMS 0x0000000089e00000| PB 0x0000000089d00000| Complete 
| 158|0x0000000089e00000, 0x0000000089f00000, 0x0000000089f00000|100%|HS|  |TAMS 0x0000000089f00000| PB 0x0000000089e00000| Complete 
| 159|0x0000000089f00000, 0x000000008a000000, 0x000000008a000000|100%|HS|  |TAMS 0x000000008a000000| PB 0x0000000089f00000| Complete 
| 160|0x000000008a000000, 0x000000008a100000, 0x000000008a100000|100%|HS|  |TAMS 0x000000008a100000| PB 0x000000008a000000| Complete 
| 161|0x000000008a100000, 0x000000008a200000, 0x000000008a200000|100%|HS|  |TAMS 0x000000008a200000| PB 0x000000008a100000| Complete 
| 162|0x000000008a200000, 0x000000008a300000, 0x000000008a300000|100%|HC|  |TAMS 0x000000008a300000| PB 0x000000008a200000| Complete 
| 163|0x000000008a300000, 0x000000008a400000, 0x000000008a400000|100%|HS|  |TAMS 0x000000008a400000| PB 0x000000008a300000| Complete 
| 164|0x000000008a400000, 0x000000008a500000, 0x000000008a500000|100%|HS|  |TAMS 0x000000008a500000| PB 0x000000008a400000| Complete 
| 165|0x000000008a500000, 0x000000008a600000, 0x000000008a600000|100%|HS|  |TAMS 0x000000008a600000| PB 0x000000008a500000| Complete 
| 166|0x000000008a600000, 0x000000008a700000, 0x000000008a700000|100%|HS|  |TAMS 0x000000008a700000| PB 0x000000008a600000| Complete 
| 167|0x000000008a700000, 0x000000008a800000, 0x000000008a800000|100%|HC|  |TAMS 0x000000008a800000| PB 0x000000008a700000| Complete 
| 168|0x000000008a800000, 0x000000008a900000, 0x000000008a900000|100%|HS|  |TAMS 0x000000008a900000| PB 0x000000008a800000| Complete 
| 169|0x000000008a900000, 0x000000008aa00000, 0x000000008aa00000|100%|HC|  |TAMS 0x000000008aa00000| PB 0x000000008a900000| Complete 
| 170|0x000000008aa00000, 0x000000008ab00000, 0x000000008ab00000|100%|HC|  |TAMS 0x000000008ab00000| PB 0x000000008aa00000| Complete 
| 171|0x000000008ab00000, 0x000000008ac00000, 0x000000008ac00000|100%| O|  |TAMS 0x000000008ac00000| PB 0x000000008ab00000| Untracked 
| 172|0x000000008ac00000, 0x000000008ad00000, 0x000000008ad00000|100%|HS|  |TAMS 0x000000008ad00000| PB 0x000000008ac00000| Complete 
| 173|0x000000008ad00000, 0x000000008ae00000, 0x000000008ae00000|100%|HC|  |TAMS 0x000000008ae00000| PB 0x000000008ad00000| Complete 
| 174|0x000000008ae00000, 0x000000008af00000, 0x000000008af00000|100%|HS|  |TAMS 0x000000008af00000| PB 0x000000008ae00000| Complete 
| 175|0x000000008af00000, 0x000000008b000000, 0x000000008b000000|100%|HC|  |TAMS 0x000000008b000000| PB 0x000000008af00000| Complete 
| 176|0x000000008b000000, 0x000000008b100000, 0x000000008b100000|100%|HS|  |TAMS 0x000000008b100000| PB 0x000000008b000000| Complete 
| 177|0x000000008b100000, 0x000000008b200000, 0x000000008b200000|100%|HC|  |TAMS 0x000000008b200000| PB 0x000000008b100000| Complete 
| 178|0x000000008b200000, 0x000000008b300000, 0x000000008b300000|100%|HC|  |TAMS 0x000000008b300000| PB 0x000000008b200000| Complete 
| 179|0x000000008b300000, 0x000000008b400000, 0x000000008b400000|100%|HS|  |TAMS 0x000000008b400000| PB 0x000000008b300000| Complete 
| 180|0x000000008b400000, 0x000000008b500000, 0x000000008b500000|100%|HC|  |TAMS 0x000000008b500000| PB 0x000000008b400000| Complete 
| 181|0x000000008b500000, 0x000000008b600000, 0x000000008b600000|100%|HC|  |TAMS 0x000000008b600000| PB 0x000000008b500000| Complete 
| 182|0x000000008b600000, 0x000000008b700000, 0x000000008b700000|100%|HS|  |TAMS 0x000000008b700000| PB 0x000000008b600000| Complete 
| 183|0x000000008b700000, 0x000000008b800000, 0x000000008b800000|100%|HS|  |TAMS 0x000000008b800000| PB 0x000000008b700000| Complete 
| 184|0x000000008b800000, 0x000000008b900000, 0x000000008b900000|100%|HS|  |TAMS 0x000000008b900000| PB 0x000000008b800000| Complete 
| 185|0x000000008b900000, 0x000000008ba00000, 0x000000008ba00000|100%|HC|  |TAMS 0x000000008ba00000| PB 0x000000008b900000| Complete 
| 186|0x000000008ba00000, 0x000000008bb00000, 0x000000008bb00000|100%| O|  |TAMS 0x000000008bb00000| PB 0x000000008ba00000| Untracked 
| 187|0x000000008bb00000, 0x000000008bc00000, 0x000000008bc00000|100%| O|  |TAMS 0x000000008bc00000| PB 0x000000008bb00000| Untracked 
| 188|0x000000008bc00000, 0x000000008bd00000, 0x000000008bd00000|100%| O|  |TAMS 0x000000008bd00000| PB 0x000000008bc00000| Untracked 
| 189|0x000000008bd00000, 0x000000008be00000, 0x000000008be00000|100%| O|  |TAMS 0x000000008be00000| PB 0x000000008bd00000| Untracked 
| 190|0x000000008be00000, 0x000000008bf00000, 0x000000008bf00000|100%| O|  |TAMS 0x000000008bf00000| PB 0x000000008be00000| Untracked 
| 191|0x000000008bf00000, 0x000000008c000000, 0x000000008c000000|100%| O|  |TAMS 0x000000008c000000| PB 0x000000008bf00000| Untracked 
| 192|0x000000008c000000, 0x000000008c100000, 0x000000008c100000|100%| O|  |TAMS 0x000000008c100000| PB 0x000000008c000000| Untracked 
| 193|0x000000008c100000, 0x000000008c200000, 0x000000008c200000|100%|HS|  |TAMS 0x000000008c200000| PB 0x000000008c100000| Complete 
| 194|0x000000008c200000, 0x000000008c300000, 0x000000008c300000|100%|HS|  |TAMS 0x000000008c300000| PB 0x000000008c200000| Complete 
| 195|0x000000008c300000, 0x000000008c400000, 0x000000008c400000|100%| O|  |TAMS 0x000000008c400000| PB 0x000000008c300000| Untracked 
| 196|0x000000008c400000, 0x000000008c500000, 0x000000008c500000|100%| O|  |TAMS 0x000000008c500000| PB 0x000000008c400000| Untracked 
| 197|0x000000008c500000, 0x000000008c600000, 0x000000008c600000|100%| O|  |TAMS 0x000000008c600000| PB 0x000000008c500000| Untracked 
| 198|0x000000008c600000, 0x000000008c700000, 0x000000008c700000|100%| O|  |TAMS 0x000000008c700000| PB 0x000000008c600000| Untracked 
| 199|0x000000008c700000, 0x000000008c800000, 0x000000008c800000|100%| O|  |TAMS 0x000000008c800000| PB 0x000000008c700000| Untracked 
| 200|0x000000008c800000, 0x000000008c900000, 0x000000008c900000|100%| O|  |TAMS 0x000000008c800000| PB 0x000000008c800000| Untracked 
| 201|0x000000008c900000, 0x000000008ca00000, 0x000000008ca00000|100%| O|  |TAMS 0x000000008c900000| PB 0x000000008c900000| Untracked 
| 202|0x000000008ca00000, 0x000000008cb00000, 0x000000008cb00000|100%|HS|  |TAMS 0x000000008cb00000| PB 0x000000008ca00000| Complete 
| 203|0x000000008cb00000, 0x000000008cc00000, 0x000000008cc00000|100%| O|  |TAMS 0x000000008cc00000| PB 0x000000008cb00000| Untracked 
| 204|0x000000008cc00000, 0x000000008cd00000, 0x000000008cd00000|100%| O|  |TAMS 0x000000008cd00000| PB 0x000000008cc00000| Untracked 
| 205|0x000000008cd00000, 0x000000008ce00000, 0x000000008ce00000|100%| O|  |TAMS 0x000000008ce00000| PB 0x000000008cd00000| Untracked 
| 206|0x000000008ce00000, 0x000000008cf00000, 0x000000008cf00000|100%|HS|  |TAMS 0x000000008cf00000| PB 0x000000008ce00000| Complete 
| 207|0x000000008cf00000, 0x000000008d000000, 0x000000008d000000|100%|HC|  |TAMS 0x000000008d000000| PB 0x000000008cf00000| Complete 
| 208|0x000000008d000000, 0x000000008d100000, 0x000000008d100000|100%| O|  |TAMS 0x000000008d100000| PB 0x000000008d000000| Untracked 
| 209|0x000000008d100000, 0x000000008d200000, 0x000000008d200000|100%|HS|  |TAMS 0x000000008d200000| PB 0x000000008d100000| Complete 
| 210|0x000000008d200000, 0x000000008d300000, 0x000000008d300000|100%| O|  |TAMS 0x000000008d300000| PB 0x000000008d200000| Untracked 
| 211|0x000000008d300000, 0x000000008d400000, 0x000000008d400000|100%| O|  |TAMS 0x000000008d300000| PB 0x000000008d300000| Untracked 
| 212|0x000000008d400000, 0x000000008d500000, 0x000000008d500000|100%| O|  |TAMS 0x000000008d500000| PB 0x000000008d400000| Untracked 
| 213|0x000000008d500000, 0x000000008d600000, 0x000000008d600000|100%| O|  |TAMS 0x000000008d600000| PB 0x000000008d500000| Untracked 
| 214|0x000000008d600000, 0x000000008d700000, 0x000000008d700000|100%|HS|  |TAMS 0x000000008d700000| PB 0x000000008d600000| Complete 
| 215|0x000000008d700000, 0x000000008d800000, 0x000000008d800000|100%|HC|  |TAMS 0x000000008d800000| PB 0x000000008d700000| Complete 
| 216|0x000000008d800000, 0x000000008d900000, 0x000000008d900000|100%|HC|  |TAMS 0x000000008d900000| PB 0x000000008d800000| Complete 
| 217|0x000000008d900000, 0x000000008da00000, 0x000000008da00000|100%|HC|  |TAMS 0x000000008da00000| PB 0x000000008d900000| Complete 
| 218|0x000000008da00000, 0x000000008db00000, 0x000000008db00000|100%|HC|  |TAMS 0x000000008db00000| PB 0x000000008da00000| Complete 
| 219|0x000000008db00000, 0x000000008dc00000, 0x000000008dc00000|100%|HC|  |TAMS 0x000000008dc00000| PB 0x000000008db00000| Complete 
| 220|0x000000008dc00000, 0x000000008dd00000, 0x000000008dd00000|100%| O|  |TAMS 0x000000008dd00000| PB 0x000000008dc00000| Untracked 
| 221|0x000000008dd00000, 0x000000008de00000, 0x000000008de00000|100%|HS|  |TAMS 0x000000008de00000| PB 0x000000008dd00000| Complete 
| 222|0x000000008de00000, 0x000000008df00000, 0x000000008df00000|100%| O|  |TAMS 0x000000008df00000| PB 0x000000008de00000| Untracked 
| 223|0x000000008df00000, 0x000000008e000000, 0x000000008e000000|100%|HS|  |TAMS 0x000000008e000000| PB 0x000000008df00000| Complete 
| 224|0x000000008e000000, 0x000000008e100000, 0x000000008e100000|100%|HS|  |TAMS 0x000000008e100000| PB 0x000000008e000000| Complete 
| 225|0x000000008e100000, 0x000000008e200000, 0x000000008e200000|100%|HC|  |TAMS 0x000000008e200000| PB 0x000000008e100000| Complete 
| 226|0x000000008e200000, 0x000000008e300000, 0x000000008e300000|100%| O|  |TAMS 0x000000008e300000| PB 0x000000008e200000| Untracked 
| 227|0x000000008e300000, 0x000000008e400000, 0x000000008e400000|100%|HS|  |TAMS 0x000000008e400000| PB 0x000000008e300000| Complete 
| 228|0x000000008e400000, 0x000000008e500000, 0x000000008e500000|100%|HC|  |TAMS 0x000000008e500000| PB 0x000000008e400000| Complete 
| 229|0x000000008e500000, 0x000000008e600000, 0x000000008e600000|100%| O|  |TAMS 0x000000008e600000| PB 0x000000008e500000| Untracked 
| 230|0x000000008e600000, 0x000000008e700000, 0x000000008e700000|100%|HS|  |TAMS 0x000000008e700000| PB 0x000000008e600000| Complete 
| 231|0x000000008e700000, 0x000000008e800000, 0x000000008e800000|100%| O|  |TAMS 0x000000008e800000| PB 0x000000008e700000| Untracked 
| 232|0x000000008e800000, 0x000000008e900000, 0x000000008e900000|100%| O|  |TAMS 0x000000008e800000| PB 0x000000008e800000| Untracked 
| 233|0x000000008e900000, 0x000000008ea00000, 0x000000008ea00000|100%|HS|  |TAMS 0x000000008ea00000| PB 0x000000008e900000| Complete 
| 234|0x000000008ea00000, 0x000000008eb00000, 0x000000008eb00000|100%|HS|  |TAMS 0x000000008eb00000| PB 0x000000008ea00000| Complete 
| 235|0x000000008eb00000, 0x000000008ec00000, 0x000000008ec00000|100%|HS|  |TAMS 0x000000008ec00000| PB 0x000000008eb00000| Complete 
| 236|0x000000008ec00000, 0x000000008ed00000, 0x000000008ed00000|100%|HS|  |TAMS 0x000000008ed00000| PB 0x000000008ec00000| Complete 
| 237|0x000000008ed00000, 0x000000008ee00000, 0x000000008ee00000|100%|HC|  |TAMS 0x000000008ee00000| PB 0x000000008ed00000| Complete 
| 238|0x000000008ee00000, 0x000000008ef00000, 0x000000008ef00000|100%|HC|  |TAMS 0x000000008ef00000| PB 0x000000008ee00000| Complete 
| 239|0x000000008ef00000, 0x000000008f000000, 0x000000008f000000|100%|HC|  |TAMS 0x000000008f000000| PB 0x000000008ef00000| Complete 
| 240|0x000000008f000000, 0x000000008f100000, 0x000000008f100000|100%|HS|  |TAMS 0x000000008f100000| PB 0x000000008f000000| Complete 
| 241|0x000000008f100000, 0x000000008f200000, 0x000000008f200000|100%|HC|  |TAMS 0x000000008f200000| PB 0x000000008f100000| Complete 
| 242|0x000000008f200000, 0x000000008f300000, 0x000000008f300000|100%|HS|  |TAMS 0x000000008f300000| PB 0x000000008f200000| Complete 
| 243|0x000000008f300000, 0x000000008f400000, 0x000000008f400000|100%|HC|  |TAMS 0x000000008f400000| PB 0x000000008f300000| Complete 
| 244|0x000000008f400000, 0x000000008f500000, 0x000000008f500000|100%|HS|  |TAMS 0x000000008f500000| PB 0x000000008f400000| Complete 
| 245|0x000000008f500000, 0x000000008f600000, 0x000000008f600000|100%|HC|  |TAMS 0x000000008f600000| PB 0x000000008f500000| Complete 
| 246|0x000000008f600000, 0x000000008f700000, 0x000000008f700000|100%|HS|  |TAMS 0x000000008f700000| PB 0x000000008f600000| Complete 
| 247|0x000000008f700000, 0x000000008f800000, 0x000000008f800000|100%|HC|  |TAMS 0x000000008f800000| PB 0x000000008f700000| Complete 
| 248|0x000000008f800000, 0x000000008f900000, 0x000000008f900000|100%|HS|  |TAMS 0x000000008f900000| PB 0x000000008f800000| Complete 
| 249|0x000000008f900000, 0x000000008fa00000, 0x000000008fa00000|100%|HS|  |TAMS 0x000000008fa00000| PB 0x000000008f900000| Complete 
| 250|0x000000008fa00000, 0x000000008fb00000, 0x000000008fb00000|100%|HS|  |TAMS 0x000000008fb00000| PB 0x000000008fa00000| Complete 
| 251|0x000000008fb00000, 0x000000008fc00000, 0x000000008fc00000|100%|HC|  |TAMS 0x000000008fc00000| PB 0x000000008fb00000| Complete 
| 252|0x000000008fc00000, 0x000000008fd00000, 0x000000008fd00000|100%|HC|  |TAMS 0x000000008fd00000| PB 0x000000008fc00000| Complete 
| 253|0x000000008fd00000, 0x000000008fe00000, 0x000000008fe00000|100%|HC|  |TAMS 0x000000008fe00000| PB 0x000000008fd00000| Complete 
| 254|0x000000008fe00000, 0x000000008ff00000, 0x000000008ff00000|100%|HC|  |TAMS 0x000000008ff00000| PB 0x000000008fe00000| Complete 
| 255|0x000000008ff00000, 0x0000000090000000, 0x0000000090000000|100%|HC|  |TAMS 0x0000000090000000| PB 0x000000008ff00000| Complete 
| 256|0x0000000090000000, 0x0000000090100000, 0x0000000090100000|100%|HC|  |TAMS 0x0000000090100000| PB 0x0000000090000000| Complete 
| 257|0x0000000090100000, 0x0000000090200000, 0x0000000090200000|100%|HC|  |TAMS 0x0000000090200000| PB 0x0000000090100000| Complete 
| 258|0x0000000090200000, 0x0000000090300000, 0x0000000090300000|100%|HC|  |TAMS 0x0000000090300000| PB 0x0000000090200000| Complete 
| 259|0x0000000090300000, 0x0000000090400000, 0x0000000090400000|100%|HC|  |TAMS 0x0000000090400000| PB 0x0000000090300000| Complete 
| 260|0x0000000090400000, 0x0000000090500000, 0x0000000090500000|100%|HC|  |TAMS 0x0000000090500000| PB 0x0000000090400000| Complete 
| 261|0x0000000090500000, 0x0000000090600000, 0x0000000090600000|100%|HC|  |TAMS 0x0000000090600000| PB 0x0000000090500000| Complete 
| 262|0x0000000090600000, 0x0000000090700000, 0x0000000090700000|100%|HC|  |TAMS 0x0000000090700000| PB 0x0000000090600000| Complete 
| 263|0x0000000090700000, 0x0000000090800000, 0x0000000090800000|100%|HC|  |TAMS 0x0000000090800000| PB 0x0000000090700000| Complete 
| 264|0x0000000090800000, 0x0000000090900000, 0x0000000090900000|100%|HC|  |TAMS 0x0000000090900000| PB 0x0000000090800000| Complete 
| 265|0x0000000090900000, 0x0000000090a00000, 0x0000000090a00000|100%|HC|  |TAMS 0x0000000090a00000| PB 0x0000000090900000| Complete 
| 266|0x0000000090a00000, 0x0000000090b00000, 0x0000000090b00000|100%|HC|  |TAMS 0x0000000090b00000| PB 0x0000000090a00000| Complete 
| 267|0x0000000090b00000, 0x0000000090c00000, 0x0000000090c00000|100%|HC|  |TAMS 0x0000000090c00000| PB 0x0000000090b00000| Complete 
| 268|0x0000000090c00000, 0x0000000090d00000, 0x0000000090d00000|100%|HC|  |TAMS 0x0000000090d00000| PB 0x0000000090c00000| Complete 
| 269|0x0000000090d00000, 0x0000000090e00000, 0x0000000090e00000|100%|HC|  |TAMS 0x0000000090e00000| PB 0x0000000090d00000| Complete 
| 270|0x0000000090e00000, 0x0000000090f00000, 0x0000000090f00000|100%|HC|  |TAMS 0x0000000090f00000| PB 0x0000000090e00000| Complete 
| 271|0x0000000090f00000, 0x0000000091000000, 0x0000000091000000|100%|HC|  |TAMS 0x0000000091000000| PB 0x0000000090f00000| Complete 
| 272|0x0000000091000000, 0x0000000091100000, 0x0000000091100000|100%|HC|  |TAMS 0x0000000091100000| PB 0x0000000091000000| Complete 
| 273|0x0000000091100000, 0x0000000091200000, 0x0000000091200000|100%|HC|  |TAMS 0x0000000091200000| PB 0x0000000091100000| Complete 
| 274|0x0000000091200000, 0x0000000091300000, 0x0000000091300000|100%|HC|  |TAMS 0x0000000091300000| PB 0x0000000091200000| Complete 
| 275|0x0000000091300000, 0x0000000091400000, 0x0000000091400000|100%|HC|  |TAMS 0x0000000091400000| PB 0x0000000091300000| Complete 
| 276|0x0000000091400000, 0x0000000091500000, 0x0000000091500000|100%|HC|  |TAMS 0x0000000091500000| PB 0x0000000091400000| Complete 
| 277|0x0000000091500000, 0x0000000091600000, 0x0000000091600000|100%|HC|  |TAMS 0x0000000091600000| PB 0x0000000091500000| Complete 
| 278|0x0000000091600000, 0x0000000091700000, 0x0000000091700000|100%|HC|  |TAMS 0x0000000091700000| PB 0x0000000091600000| Complete 
| 279|0x0000000091700000, 0x0000000091800000, 0x0000000091800000|100%|HC|  |TAMS 0x0000000091800000| PB 0x0000000091700000| Complete 
| 280|0x0000000091800000, 0x0000000091900000, 0x0000000091900000|100%|HS|  |TAMS 0x0000000091900000| PB 0x0000000091800000| Complete 
| 281|0x0000000091900000, 0x0000000091a00000, 0x0000000091a00000|100%|HC|  |TAMS 0x0000000091a00000| PB 0x0000000091900000| Complete 
| 282|0x0000000091a00000, 0x0000000091b00000, 0x0000000091b00000|100%|HC|  |TAMS 0x0000000091b00000| PB 0x0000000091a00000| Complete 
| 283|0x0000000091b00000, 0x0000000091c00000, 0x0000000091c00000|100%|HC|  |TAMS 0x0000000091c00000| PB 0x0000000091b00000| Complete 
| 284|0x0000000091c00000, 0x0000000091d00000, 0x0000000091d00000|100%|HS|  |TAMS 0x0000000091d00000| PB 0x0000000091c00000| Complete 
| 285|0x0000000091d00000, 0x0000000091e00000, 0x0000000091e00000|100%|HC|  |TAMS 0x0000000091e00000| PB 0x0000000091d00000| Complete 
| 286|0x0000000091e00000, 0x0000000091f00000, 0x0000000091f00000|100%| O|  |TAMS 0x0000000091f00000| PB 0x0000000091e00000| Untracked 
| 287|0x0000000091f00000, 0x0000000092000000, 0x0000000092000000|100%| O|  |TAMS 0x0000000092000000| PB 0x0000000091f00000| Untracked 
| 288|0x0000000092000000, 0x0000000092100000, 0x0000000092100000|100%|HS|  |TAMS 0x0000000092100000| PB 0x0000000092000000| Complete 
| 289|0x0000000092100000, 0x0000000092200000, 0x0000000092200000|100%|HC|  |TAMS 0x0000000092200000| PB 0x0000000092100000| Complete 
| 290|0x0000000092200000, 0x0000000092300000, 0x0000000092300000|100%| O|  |TAMS 0x0000000092300000| PB 0x0000000092200000| Untracked 
| 291|0x0000000092300000, 0x0000000092400000, 0x0000000092400000|100%|HS|  |TAMS 0x0000000092400000| PB 0x0000000092300000| Complete 
| 292|0x0000000092400000, 0x0000000092500000, 0x0000000092500000|100%| O|  |TAMS 0x0000000092500000| PB 0x0000000092400000| Untracked 
| 293|0x0000000092500000, 0x0000000092600000, 0x0000000092600000|100%| O|  |TAMS 0x0000000092600000| PB 0x0000000092500000| Untracked 
| 294|0x0000000092600000, 0x0000000092700000, 0x0000000092700000|100%|HS|  |TAMS 0x0000000092700000| PB 0x0000000092600000| Complete 
| 295|0x0000000092700000, 0x0000000092800000, 0x0000000092800000|100%|HS|  |TAMS 0x0000000092800000| PB 0x0000000092700000| Complete 
| 296|0x0000000092800000, 0x0000000092900000, 0x0000000092900000|100%|HC|  |TAMS 0x0000000092900000| PB 0x0000000092800000| Complete 
| 297|0x0000000092900000, 0x0000000092a00000, 0x0000000092a00000|100%| O|  |TAMS 0x0000000092a00000| PB 0x0000000092900000| Untracked 
| 298|0x0000000092a00000, 0x0000000092b00000, 0x0000000092b00000|100%| O|  |TAMS 0x0000000092b00000| PB 0x0000000092a00000| Untracked 
| 299|0x0000000092b00000, 0x0000000092c00000, 0x0000000092c00000|100%| O|  |TAMS 0x0000000092c00000| PB 0x0000000092b00000| Untracked 
| 300|0x0000000092c00000, 0x0000000092d00000, 0x0000000092d00000|100%| O|  |TAMS 0x0000000092d00000| PB 0x0000000092c00000| Untracked 
| 301|0x0000000092d00000, 0x0000000092e00000, 0x0000000092e00000|100%| O|  |TAMS 0x0000000092e00000| PB 0x0000000092d00000| Untracked 
| 302|0x0000000092e00000, 0x0000000092f00000, 0x0000000092f00000|100%| O|  |TAMS 0x0000000092f00000| PB 0x0000000092e00000| Untracked 
| 303|0x0000000092f00000, 0x0000000093000000, 0x0000000093000000|100%|HS|  |TAMS 0x0000000093000000| PB 0x0000000092f00000| Complete 
| 304|0x0000000093000000, 0x0000000093100000, 0x0000000093100000|100%|HC|  |TAMS 0x0000000093100000| PB 0x0000000093000000| Complete 
| 305|0x0000000093100000, 0x0000000093200000, 0x0000000093200000|100%|HC|  |TAMS 0x0000000093200000| PB 0x0000000093100000| Complete 
| 306|0x0000000093200000, 0x0000000093300000, 0x0000000093300000|100%|HS|  |TAMS 0x0000000093300000| PB 0x0000000093200000| Complete 
| 307|0x0000000093300000, 0x0000000093400000, 0x0000000093400000|100%|HC|  |TAMS 0x0000000093400000| PB 0x0000000093300000| Complete 
| 308|0x0000000093400000, 0x0000000093500000, 0x0000000093500000|100%|HC|  |TAMS 0x0000000093500000| PB 0x0000000093400000| Complete 
| 309|0x0000000093500000, 0x0000000093600000, 0x0000000093600000|100%| O|  |TAMS 0x0000000093600000| PB 0x0000000093500000| Untracked 
| 310|0x0000000093600000, 0x0000000093700000, 0x0000000093700000|100%| O|  |TAMS 0x0000000093700000| PB 0x0000000093600000| Untracked 
| 311|0x0000000093700000, 0x0000000093800000, 0x0000000093800000|100%| O|  |TAMS 0x0000000093800000| PB 0x0000000093700000| Untracked 
| 312|0x0000000093800000, 0x0000000093900000, 0x0000000093900000|100%|HS|  |TAMS 0x0000000093900000| PB 0x0000000093800000| Complete 
| 313|0x0000000093900000, 0x0000000093a00000, 0x0000000093a00000|100%|HC|  |TAMS 0x0000000093a00000| PB 0x0000000093900000| Complete 
| 314|0x0000000093a00000, 0x0000000093b00000, 0x0000000093b00000|100%|HC|  |TAMS 0x0000000093b00000| PB 0x0000000093a00000| Complete 
| 315|0x0000000093b00000, 0x0000000093c00000, 0x0000000093c00000|100%|HC|  |TAMS 0x0000000093c00000| PB 0x0000000093b00000| Complete 
| 316|0x0000000093c00000, 0x0000000093d00000, 0x0000000093d00000|100%|HC|  |TAMS 0x0000000093d00000| PB 0x0000000093c00000| Complete 
| 317|0x0000000093d00000, 0x0000000093e00000, 0x0000000093e00000|100%|HC|  |TAMS 0x0000000093e00000| PB 0x0000000093d00000| Complete 
| 318|0x0000000093e00000, 0x0000000093f00000, 0x0000000093f00000|100%|HC|  |TAMS 0x0000000093f00000| PB 0x0000000093e00000| Complete 
| 319|0x0000000093f00000, 0x0000000094000000, 0x0000000094000000|100%|HC|  |TAMS 0x0000000094000000| PB 0x0000000093f00000| Complete 
| 320|0x0000000094000000, 0x0000000094100000, 0x0000000094100000|100%|HC|  |TAMS 0x0000000094100000| PB 0x0000000094000000| Complete 
| 321|0x0000000094100000, 0x0000000094200000, 0x0000000094200000|100%|HC|  |TAMS 0x0000000094200000| PB 0x0000000094100000| Complete 
| 322|0x0000000094200000, 0x0000000094300000, 0x0000000094300000|100%|HC|  |TAMS 0x0000000094300000| PB 0x0000000094200000| Complete 
| 323|0x0000000094300000, 0x0000000094400000, 0x0000000094400000|100%|HC|  |TAMS 0x0000000094400000| PB 0x0000000094300000| Complete 
| 324|0x0000000094400000, 0x0000000094500000, 0x0000000094500000|100%|HC|  |TAMS 0x0000000094500000| PB 0x0000000094400000| Complete 
| 325|0x0000000094500000, 0x0000000094600000, 0x0000000094600000|100%|HC|  |TAMS 0x0000000094600000| PB 0x0000000094500000| Complete 
| 326|0x0000000094600000, 0x0000000094700000, 0x0000000094700000|100%|HC|  |TAMS 0x0000000094700000| PB 0x0000000094600000| Complete 
| 327|0x0000000094700000, 0x0000000094800000, 0x0000000094800000|100%|HC|  |TAMS 0x0000000094800000| PB 0x0000000094700000| Complete 
| 328|0x0000000094800000, 0x0000000094900000, 0x0000000094900000|100%|HC|  |TAMS 0x0000000094900000| PB 0x0000000094800000| Complete 
| 329|0x0000000094900000, 0x0000000094a00000, 0x0000000094a00000|100%|HC|  |TAMS 0x0000000094a00000| PB 0x0000000094900000| Complete 
| 330|0x0000000094a00000, 0x0000000094b00000, 0x0000000094b00000|100%|HC|  |TAMS 0x0000000094b00000| PB 0x0000000094a00000| Complete 
| 331|0x0000000094b00000, 0x0000000094c00000, 0x0000000094c00000|100%|HC|  |TAMS 0x0000000094c00000| PB 0x0000000094b00000| Complete 
| 332|0x0000000094c00000, 0x0000000094d00000, 0x0000000094d00000|100%|HC|  |TAMS 0x0000000094d00000| PB 0x0000000094c00000| Complete 
| 333|0x0000000094d00000, 0x0000000094e00000, 0x0000000094e00000|100%|HC|  |TAMS 0x0000000094e00000| PB 0x0000000094d00000| Complete 
| 334|0x0000000094e00000, 0x0000000094f00000, 0x0000000094f00000|100%|HC|  |TAMS 0x0000000094f00000| PB 0x0000000094e00000| Complete 
| 335|0x0000000094f00000, 0x0000000095000000, 0x0000000095000000|100%|HC|  |TAMS 0x0000000095000000| PB 0x0000000094f00000| Complete 
| 336|0x0000000095000000, 0x0000000095100000, 0x0000000095100000|100%|HC|  |TAMS 0x0000000095100000| PB 0x0000000095000000| Complete 
| 337|0x0000000095100000, 0x0000000095200000, 0x0000000095200000|100%|HC|  |TAMS 0x0000000095200000| PB 0x0000000095100000| Complete 
| 338|0x0000000095200000, 0x0000000095300000, 0x0000000095300000|100%|HC|  |TAMS 0x0000000095300000| PB 0x0000000095200000| Complete 
| 339|0x0000000095300000, 0x0000000095400000, 0x0000000095400000|100%|HC|  |TAMS 0x0000000095400000| PB 0x0000000095300000| Complete 
| 340|0x0000000095400000, 0x0000000095500000, 0x0000000095500000|100%|HC|  |TAMS 0x0000000095500000| PB 0x0000000095400000| Complete 
| 341|0x0000000095500000, 0x0000000095600000, 0x0000000095600000|100%|HC|  |TAMS 0x0000000095600000| PB 0x0000000095500000| Complete 
| 342|0x0000000095600000, 0x0000000095700000, 0x0000000095700000|100%|HS|  |TAMS 0x0000000095700000| PB 0x0000000095600000| Complete 
| 343|0x0000000095700000, 0x0000000095800000, 0x0000000095800000|100%|HC|  |TAMS 0x0000000095800000| PB 0x0000000095700000| Complete 
| 344|0x0000000095800000, 0x0000000095900000, 0x0000000095900000|100%|HC|  |TAMS 0x0000000095900000| PB 0x0000000095800000| Complete 
| 345|0x0000000095900000, 0x0000000095a00000, 0x0000000095a00000|100%| O|  |TAMS 0x0000000095a00000| PB 0x0000000095900000| Untracked 
| 346|0x0000000095a00000, 0x0000000095b00000, 0x0000000095b00000|100%| O|  |TAMS 0x0000000095b00000| PB 0x0000000095a00000| Untracked 
| 347|0x0000000095b00000, 0x0000000095c00000, 0x0000000095c00000|100%| O|  |TAMS 0x0000000095c00000| PB 0x0000000095b00000| Untracked 
| 348|0x0000000095c00000, 0x0000000095d00000, 0x0000000095d00000|100%| O|  |TAMS 0x0000000095d00000| PB 0x0000000095c00000| Untracked 
| 349|0x0000000095d00000, 0x0000000095e00000, 0x0000000095e00000|100%| O|  |TAMS 0x0000000095e00000| PB 0x0000000095d00000| Untracked 
| 350|0x0000000095e00000, 0x0000000095f00000, 0x0000000095f00000|100%| O|  |TAMS 0x0000000095f00000| PB 0x0000000095e00000| Untracked 
| 351|0x0000000095f00000, 0x0000000096000000, 0x0000000096000000|100%|HS|  |TAMS 0x0000000096000000| PB 0x0000000095f00000| Complete 
| 352|0x0000000096000000, 0x0000000096100000, 0x0000000096100000|100%|HC|  |TAMS 0x0000000096100000| PB 0x0000000096000000| Complete 
| 353|0x0000000096100000, 0x0000000096200000, 0x0000000096200000|100%|HC|  |TAMS 0x0000000096200000| PB 0x0000000096100000| Complete 
| 354|0x0000000096200000, 0x0000000096300000, 0x0000000096300000|100%| O|  |TAMS 0x0000000096300000| PB 0x0000000096200000| Untracked 
| 355|0x0000000096300000, 0x0000000096400000, 0x0000000096400000|100%| O|  |TAMS 0x0000000096400000| PB 0x0000000096300000| Untracked 
| 356|0x0000000096400000, 0x0000000096500000, 0x0000000096500000|100%| O|  |TAMS 0x0000000096500000| PB 0x0000000096400000| Untracked 
| 357|0x0000000096500000, 0x0000000096600000, 0x0000000096600000|100%|HS|  |TAMS 0x0000000096600000| PB 0x0000000096500000| Complete 
| 358|0x0000000096600000, 0x0000000096700000, 0x0000000096700000|100%|HC|  |TAMS 0x0000000096700000| PB 0x0000000096600000| Complete 
| 359|0x0000000096700000, 0x0000000096800000, 0x0000000096800000|100%|HS|  |TAMS 0x0000000096800000| PB 0x0000000096700000| Complete 
| 360|0x0000000096800000, 0x0000000096900000, 0x0000000096900000|100%|HC|  |TAMS 0x0000000096900000| PB 0x0000000096800000| Complete 
| 361|0x0000000096900000, 0x0000000096a00000, 0x0000000096a00000|100%|HC|  |TAMS 0x0000000096a00000| PB 0x0000000096900000| Complete 
| 362|0x0000000096a00000, 0x0000000096b00000, 0x0000000096b00000|100%|HS|  |TAMS 0x0000000096b00000| PB 0x0000000096a00000| Complete 
| 363|0x0000000096b00000, 0x0000000096c00000, 0x0000000096c00000|100%|HS|  |TAMS 0x0000000096c00000| PB 0x0000000096b00000| Complete 
| 364|0x0000000096c00000, 0x0000000096d00000, 0x0000000096d00000|100%| O|  |TAMS 0x0000000096d00000| PB 0x0000000096c00000| Untracked 
| 365|0x0000000096d00000, 0x0000000096e00000, 0x0000000096e00000|100%| O|  |TAMS 0x0000000096e00000| PB 0x0000000096d00000| Untracked 
| 366|0x0000000096e00000, 0x0000000096f00000, 0x0000000096f00000|100%| O|  |TAMS 0x0000000096f00000| PB 0x0000000096e00000| Untracked 
| 367|0x0000000096f00000, 0x0000000097000000, 0x0000000097000000|100%| O|  |TAMS 0x0000000097000000| PB 0x0000000096f00000| Untracked 
| 368|0x0000000097000000, 0x0000000097100000, 0x0000000097100000|100%| O|  |TAMS 0x0000000097100000| PB 0x0000000097000000| Untracked 
| 369|0x0000000097100000, 0x0000000097200000, 0x0000000097200000|100%| O|  |TAMS 0x0000000097200000| PB 0x0000000097100000| Untracked 
| 370|0x0000000097200000, 0x0000000097300000, 0x0000000097300000|100%| O|  |TAMS 0x0000000097300000| PB 0x0000000097200000| Untracked 
| 371|0x0000000097300000, 0x0000000097400000, 0x0000000097400000|100%| O|  |TAMS 0x0000000097400000| PB 0x0000000097300000| Untracked 
| 372|0x0000000097400000, 0x0000000097500000, 0x0000000097500000|100%| O|  |TAMS 0x0000000097500000| PB 0x0000000097400000| Untracked 
| 373|0x0000000097500000, 0x0000000097600000, 0x0000000097600000|100%| O|  |TAMS 0x0000000097600000| PB 0x0000000097500000| Untracked 
| 374|0x0000000097600000, 0x0000000097700000, 0x0000000097700000|100%| O|  |TAMS 0x0000000097700000| PB 0x0000000097600000| Untracked 
| 375|0x0000000097700000, 0x0000000097800000, 0x0000000097800000|100%|HS|  |TAMS 0x0000000097800000| PB 0x0000000097700000| Complete 
| 376|0x0000000097800000, 0x0000000097900000, 0x0000000097900000|100%|HC|  |TAMS 0x0000000097900000| PB 0x0000000097800000| Complete 
| 377|0x0000000097900000, 0x0000000097a00000, 0x0000000097a00000|100%|HC|  |TAMS 0x0000000097a00000| PB 0x0000000097900000| Complete 
| 378|0x0000000097a00000, 0x0000000097b00000, 0x0000000097b00000|100%|HC|  |TAMS 0x0000000097b00000| PB 0x0000000097a00000| Complete 
| 379|0x0000000097b00000, 0x0000000097c00000, 0x0000000097c00000|100%|HC|  |TAMS 0x0000000097c00000| PB 0x0000000097b00000| Complete 
| 380|0x0000000097c00000, 0x0000000097d00000, 0x0000000097d00000|100%| O|  |TAMS 0x0000000097d00000| PB 0x0000000097c00000| Untracked 
| 381|0x0000000097d00000, 0x0000000097e00000, 0x0000000097e00000|100%| O|  |TAMS 0x0000000097e00000| PB 0x0000000097d00000| Untracked 
| 382|0x0000000097e00000, 0x0000000097f00000, 0x0000000097f00000|100%| O|  |TAMS 0x0000000097f00000| PB 0x0000000097e00000| Untracked 
| 383|0x0000000097f00000, 0x0000000098000000, 0x0000000098000000|100%| O|  |TAMS 0x0000000098000000| PB 0x0000000097f00000| Untracked 
| 384|0x0000000098000000, 0x0000000098100000, 0x0000000098100000|100%| O|  |TAMS 0x0000000098100000| PB 0x0000000098000000| Untracked 
| 385|0x0000000098100000, 0x0000000098200000, 0x0000000098200000|100%| O|  |TAMS 0x0000000098200000| PB 0x0000000098100000| Untracked 
| 386|0x0000000098200000, 0x0000000098300000, 0x0000000098300000|100%| O|  |TAMS 0x0000000098300000| PB 0x0000000098200000| Untracked 
| 387|0x0000000098300000, 0x0000000098400000, 0x0000000098400000|100%| O|  |TAMS 0x0000000098400000| PB 0x0000000098300000| Untracked 
| 388|0x0000000098400000, 0x0000000098500000, 0x0000000098500000|100%| O|  |TAMS 0x0000000098500000| PB 0x0000000098400000| Untracked 
| 389|0x0000000098500000, 0x0000000098600000, 0x0000000098600000|100%| O|  |TAMS 0x0000000098600000| PB 0x0000000098500000| Untracked 
| 390|0x0000000098600000, 0x0000000098700000, 0x0000000098700000|100%| O|  |TAMS 0x0000000098700000| PB 0x0000000098600000| Untracked 
| 391|0x0000000098700000, 0x0000000098800000, 0x0000000098800000|100%| O|  |TAMS 0x0000000098800000| PB 0x0000000098700000| Untracked 
| 392|0x0000000098800000, 0x0000000098900000, 0x0000000098900000|100%| O|  |TAMS 0x0000000098900000| PB 0x0000000098800000| Untracked 
| 393|0x0000000098900000, 0x0000000098a00000, 0x0000000098a00000|100%| O|  |TAMS 0x0000000098a00000| PB 0x0000000098900000| Untracked 
| 394|0x0000000098a00000, 0x0000000098b00000, 0x0000000098b00000|100%| O|  |TAMS 0x0000000098b00000| PB 0x0000000098a00000| Untracked 
| 395|0x0000000098b00000, 0x0000000098c00000, 0x0000000098c00000|100%| O|  |TAMS 0x0000000098c00000| PB 0x0000000098b00000| Untracked 
| 396|0x0000000098c00000, 0x0000000098d00000, 0x0000000098d00000|100%| O|  |TAMS 0x0000000098d00000| PB 0x0000000098c00000| Untracked 
| 397|0x0000000098d00000, 0x0000000098e00000, 0x0000000098e00000|100%| O|  |TAMS 0x0000000098e00000| PB 0x0000000098d00000| Untracked 
| 398|0x0000000098e00000, 0x0000000098f00000, 0x0000000098f00000|100%| O|  |TAMS 0x0000000098f00000| PB 0x0000000098e00000| Untracked 
| 399|0x0000000098f00000, 0x0000000099000000, 0x0000000099000000|100%| O|  |TAMS 0x0000000099000000| PB 0x0000000098f00000| Untracked 
| 400|0x0000000099000000, 0x0000000099100000, 0x0000000099100000|100%| O|  |TAMS 0x0000000099100000| PB 0x0000000099000000| Untracked 
| 401|0x0000000099100000, 0x0000000099200000, 0x0000000099200000|100%| O|  |TAMS 0x0000000099200000| PB 0x0000000099100000| Untracked 
| 402|0x0000000099200000, 0x0000000099300000, 0x0000000099300000|100%| O|  |TAMS 0x0000000099300000| PB 0x0000000099200000| Untracked 
| 403|0x0000000099300000, 0x0000000099400000, 0x0000000099400000|100%| O|  |TAMS 0x0000000099400000| PB 0x0000000099300000| Untracked 
| 404|0x0000000099400000, 0x0000000099500000, 0x0000000099500000|100%| O|  |TAMS 0x0000000099500000| PB 0x0000000099400000| Untracked 
| 405|0x0000000099500000, 0x0000000099600000, 0x0000000099600000|100%| O|  |TAMS 0x0000000099600000| PB 0x0000000099500000| Untracked 
| 406|0x0000000099600000, 0x0000000099700000, 0x0000000099700000|100%| O|  |TAMS 0x0000000099700000| PB 0x0000000099600000| Untracked 
| 407|0x0000000099700000, 0x0000000099800000, 0x0000000099800000|100%| O|  |TAMS 0x0000000099800000| PB 0x0000000099700000| Untracked 
| 408|0x0000000099800000, 0x0000000099900000, 0x0000000099900000|100%| O|  |TAMS 0x0000000099900000| PB 0x0000000099800000| Untracked 
| 409|0x0000000099900000, 0x0000000099a00000, 0x0000000099a00000|100%| O|  |TAMS 0x0000000099a00000| PB 0x0000000099900000| Untracked 
| 410|0x0000000099a00000, 0x0000000099b00000, 0x0000000099b00000|100%| O|  |TAMS 0x0000000099b00000| PB 0x0000000099a00000| Untracked 
| 411|0x0000000099b00000, 0x0000000099c00000, 0x0000000099c00000|100%| O|  |TAMS 0x0000000099c00000| PB 0x0000000099b00000| Untracked 
| 412|0x0000000099c00000, 0x0000000099d00000, 0x0000000099d00000|100%| O|  |TAMS 0x0000000099d00000| PB 0x0000000099c00000| Untracked 
| 413|0x0000000099d00000, 0x0000000099e00000, 0x0000000099e00000|100%| O|  |TAMS 0x0000000099e00000| PB 0x0000000099d00000| Untracked 
| 414|0x0000000099e00000, 0x0000000099f00000, 0x0000000099f00000|100%| O|  |TAMS 0x0000000099f00000| PB 0x0000000099e00000| Untracked 
| 415|0x0000000099f00000, 0x000000009a000000, 0x000000009a000000|100%| O|  |TAMS 0x000000009a000000| PB 0x0000000099f00000| Untracked 
| 416|0x000000009a000000, 0x000000009a100000, 0x000000009a100000|100%| O|  |TAMS 0x000000009a100000| PB 0x000000009a000000| Untracked 
| 417|0x000000009a100000, 0x000000009a200000, 0x000000009a200000|100%| O|  |TAMS 0x000000009a200000| PB 0x000000009a100000| Untracked 
| 418|0x000000009a200000, 0x000000009a300000, 0x000000009a300000|100%| O|  |TAMS 0x000000009a300000| PB 0x000000009a200000| Untracked 
| 419|0x000000009a300000, 0x000000009a400000, 0x000000009a400000|100%| O|  |TAMS 0x000000009a400000| PB 0x000000009a300000| Untracked 
| 420|0x000000009a400000, 0x000000009a500000, 0x000000009a500000|100%| O|  |TAMS 0x000000009a500000| PB 0x000000009a400000| Untracked 
| 421|0x000000009a500000, 0x000000009a600000, 0x000000009a600000|100%| O|  |TAMS 0x000000009a600000| PB 0x000000009a500000| Untracked 
| 422|0x000000009a600000, 0x000000009a700000, 0x000000009a700000|100%| O|  |TAMS 0x000000009a700000| PB 0x000000009a600000| Untracked 
| 423|0x000000009a700000, 0x000000009a800000, 0x000000009a800000|100%| O|  |TAMS 0x000000009a800000| PB 0x000000009a700000| Untracked 
| 424|0x000000009a800000, 0x000000009a900000, 0x000000009a900000|100%| O|  |TAMS 0x000000009a900000| PB 0x000000009a800000| Untracked 
| 425|0x000000009a900000, 0x000000009aa00000, 0x000000009aa00000|100%| O|  |TAMS 0x000000009aa00000| PB 0x000000009a900000| Untracked 
| 426|0x000000009aa00000, 0x000000009ab00000, 0x000000009ab00000|100%| O|  |TAMS 0x000000009ab00000| PB 0x000000009aa00000| Untracked 
| 427|0x000000009ab00000, 0x000000009ac00000, 0x000000009ac00000|100%| O|  |TAMS 0x000000009ac00000| PB 0x000000009ab00000| Untracked 
| 428|0x000000009ac00000, 0x000000009ad00000, 0x000000009ad00000|100%| O|  |TAMS 0x000000009ad00000| PB 0x000000009ac00000| Untracked 
| 429|0x000000009ad00000, 0x000000009ae00000, 0x000000009ae00000|100%| O|  |TAMS 0x000000009ae00000| PB 0x000000009ad00000| Untracked 
| 430|0x000000009ae00000, 0x000000009af00000, 0x000000009af00000|100%| O|  |TAMS 0x000000009af00000| PB 0x000000009ae00000| Untracked 
| 431|0x000000009af00000, 0x000000009b000000, 0x000000009b000000|100%| O|  |TAMS 0x000000009b000000| PB 0x000000009af00000| Untracked 
| 432|0x000000009b000000, 0x000000009b100000, 0x000000009b100000|100%| O|  |TAMS 0x000000009b100000| PB 0x000000009b000000| Untracked 
| 433|0x000000009b100000, 0x000000009b200000, 0x000000009b200000|100%| O|  |TAMS 0x000000009b200000| PB 0x000000009b100000| Untracked 
| 434|0x000000009b200000, 0x000000009b300000, 0x000000009b300000|100%| O|  |TAMS 0x000000009b300000| PB 0x000000009b200000| Untracked 
| 435|0x000000009b300000, 0x000000009b400000, 0x000000009b400000|100%| O|  |TAMS 0x000000009b400000| PB 0x000000009b300000| Untracked 
| 436|0x000000009b400000, 0x000000009b500000, 0x000000009b500000|100%| O|  |TAMS 0x000000009b500000| PB 0x000000009b400000| Untracked 
| 437|0x000000009b500000, 0x000000009b600000, 0x000000009b600000|100%| O|  |TAMS 0x000000009b600000| PB 0x000000009b500000| Untracked 
| 438|0x000000009b600000, 0x000000009b700000, 0x000000009b700000|100%| O|  |TAMS 0x000000009b700000| PB 0x000000009b600000| Untracked 
| 439|0x000000009b700000, 0x000000009b800000, 0x000000009b800000|100%| O|  |TAMS 0x000000009b800000| PB 0x000000009b700000| Untracked 
| 440|0x000000009b800000, 0x000000009b900000, 0x000000009b900000|100%| O|  |TAMS 0x000000009b900000| PB 0x000000009b800000| Untracked 
| 441|0x000000009b900000, 0x000000009ba00000, 0x000000009ba00000|100%| O|  |TAMS 0x000000009ba00000| PB 0x000000009b900000| Untracked 
| 442|0x000000009ba00000, 0x000000009bb00000, 0x000000009bb00000|100%| O|  |TAMS 0x000000009bb00000| PB 0x000000009ba00000| Untracked 
| 443|0x000000009bb00000, 0x000000009bc00000, 0x000000009bc00000|100%| O|  |TAMS 0x000000009bc00000| PB 0x000000009bb00000| Untracked 
| 444|0x000000009bc00000, 0x000000009bd00000, 0x000000009bd00000|100%| O|  |TAMS 0x000000009bd00000| PB 0x000000009bc00000| Untracked 
| 445|0x000000009bd00000, 0x000000009be00000, 0x000000009be00000|100%| O|  |TAMS 0x000000009be00000| PB 0x000000009bd00000| Untracked 
| 446|0x000000009be00000, 0x000000009bf00000, 0x000000009bf00000|100%| O|  |TAMS 0x000000009bf00000| PB 0x000000009be00000| Untracked 
| 447|0x000000009bf00000, 0x000000009c000000, 0x000000009c000000|100%| O|  |TAMS 0x000000009c000000| PB 0x000000009bf00000| Untracked 
| 448|0x000000009c000000, 0x000000009c100000, 0x000000009c100000|100%| O|  |TAMS 0x000000009c100000| PB 0x000000009c000000| Untracked 
| 449|0x000000009c100000, 0x000000009c200000, 0x000000009c200000|100%| O|  |TAMS 0x000000009c200000| PB 0x000000009c100000| Untracked 
| 450|0x000000009c200000, 0x000000009c300000, 0x000000009c300000|100%| O|  |TAMS 0x000000009c300000| PB 0x000000009c200000| Untracked 
| 451|0x000000009c300000, 0x000000009c400000, 0x000000009c400000|100%| O|  |TAMS 0x000000009c400000| PB 0x000000009c300000| Untracked 
| 452|0x000000009c400000, 0x000000009c500000, 0x000000009c500000|100%| O|  |TAMS 0x000000009c500000| PB 0x000000009c400000| Untracked 
| 453|0x000000009c500000, 0x000000009c600000, 0x000000009c600000|100%| O|  |TAMS 0x000000009c600000| PB 0x000000009c500000| Untracked 
| 454|0x000000009c600000, 0x000000009c700000, 0x000000009c700000|100%| O|  |TAMS 0x000000009c700000| PB 0x000000009c600000| Untracked 
| 455|0x000000009c700000, 0x000000009c800000, 0x000000009c800000|100%| O|  |TAMS 0x000000009c800000| PB 0x000000009c700000| Untracked 
| 456|0x000000009c800000, 0x000000009c900000, 0x000000009c900000|100%| O|  |TAMS 0x000000009c900000| PB 0x000000009c800000| Untracked 
| 457|0x000000009c900000, 0x000000009ca00000, 0x000000009ca00000|100%| O|  |TAMS 0x000000009ca00000| PB 0x000000009c900000| Untracked 
| 458|0x000000009ca00000, 0x000000009cb00000, 0x000000009cb00000|100%| O|  |TAMS 0x000000009cb00000| PB 0x000000009ca00000| Untracked 
| 459|0x000000009cb00000, 0x000000009cc00000, 0x000000009cc00000|100%| O|  |TAMS 0x000000009cc00000| PB 0x000000009cb00000| Untracked 
| 460|0x000000009cc00000, 0x000000009cd00000, 0x000000009cd00000|100%| O|  |TAMS 0x000000009cd00000| PB 0x000000009cc00000| Untracked 
| 461|0x000000009cd00000, 0x000000009ce00000, 0x000000009ce00000|100%| O|  |TAMS 0x000000009ce00000| PB 0x000000009cd00000| Untracked 
| 462|0x000000009ce00000, 0x000000009cf00000, 0x000000009cf00000|100%| O|  |TAMS 0x000000009cf00000| PB 0x000000009ce00000| Untracked 
| 463|0x000000009cf00000, 0x000000009d000000, 0x000000009d000000|100%| O|  |TAMS 0x000000009d000000| PB 0x000000009cf00000| Untracked 
| 464|0x000000009d000000, 0x000000009d100000, 0x000000009d100000|100%| O|  |TAMS 0x000000009d100000| PB 0x000000009d000000| Untracked 
| 465|0x000000009d100000, 0x000000009d200000, 0x000000009d200000|100%| O|  |TAMS 0x000000009d200000| PB 0x000000009d100000| Untracked 
| 466|0x000000009d200000, 0x000000009d300000, 0x000000009d300000|100%| O|  |TAMS 0x000000009d300000| PB 0x000000009d200000| Untracked 
| 467|0x000000009d300000, 0x000000009d400000, 0x000000009d400000|100%| O|  |TAMS 0x000000009d400000| PB 0x000000009d300000| Untracked 
| 468|0x000000009d400000, 0x000000009d500000, 0x000000009d500000|100%| O|  |TAMS 0x000000009d500000| PB 0x000000009d400000| Untracked 
| 469|0x000000009d500000, 0x000000009d600000, 0x000000009d600000|100%| O|  |TAMS 0x000000009d600000| PB 0x000000009d500000| Untracked 
| 470|0x000000009d600000, 0x000000009d700000, 0x000000009d700000|100%| O|  |TAMS 0x000000009d700000| PB 0x000000009d600000| Untracked 
| 471|0x000000009d700000, 0x000000009d800000, 0x000000009d800000|100%| O|  |TAMS 0x000000009d800000| PB 0x000000009d700000| Untracked 
| 472|0x000000009d800000, 0x000000009d900000, 0x000000009d900000|100%| O|  |TAMS 0x000000009d900000| PB 0x000000009d800000| Untracked 
| 473|0x000000009d900000, 0x000000009da00000, 0x000000009da00000|100%| O|  |TAMS 0x000000009da00000| PB 0x000000009d900000| Untracked 
| 474|0x000000009da00000, 0x000000009db00000, 0x000000009db00000|100%| O|  |TAMS 0x000000009db00000| PB 0x000000009da00000| Untracked 
| 475|0x000000009db00000, 0x000000009dc00000, 0x000000009dc00000|100%| O|  |TAMS 0x000000009dc00000| PB 0x000000009db00000| Untracked 
| 476|0x000000009dc00000, 0x000000009dd00000, 0x000000009dd00000|100%| O|  |TAMS 0x000000009dd00000| PB 0x000000009dc00000| Untracked 
| 477|0x000000009dd00000, 0x000000009de00000, 0x000000009de00000|100%| O|  |TAMS 0x000000009de00000| PB 0x000000009dd00000| Untracked 
| 478|0x000000009de00000, 0x000000009df00000, 0x000000009df00000|100%| O|  |TAMS 0x000000009df00000| PB 0x000000009de00000| Untracked 
| 479|0x000000009df00000, 0x000000009e000000, 0x000000009e000000|100%| O|  |TAMS 0x000000009e000000| PB 0x000000009df00000| Untracked 
| 480|0x000000009e000000, 0x000000009e100000, 0x000000009e100000|100%| O|  |TAMS 0x000000009e100000| PB 0x000000009e000000| Untracked 
| 481|0x000000009e100000, 0x000000009e200000, 0x000000009e200000|100%| O|  |TAMS 0x000000009e200000| PB 0x000000009e100000| Untracked 
| 482|0x000000009e200000, 0x000000009e300000, 0x000000009e300000|100%| O|  |TAMS 0x000000009e300000| PB 0x000000009e200000| Untracked 
| 483|0x000000009e300000, 0x000000009e400000, 0x000000009e400000|100%| O|  |TAMS 0x000000009e400000| PB 0x000000009e300000| Untracked 
| 484|0x000000009e400000, 0x000000009e500000, 0x000000009e500000|100%| O|  |TAMS 0x000000009e500000| PB 0x000000009e400000| Untracked 
| 485|0x000000009e500000, 0x000000009e600000, 0x000000009e600000|100%| O|  |TAMS 0x000000009e600000| PB 0x000000009e500000| Untracked 
| 486|0x000000009e600000, 0x000000009e700000, 0x000000009e700000|100%| O|  |TAMS 0x000000009e700000| PB 0x000000009e600000| Untracked 
| 487|0x000000009e700000, 0x000000009e800000, 0x000000009e800000|100%| O|  |TAMS 0x000000009e800000| PB 0x000000009e700000| Untracked 
| 488|0x000000009e800000, 0x000000009e900000, 0x000000009e900000|100%| O|  |TAMS 0x000000009e900000| PB 0x000000009e800000| Untracked 
| 489|0x000000009e900000, 0x000000009ea00000, 0x000000009ea00000|100%| O|  |TAMS 0x000000009ea00000| PB 0x000000009e900000| Untracked 
| 490|0x000000009ea00000, 0x000000009eb00000, 0x000000009eb00000|100%| O|  |TAMS 0x000000009eb00000| PB 0x000000009ea00000| Untracked 
| 491|0x000000009eb00000, 0x000000009ec00000, 0x000000009ec00000|100%| O|  |TAMS 0x000000009ec00000| PB 0x000000009eb00000| Untracked 
| 492|0x000000009ec00000, 0x000000009ed00000, 0x000000009ed00000|100%| O|  |TAMS 0x000000009ed00000| PB 0x000000009ec00000| Untracked 
| 493|0x000000009ed00000, 0x000000009ee00000, 0x000000009ee00000|100%| O|  |TAMS 0x000000009ee00000| PB 0x000000009ed00000| Untracked 
| 494|0x000000009ee00000, 0x000000009ef00000, 0x000000009ef00000|100%| O|  |TAMS 0x000000009ef00000| PB 0x000000009ee00000| Untracked 
| 495|0x000000009ef00000, 0x000000009f000000, 0x000000009f000000|100%| O|  |TAMS 0x000000009f000000| PB 0x000000009ef00000| Untracked 
| 496|0x000000009f000000, 0x000000009f100000, 0x000000009f100000|100%| O|  |TAMS 0x000000009f100000| PB 0x000000009f000000| Untracked 
| 497|0x000000009f100000, 0x000000009f200000, 0x000000009f200000|100%| O|  |TAMS 0x000000009f200000| PB 0x000000009f100000| Untracked 
| 498|0x000000009f200000, 0x000000009f300000, 0x000000009f300000|100%| O|  |TAMS 0x000000009f300000| PB 0x000000009f200000| Untracked 
| 499|0x000000009f300000, 0x000000009f400000, 0x000000009f400000|100%| O|  |TAMS 0x000000009f400000| PB 0x000000009f300000| Untracked 
| 500|0x000000009f400000, 0x000000009f500000, 0x000000009f500000|100%| O|  |TAMS 0x000000009f400000| PB 0x000000009f400000| Untracked 
| 501|0x000000009f500000, 0x000000009f600000, 0x000000009f600000|100%| O|  |TAMS 0x000000009f500000| PB 0x000000009f500000| Untracked 
| 502|0x000000009f600000, 0x000000009f700000, 0x000000009f700000|100%| O|  |TAMS 0x000000009f600000| PB 0x000000009f600000| Untracked 
| 503|0x000000009f700000, 0x000000009f800000, 0x000000009f800000|100%| O|  |TAMS 0x000000009f700000| PB 0x000000009f700000| Untracked 
| 504|0x000000009f800000, 0x000000009f900000, 0x000000009f900000|100%| O|  |TAMS 0x000000009f800000| PB 0x000000009f800000| Untracked 
| 505|0x000000009f900000, 0x000000009fa00000, 0x000000009fa00000|100%| O|  |TAMS 0x000000009f900000| PB 0x000000009f900000| Untracked 
| 506|0x000000009fa00000, 0x000000009fb00000, 0x000000009fb00000|100%| O|  |TAMS 0x000000009fa00000| PB 0x000000009fa00000| Untracked 
| 507|0x000000009fb00000, 0x000000009fc00000, 0x000000009fc00000|100%| O|  |TAMS 0x000000009fb00000| PB 0x000000009fb00000| Untracked 
| 508|0x000000009fc00000, 0x000000009fd00000, 0x000000009fd00000|100%| O|  |TAMS 0x000000009fc00000| PB 0x000000009fc00000| Untracked 
| 509|0x000000009fd00000, 0x000000009fe00000, 0x000000009fe00000|100%| O|  |TAMS 0x000000009fd00000| PB 0x000000009fd00000| Untracked 
| 510|0x000000009fe00000, 0x000000009ff00000, 0x000000009ff00000|100%| O|  |TAMS 0x000000009fe00000| PB 0x000000009fe00000| Untracked 
| 511|0x000000009ff00000, 0x00000000a0000000, 0x00000000a0000000|100%| O|  |TAMS 0x000000009ff00000| PB 0x000000009ff00000| Untracked 
| 512|0x00000000a0000000, 0x00000000a0100000, 0x00000000a0100000|100%| O|  |TAMS 0x00000000a0000000| PB 0x00000000a0000000| Untracked 
| 513|0x00000000a0100000, 0x00000000a0200000, 0x00000000a0200000|100%| O|  |TAMS 0x00000000a0100000| PB 0x00000000a0100000| Untracked 
| 514|0x00000000a0200000, 0x00000000a0300000, 0x00000000a0300000|100%| O|  |TAMS 0x00000000a0200000| PB 0x00000000a0200000| Untracked 
| 515|0x00000000a0300000, 0x00000000a0400000, 0x00000000a0400000|100%| O|  |TAMS 0x00000000a0300000| PB 0x00000000a0300000| Untracked 
| 516|0x00000000a0400000, 0x00000000a0500000, 0x00000000a0500000|100%| O|  |TAMS 0x00000000a0400000| PB 0x00000000a0400000| Untracked 
| 517|0x00000000a0500000, 0x00000000a0600000, 0x00000000a0600000|100%| O|  |TAMS 0x00000000a0500000| PB 0x00000000a0500000| Untracked 
| 518|0x00000000a0600000, 0x00000000a0700000, 0x00000000a0700000|100%| O|  |TAMS 0x00000000a0600000| PB 0x00000000a0600000| Untracked 
| 519|0x00000000a0700000, 0x00000000a0800000, 0x00000000a0800000|100%| O|  |TAMS 0x00000000a0700000| PB 0x00000000a0700000| Untracked 
| 520|0x00000000a0800000, 0x00000000a0900000, 0x00000000a0900000|100%| O|  |TAMS 0x00000000a0800000| PB 0x00000000a0800000| Untracked 
| 521|0x00000000a0900000, 0x00000000a0a00000, 0x00000000a0a00000|100%| O|  |TAMS 0x00000000a0900000| PB 0x00000000a0900000| Untracked 
| 522|0x00000000a0a00000, 0x00000000a0b00000, 0x00000000a0b00000|100%| O|  |TAMS 0x00000000a0a00000| PB 0x00000000a0a00000| Untracked 
| 523|0x00000000a0b00000, 0x00000000a0c00000, 0x00000000a0c00000|100%| O|  |TAMS 0x00000000a0b00000| PB 0x00000000a0b00000| Untracked 
| 524|0x00000000a0c00000, 0x00000000a0d00000, 0x00000000a0d00000|100%| O|  |TAMS 0x00000000a0c00000| PB 0x00000000a0c00000| Untracked 
| 525|0x00000000a0d00000, 0x00000000a0e00000, 0x00000000a0e00000|100%| O|  |TAMS 0x00000000a0d00000| PB 0x00000000a0d00000| Untracked 
| 526|0x00000000a0e00000, 0x00000000a0f00000, 0x00000000a0f00000|100%| O|  |TAMS 0x00000000a0e00000| PB 0x00000000a0e00000| Untracked 
| 527|0x00000000a0f00000, 0x00000000a1000000, 0x00000000a1000000|100%| O|  |TAMS 0x00000000a0f00000| PB 0x00000000a0f00000| Untracked 
| 528|0x00000000a1000000, 0x00000000a1100000, 0x00000000a1100000|100%| O|  |TAMS 0x00000000a1000000| PB 0x00000000a1000000| Untracked 
| 529|0x00000000a1100000, 0x00000000a1200000, 0x00000000a1200000|100%| O|  |TAMS 0x00000000a1100000| PB 0x00000000a1100000| Untracked 
| 530|0x00000000a1200000, 0x00000000a1300000, 0x00000000a1300000|100%| O|  |TAMS 0x00000000a1200000| PB 0x00000000a1200000| Untracked 
| 531|0x00000000a1300000, 0x00000000a1400000, 0x00000000a1400000|100%| O|  |TAMS 0x00000000a1300000| PB 0x00000000a1300000| Untracked 
| 532|0x00000000a1400000, 0x00000000a1500000, 0x00000000a1500000|100%| O|  |TAMS 0x00000000a1400000| PB 0x00000000a1400000| Untracked 
| 533|0x00000000a1500000, 0x00000000a1600000, 0x00000000a1600000|100%| O|  |TAMS 0x00000000a1500000| PB 0x00000000a1500000| Untracked 
| 534|0x00000000a1600000, 0x00000000a1700000, 0x00000000a1700000|100%| O|  |TAMS 0x00000000a1600000| PB 0x00000000a1600000| Untracked 
| 535|0x00000000a1700000, 0x00000000a1800000, 0x00000000a1800000|100%| O|  |TAMS 0x00000000a1700000| PB 0x00000000a1700000| Untracked 
| 536|0x00000000a1800000, 0x00000000a1900000, 0x00000000a1900000|100%| O|  |TAMS 0x00000000a1800000| PB 0x00000000a1800000| Untracked 
| 537|0x00000000a1900000, 0x00000000a1a00000, 0x00000000a1a00000|100%| O|  |TAMS 0x00000000a1900000| PB 0x00000000a1900000| Untracked 
| 538|0x00000000a1a00000, 0x00000000a1b00000, 0x00000000a1b00000|100%| O|  |TAMS 0x00000000a1a00000| PB 0x00000000a1a00000| Untracked 
| 539|0x00000000a1b00000, 0x00000000a1c00000, 0x00000000a1c00000|100%| O|  |TAMS 0x00000000a1b00000| PB 0x00000000a1b00000| Untracked 
| 540|0x00000000a1c00000, 0x00000000a1d00000, 0x00000000a1d00000|100%| O|  |TAMS 0x00000000a1c00000| PB 0x00000000a1c00000| Untracked 
| 541|0x00000000a1d00000, 0x00000000a1e00000, 0x00000000a1e00000|100%| O|  |TAMS 0x00000000a1d00000| PB 0x00000000a1d00000| Untracked 
| 542|0x00000000a1e00000, 0x00000000a1f00000, 0x00000000a1f00000|100%| O|  |TAMS 0x00000000a1e00000| PB 0x00000000a1e00000| Untracked 
| 543|0x00000000a1f00000, 0x00000000a2000000, 0x00000000a2000000|100%| O|  |TAMS 0x00000000a1f00000| PB 0x00000000a1f00000| Untracked 
| 544|0x00000000a2000000, 0x00000000a2100000, 0x00000000a2100000|100%| O|  |TAMS 0x00000000a2000000| PB 0x00000000a2000000| Untracked 
| 545|0x00000000a2100000, 0x00000000a2200000, 0x00000000a2200000|100%| O|  |TAMS 0x00000000a2100000| PB 0x00000000a2100000| Untracked 
| 546|0x00000000a2200000, 0x00000000a2300000, 0x00000000a2300000|100%| O|  |TAMS 0x00000000a2200000| PB 0x00000000a2200000| Untracked 
| 547|0x00000000a2300000, 0x00000000a2400000, 0x00000000a2400000|100%| O|  |TAMS 0x00000000a2300000| PB 0x00000000a2300000| Untracked 
| 548|0x00000000a2400000, 0x00000000a2500000, 0x00000000a2500000|100%| O|  |TAMS 0x00000000a2400000| PB 0x00000000a2400000| Untracked 
| 549|0x00000000a2500000, 0x00000000a2600000, 0x00000000a2600000|100%| O|  |TAMS 0x00000000a2500000| PB 0x00000000a2500000| Untracked 
| 550|0x00000000a2600000, 0x00000000a2700000, 0x00000000a2700000|100%| O|  |TAMS 0x00000000a2600000| PB 0x00000000a2600000| Untracked 
| 551|0x00000000a2700000, 0x00000000a2800000, 0x00000000a2800000|100%| O|  |TAMS 0x00000000a2700000| PB 0x00000000a2700000| Untracked 
| 552|0x00000000a2800000, 0x00000000a2900000, 0x00000000a2900000|100%| O|  |TAMS 0x00000000a2800000| PB 0x00000000a2800000| Untracked 
| 553|0x00000000a2900000, 0x00000000a2a00000, 0x00000000a2a00000|100%| O|  |TAMS 0x00000000a2900000| PB 0x00000000a2900000| Untracked 
| 554|0x00000000a2a00000, 0x00000000a2b00000, 0x00000000a2b00000|100%| O|  |TAMS 0x00000000a2a00000| PB 0x00000000a2a00000| Untracked 
| 555|0x00000000a2b00000, 0x00000000a2c00000, 0x00000000a2c00000|100%| O|  |TAMS 0x00000000a2b00000| PB 0x00000000a2b00000| Untracked 
| 556|0x00000000a2c00000, 0x00000000a2d00000, 0x00000000a2d00000|100%| O|  |TAMS 0x00000000a2c00000| PB 0x00000000a2c00000| Untracked 
| 557|0x00000000a2d00000, 0x00000000a2e00000, 0x00000000a2e00000|100%| O|  |TAMS 0x00000000a2d00000| PB 0x00000000a2d00000| Untracked 
| 558|0x00000000a2e00000, 0x00000000a2f00000, 0x00000000a2f00000|100%| O|  |TAMS 0x00000000a2e00000| PB 0x00000000a2e00000| Untracked 
| 559|0x00000000a2f00000, 0x00000000a3000000, 0x00000000a3000000|100%| O|  |TAMS 0x00000000a2f00000| PB 0x00000000a2f00000| Untracked 
| 560|0x00000000a3000000, 0x00000000a3100000, 0x00000000a3100000|100%| O|  |TAMS 0x00000000a3000000| PB 0x00000000a3000000| Untracked 
| 561|0x00000000a3100000, 0x00000000a3200000, 0x00000000a3200000|100%| O|  |TAMS 0x00000000a3100000| PB 0x00000000a3100000| Untracked 
| 562|0x00000000a3200000, 0x00000000a3300000, 0x00000000a3300000|100%| O|  |TAMS 0x00000000a3200000| PB 0x00000000a3200000| Untracked 
| 563|0x00000000a3300000, 0x00000000a3400000, 0x00000000a3400000|100%| O|  |TAMS 0x00000000a3300000| PB 0x00000000a3300000| Untracked 
| 564|0x00000000a3400000, 0x00000000a3500000, 0x00000000a3500000|100%| O|  |TAMS 0x00000000a3400000| PB 0x00000000a3400000| Untracked 
| 565|0x00000000a3500000, 0x00000000a3600000, 0x00000000a3600000|100%| O|  |TAMS 0x00000000a3500000| PB 0x00000000a3500000| Untracked 
| 566|0x00000000a3600000, 0x00000000a3700000, 0x00000000a3700000|100%| O|  |TAMS 0x00000000a3600000| PB 0x00000000a3600000| Untracked 
| 567|0x00000000a3700000, 0x00000000a3800000, 0x00000000a3800000|100%| O|  |TAMS 0x00000000a3700000| PB 0x00000000a3700000| Untracked 
| 568|0x00000000a3800000, 0x00000000a3900000, 0x00000000a3900000|100%| O|  |TAMS 0x00000000a3800000| PB 0x00000000a3800000| Untracked 
| 569|0x00000000a3900000, 0x00000000a3a00000, 0x00000000a3a00000|100%| O|  |TAMS 0x00000000a3900000| PB 0x00000000a3900000| Untracked 
| 570|0x00000000a3a00000, 0x00000000a3b00000, 0x00000000a3b00000|100%| O|  |TAMS 0x00000000a3a00000| PB 0x00000000a3a00000| Untracked 
| 571|0x00000000a3b00000, 0x00000000a3c00000, 0x00000000a3c00000|100%| O|  |TAMS 0x00000000a3b00000| PB 0x00000000a3b00000| Untracked 
| 572|0x00000000a3c00000, 0x00000000a3d00000, 0x00000000a3d00000|100%| O|  |TAMS 0x00000000a3c00000| PB 0x00000000a3c00000| Untracked 
| 573|0x00000000a3d00000, 0x00000000a3e00000, 0x00000000a3e00000|100%| O|  |TAMS 0x00000000a3d00000| PB 0x00000000a3d00000| Untracked 
| 574|0x00000000a3e00000, 0x00000000a3f00000, 0x00000000a3f00000|100%| O|  |TAMS 0x00000000a3e00000| PB 0x00000000a3e00000| Untracked 
| 575|0x00000000a3f00000, 0x00000000a4000000, 0x00000000a4000000|100%| O|  |TAMS 0x00000000a3f00000| PB 0x00000000a3f00000| Untracked 
| 576|0x00000000a4000000, 0x00000000a4100000, 0x00000000a4100000|100%| O|  |TAMS 0x00000000a4000000| PB 0x00000000a4000000| Untracked 
| 577|0x00000000a4100000, 0x00000000a4200000, 0x00000000a4200000|100%| O|  |TAMS 0x00000000a4100000| PB 0x00000000a4100000| Untracked 
| 578|0x00000000a4200000, 0x00000000a4300000, 0x00000000a4300000|100%| O|  |TAMS 0x00000000a4200000| PB 0x00000000a4200000| Untracked 
| 579|0x00000000a4300000, 0x00000000a4400000, 0x00000000a4400000|100%| O|  |TAMS 0x00000000a4300000| PB 0x00000000a4300000| Untracked 
| 580|0x00000000a4400000, 0x00000000a4500000, 0x00000000a4500000|100%| O|  |TAMS 0x00000000a4400000| PB 0x00000000a4400000| Untracked 
| 581|0x00000000a4500000, 0x00000000a4600000, 0x00000000a4600000|100%| O|  |TAMS 0x00000000a4500000| PB 0x00000000a4500000| Untracked 
| 582|0x00000000a4600000, 0x00000000a4700000, 0x00000000a4700000|100%| O|  |TAMS 0x00000000a4600000| PB 0x00000000a4600000| Untracked 
| 583|0x00000000a4700000, 0x00000000a4800000, 0x00000000a4800000|100%| O|  |TAMS 0x00000000a4700000| PB 0x00000000a4700000| Untracked 
| 584|0x00000000a4800000, 0x00000000a4900000, 0x00000000a4900000|100%| O|  |TAMS 0x00000000a4800000| PB 0x00000000a4800000| Untracked 
| 585|0x00000000a4900000, 0x00000000a4a00000, 0x00000000a4a00000|100%| O|  |TAMS 0x00000000a4900000| PB 0x00000000a4900000| Untracked 
| 586|0x00000000a4a00000, 0x00000000a4b00000, 0x00000000a4b00000|100%| O|  |TAMS 0x00000000a4a00000| PB 0x00000000a4a00000| Untracked 
| 587|0x00000000a4b00000, 0x00000000a4c00000, 0x00000000a4c00000|100%| O|  |TAMS 0x00000000a4b00000| PB 0x00000000a4b00000| Untracked 
| 588|0x00000000a4c00000, 0x00000000a4d00000, 0x00000000a4d00000|100%| O|  |TAMS 0x00000000a4c00000| PB 0x00000000a4c00000| Untracked 
| 589|0x00000000a4d00000, 0x00000000a4e00000, 0x00000000a4e00000|100%| O|  |TAMS 0x00000000a4d00000| PB 0x00000000a4d00000| Untracked 
| 590|0x00000000a4e00000, 0x00000000a4f00000, 0x00000000a4f00000|100%| O|  |TAMS 0x00000000a4e00000| PB 0x00000000a4e00000| Untracked 
| 591|0x00000000a4f00000, 0x00000000a5000000, 0x00000000a5000000|100%| O|  |TAMS 0x00000000a4f00000| PB 0x00000000a4f00000| Untracked 
| 592|0x00000000a5000000, 0x00000000a5100000, 0x00000000a5100000|100%| O|  |TAMS 0x00000000a5000000| PB 0x00000000a5000000| Untracked 
| 593|0x00000000a5100000, 0x00000000a5200000, 0x00000000a5200000|100%| O|  |TAMS 0x00000000a5100000| PB 0x00000000a5100000| Untracked 
| 594|0x00000000a5200000, 0x00000000a5300000, 0x00000000a5300000|100%| O|  |TAMS 0x00000000a5200000| PB 0x00000000a5200000| Untracked 
| 595|0x00000000a5300000, 0x00000000a5400000, 0x00000000a5400000|100%| O|  |TAMS 0x00000000a5300000| PB 0x00000000a5300000| Untracked 
| 596|0x00000000a5400000, 0x00000000a5500000, 0x00000000a5500000|100%| O|  |TAMS 0x00000000a5400000| PB 0x00000000a5400000| Untracked 
| 597|0x00000000a5500000, 0x00000000a5600000, 0x00000000a5600000|100%| O|  |TAMS 0x00000000a5500000| PB 0x00000000a5500000| Untracked 
| 598|0x00000000a5600000, 0x00000000a5700000, 0x00000000a5700000|100%| O|  |TAMS 0x00000000a5600000| PB 0x00000000a5600000| Untracked 
| 599|0x00000000a5700000, 0x00000000a5800000, 0x00000000a5800000|100%| O|  |TAMS 0x00000000a5700000| PB 0x00000000a5700000| Untracked 
| 600|0x00000000a5800000, 0x00000000a5900000, 0x00000000a5900000|100%| O|  |TAMS 0x00000000a5800000| PB 0x00000000a5800000| Untracked 
| 601|0x00000000a5900000, 0x00000000a5a00000, 0x00000000a5a00000|100%| O|  |TAMS 0x00000000a5900000| PB 0x00000000a5900000| Untracked 
| 602|0x00000000a5a00000, 0x00000000a5b00000, 0x00000000a5b00000|100%| O|  |TAMS 0x00000000a5a00000| PB 0x00000000a5a00000| Untracked 
| 603|0x00000000a5b00000, 0x00000000a5c00000, 0x00000000a5c00000|100%| O|  |TAMS 0x00000000a5b00000| PB 0x00000000a5b00000| Untracked 
| 604|0x00000000a5c00000, 0x00000000a5d00000, 0x00000000a5d00000|100%| O|  |TAMS 0x00000000a5c00000| PB 0x00000000a5c00000| Untracked 
| 605|0x00000000a5d00000, 0x00000000a5e00000, 0x00000000a5e00000|100%| O|  |TAMS 0x00000000a5d00000| PB 0x00000000a5d00000| Untracked 
| 606|0x00000000a5e00000, 0x00000000a5f00000, 0x00000000a5f00000|100%| O|  |TAMS 0x00000000a5e00000| PB 0x00000000a5e00000| Untracked 
| 607|0x00000000a5f00000, 0x00000000a6000000, 0x00000000a6000000|100%| O|  |TAMS 0x00000000a5f00000| PB 0x00000000a5f00000| Untracked 
| 608|0x00000000a6000000, 0x00000000a6100000, 0x00000000a6100000|100%| O|  |TAMS 0x00000000a6000000| PB 0x00000000a6000000| Untracked 
| 609|0x00000000a6100000, 0x00000000a6200000, 0x00000000a6200000|100%| O|  |TAMS 0x00000000a6100000| PB 0x00000000a6100000| Untracked 
| 610|0x00000000a6200000, 0x00000000a6300000, 0x00000000a6300000|100%| O|  |TAMS 0x00000000a6200000| PB 0x00000000a6200000| Untracked 
| 611|0x00000000a6300000, 0x00000000a6400000, 0x00000000a6400000|100%| O|  |TAMS 0x00000000a6300000| PB 0x00000000a6300000| Untracked 
| 612|0x00000000a6400000, 0x00000000a6500000, 0x00000000a6500000|100%| O|  |TAMS 0x00000000a6400000| PB 0x00000000a6400000| Untracked 
| 613|0x00000000a6500000, 0x00000000a6600000, 0x00000000a6600000|100%| O|  |TAMS 0x00000000a6500000| PB 0x00000000a6500000| Untracked 
| 614|0x00000000a6600000, 0x00000000a6700000, 0x00000000a6700000|100%| O|  |TAMS 0x00000000a6600000| PB 0x00000000a6600000| Untracked 
| 615|0x00000000a6700000, 0x00000000a6800000, 0x00000000a6800000|100%| O|  |TAMS 0x00000000a6700000| PB 0x00000000a6700000| Untracked 
| 616|0x00000000a6800000, 0x00000000a6900000, 0x00000000a6900000|100%| O|  |TAMS 0x00000000a6800000| PB 0x00000000a6800000| Untracked 
| 617|0x00000000a6900000, 0x00000000a6a00000, 0x00000000a6a00000|100%| O|  |TAMS 0x00000000a6900000| PB 0x00000000a6900000| Untracked 
| 618|0x00000000a6a00000, 0x00000000a6b00000, 0x00000000a6b00000|100%| O|  |TAMS 0x00000000a6a00000| PB 0x00000000a6a00000| Untracked 
| 619|0x00000000a6b00000, 0x00000000a6c00000, 0x00000000a6c00000|100%| O|  |TAMS 0x00000000a6b00000| PB 0x00000000a6b00000| Untracked 
| 620|0x00000000a6c00000, 0x00000000a6d00000, 0x00000000a6d00000|100%| O|  |TAMS 0x00000000a6c00000| PB 0x00000000a6c00000| Untracked 
| 621|0x00000000a6d00000, 0x00000000a6d00000, 0x00000000a6e00000|  0%| F|  |TAMS 0x00000000a6d00000| PB 0x00000000a6d00000| Untracked 
| 622|0x00000000a6e00000, 0x00000000a6e00000, 0x00000000a6f00000|  0%| F|  |TAMS 0x00000000a6e00000| PB 0x00000000a6e00000| Untracked 
| 623|0x00000000a6f00000, 0x00000000a6f00000, 0x00000000a7000000|  0%| F|  |TAMS 0x00000000a6f00000| PB 0x00000000a6f00000| Untracked 
| 624|0x00000000a7000000, 0x00000000a7000000, 0x00000000a7100000|  0%| F|  |TAMS 0x00000000a7000000| PB 0x00000000a7000000| Untracked 
| 625|0x00000000a7100000, 0x00000000a7100000, 0x00000000a7200000|  0%| F|  |TAMS 0x00000000a7100000| PB 0x00000000a7100000| Untracked 
| 626|0x00000000a7200000, 0x00000000a7200000, 0x00000000a7300000|  0%| F|  |TAMS 0x00000000a7200000| PB 0x00000000a7200000| Untracked 
| 627|0x00000000a7300000, 0x00000000a7300000, 0x00000000a7400000|  0%| F|  |TAMS 0x00000000a7300000| PB 0x00000000a7300000| Untracked 
| 628|0x00000000a7400000, 0x00000000a7400000, 0x00000000a7500000|  0%| F|  |TAMS 0x00000000a7400000| PB 0x00000000a7400000| Untracked 
| 629|0x00000000a7500000, 0x00000000a7500000, 0x00000000a7600000|  0%| F|  |TAMS 0x00000000a7500000| PB 0x00000000a7500000| Untracked 
| 630|0x00000000a7600000, 0x00000000a7600000, 0x00000000a7700000|  0%| F|  |TAMS 0x00000000a7600000| PB 0x00000000a7600000| Untracked 
| 631|0x00000000a7700000, 0x00000000a7700000, 0x00000000a7800000|  0%| F|  |TAMS 0x00000000a7700000| PB 0x00000000a7700000| Untracked 
| 632|0x00000000a7800000, 0x00000000a7800000, 0x00000000a7900000|  0%| F|  |TAMS 0x00000000a7800000| PB 0x00000000a7800000| Untracked 
| 633|0x00000000a7900000, 0x00000000a7900000, 0x00000000a7a00000|  0%| F|  |TAMS 0x00000000a7900000| PB 0x00000000a7900000| Untracked 
| 634|0x00000000a7a00000, 0x00000000a7a00000, 0x00000000a7b00000|  0%| F|  |TAMS 0x00000000a7a00000| PB 0x00000000a7a00000| Untracked 
| 635|0x00000000a7b00000, 0x00000000a7b00000, 0x00000000a7c00000|  0%| F|  |TAMS 0x00000000a7b00000| PB 0x00000000a7b00000| Untracked 
| 636|0x00000000a7c00000, 0x00000000a7c00000, 0x00000000a7d00000|  0%| F|  |TAMS 0x00000000a7c00000| PB 0x00000000a7c00000| Untracked 
| 637|0x00000000a7d00000, 0x00000000a7d00000, 0x00000000a7e00000|  0%| F|  |TAMS 0x00000000a7d00000| PB 0x00000000a7d00000| Untracked 
| 638|0x00000000a7e00000, 0x00000000a7e00000, 0x00000000a7f00000|  0%| F|  |TAMS 0x00000000a7e00000| PB 0x00000000a7e00000| Untracked 
| 639|0x00000000a7f00000, 0x00000000a7f00000, 0x00000000a8000000|  0%| F|  |TAMS 0x00000000a7f00000| PB 0x00000000a7f00000| Untracked 
| 640|0x00000000a8000000, 0x00000000a8000000, 0x00000000a8100000|  0%| F|  |TAMS 0x00000000a8000000| PB 0x00000000a8000000| Untracked 
| 641|0x00000000a8100000, 0x00000000a8100000, 0x00000000a8200000|  0%| F|  |TAMS 0x00000000a8100000| PB 0x00000000a8100000| Untracked 
| 642|0x00000000a8200000, 0x00000000a8200000, 0x00000000a8300000|  0%| F|  |TAMS 0x00000000a8200000| PB 0x00000000a8200000| Untracked 
| 643|0x00000000a8300000, 0x00000000a8300000, 0x00000000a8400000|  0%| F|  |TAMS 0x00000000a8300000| PB 0x00000000a8300000| Untracked 
| 644|0x00000000a8400000, 0x00000000a8400000, 0x00000000a8500000|  0%| F|  |TAMS 0x00000000a8400000| PB 0x00000000a8400000| Untracked 
| 645|0x00000000a8500000, 0x00000000a8500000, 0x00000000a8600000|  0%| F|  |TAMS 0x00000000a8500000| PB 0x00000000a8500000| Untracked 
| 646|0x00000000a8600000, 0x00000000a8600000, 0x00000000a8700000|  0%| F|  |TAMS 0x00000000a8600000| PB 0x00000000a8600000| Untracked 
| 647|0x00000000a8700000, 0x00000000a8700000, 0x00000000a8800000|  0%| F|  |TAMS 0x00000000a8700000| PB 0x00000000a8700000| Untracked 
| 648|0x00000000a8800000, 0x00000000a8800000, 0x00000000a8900000|  0%| F|  |TAMS 0x00000000a8800000| PB 0x00000000a8800000| Untracked 
| 649|0x00000000a8900000, 0x00000000a8a00000, 0x00000000a8a00000|100%| S|CS|TAMS 0x00000000a8900000| PB 0x00000000a8900000| Complete 
| 650|0x00000000a8a00000, 0x00000000a8b00000, 0x00000000a8b00000|100%| S|CS|TAMS 0x00000000a8a00000| PB 0x00000000a8a00000| Complete 
| 651|0x00000000a8b00000, 0x00000000a8c00000, 0x00000000a8c00000|100%| S|CS|TAMS 0x00000000a8b00000| PB 0x00000000a8b00000| Complete 
| 652|0x00000000a8c00000, 0x00000000a8d00000, 0x00000000a8d00000|100%| S|CS|TAMS 0x00000000a8c00000| PB 0x00000000a8c00000| Complete 
| 653|0x00000000a8d00000, 0x00000000a8e00000, 0x00000000a8e00000|100%| S|CS|TAMS 0x00000000a8d00000| PB 0x00000000a8d00000| Complete 
| 654|0x00000000a8e00000, 0x00000000a8f00000, 0x00000000a8f00000|100%| S|CS|TAMS 0x00000000a8e00000| PB 0x00000000a8e00000| Complete 
| 655|0x00000000a8f00000, 0x00000000a9000000, 0x00000000a9000000|100%| S|CS|TAMS 0x00000000a8f00000| PB 0x00000000a8f00000| Complete 
| 656|0x00000000a9000000, 0x00000000a9000000, 0x00000000a9100000|  0%| F|  |TAMS 0x00000000a9000000| PB 0x00000000a9000000| Untracked 
| 657|0x00000000a9100000, 0x00000000a9100000, 0x00000000a9200000|  0%| F|  |TAMS 0x00000000a9100000| PB 0x00000000a9100000| Untracked 
| 658|0x00000000a9200000, 0x00000000a9200000, 0x00000000a9300000|  0%| F|  |TAMS 0x00000000a9200000| PB 0x00000000a9200000| Untracked 
| 659|0x00000000a9300000, 0x00000000a9300000, 0x00000000a9400000|  0%| F|  |TAMS 0x00000000a9300000| PB 0x00000000a9300000| Untracked 
| 660|0x00000000a9400000, 0x00000000a9400000, 0x00000000a9500000|  0%| F|  |TAMS 0x00000000a9400000| PB 0x00000000a9400000| Untracked 
| 661|0x00000000a9500000, 0x00000000a9500000, 0x00000000a9600000|  0%| F|  |TAMS 0x00000000a9500000| PB 0x00000000a9500000| Untracked 
| 662|0x00000000a9600000, 0x00000000a9600000, 0x00000000a9700000|  0%| F|  |TAMS 0x00000000a9600000| PB 0x00000000a9600000| Untracked 
| 663|0x00000000a9700000, 0x00000000a9700000, 0x00000000a9800000|  0%| F|  |TAMS 0x00000000a9700000| PB 0x00000000a9700000| Untracked 
| 664|0x00000000a9800000, 0x00000000a9800000, 0x00000000a9900000|  0%| F|  |TAMS 0x00000000a9800000| PB 0x00000000a9800000| Untracked 
| 665|0x00000000a9900000, 0x00000000a9900000, 0x00000000a9a00000|  0%| F|  |TAMS 0x00000000a9900000| PB 0x00000000a9900000| Untracked 
| 666|0x00000000a9a00000, 0x00000000a9a00000, 0x00000000a9b00000|  0%| F|  |TAMS 0x00000000a9a00000| PB 0x00000000a9a00000| Untracked 
| 667|0x00000000a9b00000, 0x00000000a9b00000, 0x00000000a9c00000|  0%| F|  |TAMS 0x00000000a9b00000| PB 0x00000000a9b00000| Untracked 
| 668|0x00000000a9c00000, 0x00000000a9c00000, 0x00000000a9d00000|  0%| F|  |TAMS 0x00000000a9c00000| PB 0x00000000a9c00000| Untracked 
| 669|0x00000000a9d00000, 0x00000000a9d00000, 0x00000000a9e00000|  0%| F|  |TAMS 0x00000000a9d00000| PB 0x00000000a9d00000| Untracked 
| 670|0x00000000a9e00000, 0x00000000a9e00000, 0x00000000a9f00000|  0%| F|  |TAMS 0x00000000a9e00000| PB 0x00000000a9e00000| Untracked 
| 671|0x00000000a9f00000, 0x00000000a9f00000, 0x00000000aa000000|  0%| F|  |TAMS 0x00000000a9f00000| PB 0x00000000a9f00000| Untracked 
| 672|0x00000000aa000000, 0x00000000aa000000, 0x00000000aa100000|  0%| F|  |TAMS 0x00000000aa000000| PB 0x00000000aa000000| Untracked 
| 673|0x00000000aa100000, 0x00000000aa100000, 0x00000000aa200000|  0%| F|  |TAMS 0x00000000aa100000| PB 0x00000000aa100000| Untracked 
| 674|0x00000000aa200000, 0x00000000aa200000, 0x00000000aa300000|  0%| F|  |TAMS 0x00000000aa200000| PB 0x00000000aa200000| Untracked 
| 675|0x00000000aa300000, 0x00000000aa300000, 0x00000000aa400000|  0%| F|  |TAMS 0x00000000aa300000| PB 0x00000000aa300000| Untracked 
| 676|0x00000000aa400000, 0x00000000aa400000, 0x00000000aa500000|  0%| F|  |TAMS 0x00000000aa400000| PB 0x00000000aa400000| Untracked 
| 677|0x00000000aa500000, 0x00000000aa500000, 0x00000000aa600000|  0%| F|  |TAMS 0x00000000aa500000| PB 0x00000000aa500000| Untracked 
| 678|0x00000000aa600000, 0x00000000aa600000, 0x00000000aa700000|  0%| F|  |TAMS 0x00000000aa600000| PB 0x00000000aa600000| Untracked 
| 679|0x00000000aa700000, 0x00000000aa700000, 0x00000000aa800000|  0%| F|  |TAMS 0x00000000aa700000| PB 0x00000000aa700000| Untracked 
| 680|0x00000000aa800000, 0x00000000aa800000, 0x00000000aa900000|  0%| F|  |TAMS 0x00000000aa800000| PB 0x00000000aa800000| Untracked 
| 681|0x00000000aa900000, 0x00000000aa900000, 0x00000000aaa00000|  0%| F|  |TAMS 0x00000000aa900000| PB 0x00000000aa900000| Untracked 
| 682|0x00000000aaa00000, 0x00000000aaa00000, 0x00000000aab00000|  0%| F|  |TAMS 0x00000000aaa00000| PB 0x00000000aaa00000| Untracked 
| 683|0x00000000aab00000, 0x00000000aab00000, 0x00000000aac00000|  0%| F|  |TAMS 0x00000000aab00000| PB 0x00000000aab00000| Untracked 
| 684|0x00000000aac00000, 0x00000000aac00000, 0x00000000aad00000|  0%| F|  |TAMS 0x00000000aac00000| PB 0x00000000aac00000| Untracked 
| 685|0x00000000aad00000, 0x00000000aad00000, 0x00000000aae00000|  0%| F|  |TAMS 0x00000000aad00000| PB 0x00000000aad00000| Untracked 
| 686|0x00000000aae00000, 0x00000000aae00000, 0x00000000aaf00000|  0%| F|  |TAMS 0x00000000aae00000| PB 0x00000000aae00000| Untracked 
| 687|0x00000000aaf00000, 0x00000000aaf00000, 0x00000000ab000000|  0%| F|  |TAMS 0x00000000aaf00000| PB 0x00000000aaf00000| Untracked 
| 688|0x00000000ab000000, 0x00000000ab000000, 0x00000000ab100000|  0%| F|  |TAMS 0x00000000ab000000| PB 0x00000000ab000000| Untracked 
| 689|0x00000000ab100000, 0x00000000ab100000, 0x00000000ab200000|  0%| F|  |TAMS 0x00000000ab100000| PB 0x00000000ab100000| Untracked 
| 690|0x00000000ab200000, 0x00000000ab200000, 0x00000000ab300000|  0%| F|  |TAMS 0x00000000ab200000| PB 0x00000000ab200000| Untracked 
| 691|0x00000000ab300000, 0x00000000ab300000, 0x00000000ab400000|  0%| F|  |TAMS 0x00000000ab300000| PB 0x00000000ab300000| Untracked 
| 692|0x00000000ab400000, 0x00000000ab400000, 0x00000000ab500000|  0%| F|  |TAMS 0x00000000ab400000| PB 0x00000000ab400000| Untracked 
|1981|0x00000000fbd00000, 0x00000000fbe00000, 0x00000000fbe00000|100%| O|  |TAMS 0x00000000fbe00000| PB 0x00000000fbd00000| Untracked 
|1982|0x00000000fbe00000, 0x00000000fbe00000, 0x00000000fbf00000|  0%| F|  |TAMS 0x00000000fbe00000| PB 0x00000000fbe00000| Untracked 
|1983|0x00000000fbf00000, 0x00000000fbf00000, 0x00000000fc000000|  0%| F|  |TAMS 0x00000000fbf00000| PB 0x00000000fbf00000| Untracked 
|1984|0x00000000fc000000, 0x00000000fc000000, 0x00000000fc100000|  0%| F|  |TAMS 0x00000000fc000000| PB 0x00000000fc000000| Untracked 
|1985|0x00000000fc100000, 0x00000000fc200000, 0x00000000fc200000|100%| O|  |TAMS 0x00000000fc200000| PB 0x00000000fc100000| Untracked 
|1986|0x00000000fc200000, 0x00000000fc300000, 0x00000000fc300000|100%| O|  |TAMS 0x00000000fc300000| PB 0x00000000fc200000| Untracked 
|1987|0x00000000fc300000, 0x00000000fc400000, 0x00000000fc400000|100%| O|  |TAMS 0x00000000fc400000| PB 0x00000000fc300000| Untracked 
|1988|0x00000000fc400000, 0x00000000fc500000, 0x00000000fc500000|100%| O|  |TAMS 0x00000000fc500000| PB 0x00000000fc400000| Untracked 
|1989|0x00000000fc500000, 0x00000000fc600000, 0x00000000fc600000|100%| O|  |TAMS 0x00000000fc600000| PB 0x00000000fc500000| Untracked 
|1990|0x00000000fc600000, 0x00000000fc700000, 0x00000000fc700000|100%| O|  |TAMS 0x00000000fc700000| PB 0x00000000fc600000| Untracked 
|1991|0x00000000fc700000, 0x00000000fc800000, 0x00000000fc800000|100%| O|  |TAMS 0x00000000fc800000| PB 0x00000000fc700000| Untracked 
|1992|0x00000000fc800000, 0x00000000fc900000, 0x00000000fc900000|100%| O|  |TAMS 0x00000000fc900000| PB 0x00000000fc800000| Untracked 
|1993|0x00000000fc900000, 0x00000000fca00000, 0x00000000fca00000|100%| O|  |TAMS 0x00000000fca00000| PB 0x00000000fc900000| Untracked 
|1994|0x00000000fca00000, 0x00000000fcb00000, 0x00000000fcb00000|100%| O|  |TAMS 0x00000000fcb00000| PB 0x00000000fca00000| Untracked 
|1995|0x00000000fcb00000, 0x00000000fcc00000, 0x00000000fcc00000|100%| O|  |TAMS 0x00000000fcc00000| PB 0x00000000fcb00000| Untracked 
|1996|0x00000000fcc00000, 0x00000000fcd00000, 0x00000000fcd00000|100%| O|  |TAMS 0x00000000fcd00000| PB 0x00000000fcc00000| Untracked 
|1997|0x00000000fcd00000, 0x00000000fce00000, 0x00000000fce00000|100%| O|  |TAMS 0x00000000fce00000| PB 0x00000000fcd00000| Untracked 
|1998|0x00000000fce00000, 0x00000000fcf00000, 0x00000000fcf00000|100%| O|  |TAMS 0x00000000fcf00000| PB 0x00000000fce00000| Untracked 
|1999|0x00000000fcf00000, 0x00000000fd000000, 0x00000000fd000000|100%| O|  |TAMS 0x00000000fd000000| PB 0x00000000fcf00000| Untracked 
|2000|0x00000000fd000000, 0x00000000fd100000, 0x00000000fd100000|100%| O|  |TAMS 0x00000000fd100000| PB 0x00000000fd000000| Untracked 
|2001|0x00000000fd100000, 0x00000000fd200000, 0x00000000fd200000|100%| O|  |TAMS 0x00000000fd200000| PB 0x00000000fd100000| Untracked 
|2002|0x00000000fd200000, 0x00000000fd300000, 0x00000000fd300000|100%| O|  |TAMS 0x00000000fd300000| PB 0x00000000fd200000| Untracked 
|2003|0x00000000fd300000, 0x00000000fd400000, 0x00000000fd400000|100%| O|  |TAMS 0x00000000fd400000| PB 0x00000000fd300000| Untracked 
|2004|0x00000000fd400000, 0x00000000fd500000, 0x00000000fd500000|100%| O|  |TAMS 0x00000000fd500000| PB 0x00000000fd400000| Untracked 
|2005|0x00000000fd500000, 0x00000000fd600000, 0x00000000fd600000|100%| O|  |TAMS 0x00000000fd600000| PB 0x00000000fd500000| Untracked 
|2006|0x00000000fd600000, 0x00000000fd700000, 0x00000000fd700000|100%| O|  |TAMS 0x00000000fd700000| PB 0x00000000fd600000| Untracked 
|2007|0x00000000fd700000, 0x00000000fd800000, 0x00000000fd800000|100%| O|  |TAMS 0x00000000fd800000| PB 0x00000000fd700000| Untracked 
|2008|0x00000000fd800000, 0x00000000fd900000, 0x00000000fd900000|100%| O|  |TAMS 0x00000000fd900000| PB 0x00000000fd800000| Untracked 
|2009|0x00000000fd900000, 0x00000000fda00000, 0x00000000fda00000|100%| O|  |TAMS 0x00000000fda00000| PB 0x00000000fd900000| Untracked 
|2010|0x00000000fda00000, 0x00000000fdb00000, 0x00000000fdb00000|100%| O|  |TAMS 0x00000000fdb00000| PB 0x00000000fda00000| Untracked 
|2011|0x00000000fdb00000, 0x00000000fdc00000, 0x00000000fdc00000|100%| O|  |TAMS 0x00000000fdc00000| PB 0x00000000fdb00000| Untracked 
|2012|0x00000000fdc00000, 0x00000000fdd00000, 0x00000000fdd00000|100%| O|  |TAMS 0x00000000fdd00000| PB 0x00000000fdc00000| Untracked 
|2013|0x00000000fdd00000, 0x00000000fde00000, 0x00000000fde00000|100%| O|  |TAMS 0x00000000fde00000| PB 0x00000000fdd00000| Untracked 
|2014|0x00000000fde00000, 0x00000000fdf00000, 0x00000000fdf00000|100%| O|  |TAMS 0x00000000fdf00000| PB 0x00000000fde00000| Untracked 
|2015|0x00000000fdf00000, 0x00000000fe000000, 0x00000000fe000000|100%| O|  |TAMS 0x00000000fe000000| PB 0x00000000fdf00000| Untracked 
|2016|0x00000000fe000000, 0x00000000fe100000, 0x00000000fe100000|100%| O|  |TAMS 0x00000000fe100000| PB 0x00000000fe000000| Untracked 
|2017|0x00000000fe100000, 0x00000000fe200000, 0x00000000fe200000|100%| O|  |TAMS 0x00000000fe200000| PB 0x00000000fe100000| Untracked 
|2018|0x00000000fe200000, 0x00000000fe300000, 0x00000000fe300000|100%| O|  |TAMS 0x00000000fe300000| PB 0x00000000fe200000| Untracked 
|2019|0x00000000fe300000, 0x00000000fe400000, 0x00000000fe400000|100%| O|  |TAMS 0x00000000fe400000| PB 0x00000000fe300000| Untracked 
|2020|0x00000000fe400000, 0x00000000fe400000, 0x00000000fe500000|  0%| F|  |TAMS 0x00000000fe400000| PB 0x00000000fe400000| Untracked 
|2021|0x00000000fe500000, 0x00000000fe600000, 0x00000000fe600000|100%| O|  |TAMS 0x00000000fe600000| PB 0x00000000fe500000| Untracked 
|2022|0x00000000fe600000, 0x00000000fe700000, 0x00000000fe700000|100%| O|  |TAMS 0x00000000fe700000| PB 0x00000000fe600000| Untracked 
|2023|0x00000000fe700000, 0x00000000fe800000, 0x00000000fe800000|100%| O|  |TAMS 0x00000000fe800000| PB 0x00000000fe700000| Untracked 
|2024|0x00000000fe800000, 0x00000000fe900000, 0x00000000fe900000|100%| O|  |TAMS 0x00000000fe900000| PB 0x00000000fe800000| Untracked 
|2025|0x00000000fe900000, 0x00000000fea00000, 0x00000000fea00000|100%| O|  |TAMS 0x00000000fea00000| PB 0x00000000fe900000| Untracked 
|2026|0x00000000fea00000, 0x00000000feb00000, 0x00000000feb00000|100%| O|  |TAMS 0x00000000feb00000| PB 0x00000000fea00000| Untracked 
|2027|0x00000000feb00000, 0x00000000fec00000, 0x00000000fec00000|100%| O|  |TAMS 0x00000000fec00000| PB 0x00000000feb00000| Untracked 
|2028|0x00000000fec00000, 0x00000000fed00000, 0x00000000fed00000|100%| O|  |TAMS 0x00000000fed00000| PB 0x00000000fec00000| Untracked 
|2029|0x00000000fed00000, 0x00000000fee00000, 0x00000000fee00000|100%| O|  |TAMS 0x00000000fee00000| PB 0x00000000fed00000| Untracked 
|2030|0x00000000fee00000, 0x00000000fef00000, 0x00000000fef00000|100%| O|  |TAMS 0x00000000fef00000| PB 0x00000000fee00000| Untracked 
|2031|0x00000000fef00000, 0x00000000ff000000, 0x00000000ff000000|100%| O|  |TAMS 0x00000000ff000000| PB 0x00000000fef00000| Untracked 
|2032|0x00000000ff000000, 0x00000000ff100000, 0x00000000ff100000|100%| O|  |TAMS 0x00000000ff100000| PB 0x00000000ff000000| Untracked 
|2033|0x00000000ff100000, 0x00000000ff200000, 0x00000000ff200000|100%| O|  |TAMS 0x00000000ff200000| PB 0x00000000ff100000| Untracked 
|2034|0x00000000ff200000, 0x00000000ff300000, 0x00000000ff300000|100%| O|  |TAMS 0x00000000ff300000| PB 0x00000000ff200000| Untracked 
|2035|0x00000000ff300000, 0x00000000ff400000, 0x00000000ff400000|100%| O|  |TAMS 0x00000000ff400000| PB 0x00000000ff300000| Untracked 
|2036|0x00000000ff400000, 0x00000000ff500000, 0x00000000ff500000|100%| O|  |TAMS 0x00000000ff500000| PB 0x00000000ff400000| Untracked 
|2037|0x00000000ff500000, 0x00000000ff600000, 0x00000000ff600000|100%| O|  |TAMS 0x00000000ff600000| PB 0x00000000ff500000| Untracked 
|2038|0x00000000ff600000, 0x00000000ff600000, 0x00000000ff700000|  0%| F|  |TAMS 0x00000000ff600000| PB 0x00000000ff600000| Untracked 
|2039|0x00000000ff700000, 0x00000000ff800000, 0x00000000ff800000|100%| O|  |TAMS 0x00000000ff800000| PB 0x00000000ff700000| Untracked 
|2040|0x00000000ff800000, 0x00000000ff900000, 0x00000000ff900000|100%| O|  |TAMS 0x00000000ff900000| PB 0x00000000ff800000| Untracked 
|2041|0x00000000ff900000, 0x00000000ffa00000, 0x00000000ffa00000|100%| O|  |TAMS 0x00000000ffa00000| PB 0x00000000ff900000| Untracked 
|2042|0x00000000ffa00000, 0x00000000ffb00000, 0x00000000ffb00000|100%| O|  |TAMS 0x00000000ffb00000| PB 0x00000000ffa00000| Untracked 
|2043|0x00000000ffb00000, 0x00000000ffb00000, 0x00000000ffc00000|  0%| F|  |TAMS 0x00000000ffb00000| PB 0x00000000ffb00000| Untracked 
|2044|0x00000000ffc00000, 0x00000000ffd00000, 0x00000000ffd00000|100%| O|  |TAMS 0x00000000ffd00000| PB 0x00000000ffc00000| Untracked 
|2045|0x00000000ffd00000, 0x00000000ffe00000, 0x00000000ffe00000|100%| O|  |TAMS 0x00000000ffe00000| PB 0x00000000ffd00000| Untracked 
|2046|0x00000000ffe00000, 0x00000000ffe00000, 0x00000000fff00000|  0%| F|  |TAMS 0x00000000ffe00000| PB 0x00000000ffe00000| Untracked 
|2047|0x00000000fff00000, 0x00000000fff00000, 0x0000000100000000|  0%| F|  |TAMS 0x00000000fff00000| PB 0x00000000fff00000| Untracked 

Card table byte_map: [0x0000012af63d0000,0x0000012af67d0000] _byte_map_base: 0x0000012af5fd0000

Marking Bits: (CMBitMap*) 0x0000012ae165e600
 Bits: [0x0000012af67d0000, 0x0000012af87d0000)

Polling page: 0x0000012ae16a0000

Metaspace:

Usage:
  Non-class:    129.12 MB used.
      Class:     20.05 MB used.
       Both:    149.17 MB used.

Virtual space:
  Non-class space:      192.00 MB reserved,     130.31 MB ( 68%) committed,  3 nodes.
      Class space:        1.00 GB reserved,      21.25 MB (  2%) committed,  1 nodes.
             Both:        1.19 GB reserved,     151.56 MB ( 12%) committed. 

Chunk freelists:
   Non-Class:  12.95 MB
       Class:  10.59 MB
        Both:  23.54 MB

MaxMetaspaceSize: unlimited
CompressedClassSpaceSize: 1.00 GB
Initial GC threshold: 21.00 MB
Current GC threshold: 244.50 MB
CDS: off
 - commit_granule_bytes: 65536.
 - commit_granule_words: 8192.
 - virtual_space_node_default_size: 8388608.
 - enlarge_chunks_in_place: 1.
 - use_allocation_guard: 0.


Internal statistics:

num_allocs_failed_limit: 9.
num_arena_births: 4582.
num_arena_deaths: 0.
num_vsnodes_births: 4.
num_vsnodes_deaths: 0.
num_space_committed: 2422.
num_space_uncommitted: 0.
num_chunks_returned_to_freelist: 9.
num_chunks_taken_from_freelist: 11098.
num_chunk_merges: 9.
num_chunk_splits: 7378.
num_chunks_enlarged: 4759.
num_inconsistent_stats: 0.

CodeHeap 'non-profiled nmethods': size=120000Kb used=9598Kb max_used=9598Kb free=110401Kb
 bounds [0x0000012aee540000, 0x0000012aeeea0000, 0x0000012af5a70000]
CodeHeap 'profiled nmethods': size=120000Kb used=26131Kb max_used=26131Kb free=93869Kb
 bounds [0x0000012ae6a70000, 0x0000012ae8400000, 0x0000012aedfa0000]
CodeHeap 'non-nmethods': size=5760Kb used=2240Kb max_used=2304Kb free=3519Kb
 bounds [0x0000012aedfa0000, 0x0000012aee210000, 0x0000012aee540000]
 total_blobs=15417 nmethods=14464 adapters=856
 compilation: enabled
              stopped_count=0, restarted_count=0
 full_count=0

Compilation events (20 events):
Event: 26.862 Thread 0x0000012afb56f720 nmethod 17618 0x0000012ae83ea490 code [0x0000012ae83ea640, 0x0000012ae83ea760]
Event: 26.862 Thread 0x0000012afb56f720 17619       2       ksp.com.intellij.lang.PsiBuilderFactory::getInstance (14 bytes)
Event: 26.862 Thread 0x0000012afb56f720 nmethod 17619 0x0000012ae83ea810 code [0x0000012ae83ea9c0, 0x0000012ae83eab50]
Event: 26.863 Thread 0x0000012afb56f720 17620 %     3       ksp.org.jetbrains.kotlin.parsing.KotlinParsing::advanceBalancedBlock @ 2 (50 bytes)
Event: 26.864 Thread 0x0000012afb56f720 nmethod 17620% 0x0000012ae83eac90 code [0x0000012ae83eaee0, 0x0000012ae83eba70]
Event: 26.864 Thread 0x0000012afb56f720 17621       3       ksp.com.intellij.lang.impl.PsiBuilderImpl::balanceWhiteSpaces (410 bytes)
Event: 26.868 Thread 0x0000012afb56f720 nmethod 17621 0x0000012ae83ebe10 code [0x0000012ae83ec280, 0x0000012ae83eec40]
Event: 26.868 Thread 0x0000012afb56f720 17629       2       ksp.com.intellij.psi.PsiInvalidElementAccessException::isTrackingInvalidation (8 bytes)
Event: 26.869 Thread 0x0000012afb56f720 nmethod 17629 0x0000012ae83efe10 code [0x0000012ae83f0000, 0x0000012ae83f0248]
Event: 26.869 Thread 0x0000012afb56f720 17624       2       ksp.com.intellij.openapi.progress.impl.CoreProgressManager::updateThreadUnderCanceledIndicator (44 bytes)
Event: 26.869 Thread 0x0000012afb56f720 nmethod 17624 0x0000012ae83f0490 code [0x0000012ae83f0680, 0x0000012ae83f08e0]
Event: 26.869 Thread 0x0000012afb56f720 17625       2       ksp.com.intellij.openapi.progress.impl.CoreProgressManager::setCurrentIndicator (50 bytes)
Event: 26.869 Thread 0x0000012afb56f720 nmethod 17625 0x0000012ae83f0a90 code [0x0000012ae83f0c60, 0x0000012ae83f0e30]
Event: 26.869 Thread 0x0000012afb56f720 17626       2       ksp.com.intellij.util.ConcurrentLongObjectHashMap::remove (8 bytes)
Event: 26.870 Thread 0x0000012afb56f720 nmethod 17626 0x0000012ae83f0f10 code [0x0000012ae83f10c0, 0x0000012ae83f11f8]
Event: 26.870 Thread 0x0000012afb56f720 17627   !   2       ksp.com.intellij.util.ConcurrentLongObjectHashMap::replaceNode (415 bytes)
Event: 26.872 Thread 0x0000012afb56f720 nmethod 17627 0x0000012ae83f1290 code [0x0000012ae83f1540, 0x0000012ae83f2010]
Event: 26.872 Thread 0x0000012afb56f720 17631 %     3       com.android.tools.r8.graph.P4::a @ 94 (160 bytes)
Event: 26.874 Thread 0x0000012afb56f720 nmethod 17631% 0x0000012ae83f2990 code [0x0000012ae83f2ce0, 0x0000012ae83f43f8]
Event: 26.874 Thread 0x0000012afb56f720 17628   !   2       ksp.com.intellij.util.ConcurrentLongObjectHashMap::setTabAt (29 bytes)

GC Heap History (20 events):
Event: 24.100 GC heap after
{Heap after GC invocations=61 (full 0):
 garbage-first heap   total 402432K, used 262858K [0x0000000080000000, 0x0000000100000000)
  region size 1024K, 6 young (6144K), 6 survivors (6144K)
 Metaspace       used 135464K, committed 137856K, reserved 1179648K
  class space    used 17852K, committed 19008K, reserved 1048576K
}
Event: 24.158 GC heap before
{Heap before GC invocations=61 (full 0):
 garbage-first heap   total 412672K, used 410314K [0x0000000080000000, 0x0000000100000000)
  region size 1024K, 31 young (31744K), 6 survivors (6144K)
 Metaspace       used 135641K, committed 137984K, reserved 1179648K
  class space    used 17868K, committed 19008K, reserved 1048576K
}
Event: 24.164 GC heap after
{Heap after GC invocations=62 (full 0):
 garbage-first heap   total 425984K, used 322420K [0x0000000080000000, 0x0000000100000000)
  region size 1024K, 13 young (13312K), 13 survivors (13312K)
 Metaspace       used 135641K, committed 137984K, reserved 1179648K
  class space    used 17868K, committed 19008K, reserved 1048576K
}
Event: 24.203 GC heap before
{Heap before GC invocations=62 (full 0):
 garbage-first heap   total 425984K, used 424820K [0x0000000080000000, 0x0000000100000000)
  region size 1024K, 37 young (37888K), 13 survivors (13312K)
 Metaspace       used 136037K, committed 138432K, reserved 1179648K
  class space    used 17912K, committed 19136K, reserved 1048576K
}
Event: 24.211 GC heap after
{Heap after GC invocations=63 (full 0):
 garbage-first heap   total 447488K, used 361014K [0x0000000080000000, 0x0000000100000000)
  region size 1024K, 8 young (8192K), 8 survivors (8192K)
 Metaspace       used 136037K, committed 138432K, reserved 1179648K
  class space    used 17912K, committed 19136K, reserved 1048576K
}
Event: 24.610 GC heap before
{Heap before GC invocations=64 (full 0):
 garbage-first heap   total 603136K, used 407094K [0x0000000080000000, 0x0000000100000000)
  region size 1024K, 54 young (55296K), 8 survivors (8192K)
 Metaspace       used 140819K, committed 143232K, reserved 1179648K
  class space    used 18809K, committed 20032K, reserved 1048576K
}
Event: 24.623 GC heap after
{Heap after GC invocations=65 (full 0):
 garbage-first heap   total 603136K, used 376669K [0x0000000080000000, 0x0000000100000000)
  region size 1024K, 7 young (7168K), 7 survivors (7168K)
 Metaspace       used 140819K, committed 143232K, reserved 1179648K
  class space    used 18809K, committed 20032K, reserved 1048576K
}
Event: 25.205 GC heap before
{Heap before GC invocations=65 (full 0):
 garbage-first heap   total 603136K, used 565085K [0x0000000080000000, 0x0000000100000000)
  region size 1024K, 172 young (176128K), 7 survivors (7168K)
 Metaspace       used 145869K, committed 148288K, reserved 1179648K
  class space    used 19433K, committed 20672K, reserved 1048576K
}
Event: 25.265 GC heap after
{Heap after GC invocations=66 (full 0):
 garbage-first heap   total 634880K, used 441572K [0x0000000080000000, 0x0000000100000000)
  region size 1024K, 22 young (22528K), 22 survivors (22528K)
 Metaspace       used 145869K, committed 148288K, reserved 1179648K
  class space    used 19433K, committed 20672K, reserved 1048576K
}
Event: 25.415 GC heap before
{Heap before GC invocations=66 (full 0):
 garbage-first heap   total 634880K, used 489700K [0x0000000080000000, 0x0000000100000000)
  region size 1024K, 71 young (72704K), 22 survivors (22528K)
 Metaspace       used 147044K, committed 149440K, reserved 1179648K
  class space    used 19677K, committed 20864K, reserved 1048576K
}
Event: 25.460 GC heap after
{Heap after GC invocations=67 (full 0):
 garbage-first heap   total 705536K, used 460416K [0x0000000080000000, 0x0000000100000000)
  region size 1024K, 17 young (17408K), 17 survivors (17408K)
 Metaspace       used 147044K, committed 149440K, reserved 1179648K
  class space    used 19677K, committed 20864K, reserved 1048576K
}
Event: 26.126 GC heap before
{Heap before GC invocations=68 (full 0):
 garbage-first heap   total 778240K, used 606848K [0x0000000080000000, 0x0000000100000000)
  region size 1024K, 154 young (157696K), 17 survivors (17408K)
 Metaspace       used 152278K, committed 154752K, reserved 1245184K
  class space    used 20515K, committed 21760K, reserved 1048576K
}
Event: 26.185 GC heap after
{Heap after GC invocations=69 (full 0):
 garbage-first heap   total 778240K, used 518107K [0x0000000080000000, 0x0000000100000000)
  region size 1024K, 20 young (20480K), 20 survivors (20480K)
 Metaspace       used 152278K, committed 154752K, reserved 1245184K
  class space    used 20515K, committed 21760K, reserved 1048576K
}
Event: 26.402 GC heap before
{Heap before GC invocations=69 (full 0):
 garbage-first heap   total 778240K, used 660443K [0x0000000080000000, 0x0000000100000000)
  region size 1024K, 160 young (163840K), 20 survivors (20480K)
 Metaspace       used 152506K, committed 155008K, reserved 1245184K
  class space    used 20522K, committed 21760K, reserved 1048576K
}
Event: 26.480 GC heap after
{Heap after GC invocations=70 (full 0):
 garbage-first heap   total 778240K, used 588800K [0x0000000080000000, 0x0000000100000000)
  region size 1024K, 20 young (20480K), 20 survivors (20480K)
 Metaspace       used 152506K, committed 155008K, reserved 1245184K
  class space    used 20522K, committed 21760K, reserved 1048576K
}
Event: 26.605 GC heap before
{Heap before GC invocations=70 (full 0):
 garbage-first heap   total 778240K, used 686080K [0x0000000080000000, 0x0000000100000000)
  region size 1024K, 115 young (117760K), 20 survivors (20480K)
 Metaspace       used 152611K, committed 155072K, reserved 1245184K
  class space    used 20523K, committed 21760K, reserved 1048576K
}
Event: 26.657 GC heap after
{Heap after GC invocations=71 (full 0):
 garbage-first heap   total 778240K, used 641536K [0x0000000080000000, 0x0000000100000000)
  region size 1024K, 15 young (15360K), 15 survivors (15360K)
 Metaspace       used 152611K, committed 155072K, reserved 1245184K
  class space    used 20523K, committed 21760K, reserved 1048576K
}
Event: 26.763 GC heap before
{Heap before GC invocations=71 (full 0):
 garbage-first heap   total 778240K, used 705024K [0x0000000080000000, 0x0000000100000000)
  region size 1024K, 78 young (79872K), 15 survivors (15360K)
 Metaspace       used 152659K, committed 155136K, reserved 1245184K
  class space    used 20524K, committed 21760K, reserved 1048576K
}
Event: 26.797 GC heap after
{Heap after GC invocations=72 (full 0):
 garbage-first heap   total 778240K, used 677376K [0x0000000080000000, 0x0000000100000000)
  region size 1024K, 10 young (10240K), 10 survivors (10240K)
 Metaspace       used 152659K, committed 155136K, reserved 1245184K
  class space    used 20524K, committed 21760K, reserved 1048576K
}
Event: 26.874 GC heap before
{Heap before GC invocations=72 (full 0):
 garbage-first heap   total 778240K, used 723456K [0x0000000080000000, 0x0000000100000000)
  region size 1024K, 55 young (56320K), 10 survivors (10240K)
 Metaspace       used 152745K, committed 155200K, reserved 1245184K
  class space    used 20528K, committed 21760K, reserved 1048576K
}

Dll operation events (3 events):
Event: 0.011 Loaded shared library C:\Users\harsh\AppData\Local\Programs\Android Studio\jbr\bin\java.dll
Event: 0.018 Loaded shared library C:\Users\harsh\AppData\Local\Programs\Android Studio\jbr\bin\zip.dll
Event: 0.842 Loaded shared library C:\Users\harsh\AppData\Local\Programs\Android Studio\jbr\bin\verify.dll

Deoptimization events (20 events):
Event: 26.738 Thread 0x0000012a88de42a0 DEOPT PACKING pc=0x0000012ae831f35d sp=0x0000001958bfb670
Event: 26.738 Thread 0x0000012a88de42a0 DEOPT UNPACKING pc=0x0000012aedff4e42 sp=0x0000001958bfab68 mode 0
Event: 26.811 Thread 0x0000012a88de42a0 Uncommon trap: trap_request=0xffffffde fr.pc=0x0000012aeee934b4 relative=0x0000000000000754
Event: 26.811 Thread 0x0000012a88de42a0 Uncommon trap: reason=class_check action=maybe_recompile pc=0x0000012aeee934b4 method=java.lang.Character.codePointAt(Ljava/lang/CharSequence;I)I @ 20 c2
Event: 26.811 Thread 0x0000012a88de42a0 DEOPT PACKING pc=0x0000012aeee934b4 sp=0x0000001958bfc0f0
Event: 26.811 Thread 0x0000012a88de42a0 DEOPT UNPACKING pc=0x0000012aedff46a2 sp=0x0000001958bfc008 mode 2
Event: 26.811 Thread 0x0000012a88de42a0 Uncommon trap: trap_request=0xffffff45 fr.pc=0x0000012aee5d3b68 relative=0x0000000000000048
Event: 26.811 Thread 0x0000012a88de42a0 Uncommon trap: reason=unstable_if action=reinterpret pc=0x0000012aee5d3b68 method=java.lang.Character.charCount(I)I @ 3 c2
Event: 26.811 Thread 0x0000012a88de42a0 DEOPT PACKING pc=0x0000012aee5d3b68 sp=0x0000001958bfc090
Event: 26.811 Thread 0x0000012a88de42a0 DEOPT UNPACKING pc=0x0000012aedff46a2 sp=0x0000001958bfc018 mode 2
Event: 26.813 Thread 0x0000012a88de42a0 Uncommon trap: trap_request=0xffffffde fr.pc=0x0000012aeee934b4 relative=0x0000000000000754
Event: 26.813 Thread 0x0000012a88de42a0 Uncommon trap: reason=class_check action=maybe_recompile pc=0x0000012aeee934b4 method=java.lang.Character.codePointAt(Ljava/lang/CharSequence;I)I @ 20 c2
Event: 26.813 Thread 0x0000012a88de42a0 DEOPT PACKING pc=0x0000012aeee934b4 sp=0x0000001958bfb5b0
Event: 26.813 Thread 0x0000012a88de42a0 DEOPT UNPACKING pc=0x0000012aedff46a2 sp=0x0000001958bfb4c8 mode 2
Event: 26.818 Thread 0x0000012a88de42a0 Uncommon trap: trap_request=0xffffffde fr.pc=0x0000012aeee8cf78 relative=0x00000000000002b8
Event: 26.818 Thread 0x0000012a88de42a0 Uncommon trap: reason=class_check action=maybe_recompile pc=0x0000012aeee8cf78 method=java.lang.Character.codePointAt(Ljava/lang/CharSequence;I)I @ 20 c2
Event: 26.818 Thread 0x0000012a88de42a0 DEOPT PACKING pc=0x0000012aeee8cf78 sp=0x0000001958bfa200
Event: 26.818 Thread 0x0000012a88de42a0 DEOPT UNPACKING pc=0x0000012aedff46a2 sp=0x0000001958bfa1b8 mode 2
Event: 26.863 Thread 0x0000012a88de42a0 DEOPT PACKING pc=0x0000012ae831d09f sp=0x0000001958bfb6b0
Event: 26.863 Thread 0x0000012a88de42a0 DEOPT UNPACKING pc=0x0000012aedff4e42 sp=0x0000001958bfaba8 mode 0

Classes loaded (20 events):
Event: 25.716 Loading class java/util/concurrent/ForkJoinTask$Aux
Event: 25.716 Loading class java/util/concurrent/ForkJoinTask$Aux done
Event: 25.717 Loading class java/util/concurrent/ForkJoinPool$DefaultForkJoinWorkerThreadFactory$1
Event: 25.717 Loading class java/util/concurrent/ForkJoinPool$DefaultForkJoinWorkerThreadFactory$1 done
Event: 25.719 Loading class java/util/concurrent/CountedCompleter
Event: 25.719 Loading class java/util/concurrent/CountedCompleter done
Event: 25.794 Loading class java/util/AbstractList$RandomAccessSubList
Event: 25.795 Loading class java/util/AbstractList$RandomAccessSubList done
Event: 25.949 Loading class java/nio/ShortBuffer
Event: 25.950 Loading class java/nio/ShortBuffer done
Event: 25.950 Loading class java/nio/HeapShortBuffer
Event: 25.951 Loading class java/nio/HeapShortBuffer done
Event: 25.981 Loading class sun/nio/cs/ThreadLocalCoders
Event: 25.982 Loading class sun/nio/cs/ThreadLocalCoders done
Event: 25.985 Loading class sun/nio/cs/ThreadLocalCoders$1
Event: 25.985 Loading class sun/nio/cs/ThreadLocalCoders$Cache
Event: 25.986 Loading class sun/nio/cs/ThreadLocalCoders$Cache done
Event: 25.986 Loading class sun/nio/cs/ThreadLocalCoders$1 done
Event: 25.986 Loading class sun/nio/cs/ThreadLocalCoders$2
Event: 25.986 Loading class sun/nio/cs/ThreadLocalCoders$2 done

Classes unloaded (0 events):
No events

Classes redefined (0 events):
No events

Internal exceptions (20 events):
Event: 24.314 Thread 0x0000012a88de42a0 Implicit null exception at 0x0000012aee6c9341 to 0x0000012aee6c9480
Event: 24.724 Thread 0x0000012a88de42a0 Exception <a 'java/lang/NoSuchMethodError'{0x00000000a21ce8b8}: 'java.lang.Object java.lang.invoke.Invokers$Holder.invokeExact_MT(java.lang.Object, java.lang.Object, long, java.lang.Object)'> (0x00000000a21ce8b8) 
thrown [s\src\hotspot\share\interpreter\linkResolver.cpp, line 784]
Event: 25.687 Thread 0x0000012a88de42a0 Implicit null exception at 0x0000012aee7e23bb to 0x0000012aee7e3080
Event: 25.720 Thread 0x0000012a920fa210 Implicit null exception at 0x0000012aeeb4a193 to 0x0000012aeeb4b690
Event: 25.720 Thread 0x0000012a89a4b0c0 Implicit null exception at 0x0000012aeeb4a193 to 0x0000012aeeb4b690
Event: 25.720 Thread 0x0000012a920fa210 Implicit null exception at 0x0000012aeea2360e to 0x0000012aeea23d80
Event: 25.720 Thread 0x0000012a89a4b0c0 Implicit null exception at 0x0000012aeea2360e to 0x0000012aeea23d80
Event: 25.722 Thread 0x0000012a920fa210 Exception <a 'java/lang/IncompatibleClassChangeError'{0x00000000aa55daa8}: Found class java.lang.Object, but interface was expected> (0x00000000aa55daa8) 
thrown [s\src\hotspot\share\interpreter\linkResolver.cpp, line 851]
Event: 25.722 Thread 0x0000012a89a4bde0 Exception <a 'java/lang/IncompatibleClassChangeError'{0x00000000aa3bb000}: Found class java.lang.Object, but interface was expected> (0x00000000aa3bb000) 
thrown [s\src\hotspot\share\interpreter\linkResolver.cpp, line 851]
Event: 25.722 Thread 0x0000012a88a57520 Exception <a 'java/lang/IncompatibleClassChangeError'{0x00000000aa301c08}: Found class java.lang.Object, but interface was expected> (0x00000000aa301c08) 
thrown [s\src\hotspot\share\interpreter\linkResolver.cpp, line 851]
Event: 25.726 Thread 0x0000012a89a4bde0 Implicit null exception at 0x0000012aee92da0b to 0x0000012aee92dacc
Event: 25.727 Thread 0x0000012a8af93460 Implicit null exception at 0x0000012aee7f9f87 to 0x0000012aee7fa04c
Event: 25.742 Thread 0x0000012a88de42a0 Implicit null exception at 0x0000012aee80ba2a to 0x0000012aee80e010
Event: 25.758 Thread 0x0000012a88de42a0 Implicit null exception at 0x0000012aeeabd4b8 to 0x0000012aeeabd644
Event: 25.794 Thread 0x0000012a920fa8a0 Exception <a 'java/lang/IncompatibleClassChangeError'{0x00000000aa5e23c0}: Found class java.lang.Object, but interface was expected> (0x00000000aa5e23c0) 
thrown [s\src\hotspot\share\interpreter\linkResolver.cpp, line 851]
Event: 25.794 Thread 0x0000012a920fa8a0 Exception <a 'java/lang/IncompatibleClassChangeError'{0x00000000aa5e5c90}: Found class java.lang.Object, but interface was expected> (0x00000000aa5e5c90) 
thrown [s\src\hotspot\share\interpreter\linkResolver.cpp, line 851]
Event: 25.795 Thread 0x0000012a8af93460 Exception <a 'java/lang/NoSuchMethodError'{0x00000000aa646cb0}: 'long java.lang.invoke.DirectMethodHandle$Holder.invokeStatic(java.lang.Object, java.lang.Object, java.lang.Object)'> (0x00000000aa646cb0) 
thrown [s\src\hotspot\share\interpreter\linkResolver.cpp, line 784]
Event: 25.795 Thread 0x0000012a8af8ffe0 Exception <a 'java/lang/NoSuchMethodError'{0x00000000aa682160}: 'long java.lang.invoke.DirectMethodHandle$Holder.invokeStatic(java.lang.Object, java.lang.Object, java.lang.Object)'> (0x00000000aa682160) 
thrown [s\src\hotspot\share\interpreter\linkResolver.cpp, line 784]
Event: 25.869 Thread 0x0000012a88de42a0 Exception <a 'java/lang/NoSuchMethodError'{0x00000000a96c5828}: 'void java.lang.invoke.DirectMethodHandle$Holder.invokeSpecial(java.lang.Object, java.lang.Object, int, int)'> (0x00000000a96c5828) 
thrown [s\src\hotspot\share\interpreter\linkResolver.cpp, line 784]
Event: 25.914 Thread 0x0000012a88de42a0 Exception <a 'java/lang/NoSuchMethodError'{0x00000000a93c6680}: 'int java.lang.invoke.DirectMethodHandle$Holder.invokeSpecial(java.lang.Object, java.lang.Object, int, int)'> (0x00000000a93c6680) 
thrown [s\src\hotspot\share\interpreter\linkResolver.cpp, line 784]

ZGC Phase Switch (0 events):
No events

VM Operations (20 events):
Event: 25.786 Executing VM operation: G1PauseCleanup done
Event: 25.797 Executing VM operation: HandshakeAllThreads (Deoptimize)
Event: 25.797 Executing VM operation: HandshakeAllThreads (Deoptimize) done
Event: 25.985 Executing VM operation: HandshakeAllThreads (Deoptimize)
Event: 25.986 Executing VM operation: HandshakeAllThreads (Deoptimize) done
Event: 26.000 Executing VM operation: HandshakeAllThreads (Deoptimize)
Event: 26.013 Executing VM operation: HandshakeAllThreads (Deoptimize) done
Event: 26.025 Executing VM operation: ICBufferFull
Event: 26.025 Executing VM operation: ICBufferFull done
Event: 26.026 Executing VM operation: ICBufferFull
Event: 26.026 Executing VM operation: ICBufferFull done
Event: 26.126 Executing VM operation: G1CollectForAllocation (G1 Evacuation Pause)
Event: 26.185 Executing VM operation: G1CollectForAllocation (G1 Evacuation Pause) done
Event: 26.401 Executing VM operation: G1CollectForAllocation (G1 Evacuation Pause)
Event: 26.481 Executing VM operation: G1CollectForAllocation (G1 Evacuation Pause) done
Event: 26.605 Executing VM operation: G1CollectForAllocation (G1 Evacuation Pause)
Event: 26.657 Executing VM operation: G1CollectForAllocation (G1 Evacuation Pause) done
Event: 26.763 Executing VM operation: G1CollectForAllocation (G1 Evacuation Pause)
Event: 26.797 Executing VM operation: G1CollectForAllocation (G1 Evacuation Pause) done
Event: 26.874 Executing VM operation: G1CollectForAllocation (G1 Evacuation Pause)

Memory protections (0 events):
No events

Nmethod flushes (20 events):
Event: 25.656 Thread 0x0000012afb47e3f0 flushing  nmethod 0x0000012ae757d890
Event: 25.656 Thread 0x0000012afb47e3f0 flushing  nmethod 0x0000012ae75cb490
Event: 25.656 Thread 0x0000012afb47e3f0 flushing  nmethod 0x0000012ae7632890
Event: 25.656 Thread 0x0000012afb47e3f0 flushing  nmethod 0x0000012ae7637690
Event: 25.656 Thread 0x0000012afb47e3f0 flushing  nmethod 0x0000012ae769fd10
Event: 25.656 Thread 0x0000012afb47e3f0 flushing  nmethod 0x0000012ae7e3c710
Event: 25.656 Thread 0x0000012afb47e3f0 flushing  nmethod 0x0000012aee71f510
Event: 25.656 Thread 0x0000012afb47e3f0 flushing  nmethod 0x0000012aee8b4d90
Event: 25.656 Thread 0x0000012afb47e3f0 flushing  nmethod 0x0000012aee95e010
Event: 25.656 Thread 0x0000012afb47e3f0 flushing  nmethod 0x0000012aeeb1c990
Event: 25.656 Thread 0x0000012afb47e3f0 flushing  nmethod 0x0000012ae6ace210
Event: 25.656 Thread 0x0000012afb47e3f0 flushing  nmethod 0x0000012ae6acf210
Event: 25.656 Thread 0x0000012afb47e3f0 flushing  nmethod 0x0000012ae6cc5990
Event: 25.656 Thread 0x0000012afb47e3f0 flushing  nmethod 0x0000012ae6cc6010
Event: 25.656 Thread 0x0000012afb47e3f0 flushing  nmethod 0x0000012ae6f18d10
Event: 25.656 Thread 0x0000012afb47e3f0 flushing  nmethod 0x0000012ae6f19490
Event: 25.656 Thread 0x0000012afb47e3f0 flushing  nmethod 0x0000012ae7365c90
Event: 25.656 Thread 0x0000012afb47e3f0 flushing  nmethod 0x0000012ae73d3810
Event: 25.656 Thread 0x0000012afb47e3f0 flushing  nmethod 0x0000012ae75f9b90
Event: 25.656 Thread 0x0000012afb47e3f0 flushing  nmethod 0x0000012ae79e0190

Events (20 events):
Event: 21.236 Thread 0x0000012a8bf6b8b0 Thread added: 0x0000012a8af8b7b0
Event: 22.441 Thread 0x0000012a8bf6b8b0 Thread added: 0x0000012a88de42a0
Event: 23.080 Thread 0x0000012a8bf71490 Thread added: 0x0000012a8af91a20
Event: 23.270 Thread 0x0000012a8af91a20 Thread added: 0x0000012a84f0e990
Event: 25.285 Thread 0x0000012a8c2f52c0 Thread exited: 0x0000012a8c2f52c0
Event: 25.285 Thread 0x0000012a8b5dba50 Thread exited: 0x0000012a8b5dba50
Event: 25.296 Thread 0x0000012afb56c4d0 Thread added: 0x0000012a8c2f74d0
Event: 25.693 Thread 0x0000012afb56f720 Thread added: 0x0000012a8c2f52c0
Event: 25.717 Thread 0x0000012a84f0e990 Thread added: 0x0000012a8af93460
Event: 25.718 Thread 0x0000012a84f0e990 Thread added: 0x0000012a8af8ffe0
Event: 25.718 Thread 0x0000012a8af93460 Thread added: 0x0000012a9370dae0
Event: 25.718 Thread 0x0000012a84f0e990 Thread added: 0x0000012a8af93af0
Event: 25.718 Thread 0x0000012a8af8ffe0 Thread added: 0x0000012a89a4b0c0
Event: 25.718 Thread 0x0000012a9370dae0 Thread added: 0x0000012a920fa210
Event: 25.719 Thread 0x0000012a89a4b0c0 Thread added: 0x0000012a920fa8a0
Event: 25.719 Thread 0x0000012a920fa210 Thread added: 0x0000012a89a4deb0
Event: 25.719 Thread 0x0000012a920fa8a0 Thread added: 0x0000012a9370e170
Event: 25.720 Thread 0x0000012a89a4deb0 Thread added: 0x0000012a92a961a0
Event: 25.720 Thread 0x0000012a8af93af0 Thread added: 0x0000012a89a4bde0
Event: 25.720 Thread 0x0000012a9370e170 Thread added: 0x0000012a88a57520


Dynamic libraries:
0x00007ff78bbc0000 - 0x00007ff78bbca000 	C:\Users\harsh\AppData\Local\Programs\Android Studio\jbr\bin\java.exe
0x00007ffd583e0000 - 0x00007ffd58648000 	C:\Windows\SYSTEM32\ntdll.dll
0x00007ffd56c00000 - 0x00007ffd56cc9000 	C:\Windows\System32\KERNEL32.DLL
0x00007ffd55ab0000 - 0x00007ffd55ea8000 	C:\Windows\System32\KERNELBASE.dll
0x00007ffd55530000 - 0x00007ffd5567b000 	C:\Windows\System32\ucrtbase.dll
0x00007ffd4bf30000 - 0x00007ffd4bf48000 	C:\Users\harsh\AppData\Local\Programs\Android Studio\jbr\bin\jli.dll
0x00007ffd23e40000 - 0x00007ffd23e5b000 	C:\Users\harsh\AppData\Local\Programs\Android Studio\jbr\bin\VCRUNTIME140.dll
0x00007ffd56550000 - 0x00007ffd56717000 	C:\Windows\System32\USER32.dll
0x00007ffd43760000 - 0x00007ffd439f4000 	C:\Windows\WinSxS\amd64_microsoft.windows.common-controls_6595b64144ccf1df_6.0.26100.7019_none_3e06ffa0e335b8a8\COMCTL32.dll
0x00007ffd55730000 - 0x00007ffd55757000 	C:\Windows\System32\win32u.dll
0x00007ffd57c80000 - 0x00007ffd57d29000 	C:\Windows\System32\msvcrt.dll
0x00007ffd57ec0000 - 0x00007ffd57eeb000 	C:\Windows\System32\GDI32.dll
0x00007ffd55980000 - 0x00007ffd55aac000 	C:\Windows\System32\gdi32full.dll
0x00007ffd558d0000 - 0x00007ffd55973000 	C:\Windows\System32\msvcp_win.dll
0x00007ffd57ef0000 - 0x00007ffd57f21000 	C:\Windows\System32\IMM32.DLL
0x00007ffd23cc0000 - 0x00007ffd23ccc000 	C:\Users\harsh\AppData\Local\Programs\Android Studio\jbr\bin\vcruntime140_1.dll
0x00007ffd42040000 - 0x00007ffd420cd000 	C:\Users\harsh\AppData\Local\Programs\Android Studio\jbr\bin\msvcp140.dll
0x00007ffceefb0000 - 0x00007ffcefc3b000 	C:\Users\harsh\AppData\Local\Programs\Android Studio\jbr\bin\server\jvm.dll
0x00007ffd56730000 - 0x00007ffd567e4000 	C:\Windows\System32\ADVAPI32.dll
0x00007ffd56290000 - 0x00007ffd56336000 	C:\Windows\System32\sechost.dll
0x00007ffd57d30000 - 0x00007ffd57e48000 	C:\Windows\System32\RPCRT4.dll
0x00007ffd57f30000 - 0x00007ffd57fa4000 	C:\Windows\System32\WS2_32.dll
0x00007ffd55390000 - 0x00007ffd553ee000 	C:\Windows\SYSTEM32\POWRPROF.dll
0x00007ffd4e610000 - 0x00007ffd4e61b000 	C:\Windows\SYSTEM32\VERSION.dll
0x00007ffd4e5d0000 - 0x00007ffd4e605000 	C:\Windows\SYSTEM32\WINMM.dll
0x00007ffd552c0000 - 0x00007ffd552d4000 	C:\Windows\SYSTEM32\UMPDC.dll
0x00007ffd542f0000 - 0x00007ffd5430b000 	C:\Windows\SYSTEM32\kernel.appcore.dll
0x00007ffcf6d40000 - 0x00007ffcf6d4a000 	C:\Users\harsh\AppData\Local\Programs\Android Studio\jbr\bin\jimage.dll
0x00007ffd48600000 - 0x00007ffd48842000 	C:\Windows\SYSTEM32\DBGHELP.DLL
0x00007ffd57fb0000 - 0x00007ffd5833b000 	C:\Windows\System32\combase.dll
0x00007ffd561b0000 - 0x00007ffd56287000 	C:\Windows\System32\OLEAUT32.dll
0x00007ffd3eb10000 - 0x00007ffd3eb4c000 	C:\Windows\SYSTEM32\dbgcore.DLL
0x00007ffd55680000 - 0x00007ffd55725000 	C:\Windows\System32\bcryptPrimitives.dll
0x00007ffd504a0000 - 0x00007ffd504ae000 	C:\Users\harsh\AppData\Local\Programs\Android Studio\jbr\bin\instrument.dll
0x00007ffcf6c80000 - 0x00007ffcf6ca0000 	C:\Users\harsh\AppData\Local\Programs\Android Studio\jbr\bin\java.dll
0x00007ffcf6c60000 - 0x00007ffcf6c78000 	C:\Users\harsh\AppData\Local\Programs\Android Studio\jbr\bin\zip.dll
0x00007ffd57000000 - 0x00007ffd5774f000 	C:\Windows\System32\SHELL32.dll
0x00007ffd55760000 - 0x00007ffd558cb000 	C:\Windows\System32\wintypes.dll
0x00007ffd53150000 - 0x00007ffd539ad000 	C:\Windows\SYSTEM32\windows.storage.dll
0x00007ffd56cd0000 - 0x00007ffd56dc2000 	C:\Windows\System32\SHCORE.dll
0x00007ffd57e50000 - 0x00007ffd57eb7000 	C:\Windows\System32\shlwapi.dll
0x00007ffd55450000 - 0x00007ffd55479000 	C:\Windows\SYSTEM32\profapi.dll
0x00007ffcf6d30000 - 0x00007ffcf6d40000 	C:\Users\harsh\AppData\Local\Programs\Android Studio\jbr\bin\net.dll
0x00007ffd4b4e0000 - 0x00007ffd4b608000 	C:\Windows\SYSTEM32\WINHTTP.dll
0x00007ffd54860000 - 0x00007ffd548cb000 	C:\Windows\system32\mswsock.dll
0x00007ffcf5a10000 - 0x00007ffcf5a26000 	C:\Users\harsh\AppData\Local\Programs\Android Studio\jbr\bin\nio.dll
0x00007ffcf6c50000 - 0x00007ffcf6c60000 	C:\Users\harsh\AppData\Local\Programs\Android Studio\jbr\bin\verify.dll
0x00007ffcdc960000 - 0x00007ffcdc987000 	C:\Users\harsh\.gradle\native\c067742578af261105cb4f569cf0c3c89f3d7b1fecec35dd04571415982c5e48\windows-amd64\native-platform.dll
0x00007ffd2d7e0000 - 0x00007ffd2d924000 	C:\Users\harsh\.gradle\native\100fb08df4bc3b14c8652ba06237920a3bd2aa13389f12d3474272988ae205f9\windows-amd64\native-platform-file-events.dll
0x00007ffcf59f0000 - 0x00007ffcf59f9000 	C:\Users\harsh\AppData\Local\Programs\Android Studio\jbr\bin\management.dll
0x00007ffcf4ef0000 - 0x00007ffcf4efb000 	C:\Users\harsh\AppData\Local\Programs\Android Studio\jbr\bin\management_ext.dll
0x00007ffd56720000 - 0x00007ffd56728000 	C:\Windows\System32\PSAPI.DLL
0x00007ffd54b30000 - 0x00007ffd54b4b000 	C:\Windows\SYSTEM32\CRYPTSP.dll
0x00007ffd54250000 - 0x00007ffd5428a000 	C:\Windows\system32\rsaenh.dll
0x00007ffd54910000 - 0x00007ffd5493b000 	C:\Windows\SYSTEM32\USERENV.dll
0x00007ffd55420000 - 0x00007ffd5544a000 	C:\Windows\SYSTEM32\bcrypt.dll
0x00007ffd54b20000 - 0x00007ffd54b2c000 	C:\Windows\SYSTEM32\CRYPTBASE.dll
0x00007ffd53d90000 - 0x00007ffd53dc4000 	C:\Windows\SYSTEM32\IPHLPAPI.DLL
0x00007ffd56800000 - 0x00007ffd5680a000 	C:\Windows\System32\NSI.dll
0x00007ffcf5a00000 - 0x00007ffcf5a09000 	C:\Users\harsh\AppData\Local\Programs\Android Studio\jbr\bin\extnet.dll
0x00007ffd23e80000 - 0x00007ffd23e88000 	C:\Windows\system32\wshunix.dll

dbghelp: loaded successfully - version: 4.0.5 - missing functions: none
symbol engine: initialized successfully - sym options: 0x614 - pdb path: .;C:\Users\harsh\AppData\Local\Programs\Android Studio\jbr\bin;C:\Windows\SYSTEM32;C:\Windows\WinSxS\amd64_microsoft.windows.common-controls_6595b64144ccf1df_6.0.26100.7019_none_3e06ffa0e335b8a8;C:\Users\harsh\AppData\Local\Programs\Android Studio\jbr\bin\server;C:\Users\harsh\.gradle\native\c067742578af261105cb4f569cf0c3c89f3d7b1fecec35dd04571415982c5e48\windows-amd64;C:\Users\harsh\.gradle\native\100fb08df4bc3b14c8652ba06237920a3bd2aa13389f12d3474272988ae205f9\windows-amd64

VM Arguments:
jvm_args: --add-opens=java.base/java.lang=ALL-UNNAMED --add-opens=java.base/java.lang.invoke=ALL-UNNAMED --add-opens=java.base/java.util=ALL-UNNAMED --add-opens=java.prefs/java.util.prefs=ALL-UNNAMED --add-exports=jdk.compiler/com.sun.tools.javac.api=ALL-UNNAMED --add-exports=jdk.compiler/com.sun.tools.javac.util=ALL-UNNAMED --add-opens=java.base/java.util=ALL-UNNAMED --add-opens=java.prefs/java.util.prefs=ALL-UNNAMED --add-opens=java.base/java.nio.charset=ALL-UNNAMED --add-opens=java.base/java.net=ALL-UNNAMED --add-opens=java.base/java.util.concurrent.atomic=ALL-UNNAMED --add-opens=java.xml/javax.xml.namespace=ALL-UNNAMED -Xmx2048m -Dfile.encoding=UTF-8 -Duser.country=US -Duser.language=en -Duser.variant -javaagent:C:\Users\harsh\.gradle\wrapper\dists\gradle-8.11.1-bin\bpt9gzteqjrbo1mjrsomdt32c\gradle-8.11.1\lib\agents\gradle-instrumentation-agent-8.11.1.jar 
java_command: org.gradle.launcher.daemon.bootstrap.GradleDaemon 8.11.1
java_class_path (initial): C:\Users\harsh\.gradle\wrapper\dists\gradle-8.11.1-bin\bpt9gzteqjrbo1mjrsomdt32c\gradle-8.11.1\lib\gradle-daemon-main-8.11.1.jar
Launcher Type: SUN_STANDARD

[Global flags]
     intx CICompilerCount                          = 4                                         {product} {ergonomic}
     uint ConcGCThreads                            = 3                                         {product} {ergonomic}
     uint G1ConcRefinementThreads                  = 10                                        {product} {ergonomic}
   size_t G1HeapRegionSize                         = 1048576                                   {product} {ergonomic}
    uintx GCDrainStackTargetSize                   = 64                                        {product} {ergonomic}
   size_t InitialHeapSize                          = 257949696                                 {product} {ergonomic}
   size_t MarkStackSize                            = 4194304                                   {product} {ergonomic}
   size_t MaxHeapSize                              = 2147483648                                {product} {command line}
   size_t MaxNewSize                               = 1287651328                                {product} {ergonomic}
   size_t MinHeapDeltaBytes                        = 1048576                                   {product} {ergonomic}
   size_t MinHeapSize                              = 8388608                                   {product} {ergonomic}
    uintx NonNMethodCodeHeapSize                   = 5839372                                {pd product} {ergonomic}
    uintx NonProfiledCodeHeapSize                  = 122909434                              {pd product} {ergonomic}
    uintx ProfiledCodeHeapSize                     = 122909434                              {pd product} {ergonomic}
    uintx ReservedCodeCacheSize                    = 251658240                              {pd product} {ergonomic}
     bool SegmentedCodeCache                       = true                                      {product} {ergonomic}
   size_t SoftMaxHeapSize                          = 2147483648                             {manageable} {ergonomic}
     bool UseCompressedOops                        = true                           {product lp64_product} {ergonomic}
     bool UseG1GC                                  = true                                      {product} {ergonomic}
     bool UseLargePagesIndividualAllocation        = false                                  {pd product} {ergonomic}

Logging:
Log output configuration:
 #0: stdout all=warning uptime,level,tags foldmultilines=false
 #1: stderr all=off uptime,level,tags foldmultilines=false

Environment Variables:
PATH=D:\oracle\product\10.2.0\db_1\bin;C:\Program Files\Common Files\Oracle\Java\javapath;C:\Windows\system32;C:\Windows;C:\Windows\System32\Wbem;C:\Windows\System32\WindowsPowerShell\v1.0\;C:\Windows\System32\OpenSSH\;C:\ProgramData\chocolatey\bin;C:\Program Files\Java\jdk-23\bin;C:\Program Files\Git\cmd;D:\flutter\bin;C:\Users\harsh\AppData\Local\Microsoft\WindowsApps;C:\Users\harsh\AppData\Local\Programs\Microsoft VS Code\bin;C:\Users\harsh\AppData\Roaming\Python\Python313\Scripts;C:\Users\harsh\AppData\Local\JetBrains\Toolbox\scripts;
USERNAME=harsh
OS=Windows_NT
PROCESSOR_IDENTIFIER=AMD64 Family 25 Model 80 Stepping 0, AuthenticAMD
TMP=C:\Users\harsh\AppData\Local\Temp
TEMP=C:\Users\harsh\AppData\Local\Temp




Periodic native trim disabled

JNI global refs:
JNI global refs: 32, weak refs: 59

JNI global refs memory usage: 835, weak refs: 1465

Process memory usage:
Resident Set Size: 1192108K (7% of 16085060K total physical memory with 2524244K free physical memory)

OOME stack traces (most recent first):
Classloader memory used:
Loader org.gradle.internal.classloader.VisitableURLClassLoader$InstrumentingVisitableURLClassLoader: 42702K
Loader org.gradle.internal.classloader.VisitableURLClassLoader                         : 41652K
Loader bootstrap                                                                       : 29742K
Loader java.net.URLClassLoader                                                         : 24892K
Loader org.gradle.initialization.MixInLegacyTypesClassLoader                           : 12056K
Loader jdk.internal.loader.ClassLoaders$PlatformClassLoader                            : 513K
Loader jdk.internal.reflect.DelegatingClassLoader                                      : 406K
Loader org.gradle.internal.classloader.VisitableURLClassLoader                         : 276K
Loader jdk.internal.jrtfs.JrtFileSystemProvider$JrtFsLoader                            : 266K
Loader jdk.internal.loader.ClassLoaders$AppClassLoader                                 : 237K

Classes loaded by more than one classloader:
Class Program                                                                         : loaded 5 times (x 68B)
Class Build_gradle                                                                    : loaded 3 times (x 126B)
Class Build_gradle$1                                                                  : loaded 3 times (x 70B)
Class kotlin.text.StringsKt__StringsKt                                                : loaded 2 times (x 67B)
Class kotlin.NotImplementedError                                                      : loaded 2 times (x 78B)
Class com.google.common.base.Equivalence$Identity                                     : loaded 2 times (x 78B)
Class com.google.common.base.PairwiseEquivalence                                      : loaded 2 times (x 79B)
Class com.google.common.collect.RegularImmutableMap$KeySet                            : loaded 2 times (x 148B)
Class org.gradle.internal.classloader.FilteringClassLoader                            : loaded 2 times (x 101B)
Class jdk.internal.jimage.BasicImageReader                                            : loaded 2 times (x 91B)
Class kotlin.io.FilesKt__FileTreeWalkKt                                               : loaded 2 times (x 67B)
Class kotlin.jvm.internal.CollectionToArray                                           : loaded 2 times (x 67B)
Class kotlin.sequences.FilteringSequence$iterator$1                                   : loaded 2 times (x 75B)
Class kotlin.sequences.SequencesKt__SequenceBuilderKt                                 : loaded 2 times (x 67B)
Class kotlin.collections.CollectionsKt__ReversedViewsKt                               : loaded 2 times (x 67B)
Class [Lcom.google.common.base.AbstractIterator$State;                                : loaded 2 times (x 65B)
Class com.google.common.base.CharMatcher$IsEither                                     : loaded 2 times (x 107B)
Class org.gradle.internal.classloader.ClassLoaderHierarchy                            : loaded 2 times (x 66B)
Class kotlin.jvm.internal.MutablePropertyReference1                                   : loaded 2 times (x 133B)
Class kotlin.jvm.internal.PropertyReference1Impl                                      : loaded 2 times (x 123B)
Class kotlin.SafePublicationLazyImpl$Companion                                        : loaded 2 times (x 67B)
Class com.google.common.collect.ImmutableEnumSet                                      : loaded 2 times (x 142B)
Class com.google.common.util.concurrent.ExecutionError                                : loaded 2 times (x 78B)
Class com.google.common.collect.ImmutableList$1                                       : loaded 2 times (x 93B)
Class org.gradle.api.internal.classpath.ManifestUtil                                  : loaded 2 times (x 67B)
Class kotlin.collections.builders.MapBuilder                                          : loaded 2 times (x 108B)
Class kotlin.ranges.IntProgression$Companion                                          : loaded 2 times (x 67B)
Class com.google.common.collect.RegularImmutableMap                                   : loaded 2 times (x 117B)
Class com.google.common.collect.ImmutableMap$MapViewOfValuesAsSingletonSets           : loaded 2 times (x 122B)
Class kotlin.collections.builders.ListBuilder$Itr                                     : loaded 2 times (x 90B)
Class kotlin.sequences.TransformingSequence                                           : loaded 2 times (x 71B)
Class [Lorg.objectweb.asm.Symbol;                                                     : loaded 2 times (x 65B)
Class org.objectweb.asm.ClassVisitor                                                  : loaded 2 times (x 84B)
Class com.google.common.collect.UnmodifiableListIterator                              : loaded 2 times (x 91B)
Class [Lkotlin.reflect.KClass;                                                        : loaded 2 times (x 65B)
Class com.google.common.base.Platform$JdkPatternCompiler                              : loaded 2 times (x 71B)
Class org.objectweb.asm.MethodTooLargeException                                       : loaded 2 times (x 79B)
Class [Lcom.google.common.cache.CacheBuilder$OneWeigher;                              : loaded 2 times (x 65B)
Class com.google.common.base.Suppliers                                                : loaded 2 times (x 67B)
Class org.gradle.internal.classloader.DefaultClassLoaderFactory                       : loaded 2 times (x 78B)
Class kotlin.sequences.SequencesKt___SequencesKt                                      : loaded 2 times (x 67B)
Class kotlin.collections.AbstractList$Companion                                       : loaded 2 times (x 67B)
Class com.google.common.base.CharMatcher$None                                         : loaded 2 times (x 108B)
Class org.gradle.internal.classloader.ClassLoaderVisitor                              : loaded 2 times (x 72B)
Class kotlin.sequences.SequencesKt___SequencesKt$flatMap$2                            : loaded 2 times (x 121B)
Class kotlin.io.FileTreeWalk$FileTreeWalkIterator                                     : loaded 2 times (x 79B)
Class [Lcom.google.common.collect.ImmutableMapEntry;                                  : loaded 2 times (x 65B)
Class org.gradle.api.internal.classpath.EffectiveClassPath                            : loaded 2 times (x 86B)
Class kotlin.coroutines.ContinuationInterceptor                                       : loaded 2 times (x 66B)
Class kotlin.text.StringsKt__AppendableKt                                             : loaded 2 times (x 67B)
Class [Lorg.apache.commons.io.StandardLineSeparator;                                  : loaded 2 times (x 65B)
Class org.apache.commons.io.output.StringBuilderWriter                                : loaded 2 times (x 96B)
Class com.google.common.collect.ImmutableRangeSet                                     : loaded 2 times (x 111B)
Class com.google.common.collect.ListMultimap                                          : loaded 2 times (x 66B)
Class com.google.common.collect.ImmutableEnumMap                                      : loaded 2 times (x 122B)
Class kotlin.reflect.KProperty$Accessor                                               : loaded 2 times (x 66B)
Class [Lkotlin.reflect.KCallable;                                                     : loaded 2 times (x 65B)
Class kotlin.jvm.internal.AdaptedFunctionReference                                    : loaded 2 times (x 73B)
Class com.google.common.collect.Sets$1                                                : loaded 2 times (x 135B)
Class org.objectweb.asm.AnnotationVisitor                                             : loaded 2 times (x 74B)
Class com.google.common.base.Splitter                                                 : loaded 2 times (x 68B)
Class org.gradle.api.internal.DefaultClassPathProvider                                : loaded 2 times (x 72B)
Class kotlin.sequences.SequenceScope                                                  : loaded 2 times (x 69B)
Class kotlin.text.StringsKt__StringNumberConversionsJVMKt                             : loaded 2 times (x 67B)
Class kotlin.sequences.Sequence                                                       : loaded 2 times (x 66B)
Class com.google.common.collect.Sets$2                                                : loaded 2 times (x 135B)
Class [Lorg.gradle.api.internal.ClassPathProvider;                                    : loaded 2 times (x 65B)
Class org.gradle.api.internal.ClassPathProvider                                       : loaded 2 times (x 66B)
Class jdk.internal.jrtfs.SystemImage                                                  : loaded 2 times (x 70B)
Class kotlin.jvm.functions.Function20                                                 : loaded 2 times (x 66B)
Class kotlin.collections.CollectionsKt___CollectionsKt$asSequence$$inlined$Sequence$1 : loaded 2 times (x 71B)
Class [Lorg.objectweb.asm.AnnotationVisitor;                                          : loaded 2 times (x 65B)
Class com.google.common.collect.Sets$3                                                : loaded 2 times (x 135B)
Class com.google.common.util.concurrent.AbstractFuture$SafeAtomicHelper               : loaded 2 times (x 75B)
Class com.google.common.cache.LocalCache$LocalLoadingCache                            : loaded 2 times (x 130B)
Class com.google.common.base.AbstractIterator$State                                   : loaded 2 times (x 75B)
Class org.gradle.internal.service.UnknownServiceException                             : loaded 2 times (x 79B)
Class kotlin.jvm.functions.Function21                                                 : loaded 2 times (x 66B)
Class com.google.common.collect.Sets$4                                                : loaded 2 times (x 135B)
Class org.objectweb.asm.ModuleVisitor                                                 : loaded 2 times (x 77B)
Class com.google.common.cache.LocalCache$Strength$1                                   : loaded 2 times (x 77B)
Class kotlin.jvm.functions.Function22                                                 : loaded 2 times (x 66B)
Class kotlin.collections.MapWithDefault                                               : loaded 2 times (x 66B)
Class kotlin.coroutines.jvm.internal.SuspendLambda                                    : loaded 2 times (x 87B)
Class kotlin.coroutines.jvm.internal.ContinuationImpl                                 : loaded 2 times (x 83B)
Class org.apache.commons.io.output.QueueOutputStream                                  : loaded 2 times (x 83B)
Class com.google.common.util.concurrent.SettableFuture                                : loaded 2 times (x 110B)
Class com.google.common.cache.LocalCache$Strength$2                                   : loaded 2 times (x 77B)
Class kotlin.reflect.KTypeParameter                                                   : loaded 2 times (x 66B)
Class kotlin.text.StringsKt__RegexExtensionsJVMKt                                     : loaded 2 times (x 67B)
Class kotlin.collections.ArraysKt___ArraysJvmKt                                       : loaded 2 times (x 67B)
Class kotlin.collections.CollectionsKt__CollectionsKt                                 : loaded 2 times (x 67B)
Class com.google.common.cache.LocalCache$Strength$3                                   : loaded 2 times (x 77B)
Class com.google.common.collect.MapDifference                                         : loaded 2 times (x 66B)
Class com.google.common.base.Splitter$1                                               : loaded 2 times (x 73B)
Class kotlin.text.Regex$Companion                                                     : loaded 2 times (x 67B)
Class kotlin._Assertions                                                              : loaded 2 times (x 67B)
Class org.objectweb.asm.FieldWriter                                                   : loaded 2 times (x 74B)
Class com.google.common.cache.CacheBuilder$NullListener                               : loaded 2 times (x 78B)
Class org.gradle.internal.classpath.TransformedClassPath                              : loaded 2 times (x 92B)
Class org.gradle.internal.classloader.InstrumentingClassLoader                        : loaded 2 times (x 66B)
Class jdk.internal.jrtfs.SystemImage$1                                                : loaded 2 times (x 74B)
Class kotlin.jvm.internal.FunctionReference                                           : loaded 2 times (x 118B)
Class [Lkotlin.coroutines.intrinsics.CoroutineSingletons;                             : loaded 2 times (x 65B)
Class kotlin.jvm.internal.FunctionBase                                                : loaded 2 times (x 66B)
Class kotlin.enums.EnumEntriesList                                                    : loaded 2 times (x 219B)
Class org.apache.commons.io.output.UnsynchronizedByteArrayOutputStream                : loaded 2 times (x 98B)
Class com.google.common.collect.ImmutableRangeSet$AsSet                               : loaded 2 times (x 296B)
Class com.google.common.cache.CacheLoader$FunctionToCacheLoader                       : loaded 2 times (x 71B)
Class com.google.common.collect.Iterators$ArrayItr                                    : loaded 2 times (x 93B)
Class com.google.common.collect.ImmutableCollection$Builder                           : loaded 2 times (x 72B)
Class jdk.internal.jrtfs.SystemImage$2                                                : loaded 2 times (x 72B)
Class kotlin.collections.builders.ListBuilder$Companion                               : loaded 2 times (x 67B)
Class kotlin.collections.builders.ListBuilder                                         : loaded 2 times (x 203B)
Class kotlin.collections.CollectionsKt__IteratorsJVMKt                                : loaded 2 times (x 67B)
Class org.apache.commons.io.output.ByteArrayOutputStream                              : loaded 2 times (x 98B)
Class com.google.common.base.Joiner                                                   : loaded 2 times (x 75B)
Class com.google.common.base.MoreObjects                                              : loaded 2 times (x 67B)
Class kotlin.reflect.KProperty0                                                       : loaded 2 times (x 66B)
Class kotlin.Result                                                                   : loaded 2 times (x 68B)
Class com.google.common.collect.Platform                                              : loaded 2 times (x 67B)
Class [Lorg.objectweb.asm.Type;                                                       : loaded 2 times (x 65B)
Class com.google.common.collect.UnmodifiableIterator                                  : loaded 2 times (x 76B)
Class org.gradle.internal.service.ServiceLocator                                      : loaded 2 times (x 66B)
Class jdk.internal.jrtfs.JrtFileSystemProvider                                        : loaded 2 times (x 97B)
Class kotlin.reflect.KClass                                                           : loaded 2 times (x 66B)
Class kotlin.reflect.KProperty1                                                       : loaded 2 times (x 66B)
Class kotlin.sequences.TransformingSequence$iterator$1                                : loaded 2 times (x 75B)
Class kotlin.Pair                                                                     : loaded 2 times (x 68B)
Class com.google.common.base.Ascii                                                    : loaded 2 times (x 67B)
Class com.google.common.collect.SingletonImmutableBiMap                               : loaded 2 times (x 139B)
Class com.google.common.cache.LocalCache$1                                            : loaded 2 times (x 85B)
Class com.google.common.collect.AbstractMapEntry                                      : loaded 2 times (x 77B)
Class kotlin.reflect.KProperty2                                                       : loaded 2 times (x 66B)
Class kotlin.collections.CollectionsKt__MutableCollectionsKt                          : loaded 2 times (x 67B)
Class kotlin.io.CloseableKt                                                           : loaded 2 times (x 67B)
Class com.google.common.collect.Sets$ImprovedAbstractSet                              : loaded 2 times (x 131B)
Class com.google.common.collect.ImmutableList$Builder                                 : loaded 2 times (x 73B)
Class com.google.common.collect.AbstractMultimap                                      : loaded 2 times (x 119B)
Class com.google.common.cache.LocalCache$2                                            : loaded 2 times (x 138B)
Class kotlin.io.TerminateException                                                    : loaded 2 times (x 78B)
Class kotlin.io.FilesKt__FilePathComponentsKt                                         : loaded 2 times (x 67B)
Class kotlin.reflect.KCallable                                                        : loaded 2 times (x 66B)
Class kotlin.coroutines.CoroutineContext$Element                                      : loaded 2 times (x 66B)
Class com.google.common.collect.ImmutableRangeSet$1                                   : loaded 2 times (x 206B)
Class com.google.common.util.concurrent.AbstractFuture$UnsafeAtomicHelper$1           : loaded 2 times (x 72B)
Class com.google.common.collect.RegularImmutableAsList                                : loaded 2 times (x 213B)
Class kotlin.collections.AbstractIterator                                             : loaded 2 times (x 79B)
Class kotlin.text.CharsKt                                                             : loaded 2 times (x 67B)
Class com.google.common.collect.Range                                                 : loaded 2 times (x 83B)
Class com.google.common.util.concurrent.AbstractFuture$Trusted                        : loaded 2 times (x 66B)
Class com.google.common.collect.Iterators                                             : loaded 2 times (x 67B)
Class jdk.internal.jimage.ImageLocation                                               : loaded 2 times (x 86B)
Class jdk.internal.jrtfs.JrtDirectoryStream$1                                         : loaded 2 times (x 79B)
Class kotlin.coroutines.ContinuationInterceptor$Key                                   : loaded 2 times (x 67B)
Class kotlin.text.DelimitedRangesSequence$iterator$1                                  : loaded 2 times (x 75B)
Class com.google.common.util.concurrent.UncheckedExecutionException                   : loaded 2 times (x 78B)
Class com.google.common.collect.Lists$StringAsImmutableList                           : loaded 2 times (x 203B)
Class org.gradle.kotlin.dsl.VersionCatalogAccessorsKt                                 : loaded 2 times (x 67B)
Class org.gradle.internal.InternalTransformer                                         : loaded 2 times (x 66B)
Class jdk.internal.jimage.ImageBufferCache$1                                          : loaded 2 times (x 79B)
Class kotlin.collections.MapsKt__MapsJVMKt                                            : loaded 2 times (x 67B)
Class kotlin.collections.EmptyList                                                    : loaded 2 times (x 170B)
Class com.google.common.collect.AbstractMapBasedMultimap$KeySet$1                     : loaded 2 times (x 78B)
Class org.objectweb.asm.ClassWriter                                                   : loaded 2 times (x 102B)
Class com.google.common.cache.CacheLoader$UnsupportedLoadingOperationException        : loaded 2 times (x 78B)
Class com.google.common.base.CharMatcher$And                                          : loaded 2 times (x 108B)
Class org.gradle.internal.classloader.ClasspathUtil$1                                 : loaded 2 times (x 72B)
Class jdk.internal.jimage.ImageBufferCache$2                                          : loaded 2 times (x 87B)
Class kotlin.collections.builders.ListBuilderKt                                       : loaded 2 times (x 67B)
Class com.google.common.base.Objects                                                  : loaded 2 times (x 67B)
Class org.objectweb.asm.FieldVisitor                                                  : loaded 2 times (x 73B)
Class com.google.common.collect.IndexedImmutableSet                                   : loaded 2 times (x 148B)
Class com.google.common.collect.BiMap                                                 : loaded 2 times (x 66B)
Class com.google.common.collect.ImmutableMap$1                                        : loaded 2 times (x 77B)
Class org.gradle.api.internal.classpath.DefaultModuleRegistry$DefaultModule           : loaded 2 times (x 82B)
Class kotlin.coroutines.jvm.internal.CompletedContinuation                            : loaded 2 times (x 71B)
Class com.google.common.primitives.Ints                                               : loaded 2 times (x 67B)
Class com.google.common.collect.AbstractIterator                                      : loaded 2 times (x 78B)
Class kotlin.Result$Failure                                                           : loaded 2 times (x 68B)
Class kotlin.collections.ArraysKt__ArraysKt                                           : loaded 2 times (x 67B)
Class com.google.common.collect.Multiset                                              : loaded 2 times (x 66B)
Class com.google.common.collect.ArrayListMultimapGwtSerializationDependencies         : loaded 2 times (x 168B)
Class com.google.common.math.MathPreconditions                                        : loaded 2 times (x 67B)
Class com.google.common.collect.ObjectArrays                                          : loaded 2 times (x 67B)
Class com.google.common.collect.AbstractIndexedListIterator                           : loaded 2 times (x 92B)
Class kotlin.collections.SetsKt__SetsJVMKt                                            : loaded 2 times (x 67B)
Class kotlin.Function                                                                 : loaded 2 times (x 66B)
Class org.apache.commons.io.output.NullOutputStream                                   : loaded 2 times (x 81B)
Class com.google.common.collect.ImmutableMapEntrySet                                  : loaded 2 times (x 148B)
Class org.gradle.api.internal.classpath.Module                                        : loaded 2 times (x 66B)
Class kotlin.reflect.KMutableProperty                                                 : loaded 2 times (x 66B)
Class kotlin.io.FileAlreadyExistsException                                            : loaded 2 times (x 78B)
Class kotlin.internal.ProgressionUtilKt                                               : loaded 2 times (x 67B)
Class com.google.common.cache.Weigher                                                 : loaded 2 times (x 66B)
Class org.gradle.api.internal.classpath.UnknownModuleException                        : loaded 2 times (x 78B)
Class jdk.internal.jimage.ImageHeader                                                 : loaded 2 times (x 67B)
Class kotlin.jvm.internal.PropertyReference                                           : loaded 2 times (x 111B)
Class com.google.common.base.Stopwatch                                                : loaded 2 times (x 68B)
Class com.google.common.cache.LocalCache$Strength                                     : loaded 2 times (x 77B)
Class com.google.common.cache.Cache                                                   : loaded 2 times (x 66B)
Class com.google.common.util.concurrent.AbstractFuture$Cancellation                   : loaded 2 times (x 68B)
Class com.google.common.collect.ImmutableMap$Builder                                  : loaded 2 times (x 78B)
Class com.google.common.base.NullnessCasts                                            : loaded 2 times (x 67B)
Class [Lkotlin.reflect.KAnnotatedElement;                                             : loaded 2 times (x 65B)
Class com.google.common.cache.RemovalListener                                         : loaded 2 times (x 66B)
Class org.gradle.api.internal.DefaultClassPathRegistry                                : loaded 2 times (x 72B)
Class kotlin.jvm.internal.Reflection                                                  : loaded 2 times (x 67B)
Class kotlin.reflect.KProperty                                                        : loaded 2 times (x 66B)
Class kotlin.ranges.ClosedRange                                                       : loaded 2 times (x 66B)
Class com.google.common.primitives.IntsMethodsForWeb                                  : loaded 2 times (x 67B)
Class com.google.common.collect.Multimap                                              : loaded 2 times (x 66B)
Class org.gradle.api.internal.ClassPathRegistry                                       : loaded 2 times (x 66B)
Class org.gradle.internal.classpath.DefaultClassPath$ImmutableUniqueList              : loaded 2 times (x 195B)
Class kotlin.collections.IntIterator                                                  : loaded 2 times (x 78B)
Class kotlin.text.StringsKt__StringsJVMKt                                             : loaded 2 times (x 67B)
Class com.google.common.base.ExtraObjectsMethodsForWeb                                : loaded 2 times (x 67B)
Class org.apache.commons.io.IOUtils                                                   : loaded 2 times (x 67B)
Class kotlin.text.StringsKt__IndentKt                                                 : loaded 2 times (x 67B)
Class kotlin.collections.SetsKt                                                       : loaded 2 times (x 67B)
Class kotlin.sequences.DropTakeSequence                                               : loaded 2 times (x 66B)
Class com.google.common.cache.CacheBuilder                                            : loaded 2 times (x 68B)
Class com.google.common.collect.SingletonImmutableList                                : loaded 2 times (x 203B)
Class Settings_gradle$1                                                               : loaded 2 times (x 71B)
Class org.gradle.internal.classpath.ClassPath                                         : loaded 2 times (x 66B)
Class org.gradle.api.UncheckedIOException                                             : loaded 2 times (x 78B)
Class kotlin.collections.ArrayDeque                                                   : loaded 2 times (x 203B)
Class kotlin.reflect.KFunction                                                        : loaded 2 times (x 66B)
Class com.google.common.collect.ImmutableList$ReverseImmutableList                    : loaded 2 times (x 205B)
Class com.google.common.base.JdkPattern                                               : loaded 2 times (x 71B)
Class [Lkotlin.reflect.KDeclarationContainer;                                         : loaded 2 times (x 65B)
Class kotlin.jvm.internal.Lambda                                                      : loaded 2 times (x 71B)
Class kotlin.collections.MapsKt__MapsKt                                               : loaded 2 times (x 67B)
Class org.objectweb.asm.SymbolTable$Entry                                             : loaded 2 times (x 70B)
Class com.google.common.util.concurrent.AbstractFuture$AtomicHelper                   : loaded 2 times (x 74B)
Class jdk.internal.jimage.ImageStringsReader                                          : loaded 2 times (x 76B)
Class org.objectweb.asm.Edge                                                          : loaded 2 times (x 68B)
Class com.google.common.base.Suppliers$SupplierOfInstance                             : loaded 2 times (x 75B)
Class com.google.common.collect.Iterators$1                                           : loaded 2 times (x 77B)
Class kotlin.collections.AbstractMutableSet                                           : loaded 2 times (x 138B)
Class com.google.devtools.ksp.processing.KSPJvmConfig                                 : loaded 2 times (x 68B)
Class kotlin.UninitializedPropertyAccessException                                     : loaded 2 times (x 78B)
Class com.google.common.cache.LocalCache$ComputingValueReference                      : loaded 2 times (x 92B)
Class com.google.common.collect.SingletonImmutableSet                                 : loaded 2 times (x 142B)
Class com.google.common.collect.ImmutableMap$IteratorBasedImmutableMap                : loaded 2 times (x 122B)
Class jdk.internal.jimage.ImageReader                                                 : loaded 2 times (x 71B)
Class kotlin.reflect.KProperty$Getter                                                 : loaded 2 times (x 66B)
Class com.google.common.cache.LocalCache$Segment                                      : loaded 2 times (x 150B)
Class jdk.internal.jimage.ImageReader$SharedImageReader                               : loaded 2 times (x 91B)
Class kotlin.SafePublicationLazyImpl                                                  : loaded 2 times (x 72B)
Class com.google.common.collect.SortedIterable                                        : loaded 2 times (x 66B)
Class com.google.common.collect.AbstractListMultimap                                  : loaded 2 times (x 168B)
Class [Lorg.objectweb.asm.SymbolTable$Entry;                                          : loaded 2 times (x 65B)
Class com.google.common.cache.CacheLoader                                             : loaded 2 times (x 70B)
Class com.google.common.collect.Iterators$4                                           : loaded 2 times (x 78B)
Class com.google.common.collect.ImmutableBiMap                                        : loaded 2 times (x 139B)
Class org.gradle.internal.installation.GradleInstallation$1                           : loaded 2 times (x 71B)
Class org.gradle.api.internal.classpath.ModuleRegistry                                : loaded 2 times (x 66B)
Class com.google.devtools.ksp.processing.KSPLogger                                    : loaded 2 times (x 66B)
Class org.apache.commons.io.output.NullWriter                                         : loaded 2 times (x 95B)
Class com.google.common.util.concurrent.internal.InternalFutureFailureAccess          : loaded 2 times (x 68B)
Class com.google.common.collect.Iterators$5                                           : loaded 2 times (x 78B)
Class com.google.common.collect.ImmutableSet$JdkBackedSetBuilderImpl                  : loaded 2 times (x 72B)
Class com.google.common.base.Splitter$SplittingIterator                               : loaded 2 times (x 80B)
Class kotlin.coroutines.intrinsics.IntrinsicsKt__IntrinsicsKt                         : loaded 2 times (x 67B)
Class com.google.common.util.concurrent.AbstractFuture$UnsafeAtomicHelper             : loaded 2 times (x 74B)
Class com.google.common.cache.LocalCache$LocalManualCache$1                           : loaded 2 times (x 71B)
Class com.google.common.base.CharMatcher$ForPredicate                                 : loaded 2 times (x 108B)
Class jdk.internal.jimage.ImageReader$Node                                            : loaded 2 times (x 80B)
Class kotlin.io.FilesKt__UtilsKt                                                      : loaded 2 times (x 67B)
Class kotlin.collections.CollectionsKt__CollectionsJVMKt                              : loaded 2 times (x 67B)
Class com.google.common.collect.ImmutableCollection                                   : loaded 2 times (x 121B)
Class com.google.common.base.CharMatcher$AnyOf                                        : loaded 2 times (x 108B)
Class org.gradle.api.internal.classpath.DefaultModuleRegistry                         : loaded 2 times (x 82B)
Class jdk.internal.jimage.BasicImageReader$1                                          : loaded 2 times (x 73B)
Class kotlin.collections.builders.MapBuilder$Itr                                      : loaded 2 times (x 68B)
Class kotlin.sequences.SequencesKt                                                    : loaded 2 times (x 67B)
Class kotlin.collections.CollectionsKt__IteratorsKt                                   : loaded 2 times (x 67B)
Class com.google.common.util.concurrent.ListenableFuture                              : loaded 2 times (x 66B)
Class com.google.common.cache.ReferenceEntry                                          : loaded 2 times (x 66B)
Class com.google.common.base.Converter                                                : loaded 2 times (x 86B)
Class com.google.common.collect.ImmutableSet$CachingAsList                            : loaded 2 times (x 144B)
Class com.google.common.collect.Lists                                                 : loaded 2 times (x 67B)
Class kotlin.jvm.internal.markers.KMutableSet                                         : loaded 2 times (x 66B)
Class kotlin.text.StringsKt                                                           : loaded 2 times (x 67B)
Class com.google.common.collect.AbstractMapBasedMultimap                              : loaded 2 times (x 135B)
Class com.google.common.util.concurrent.AbstractFuture                                : loaded 2 times (x 102B)
Class com.google.common.base.FunctionalEquivalence                                    : loaded 2 times (x 79B)
Class com.google.common.collect.Iterators$9                                           : loaded 2 times (x 77B)
Class com.google.common.collect.ImmutableAsList                                       : loaded 2 times (x 205B)
Class kotlin.coroutines.jvm.internal.RestrictedContinuationImpl                       : loaded 2 times (x 83B)
Class kotlin.coroutines.CoroutineContext$Key                                          : loaded 2 times (x 66B)
Class kotlin.LazyKt__LazyJVMKt                                                        : loaded 2 times (x 67B)
Class org.objectweb.asm.RecordComponentVisitor                                        : loaded 2 times (x 73B)
Class com.google.common.cache.CacheLoader$SupplierToCacheLoader                       : loaded 2 times (x 71B)
Class jdk.internal.jimage.decompressor.Decompressor                                   : loaded 2 times (x 68B)
Class jdk.internal.jimage.ImageReader$Resource                                        : loaded 2 times (x 80B)
Class [Lkotlin.Pair;                                                                  : loaded 2 times (x 65B)
Class kotlin.jvm.internal.markers.KMutableList                                        : loaded 2 times (x 66B)
Class kotlin.io.FilesKt__FileReadWriteKt                                              : loaded 2 times (x 67B)
Class kotlin.text.StringsKt__StringNumberConversionsKt                                : loaded 2 times (x 67B)
Class com.google.common.collect.Maps$EntryTransformer                                 : loaded 2 times (x 66B)
Class org.gradle.internal.service.ServiceLookupException                              : loaded 2 times (x 78B)
Class jdk.internal.jrtfs.JrtFileAttributes                                            : loaded 2 times (x 79B)
Class kotlin.jvm.internal.MutablePropertyReference1Impl                               : loaded 2 times (x 133B)
Class com.google.common.collect.ImmutableSortedSet                                    : loaded 2 times (x 296B)
Class [Lcom.google.common.cache.LocalCache$EntryFactory;                              : loaded 2 times (x 65B)
Class org.gradle.internal.classloader.ClassLoaderFactory                              : loaded 2 times (x 66B)
Class org.apache.commons.io.CloseableURLConnection                                    : loaded 2 times (x 112B)
Class com.google.common.cache.LocalCache$LocalManualCache                             : loaded 2 times (x 95B)
Class com.google.common.base.CharMatcher$IsNot                                        : loaded 2 times (x 107B)
Class com.google.common.base.CommonPattern                                            : loaded 2 times (x 70B)
Class org.gradle.internal.service.CachingServiceLocator                               : loaded 2 times (x 78B)
Class kotlin.jvm.internal.CallableReference                                           : loaded 2 times (x 102B)
Class kotlin.collections.AbstractList$IteratorImpl                                    : loaded 2 times (x 78B)
Class com.google.common.collect.AbstractMapBasedMultimap$KeySet                       : loaded 2 times (x 133B)
Class com.google.common.collect.RegularImmutableSortedSet                             : loaded 2 times (x 296B)
Class com.google.common.math.IntMath                                                  : loaded 2 times (x 67B)
Class kotlin.properties.ReadOnlyProperty                                              : loaded 2 times (x 66B)
Class kotlin.jvm.internal.markers.KMutableMap                                         : loaded 2 times (x 66B)
Class kotlin.ranges.IntRange                                                          : loaded 2 times (x 89B)
Class com.google.common.collect.ImmutableMapEntry                                     : loaded 2 times (x 81B)
Class kotlin.enums.EnumEntries                                                        : loaded 2 times (x 66B)
Class com.google.common.base.Equivalence                                              : loaded 2 times (x 78B)
Class com.google.common.base.Function                                                 : loaded 2 times (x 66B)
Class com.google.common.collect.ImmutableMapEntry$NonTerminalImmutableMapEntry        : loaded 2 times (x 81B)
Class kotlin.jvm.internal.markers.KMutableListIterator                                : loaded 2 times (x 66B)
Class org.apache.commons.io.output.AbstractByteArrayOutputStream                      : loaded 2 times (x 98B)
Class com.google.common.collect.IndexedImmutableSet$1                                 : loaded 2 times (x 209B)
Class com.google.common.cache.CacheBuilder$OneWeigher                                 : loaded 2 times (x 78B)
Class com.google.common.collect.RegularImmutableList                                  : loaded 2 times (x 209B)
Class jdk.internal.jimage.ImageBufferCache                                            : loaded 2 times (x 67B)
Class jdk.internal.jrtfs.JrtPath                                                      : loaded 2 times (x 114B)
Class org.gradle.internal.classloader.ClasspathUtil                                   : loaded 2 times (x 67B)
Class kotlin.jvm.internal.PropertyReference0                                          : loaded 2 times (x 123B)
Class kotlin.io.FileSystemException                                                   : loaded 2 times (x 78B)
Class com.google.common.base.Charsets                                                 : loaded 2 times (x 67B)
Class com.google.common.util.concurrent.Uninterruptibles                              : loaded 2 times (x 67B)
Class kotlin.jvm.internal.PropertyReference1                                          : loaded 2 times (x 123B)
Class com.google.common.collect.Maps                                                  : loaded 2 times (x 67B)
Class org.gradle.api.specs.Spec                                                       : loaded 2 times (x 66B)
Class jdk.internal.jimage.ImageReader$SharedImageReader$LocationVisitor               : loaded 2 times (x 66B)
Class kotlin.jvm.internal.MutablePropertyReference                                    : loaded 2 times (x 115B)
Class kotlin.UnsafeLazyImpl                                                           : loaded 2 times (x 72B)
Class kotlin.LazyKt__LazyJVMKt$WhenMappings                                           : loaded 2 times (x 67B)
Class [Lcom.google.common.collect.ImmutableEntry;                                     : loaded 2 times (x 65B)
Class kotlin.LazyThreadSafetyMode                                                     : loaded 2 times (x 75B)
Class com.google.common.cache.LocalCache$LoadingValueReference                        : loaded 2 times (x 92B)
Class kotlin.collections.EmptyIterator                                                : loaded 2 times (x 85B)
Class kotlin.text.StringsKt__RegexExtensionsKt                                        : loaded 2 times (x 67B)
Class kotlin.SynchronizedLazyImpl                                                     : loaded 2 times (x 72B)
Class kotlin.ResultKt                                                                 : loaded 2 times (x 67B)
Class com.google.common.base.Platform                                                 : loaded 2 times (x 67B)
Class jdk.internal.jimage.ImageReader$Directory                                       : loaded 2 times (x 80B)
Class kotlin.coroutines.jvm.internal.RestrictedSuspendLambda                          : loaded 2 times (x 87B)
Class kotlin.sequences.SequencesKt__SequencesJVMKt                                    : loaded 2 times (x 67B)
Class kotlin.collections.AbstractList                                                 : loaded 2 times (x 193B)
Class kotlin.collections.AbstractCollection                                           : loaded 2 times (x 113B)
Class com.google.devtools.ksp.processing.KspGradleLogger$Companion                    : loaded 2 times (x 67B)
Class [Lorg.objectweb.asm.AnnotationWriter;                                           : loaded 2 times (x 65B)
Class com.google.common.collect.Maps$8                                                : loaded 2 times (x 78B)
Class kotlin.text.Regex                                                               : loaded 2 times (x 68B)
Class kotlin.sequences.SequencesKt__SequenceBuilderKt$sequence$$inlined$Sequence$1    : loaded 2 times (x 71B)
Class kotlin.text.StringsKt__StringBuilderJVMKt                                       : loaded 2 times (x 67B)
Class kotlin.collections.ArrayAsCollection                                            : loaded 2 times (x 101B)
Class kotlin.LazyKt__LazyKt                                                           : loaded 2 times (x 67B)
Class com.google.common.collect.ImmutableRangeSet$Builder                             : loaded 2 times (x 73B)
Class com.google.common.collect.Sets$SetView                                          : loaded 2 times (x 134B)
Class com.google.common.cache.LocalCache$StrongValueReference                         : loaded 2 times (x 86B)
Class com.google.common.util.concurrent.AbstractFuture$SynchronizedHelper             : loaded 2 times (x 74B)
Class kotlin.jvm.internal.Ref$ObjectRef                                               : loaded 2 times (x 68B)
Class kotlin.jvm.internal.ReflectionFactory                                           : loaded 2 times (x 87B)
Class kotlin.UNINITIALIZED_VALUE                                                      : loaded 2 times (x 67B)
Class org.objectweb.asm.Type                                                          : loaded 2 times (x 68B)
Class org.gradle.internal.classloader.VisitableURLClassLoader$InstrumentingVisitableURLClassLoader: loaded 2 times (x 119B)
Class kotlin.jvm.internal.ClassBasedDeclarationContainer                              : loaded 2 times (x 66B)
Class kotlin.coroutines.CoroutineContext$Element$DefaultImpls                         : loaded 2 times (x 67B)
Class kotlin.coroutines.Continuation                                                  : loaded 2 times (x 66B)
Class kotlin.ranges.RangesKt__RangesKt                                                : loaded 2 times (x 67B)
Class kotlin.sequences.SequencesKt__SequencesKt                                       : loaded 2 times (x 67B)
Class kotlin.collections.SetsKt___SetsKt                                              : loaded 2 times (x 67B)
Class org.objectweb.asm.ByteVector                                                    : loaded 2 times (x 75B)
Class [Lcom.google.common.cache.CacheBuilder$NullListener;                            : loaded 2 times (x 65B)
Class com.google.common.math.IntMath$1                                                : loaded 2 times (x 67B)
Class org.gradle.internal.classloader.VisitableURLClassLoader$Spec                    : loaded 2 times (x 70B)
Class org.gradle.internal.classpath.DefaultClassPath                                  : loaded 2 times (x 86B)
Class kotlin.Result$Companion                                                         : loaded 2 times (x 67B)
Class kotlin.coroutines.jvm.internal.BaseContinuationImpl                             : loaded 2 times (x 83B)
Class kotlin.text.CharsKt__CharJVMKt                                                  : loaded 2 times (x 67B)
Class kotlin.sequences.FilteringSequence                                              : loaded 2 times (x 71B)
Class com.google.devtools.ksp.processing.KspGradleLogger                              : loaded 2 times (x 75B)
Class org.objectweb.asm.Symbol                                                        : loaded 2 times (x 69B)
Class com.google.common.base.AbstractIterator                                         : loaded 2 times (x 76B)
Class kotlin.reflect.KType                                                            : loaded 2 times (x 66B)
Class com.google.common.io.Closer                                                     : loaded 2 times (x 74B)
Class com.google.common.base.CharMatcher$Ascii                                        : loaded 2 times (x 108B)
Class com.google.common.collect.ImmutableSet                                          : loaded 2 times (x 141B)
Class com.google.common.collect.RegularImmutableMap$Values                            : loaded 2 times (x 203B)
Class com.google.common.base.CharMatcher$BitSetMatcher                                : loaded 2 times (x 108B)
Class org.gradle.internal.classloader.ClassLoaderSpec                                 : loaded 2 times (x 67B)
Class kotlin.jvm.internal.FunctionReferenceImpl                                       : loaded 2 times (x 118B)
Class kotlin.text.DelimitedRangesSequence                                             : loaded 2 times (x 71B)
Class kotlin.collections.CollectionsKt___CollectionsJvmKt                             : loaded 2 times (x 67B)
Class org.objectweb.asm.AnnotationWriter                                              : loaded 2 times (x 75B)
Class com.google.common.cache.CacheStats                                              : loaded 2 times (x 67B)
Class kotlin.TuplesKt                                                                 : loaded 2 times (x 67B)
Class kotlin.jvm.internal.markers.KMutableIterable                                    : loaded 2 times (x 66B)
Class kotlin.sequences.SequencesKt___SequencesJvmKt                                   : loaded 2 times (x 67B)
Class kotlin.Unit                                                                     : loaded 2 times (x 67B)
Class com.google.common.io.Closer$Suppressor                                          : loaded 2 times (x 66B)
Class org.objectweb.asm.RecordComponentWriter                                         : loaded 2 times (x 74B)
Class com.google.common.util.concurrent.AbstractFuture$Listener                       : loaded 2 times (x 68B)
Class com.google.common.base.CharMatcher$Or                                           : loaded 2 times (x 108B)
Class Settings_gradle$1$1                                                             : loaded 2 times (x 71B)
Class kotlin.ranges.RangesKt                                                          : loaded 2 times (x 67B)
Class org.objectweb.asm.Attribute                                                     : loaded 2 times (x 73B)
Class com.google.common.base.Supplier                                                 : loaded 2 times (x 66B)
Class org.gradle.internal.classloader.VisitableURLClassLoader                         : loaded 2 times (x 113B)
Class kotlin.sequences.FlatteningSequence$iterator$1                                  : loaded 2 times (x 75B)
Class kotlin.collections.ArraysUtilJVM                                                : loaded 2 times (x 67B)
Class kotlin.jvm.functions.Function0                                                  : loaded 2 times (x 66B)
Class com.google.common.util.concurrent.AbstractFuture$Waiter                         : loaded 2 times (x 68B)
Class Settings_gradle                                                                 : loaded 2 times (x 124B)
Class org.gradle.internal.Cast                                                        : loaded 2 times (x 67B)
Class org.gradle.api.Action                                                           : loaded 2 times (x 66B)
Class kotlin.collections.AbstractMutableList                                          : loaded 2 times (x 202B)
Class kotlin.jvm.functions.Function1                                                  : loaded 2 times (x 66B)
Class com.google.common.base.Strings                                                  : loaded 2 times (x 67B)
Class com.google.common.collect.Sets                                                  : loaded 2 times (x 67B)
Class org.objectweb.asm.Handler                                                       : loaded 2 times (x 68B)
Class com.google.common.base.Ticker                                                   : loaded 2 times (x 68B)
Class com.google.common.base.CharMatcher$FastMatcher                                  : loaded 2 times (x 107B)
Class kotlin.jvm.internal.markers.KMutableIterator                                    : loaded 2 times (x 66B)
Class kotlin.jvm.functions.Function2                                                  : loaded 2 times (x 66B)
Class kotlin.KotlinNothingValueException                                              : loaded 2 times (x 78B)
Class com.google.devtools.ksp.processing.KSPConfig                                    : loaded 2 times (x 68B)
Class [Lcom.google.common.cache.LocalCache$Segment;                                   : loaded 2 times (x 65B)
Class [Lcom.google.common.cache.LocalCache$Strength;                                  : loaded 2 times (x 65B)
Class com.google.common.cache.CacheBuilder$1                                          : loaded 2 times (x 81B)
Class com.google.common.collect.ImmutableMap                                          : loaded 2 times (x 116B)
Class com.google.common.base.Predicate                                                : loaded 2 times (x 66B)
Class org.gradle.internal.classpath.DefaultClassPath$ImmutableUniqueList$Builder      : loaded 2 times (x 71B)
Class kotlin.jvm.functions.Function3                                                  : loaded 2 times (x 66B)
Class kotlin.io.FileTreeWalk$WalkState                                                : loaded 2 times (x 69B)
Class kotlin.collections.MapsKt___MapsJvmKt                                           : loaded 2 times (x 67B)
Class com.google.common.collect.AbstractRangeSet                                      : loaded 2 times (x 110B)
Class com.google.common.cache.LocalCache                                              : loaded 2 times (x 183B)
Class com.google.common.cache.CacheBuilder$2                                          : loaded 2 times (x 75B)
Class com.google.common.base.CharMatcher$NegatedFastMatcher                           : loaded 2 times (x 109B)
Class kotlin.jvm.functions.Function4                                                  : loaded 2 times (x 66B)
Class kotlin.collections.EmptySet                                                     : loaded 2 times (x 118B)
Class kotlin.collections.CollectionsKt___CollectionsKt                                : loaded 2 times (x 67B)
Class com.google.common.collect.ArrayListMultimap                                     : loaded 2 times (x 168B)
Class com.google.common.cache.CacheBuilder$3                                          : loaded 2 times (x 68B)
Class [Lcom.google.common.collect.AbstractMapEntry;                                   : loaded 2 times (x 65B)
Class com.google.common.collect.ImmutableEntry                                        : loaded 2 times (x 78B)
Class org.gradle.api.GradleException                                                  : loaded 2 times (x 78B)
Class jdk.internal.jimage.ImageStrings                                                : loaded 2 times (x 66B)
Class kotlin.jvm.functions.Function5                                                  : loaded 2 times (x 66B)
Class kotlin.reflect.KDeclarationContainer                                            : loaded 2 times (x 66B)
Class kotlin.text.StringsKt___StringsJvmKt                                            : loaded 2 times (x 67B)
Class org.apache.commons.io.StandardLineSeparator                                     : loaded 2 times (x 75B)
Class com.google.common.collect.CollectPreconditions                                  : loaded 2 times (x 67B)
Class kotlin.jvm.functions.Function6                                                  : loaded 2 times (x 66B)
Class kotlin.io.FilesKt                                                               : loaded 2 times (x 67B)
Class kotlin.collections.ArraysKt___ArraysKt                                          : loaded 2 times (x 67B)
Class kotlin.collections.MapsKt___MapsKt                                              : loaded 2 times (x 67B)
Class com.google.common.collect.SortedMapDifference                                   : loaded 2 times (x 66B)
Class kotlin.jvm.functions.Function7                                                  : loaded 2 times (x 66B)
Class kotlin.sequences.SequencesKt___SequencesKt$asIterable$$inlined$Iterable$1       : loaded 2 times (x 75B)
Class kotlin.collections.MapsKt__MapWithDefaultKt                                     : loaded 2 times (x 67B)
Class com.google.common.cache.LocalCache$EntryFactory                                 : loaded 2 times (x 79B)
Class kotlin.jvm.functions.Function8                                                  : loaded 2 times (x 66B)
Class kotlin.collections.builders.MapBuilder$Companion                                : loaded 2 times (x 67B)
Class kotlin.text.StringsKt___StringsKt                                               : loaded 2 times (x 67B)
Class kotlin.collections.CollectionsKt__MutableCollectionsJVMKt                       : loaded 2 times (x 67B)
Class kotlin.enums.EnumEntriesKt                                                      : loaded 2 times (x 67B)
Class com.google.common.cache.LocalCache$AbstractReferenceEntry                       : loaded 2 times (x 103B)
Class com.google.common.base.Splitter$1$1                                             : loaded 2 times (x 82B)
Class org.gradle.internal.IoActions                                                   : loaded 2 times (x 67B)
Class kotlin.jvm.functions.Function10                                                 : loaded 2 times (x 66B)
Class kotlin.jvm.functions.Function9                                                  : loaded 2 times (x 66B)
Class [Lkotlin.reflect.KClassifier;                                                   : loaded 2 times (x 65B)
Class [Lkotlin.LazyThreadSafetyMode;                                                  : loaded 2 times (x 65B)
Class com.google.common.collect.ImmutableRangeSet$ComplementRanges                    : loaded 2 times (x 203B)
Class org.objectweb.asm.SymbolTable                                                   : loaded 2 times (x 68B)
Class com.google.common.cache.CacheLoader$InvalidCacheLoadException                   : loaded 2 times (x 78B)
Class com.google.common.collect.ImmutableSet$RegularSetBuilderImpl                    : loaded 2 times (x 73B)
Class org.gradle.internal.classloader.SystemClassLoaderSpec                           : loaded 2 times (x 67B)
Class kotlin.jvm.functions.Function11                                                 : loaded 2 times (x 66B)
Class kotlin.jvm.internal.PropertyReference0Impl                                      : loaded 2 times (x 123B)
Class kotlin.reflect.KAnnotatedElement                                                : loaded 2 times (x 66B)
Class kotlin.jvm.internal.markers.KMutableCollection                                  : loaded 2 times (x 66B)
Class kotlin.coroutines.intrinsics.IntrinsicsKt                                       : loaded 2 times (x 67B)
Class kotlin.ranges.IntRange$Companion                                                : loaded 2 times (x 67B)
Class kotlin.collections.EmptyMap                                                     : loaded 2 times (x 104B)
Class kotlin.jvm.internal.Intrinsics                                                  : loaded 2 times (x 67B)
Class com.google.common.cache.LocalCache$StrongEntry                                  : loaded 2 times (x 104B)
Class com.google.common.util.concurrent.AbstractFuture$TrustedFuture                  : loaded 2 times (x 110B)
Class com.google.common.cache.LoadingCache                                            : loaded 2 times (x 66B)
Class jdk.internal.jrtfs.JrtFileSystem                                                : loaded 2 times (x 98B)
Class kotlin.jvm.functions.Function12                                                 : loaded 2 times (x 66B)
Class kotlin.coroutines.intrinsics.CoroutineSingletons                                : loaded 2 times (x 75B)
Class kotlin.collections.MapsKt                                                       : loaded 2 times (x 67B)
Class kotlin.collections.CollectionsKt__IterablesKt                                   : loaded 2 times (x 67B)
Class org.objectweb.asm.MethodWriter                                                  : loaded 2 times (x 102B)
Class [Lcom.google.common.cache.Weigher;                                              : loaded 2 times (x 65B)
Class com.google.common.collect.RegularImmutableMap$BucketOverflowException           : loaded 2 times (x 78B)
Class kotlin.jvm.functions.Function13                                                 : loaded 2 times (x 66B)
Class kotlin.sequences.SequenceBuilderIterator                                        : loaded 2 times (x 81B)
Class kotlin.ranges.OpenEndRange                                                      : loaded 2 times (x 66B)
Class kotlin.KotlinNullPointerException                                               : loaded 2 times (x 79B)
Class kotlin.jvm.functions.Function14                                                 : loaded 2 times (x 66B)
Class kotlin.ranges.RangesKt___RangesKt                                               : loaded 2 times (x 67B)
Class com.google.common.collect.RegularImmutableBiMap                                 : loaded 2 times (x 145B)
Class com.google.common.cache.LocalCache$ValueReference                               : loaded 2 times (x 66B)
Class com.google.common.base.CharMatcher$Is                                           : loaded 2 times (x 107B)
Class com.google.common.base.CharMatcher$Negated                                      : loaded 2 times (x 109B)
Class kotlin.collections.ArrayDeque$Companion                                         : loaded 2 times (x 67B)
Class kotlin.jvm.functions.Function15                                                 : loaded 2 times (x 66B)
Class kotlin.text.CharsKt__CharKt                                                     : loaded 2 times (x 67B)
Class kotlin.collections.ArraysKt                                                     : loaded 2 times (x 67B)
Class com.google.common.base.PatternCompiler                                          : loaded 2 times (x 66B)
Class com.google.common.util.concurrent.AbstractFuture$Failure                        : loaded 2 times (x 68B)
Class com.google.common.base.Equivalence$Equals                                       : loaded 2 times (x 78B)
Class com.google.common.collect.Hashing                                               : loaded 2 times (x 67B)
Class com.google.common.base.Preconditions                                            : loaded 2 times (x 67B)
Class kotlin.jvm.functions.Function16                                                 : loaded 2 times (x 66B)
Class kotlin.coroutines.EmptyCoroutineContext                                         : loaded 2 times (x 73B)
Class kotlin.collections.SetsKt__SetsKt                                               : loaded 2 times (x 67B)
Class kotlin.LazyKt                                                                   : loaded 2 times (x 67B)
Class com.google.common.base.Joiner$1                                                 : loaded 2 times (x 76B)
Class org.objectweb.asm.Label                                                         : loaded 2 times (x 69B)
Class org.objectweb.asm.CurrentFrame                                                  : loaded 2 times (x 69B)
Class org.objectweb.asm.ClassTooLargeException                                        : loaded 2 times (x 79B)
Class com.google.common.collect.PeekingIterator                                       : loaded 2 times (x 66B)
Class com.google.common.base.CharMatcher                                              : loaded 2 times (x 107B)
Class kotlin.jvm.functions.Function17                                                 : loaded 2 times (x 66B)
Class kotlin.collections.ArraysKt__ArraysJVMKt                                        : loaded 2 times (x 67B)
Class com.google.common.collect.Maps$IteratorBasedAbstractMap                         : loaded 2 times (x 121B)
Class com.google.common.collect.RangeGwtSerializationDependencies                     : loaded 2 times (x 67B)
Class com.google.common.base.Joiner$2                                                 : loaded 2 times (x 75B)
Class org.objectweb.asm.Frame                                                         : loaded 2 times (x 69B)
Class org.objectweb.asm.MethodVisitor                                                 : loaded 2 times (x 101B)
Class com.google.common.cache.LocalCache$EntryFactory$1                               : loaded 2 times (x 79B)
Class [Lcom.google.common.cache.RemovalListener;                                      : loaded 2 times (x 65B)
Class com.google.common.base.CharMatcher$NamedFastMatcher                             : loaded 2 times (x 108B)
Class com.google.common.base.CharMatcher$1                                            : loaded 2 times (x 109B)
Class kotlin.jvm.functions.Function18                                                 : loaded 2 times (x 66B)
Class kotlin.jvm.internal.CallableReference$NoReceiver                                : loaded 2 times (x 67B)
Class kotlin.text.StringsKt__StringBuilderKt                                          : loaded 2 times (x 67B)
Class com.google.common.collect.RangeSet                                              : loaded 2 times (x 66B)
Class com.google.common.cache.LocalCache$EntryFactory$2                               : loaded 2 times (x 79B)
Class org.gradle.api.internal.classpath.GlobalCacheRootsProvider                      : loaded 2 times (x 66B)
Class kotlin.reflect.KMutableProperty$Setter                                          : loaded 2 times (x 66B)
Class kotlin.jvm.functions.Function19                                                 : loaded 2 times (x 66B)
Class kotlin.Lazy                                                                     : loaded 2 times (x 66B)
Class kotlin.NoWhenBranchMatchedException                                             : loaded 2 times (x 78B)
Class com.google.common.collect.CollectCollectors                                     : loaded 2 times (x 67B)
Class org.objectweb.asm.ModuleWriter                                                  : loaded 2 times (x 78B)
Class com.google.common.cache.LocalCache$EntryFactory$3                               : loaded 2 times (x 79B)
Class com.google.common.base.Ticker$1                                                 : loaded 2 times (x 68B)
Class com.google.common.collect.Maps$BiMapConverter                                   : loaded 2 times (x 86B)
Class com.google.common.collect.ImmutableMapEntrySet$RegularEntrySet                  : loaded 2 times (x 148B)
Class com.google.common.cache.LocalCache$EntryFactory$4                               : loaded 2 times (x 79B)
Class com.google.common.collect.ImmutableSet$Builder                                  : loaded 2 times (x 81B)
Class com.google.common.base.CharMatcher$InRange                                      : loaded 2 times (x 107B)
Class Settings_gradle$1$1$1                                                           : loaded 2 times (x 71B)
Class com.google.common.cache.LocalCache$EntryFactory$5                               : loaded 2 times (x 79B)
Class [Lkotlin.reflect.KProperty;                                                     : loaded 2 times (x 65B)
Class kotlin.jvm.internal.markers.KMappedMarker                                       : loaded 2 times (x 66B)
Class kotlin.sequences.FlatteningSequence                                             : loaded 2 times (x 71B)
Class org.apache.commons.io.output.AppendableWriter                                   : loaded 2 times (x 96B)
Class com.google.common.cache.LocalCache$EntryFactory$6                               : loaded 2 times (x 79B)
Class org.gradle.internal.installation.CurrentGradleInstallationLocator               : loaded 2 times (x 67B)
Class [Lkotlin.io.FileWalkDirection;                                                  : loaded 2 times (x 65B)
Class org.apache.commons.io.output.ThresholdingOutputStream                           : loaded 2 times (x 91B)
Class com.google.common.collect.Maps$KeySet                                           : loaded 2 times (x 133B)
Class com.google.common.cache.LocalCache$EntryFactory$7                               : loaded 2 times (x 79B)
Class com.google.common.collect.ImmutableSet$EmptySetBuilderImpl                      : loaded 2 times (x 72B)
Class com.google.common.collect.ImmutableList                                         : loaded 2 times (x 202B)
Class org.gradle.internal.service.DefaultServiceLocator                               : loaded 2 times (x 79B)
Class jdk.internal.jrtfs.JrtDirectoryStream                                           : loaded 2 times (x 85B)
Class kotlin.reflect.KMutableProperty0                                                : loaded 2 times (x 66B)
Class kotlin.reflect.KClassifier                                                      : loaded 2 times (x 66B)
Class kotlin.io.FileTreeWalk                                                          : loaded 2 times (x 71B)
Class kotlin.coroutines.jvm.internal.SuspendFunction                                  : loaded 2 times (x 66B)
Class com.google.common.cache.LocalCache$EntryFactory$8                               : loaded 2 times (x 79B)
Class com.google.common.collect.ImmutableSet$SetBuilderImpl                           : loaded 2 times (x 72B)
Class org.gradle.internal.installation.CurrentGradleInstallation                      : loaded 2 times (x 69B)
Class kotlin.reflect.KMutableProperty1                                                : loaded 2 times (x 66B)
Class kotlin.coroutines.intrinsics.IntrinsicsKt__IntrinsicsJvmKt                      : loaded 2 times (x 67B)
Class kotlin.coroutines.jvm.internal.CoroutineStackFrame                              : loaded 2 times (x 66B)
Class com.google.common.cache.CacheLoader$1                                           : loaded 2 times (x 71B)
Class com.google.common.collect.ForwardingObject                                      : loaded 2 times (x 68B)
Class com.google.common.collect.ImmutableList$SubList                                 : loaded 2 times (x 205B)
Class org.gradle.util.internal.GUtil                                                  : loaded 2 times (x 67B)
Class kotlin.reflect.KMutableProperty2                                                : loaded 2 times (x 66B)
Class kotlin.io.NoSuchFileException                                                   : loaded 2 times (x 78B)
Class kotlin.collections.CollectionsKt                                                : loaded 2 times (x 67B)
Class com.google.common.util.concurrent.AbstractFuture$SetFuture                      : loaded 2 times (x 71B)
Class com.google.common.cache.AbstractCache$StatsCounter                              : loaded 2 times (x 66B)
Class kotlin.ranges.IntProgressionIterator                                            : loaded 2 times (x 78B)
Class kotlin.coroutines.jvm.internal.DebugProbesKt                                    : loaded 2 times (x 67B)
Class kotlin.coroutines.CoroutineContext                                              : loaded 2 times (x 66B)
Class com.google.common.collect.Iterators$MergingIterator                             : loaded 2 times (x 77B)
Class com.google.common.collect.RegularImmutableSet                                   : loaded 2 times (x 145B)
Class org.gradle.internal.installation.GradleInstallation                             : loaded 2 times (x 71B)
Class com.google.common.collect.Iterables                                             : loaded 2 times (x 67B)
Class com.google.common.base.Splitter$Strategy                                        : loaded 2 times (x 66B)
Class kotlin.io.FileWalkDirection                                                     : loaded 2 times (x 75B)
Class kotlin.jvm.KotlinReflectionNotSupportedError                                    : loaded 2 times (x 78B)
Class kotlin.ranges.IntProgression                                                    : loaded 2 times (x 77B)

---------------  S Y S T E M  ---------------

OS:
 Windows 11 , 64 bit Build 26100 (10.0.26100.7019)
OS uptime: 0 days 20:31 hours
Hyper-V role detected

CPU: total 12 (initial active 12) (12 cores per cpu, 2 threads per core) family 25 model 80 stepping 0 microcode 0xa50000d, cx8, cmov, fxsr, ht, mmx, 3dnowpref, sse, sse2, sse3, ssse3, sse4a, sse4.1, sse4.2, popcnt, lzcnt, tsc, tscinvbit, avx, avx2, aes, erms, clmul, bmi1, bmi2, adx, sha, fma, vzeroupper, clflush, clflushopt, hv, rdtscp, rdpid, fsrm, f16c, cet_ss
Processor Information for the first 12 processors :
  Max Mhz: 2301, Current Mhz: 2010, Mhz Limit: 2301

Memory: 4k page, system-wide physical 15708M (2468M free)
TotalPageFile size 20708M (AvailPageFile size 158M)
current process WorkingSet (physical memory assigned to process): 1164M, peak: 1166M
current process commit charge ("private bytes"): 1207M, peak: 1576M

vm_info: OpenJDK 64-Bit Server VM (21.0.6+-13368085-b895.109) for windows-amd64 JRE (21.0.6+-13368085-b895.109), built on 2025-04-16T17:01:31Z by "builder" with MS VC++ 16.10 / 16.11 (VS2019)

END.
