#
# There is insufficient memory for the Java Runtime Environment to continue.
# Native memory allocation (malloc) failed to allocate 1542416 bytes. Error detail: Chunk::new
# Possible reasons:
#   The system is out of physical RAM or swap space
#   This process is running with CompressedOops enabled, and the Java Heap may be blocking the growth of the native heap
# Possible solutions:
#   Reduce memory load on the system
#   Increase physical memory or swap space
#   Check if swap backing store is full
#   Decrease Java heap size (-Xmx/-Xms)
#   Decrease number of Java threads
#   Decrease Java thread stack sizes (-Xss)
#   Set larger code cache with -XX:ReservedCodeCacheSize=
#   JVM is running with Unscaled Compressed Oops mode in which the Java heap is
#     placed in the first 4GB address space. The Java Heap base address is the
#     maximum limit for the native heap growth. Please use -XX:HeapBaseMinAddress
#     to set the Java Heap base and to place the Java Heap above 4GB virtual address.
# This output file may be truncated or incomplete.
#
#  Out of Memory Error (arena.cpp:168), pid=15484, tid=3600
#
# JRE version: OpenJDK Runtime Environment (21.0.6) (build 21.0.6+-13368085-b895.109)
# Java VM: OpenJDK 64-Bit Server VM (21.0.6+-13368085-b895.109, mixed mode, tiered, compressed oops, compressed class ptrs, g1 gc, windows-amd64)
# No core dump will be written. Minidumps are not enabled by default on client versions of Windows
#

---------------  S U M M A R Y ------------

Command Line: --add-opens=java.base/java.lang=ALL-UNNAMED --add-opens=java.base/java.lang.invoke=ALL-UNNAMED --add-opens=java.base/java.util=ALL-UNNAMED --add-opens=java.prefs/java.util.prefs=ALL-UNNAMED --add-exports=jdk.compiler/com.sun.tools.javac.api=ALL-UNNAMED --add-exports=jdk.compiler/com.sun.tools.javac.util=ALL-UNNAMED --add-opens=java.base/java.util=ALL-UNNAMED --add-opens=java.prefs/java.util.prefs=ALL-UNNAMED --add-opens=java.base/java.nio.charset=ALL-UNNAMED --add-opens=java.base/java.net=ALL-UNNAMED --add-opens=java.base/java.util.concurrent.atomic=ALL-UNNAMED --add-opens=java.xml/javax.xml.namespace=ALL-UNNAMED -Xmx2048m -Dfile.encoding=UTF-8 -Duser.country=US -Duser.language=en -Duser.variant -javaagent:C:\Users\harsh\.gradle\wrapper\dists\gradle-8.11.1-bin\bpt9gzteqjrbo1mjrsomdt32c\gradle-8.11.1\lib\agents\gradle-instrumentation-agent-8.11.1.jar org.gradle.launcher.daemon.bootstrap.GradleDaemon 8.11.1

Host: AMD Ryzen 5 5625U with Radeon Graphics         , 12 cores, 15G,  Windows 11 , 64 bit Build 26100 (10.0.26100.7019)
Time: Thu Dec 11 16:07:11 2025 India Standard Time elapsed time: 1081.715807 seconds (0d 0h 18m 1s)

---------------  T H R E A D  ---------------

Current thread (0x0000019edfc034b0):  JavaThread "C2 CompilerThread0" daemon [_thread_in_native, id=3600, stack(0x00000090a6b00000,0x00000090a6c00000) (1024K)]


Current CompileTask:
C2:1081715 56043       4       com.android.tools.r8.ir.optimize.z::a (550 bytes)

Stack: [0x00000090a6b00000,0x00000090a6c00000]
Native frames: (J=compiled Java code, j=interpreted, Vv=VM code, C=native code)
V  [jvm.dll+0x6d0639]
V  [jvm.dll+0x85eb03]
V  [jvm.dll+0x86105e]
V  [jvm.dll+0x861743]
V  [jvm.dll+0x27e6e6]
V  [jvm.dll+0xbff6d]
V  [jvm.dll+0xc04a3]
V  [jvm.dll+0x3b6171]
V  [jvm.dll+0x3820c7]
V  [jvm.dll+0x38153a]
V  [jvm.dll+0x247c82]
V  [jvm.dll+0x247251]
V  [jvm.dll+0x1c5f04]
V  [jvm.dll+0x2569ac]
V  [jvm.dll+0x254ef6]
V  [jvm.dll+0x3f0e96]
V  [jvm.dll+0x806ed8]
V  [jvm.dll+0x6cef0d]
C  [ucrtbase.dll+0x37b0]
C  [KERNEL32.DLL+0x2e8d7]
C  [ntdll.dll+0x8c53c]


---------------  P R O C E S S  ---------------

Threads class SMR info:
_java_thread_list=0x0000019e883065c0, length=228, elements={
0x0000019ec803d0b0, 0x0000019edfb70230, 0x0000019edfb70c80, 0x0000019edfba6020,
0x0000019edfba6a70, 0x0000019edfbd12b0, 0x0000019edfbf1d10, 0x0000019edfc034b0,
0x0000019edfc06f40, 0x0000019edfd18cf0, 0x0000019ee405b9e0, 0x0000019ee59b4290,
0x0000019ee5949a60, 0x0000019ee5ca0a40, 0x0000019ee5ad0760, 0x0000019ee5ad0df0,
0x0000019ee5e1dd80, 0x0000019ee5e1fe50, 0x0000019ee5e1e410, 0x0000019ee5e20b70,
0x0000019ee79985c0, 0x0000019ee799ad20, 0x0000019ef1a8d710, 0x0000019eea7bef90,
0x0000019eea7bd550, 0x0000019ef17335d0, 0x0000019ef1735010, 0x0000019ef173c630,
0x0000019ef17391b0, 0x0000019ef173e700, 0x0000019ef173ccc0, 0x0000019ef142c2c0,
0x0000019eeab7f860, 0x0000019e884258b0, 0x0000019ef22b85f0, 0x0000019ee755fd70,
0x0000019ee79e1c20, 0x0000019ef3849710, 0x0000019ef3849080, 0x0000019ef3849da0,
0x0000019ef384a430, 0x0000019ee79e0f00, 0x0000019ef3a3b4b0, 0x0000019ef3a3d580,
0x0000019ef3a3a100, 0x0000019ef3a3c1d0, 0x0000019ef3a3c860, 0x0000019ef3a3a790,
0x0000019ef3a3ae20, 0x0000019ef138ffd0, 0x0000019ef138f940, 0x0000019ef1391380,
0x0000019ef1390660, 0x0000019ef1392730, 0x0000019e888dc300, 0x0000019e888da8c0,
0x0000019e888dc990, 0x0000019ef1426d70, 0x0000019ef1427400, 0x0000019ef142a880,
0x0000019ee79dfb50, 0x0000019ee79de7a0, 0x0000019ee79dee30, 0x0000019e88d64a60,
0x0000019e88d65e10, 0x0000019e88d671c0, 0x0000019e88d65780, 0x0000019e88d643d0,
0x0000019e88d650f0, 0x0000019e88d664a0, 0x0000019e88d66b30, 0x0000019ef24b4fc0,
0x0000019ef24b7090, 0x0000019e8a6a06e0, 0x0000019e8a69f9c0, 0x0000019e8a6a0d70,
0x0000019ee79e1590, 0x0000019ee79df4c0, 0x0000019ee79e01e0, 0x0000019ee79e0870,
0x0000019efa4355f0, 0x0000019efa433bb0, 0x0000019efa434f60, 0x0000019efa435c80,
0x0000019efa434240, 0x0000019efa4348d0, 0x0000019ef3844ee0, 0x0000019efa436310,
0x0000019ef24b5650, 0x0000019ef24b8440, 0x0000019ef24b7db0, 0x0000019ef24b5ce0,
0x0000019ef24b6370, 0x0000019ef24b6a00, 0x0000019ef24b7720, 0x0000019e9123cd50,
0x0000019e9123c6c0, 0x0000019e9123a5f0, 0x0000019e9123d3e0, 0x0000019ef28e3e50,
0x0000019ef28e1060, 0x0000019ef28e16f0, 0x0000019ef28e44e0, 0x0000019ef28e2410,
0x0000019ef28e3130, 0x0000019ef28e37c0, 0x0000019ef3a22100, 0x0000019ef3a234b0,
0x0000019ef3a24ef0, 0x0000019ef3a241d0, 0x0000019efa4369a0, 0x0000019ef3a25580,
0x0000019ef3a22790, 0x0000019ef3a23b40, 0x0000019efafe66c0, 0x0000019efafe45f0,
0x0000019efafe4c80, 0x0000019efafe5310, 0x0000019efafe6030, 0x0000019efafe6d50,
0x0000019eeb09ea10, 0x0000019ef3845c00, 0x0000019ef3844850, 0x0000019ef3843b30,
0x0000019ef38489f0, 0x0000019e88425220, 0x0000019e88424500, 0x0000019e88425f40,
0x0000019e884272f0, 0x0000019e884265d0, 0x0000019e88426c60, 0x0000019e88423e70,
0x0000019e88424b90, 0x0000019e91239f60, 0x0000019e9123ac80, 0x0000019e9123b310,
0x0000019e9123b9a0, 0x0000019e9123c030, 0x0000019e88b6d970, 0x0000019e88b6cc50,
0x0000019e88b6ab80, 0x0000019e88b6b210, 0x0000019e88b6a4f0, 0x0000019e88b6c5c0,
0x0000019ef140ea40, 0x0000019ef3ed11b0, 0x0000019e8a6a1a90, 0x0000019e8a6a0050,
0x0000019e8a6a2120, 0x0000019e8a69eca0, 0x0000019e88b6d2e0, 0x0000019ef140fdf0,
0x0000019ef1410b10, 0x0000019ef140d690, 0x0000019e88b6b8a0, 0x0000019e88b6bf30,
0x0000019ee832ef60, 0x0000019ee832e8d0, 0x0000019ee97f9000, 0x0000019ee97f9690,
0x0000019ee97fa3b0, 0x0000019efa8bf950, 0x0000019efa8bf2c0, 0x0000019efa8bffe0,
0x0000019efa8c1a20, 0x0000019efa8c0d00, 0x0000019efa8c0670, 0x0000019efa8c1390,
0x0000019efa8c20b0, 0x0000019eeac75d30, 0x0000019e8c40c7c0, 0x0000019e8c40a6f0,
0x0000019e8c40ce50, 0x0000019e8c40b410, 0x0000019e89333ae0, 0x0000019e89332dc0,
0x0000019e8c40c130, 0x0000019e8c40d4e0, 0x0000019e888da230, 0x0000019e888db5e0,
0x0000019e888daf50, 0x0000019e888dd020, 0x0000019e888dbc70, 0x0000019e888d9ba0,
0x0000019ef1390cf0, 0x0000019ef1391a10, 0x0000019e895555a0, 0x0000019e89556950,
0x0000019e89555c30, 0x0000019e895562c0, 0x0000019e895534d0, 0x0000019ef27e5da0,
0x0000019ef35716b0, 0x0000019eebb5c6c0, 0x0000019e8ad1e570, 0x0000019e8ad1b0f0,
0x0000019ee84b7200, 0x0000019e8ad1b780, 0x0000019ef3ad8430, 0x0000019ee83316c0,
0x0000019ee832f5f0, 0x0000019ee8331d50, 0x0000019ee83309a0, 0x0000019e8ad1be10,
0x0000019e91fc3470, 0x0000019e91fc4190, 0x0000019e91fc4820, 0x0000019e8a6a1400,
0x0000019e8a7384f0, 0x0000019ef3b8f7b0, 0x0000019ef3ad97e0, 0x0000019ef3ad8ac0,
0x0000019ef3ada500, 0x0000019ef3ad9150, 0x0000019ef3adab90, 0x0000019ef3adb220,
0x0000019ee97fb760, 0x0000019ee824eca0, 0x0000019ee824c540, 0x0000019ee824f9c0,
0x0000019e89332730, 0x0000019ee832fc80, 0x0000019ee8330310, 0x0000019e91fc4eb0,
0x0000019e91fc5540, 0x0000019ef14259c0, 0x0000019e8bd05090, 0x0000019ef28e5700
}

Java Threads: ( => current thread )
  0x0000019ec803d0b0 JavaThread "main"                              [_thread_blocked, id=17188, stack(0x00000090a5d00000,0x00000090a5e00000) (1024K)]
  0x0000019edfb70230 JavaThread "Reference Handler"          daemon [_thread_blocked, id=11972, stack(0x00000090a6500000,0x00000090a6600000) (1024K)]
  0x0000019edfb70c80 JavaThread "Finalizer"                  daemon [_thread_blocked, id=8136, stack(0x00000090a6600000,0x00000090a6700000) (1024K)]
  0x0000019edfba6020 JavaThread "Signal Dispatcher"          daemon [_thread_blocked, id=11400, stack(0x00000090a6700000,0x00000090a6800000) (1024K)]
  0x0000019edfba6a70 JavaThread "Attach Listener"            daemon [_thread_blocked, id=1596, stack(0x00000090a6800000,0x00000090a6900000) (1024K)]
  0x0000019edfbd12b0 JavaThread "Service Thread"             daemon [_thread_blocked, id=14680, stack(0x00000090a6900000,0x00000090a6a00000) (1024K)]
  0x0000019edfbf1d10 JavaThread "Monitor Deflation Thread"   daemon [_thread_blocked, id=9736, stack(0x00000090a6a00000,0x00000090a6b00000) (1024K)]
=>0x0000019edfc034b0 JavaThread "C2 CompilerThread0"         daemon [_thread_in_native, id=3600, stack(0x00000090a6b00000,0x00000090a6c00000) (1024K)]
  0x0000019edfc06f40 JavaThread "C1 CompilerThread0"         daemon [_thread_blocked, id=8948, stack(0x00000090a6c00000,0x00000090a6d00000) (1024K)]
  0x0000019edfd18cf0 JavaThread "Common-Cleaner"             daemon [_thread_blocked, id=2792, stack(0x00000090a6d00000,0x00000090a6e00000) (1024K)]
  0x0000019ee405b9e0 JavaThread "Notification Thread"        daemon [_thread_blocked, id=14584, stack(0x00000090a6e00000,0x00000090a6f00000) (1024K)]
  0x0000019ee59b4290 JavaThread "Daemon health stats"               [_thread_blocked, id=1316, stack(0x00000090a7600000,0x00000090a7700000) (1024K)]
  0x0000019ee5949a60 JavaThread "Incoming local TCP Connector on port 58920"        [_thread_in_native, id=6404, stack(0x00000090a7700000,0x00000090a7800000) (1024K)]
  0x0000019ee5ca0a40 JavaThread "Daemon periodic checks"            [_thread_blocked, id=9564, stack(0x00000090a7800000,0x00000090a7900000) (1024K)]
  0x0000019ee5ad0760 JavaThread "Cache worker for journal cache (C:\Users\harsh\.gradle\caches\journal-1)"        [_thread_blocked, id=12044, stack(0x00000090a8500000,0x00000090a8600000) (1024K)]
  0x0000019ee5ad0df0 JavaThread "File lock request listener"        [_thread_in_native, id=11672, stack(0x00000090a8600000,0x00000090a8700000) (1024K)]
  0x0000019ee5e1dd80 JavaThread "Cache worker for file hash cache (C:\Users\harsh\.gradle\caches\8.11.1\fileHashes)"        [_thread_blocked, id=12200, stack(0x00000090a8700000,0x00000090a8800000) (1024K)]
  0x0000019ee5e1fe50 JavaThread "Cache worker for file content cache (C:\Users\harsh\.gradle\caches\8.11.1\fileContent)"        [_thread_blocked, id=3332, stack(0x00000090a8800000,0x00000090a8900000) (1024K)]
  0x0000019ee5e1e410 JavaThread "File watcher server"        daemon [_thread_blocked, id=19068, stack(0x00000090a8c00000,0x00000090a8d00000) (1024K)]
  0x0000019ee5e20b70 JavaThread "File watcher consumer"      daemon [_thread_blocked, id=10112, stack(0x00000090a8d00000,0x00000090a8e00000) (1024K)]
  0x0000019ee79985c0 JavaThread "Memory manager"                    [_thread_blocked, id=18048, stack(0x00000090ab200000,0x00000090ab300000) (1024K)]
  0x0000019ee799ad20 JavaThread "pool-3-thread-1"                   [_thread_blocked, id=7272, stack(0x00000090ab500000,0x00000090ab600000) (1024K)]
  0x0000019ef1a8d710 JavaThread "pool-6-thread-1"                   [_thread_blocked, id=5304, stack(0x00000090aaa00000,0x00000090aab00000) (1024K)]
  0x0000019eea7bef90 JavaThread "Periodic tasks thread"      daemon [_thread_blocked, id=16928, stack(0x00000090b3300000,0x00000090b3400000) (1024K)]
  0x0000019eea7bd550 JavaThread "ApplicationImpl pooled thread 1" daemon [_thread_blocked, id=15056, stack(0x00000090b3400000,0x00000090b3500000) (1024K)]
  0x0000019ef17335d0 JavaThread "Java2D Disposer"            daemon [_thread_blocked, id=8316, stack(0x00000090b3500000,0x00000090b3600000) (1024K)]
  0x0000019ef1735010 JavaThread "AWT-Windows"                daemon [_thread_in_native, id=14592, stack(0x00000090b3700000,0x00000090b3800000) (1024K)]
  0x0000019ef173c630 JavaThread "RMI Scheduler(0)"           daemon [_thread_blocked, id=7176, stack(0x00000090b3800000,0x00000090b3900000) (1024K)]
  0x0000019ef17391b0 JavaThread "RMI GC Daemon"              daemon [_thread_blocked, id=3616, stack(0x00000090b3a00000,0x00000090b3b00000) (1024K)]
  0x0000019ef173e700 JavaThread "RMI TCP Accept-0"           daemon [_thread_in_native, id=2960, stack(0x00000090b3d00000,0x00000090b3e00000) (1024K)]
  0x0000019ef173ccc0 JavaThread "RMI Reaper"                        [_thread_blocked, id=8324, stack(0x00000090b3e00000,0x00000090b3f00000) (1024K)]
  0x0000019ef142c2c0 JavaThread "pool-12-thread-1"                  [_thread_blocked, id=16812, stack(0x00000090aa600000,0x00000090aa700000) (1024K)]
  0x0000019eeab7f860 JavaThread "Cache worker for Java compile cache (C:\Users\harsh\.gradle\caches\8.11.1\javaCompile)"        [_thread_blocked, id=7944, stack(0x00000090b0300000,0x00000090b0400000) (1024K)]
  0x0000019e884258b0 JavaThread "pool-17-thread-1"                  [_thread_blocked, id=18828, stack(0x00000090aac00000,0x00000090aad00000) (1024K)]
  0x0000019ef22b85f0 JavaThread "pool-21-thread-1"                  [_thread_blocked, id=17120, stack(0x00000090aa700000,0x00000090aa800000) (1024K)]
  0x0000019ee755fd70 JavaThread "pool-25-thread-1"                  [_thread_blocked, id=13916, stack(0x00000090aa800000,0x00000090aa900000) (1024K)]
  0x0000019ee79e1c20 JavaThread "RMI TCP Connection(11)-127.0.0.1" daemon [_thread_in_native, id=11372, stack(0x00000090a5a00000,0x00000090a5b00000) (1024K)]
  0x0000019ef3849710 JavaThread "Daemon Thread 5"                   [_thread_blocked, id=2248, stack(0x00000090a5b00000,0x00000090a5c00000) (1024K)]
  0x0000019ef3849080 JavaThread "Handler for socket connection from /127.0.0.1:58920 to /127.0.0.1:50292"        [_thread_in_native, id=4140, stack(0x00000090a5c00000,0x00000090a5d00000) (1024K)]
  0x0000019ef3849da0 JavaThread "Cancel handler"                    [_thread_blocked, id=16304, stack(0x00000090a7500000,0x00000090a7600000) (1024K)]
  0x0000019ef384a430 JavaThread "Daemon worker Thread 5"            [_thread_blocked, id=14432, stack(0x00000090a7900000,0x00000090a7a00000) (1024K)]
  0x0000019ee79e0f00 JavaThread "Asynchronous log dispatcher for DefaultDaemonConnection: socket connection from /127.0.0.1:58920 to /127.0.0.1:50292"        [_thread_blocked, id=18840, stack(0x00000090a7a00000,0x00000090a7b00000) (1024K)]
  0x0000019ef3a3b4b0 JavaThread "Stdin handler"                     [_thread_blocked, id=11776, stack(0x00000090a7b00000,0x00000090a7c00000) (1024K)]
  0x0000019ef3a3d580 JavaThread "Daemon client event forwarder"        [_thread_blocked, id=18388, stack(0x00000090a7c00000,0x00000090a7d00000) (1024K)]
  0x0000019ef3a3a100 JavaThread "Cache worker for file hash cache (C:\Users\harsh\AndroidStudioProjects\PairlixDating\.gradle\8.11.1\fileHashes)"        [_thread_blocked, id=19332, stack(0x00000090a7d00000,0x00000090a7e00000) (1024K)]
  0x0000019ef3a3c1d0 JavaThread "Cache worker for Build Output Cleanup Cache (C:\Users\harsh\AndroidStudioProjects\PairlixDating\.gradle\buildOutputCleanup)"        [_thread_blocked, id=8860, stack(0x00000090a7e00000,0x00000090a7f00000) (1024K)]
  0x0000019ef3a3c860 JavaThread "Cache worker for checksums cache (C:\Users\harsh\AndroidStudioProjects\PairlixDating\.gradle\8.11.1\checksums)"        [_thread_blocked, id=13724, stack(0x00000090a7f00000,0x00000090a8000000) (1024K)]
  0x0000019ef3a3a790 JavaThread "Cache worker for cache directory md-rule (C:\Users\harsh\.gradle\caches\8.11.1\md-rule)"        [_thread_blocked, id=10932, stack(0x00000090a8900000,0x00000090a8a00000) (1024K)]
  0x0000019ef3a3ae20 JavaThread "Cache worker for cache directory md-supplier (C:\Users\harsh\.gradle\caches\8.11.1\md-supplier)"        [_thread_blocked, id=19448, stack(0x00000090a8a00000,0x00000090a8b00000) (1024K)]
  0x0000019ef138ffd0 JavaThread "Unconstrained build operations"        [_thread_blocked, id=16712, stack(0x00000090a8e00000,0x00000090a8f00000) (1024K)]
  0x0000019ef138f940 JavaThread "Unconstrained build operations Thread 2"        [_thread_blocked, id=376, stack(0x00000090a8f00000,0x00000090a9000000) (1024K)]
  0x0000019ef1391380 JavaThread "Unconstrained build operations Thread 3"        [_thread_blocked, id=16284, stack(0x00000090a9000000,0x00000090a9100000) (1024K)]
  0x0000019ef1390660 JavaThread "Unconstrained build operations Thread 4"        [_thread_blocked, id=15760, stack(0x00000090a9100000,0x00000090a9200000) (1024K)]
  0x0000019ef1392730 JavaThread "Unconstrained build operations Thread 5"        [_thread_blocked, id=15896, stack(0x00000090a9200000,0x00000090a9300000) (1024K)]
  0x0000019e888dc300 JavaThread "Unconstrained build operations Thread 6"        [_thread_blocked, id=8280, stack(0x00000090a9300000,0x00000090a9400000) (1024K)]
  0x0000019e888da8c0 JavaThread "Unconstrained build operations Thread 7"        [_thread_blocked, id=7244, stack(0x00000090a9400000,0x00000090a9500000) (1024K)]
  0x0000019e888dc990 JavaThread "Unconstrained build operations Thread 8"        [_thread_blocked, id=18668, stack(0x00000090a9500000,0x00000090a9600000) (1024K)]
  0x0000019ef1426d70 JavaThread "Unconstrained build operations Thread 9"        [_thread_blocked, id=9976, stack(0x00000090a9600000,0x00000090a9700000) (1024K)]
  0x0000019ef1427400 JavaThread "Unconstrained build operations Thread 10"        [_thread_blocked, id=18076, stack(0x00000090a9700000,0x00000090a9800000) (1024K)]
  0x0000019ef142a880 JavaThread "Unconstrained build operations Thread 11"        [_thread_blocked, id=7048, stack(0x00000090a9800000,0x00000090a9900000) (1024K)]
  0x0000019ee79dfb50 JavaThread "Unconstrained build operations Thread 12"        [_thread_blocked, id=18948, stack(0x00000090a9900000,0x00000090a9a00000) (1024K)]
  0x0000019ee79de7a0 JavaThread "Unconstrained build operations Thread 13"        [_thread_blocked, id=4320, stack(0x00000090a9a00000,0x00000090a9b00000) (1024K)]
  0x0000019ee79dee30 JavaThread "Unconstrained build operations Thread 14"        [_thread_blocked, id=4408, stack(0x00000090a9b00000,0x00000090a9c00000) (1024K)]
  0x0000019e88d64a60 JavaThread "Unconstrained build operations Thread 15"        [_thread_blocked, id=17184, stack(0x00000090a9c00000,0x00000090a9d00000) (1024K)]
  0x0000019e88d65e10 JavaThread "Unconstrained build operations Thread 16"        [_thread_blocked, id=11212, stack(0x00000090a9d00000,0x00000090a9e00000) (1024K)]
  0x0000019e88d671c0 JavaThread "Unconstrained build operations Thread 17"        [_thread_blocked, id=16828, stack(0x00000090a9e00000,0x00000090a9f00000) (1024K)]
  0x0000019e88d65780 JavaThread "Unconstrained build operations Thread 18"        [_thread_blocked, id=18716, stack(0x00000090a9f00000,0x00000090aa000000) (1024K)]
  0x0000019e88d643d0 JavaThread "Unconstrained build operations Thread 19"        [_thread_blocked, id=6296, stack(0x00000090aa000000,0x00000090aa100000) (1024K)]
  0x0000019e88d650f0 JavaThread "Unconstrained build operations Thread 20"        [_thread_blocked, id=1476, stack(0x00000090aa100000,0x00000090aa200000) (1024K)]
  0x0000019e88d664a0 JavaThread "Unconstrained build operations Thread 21"        [_thread_blocked, id=14924, stack(0x00000090aa200000,0x00000090aa300000) (1024K)]
  0x0000019e88d66b30 JavaThread "Unconstrained build operations Thread 22"        [_thread_blocked, id=2708, stack(0x00000090aa300000,0x00000090aa400000) (1024K)]
  0x0000019ef24b4fc0 JavaThread "build event listener"              [_thread_blocked, id=4684, stack(0x00000090aa400000,0x00000090aa500000) (1024K)]
  0x0000019ef24b7090 JavaThread "build event listener"              [_thread_blocked, id=12308, stack(0x00000090aa900000,0x00000090aaa00000) (1024K)]
  0x0000019e8a6a06e0 JavaThread "pool-30-thread-1"                  [_thread_blocked, id=2268, stack(0x00000090aab00000,0x00000090aac00000) (1024K)]
  0x0000019e8a69f9c0 JavaThread "build event listener"              [_thread_blocked, id=7364, stack(0x00000090aad00000,0x00000090aae00000) (1024K)]
  0x0000019e8a6a0d70 JavaThread "included builds"                   [_thread_blocked, id=15532, stack(0x00000090aae00000,0x00000090aaf00000) (1024K)]
  0x0000019ee79e1590 JavaThread "Execution worker"                  [_thread_blocked, id=14148, stack(0x00000090aaf00000,0x00000090ab000000) (1024K)]
  0x0000019ee79df4c0 JavaThread "Execution worker Thread 2"         [_thread_blocked, id=1764, stack(0x00000090ab000000,0x00000090ab100000) (1024K)]
  0x0000019ee79e01e0 JavaThread "Execution worker Thread 3"         [_thread_blocked, id=2964, stack(0x00000090ab100000,0x00000090ab200000) (1024K)]
  0x0000019ee79e0870 JavaThread "Execution worker Thread 4"         [_thread_blocked, id=14788, stack(0x00000090ab300000,0x00000090ab400000) (1024K)]
  0x0000019efa4355f0 JavaThread "Execution worker Thread 5"         [_thread_blocked, id=16236, stack(0x00000090ab400000,0x00000090ab500000) (1024K)]
  0x0000019efa433bb0 JavaThread "Execution worker Thread 6"         [_thread_blocked, id=15304, stack(0x00000090ab600000,0x00000090ab700000) (1024K)]
  0x0000019efa434f60 JavaThread "Execution worker Thread 7"         [_thread_blocked, id=2884, stack(0x00000090ab700000,0x00000090ab800000) (1024K)]
  0x0000019efa435c80 JavaThread "Execution worker Thread 8"         [_thread_blocked, id=1896, stack(0x00000090ab800000,0x00000090ab900000) (1024K)]
  0x0000019efa434240 JavaThread "Execution worker Thread 9"         [_thread_blocked, id=488, stack(0x00000090ab900000,0x00000090aba00000) (1024K)]
  0x0000019efa4348d0 JavaThread "Execution worker Thread 10"        [_thread_blocked, id=2252, stack(0x00000090aba00000,0x00000090abb00000) (1024K)]
  0x0000019ef3844ee0 JavaThread "Cache worker for execution history cache (C:\Users\harsh\AndroidStudioProjects\PairlixDating\.gradle\8.11.1\executionHistory)"        [_thread_blocked, id=12548, stack(0x00000090abb00000,0x00000090abc00000) (1024K)]
  0x0000019efa436310 JavaThread "Execution worker Thread 11"        [_thread_blocked, id=13040, stack(0x00000090abc00000,0x00000090abd00000) (1024K)]
  0x0000019ef24b5650 JavaThread "Unconstrained build operations Thread 23"        [_thread_blocked, id=11380, stack(0x00000090abd00000,0x00000090abe00000) (1024K)]
  0x0000019ef24b8440 JavaThread "Unconstrained build operations Thread 24"        [_thread_blocked, id=10332, stack(0x00000090abe00000,0x00000090abf00000) (1024K)]
  0x0000019ef24b7db0 JavaThread "Unconstrained build operations Thread 25"        [_thread_blocked, id=16004, stack(0x00000090abf00000,0x00000090ac000000) (1024K)]
  0x0000019ef24b5ce0 JavaThread "Unconstrained build operations Thread 26"        [_thread_blocked, id=8732, stack(0x00000090ac000000,0x00000090ac100000) (1024K)]
  0x0000019ef24b6370 JavaThread "Unconstrained build operations Thread 27"        [_thread_blocked, id=11364, stack(0x00000090ac100000,0x00000090ac200000) (1024K)]
  0x0000019ef24b6a00 JavaThread "Unconstrained build operations Thread 28"        [_thread_blocked, id=15472, stack(0x00000090ac200000,0x00000090ac300000) (1024K)]
  0x0000019ef24b7720 JavaThread "Unconstrained build operations Thread 29"        [_thread_blocked, id=11540, stack(0x00000090ac300000,0x00000090ac400000) (1024K)]
  0x0000019e9123cd50 JavaThread "Unconstrained build operations Thread 30"        [_thread_blocked, id=2088, stack(0x00000090ac400000,0x00000090ac500000) (1024K)]
  0x0000019e9123c6c0 JavaThread "Unconstrained build operations Thread 31"        [_thread_blocked, id=17236, stack(0x00000090ac500000,0x00000090ac600000) (1024K)]
  0x0000019e9123a5f0 JavaThread "Unconstrained build operations Thread 32"        [_thread_blocked, id=17960, stack(0x00000090ac600000,0x00000090ac700000) (1024K)]
  0x0000019e9123d3e0 JavaThread "Unconstrained build operations Thread 33"        [_thread_blocked, id=13612, stack(0x00000090ac700000,0x00000090ac800000) (1024K)]
  0x0000019ef28e3e50 JavaThread "Unconstrained build operations Thread 34"        [_thread_blocked, id=11196, stack(0x00000090ac800000,0x00000090ac900000) (1024K)]
  0x0000019ef28e1060 JavaThread "Unconstrained build operations Thread 35"        [_thread_blocked, id=3248, stack(0x00000090ac900000,0x00000090aca00000) (1024K)]
  0x0000019ef28e16f0 JavaThread "Unconstrained build operations Thread 36"        [_thread_blocked, id=7016, stack(0x00000090aca00000,0x00000090acb00000) (1024K)]
  0x0000019ef28e44e0 JavaThread "Unconstrained build operations Thread 37"        [_thread_blocked, id=14796, stack(0x00000090acb00000,0x00000090acc00000) (1024K)]
  0x0000019ef28e2410 JavaThread "Unconstrained build operations Thread 38"        [_thread_blocked, id=18620, stack(0x00000090acc00000,0x00000090acd00000) (1024K)]
  0x0000019ef28e3130 JavaThread "Unconstrained build operations Thread 39"        [_thread_blocked, id=5344, stack(0x00000090acd00000,0x00000090ace00000) (1024K)]
  0x0000019ef28e37c0 JavaThread "Unconstrained build operations Thread 40"        [_thread_blocked, id=8128, stack(0x00000090ace00000,0x00000090acf00000) (1024K)]
  0x0000019ef3a22100 JavaThread "Unconstrained build operations Thread 41"        [_thread_blocked, id=10532, stack(0x00000090acf00000,0x00000090ad000000) (1024K)]
  0x0000019ef3a234b0 JavaThread "Unconstrained build operations Thread 42"        [_thread_blocked, id=18952, stack(0x00000090ad000000,0x00000090ad100000) (1024K)]
  0x0000019ef3a24ef0 JavaThread "Unconstrained build operations Thread 43"        [_thread_blocked, id=14480, stack(0x00000090ad100000,0x00000090ad200000) (1024K)]
  0x0000019ef3a241d0 JavaThread "Unconstrained build operations Thread 44"        [_thread_blocked, id=516, stack(0x00000090ad200000,0x00000090ad300000) (1024K)]
  0x0000019efa4369a0 JavaThread "WorkerExecutor Queue"              [_thread_blocked, id=10756, stack(0x00000090ad300000,0x00000090ad400000) (1024K)]
  0x0000019ef3a25580 JavaThread "Unconstrained build operations Thread 45"        [_thread_blocked, id=9184, stack(0x00000090ad400000,0x00000090ad500000) (1024K)]
  0x0000019ef3a22790 JavaThread "Unconstrained build operations Thread 46"        [_thread_blocked, id=18380, stack(0x00000090ad500000,0x00000090ad600000) (1024K)]
  0x0000019ef3a23b40 JavaThread "Unconstrained build operations Thread 47"        [_thread_blocked, id=10748, stack(0x00000090ad600000,0x00000090ad700000) (1024K)]
  0x0000019efafe66c0 JavaThread "Unconstrained build operations Thread 48"        [_thread_blocked, id=8556, stack(0x00000090ad700000,0x00000090ad800000) (1024K)]
  0x0000019efafe45f0 JavaThread "Unconstrained build operations Thread 49"        [_thread_blocked, id=12936, stack(0x00000090ad800000,0x00000090ad900000) (1024K)]
  0x0000019efafe4c80 JavaThread "Unconstrained build operations Thread 50"        [_thread_blocked, id=17140, stack(0x00000090ad900000,0x00000090ada00000) (1024K)]
  0x0000019efafe5310 JavaThread "Unconstrained build operations Thread 51"        [_thread_blocked, id=13924, stack(0x00000090ada00000,0x00000090adb00000) (1024K)]
  0x0000019efafe6030 JavaThread "Unconstrained build operations Thread 52"        [_thread_blocked, id=12024, stack(0x00000090adb00000,0x00000090adc00000) (1024K)]
  0x0000019efafe6d50 JavaThread "Unconstrained build operations Thread 53"        [_thread_blocked, id=4420, stack(0x00000090adc00000,0x00000090add00000) (1024K)]
  0x0000019eeb09ea10 JavaThread "Unconstrained build operations Thread 54"        [_thread_blocked, id=8328, stack(0x00000090add00000,0x00000090ade00000) (1024K)]
  0x0000019ef3845c00 JavaThread "Unconstrained build operations Thread 55"        [_thread_blocked, id=5544, stack(0x00000090ade00000,0x00000090adf00000) (1024K)]
  0x0000019ef3844850 JavaThread "Unconstrained build operations Thread 56"        [_thread_blocked, id=10992, stack(0x00000090adf00000,0x00000090ae000000) (1024K)]
  0x0000019ef3843b30 JavaThread "Unconstrained build operations Thread 57"        [_thread_blocked, id=6484, stack(0x00000090ae000000,0x00000090ae100000) (1024K)]
  0x0000019ef38489f0 JavaThread "Unconstrained build operations Thread 58"        [_thread_blocked, id=14792, stack(0x00000090ae100000,0x00000090ae200000) (1024K)]
  0x0000019e88425220 JavaThread "Unconstrained build operations Thread 59"        [_thread_blocked, id=5380, stack(0x00000090ae200000,0x00000090ae300000) (1024K)]
  0x0000019e88424500 JavaThread "Unconstrained build operations Thread 60"        [_thread_blocked, id=18396, stack(0x00000090ae300000,0x00000090ae400000) (1024K)]
  0x0000019e88425f40 JavaThread "Unconstrained build operations Thread 61"        [_thread_blocked, id=5552, stack(0x00000090ae400000,0x00000090ae500000) (1024K)]
  0x0000019e884272f0 JavaThread "Unconstrained build operations Thread 62"        [_thread_blocked, id=10564, stack(0x00000090ae500000,0x00000090ae600000) (1024K)]
  0x0000019e884265d0 JavaThread "Unconstrained build operations Thread 63"        [_thread_blocked, id=17544, stack(0x00000090ae600000,0x00000090ae700000) (1024K)]
  0x0000019e88426c60 JavaThread "Unconstrained build operations Thread 64"        [_thread_blocked, id=13788, stack(0x00000090ae700000,0x00000090ae800000) (1024K)]
  0x0000019e88423e70 JavaThread "Unconstrained build operations Thread 65"        [_thread_blocked, id=13292, stack(0x00000090ae800000,0x00000090ae900000) (1024K)]
  0x0000019e88424b90 JavaThread "Unconstrained build operations Thread 66"        [_thread_blocked, id=10544, stack(0x00000090ae900000,0x00000090aea00000) (1024K)]
  0x0000019e91239f60 JavaThread "Unconstrained build operations Thread 67"        [_thread_blocked, id=11460, stack(0x00000090aea00000,0x00000090aeb00000) (1024K)]
  0x0000019e9123ac80 JavaThread "Unconstrained build operations Thread 68"        [_thread_blocked, id=9664, stack(0x00000090aeb00000,0x00000090aec00000) (1024K)]
  0x0000019e9123b310 JavaThread "Unconstrained build operations Thread 69"        [_thread_blocked, id=12384, stack(0x00000090aec00000,0x00000090aed00000) (1024K)]
  0x0000019e9123b9a0 JavaThread "Unconstrained build operations Thread 70"        [_thread_blocked, id=13396, stack(0x00000090aed00000,0x00000090aee00000) (1024K)]
  0x0000019e9123c030 JavaThread "Unconstrained build operations Thread 71"        [_thread_blocked, id=14268, stack(0x00000090aee00000,0x00000090aef00000) (1024K)]
  0x0000019e88b6d970 JavaThread "Unconstrained build operations Thread 72"        [_thread_blocked, id=18596, stack(0x00000090aef00000,0x00000090af000000) (1024K)]
  0x0000019e88b6cc50 JavaThread "Unconstrained build operations Thread 73"        [_thread_blocked, id=1780, stack(0x00000090af000000,0x00000090af100000) (1024K)]
  0x0000019e88b6ab80 JavaThread "Unconstrained build operations Thread 74"        [_thread_blocked, id=11616, stack(0x00000090af100000,0x00000090af200000) (1024K)]
  0x0000019e88b6b210 JavaThread "Unconstrained build operations Thread 75"        [_thread_blocked, id=15524, stack(0x00000090af200000,0x00000090af300000) (1024K)]
  0x0000019e88b6a4f0 JavaThread "Unconstrained build operations Thread 76"        [_thread_blocked, id=11124, stack(0x00000090af300000,0x00000090af400000) (1024K)]
  0x0000019e88b6c5c0 JavaThread "Unconstrained build operations Thread 77"        [_thread_blocked, id=18196, stack(0x00000090af400000,0x00000090af500000) (1024K)]
  0x0000019ef140ea40 JavaThread "Unconstrained build operations Thread 78"        [_thread_blocked, id=1616, stack(0x00000090af500000,0x00000090af600000) (1024K)]
  0x0000019ef3ed11b0 JavaThread "Unconstrained build operations Thread 79"        [_thread_blocked, id=12536, stack(0x00000090af600000,0x00000090af700000) (1024K)]
  0x0000019e8a6a1a90 JavaThread "Unconstrained build operations Thread 80"        [_thread_blocked, id=15396, stack(0x00000090af700000,0x00000090af800000) (1024K)]
  0x0000019e8a6a0050 JavaThread "Unconstrained build operations Thread 81"        [_thread_blocked, id=6832, stack(0x00000090af800000,0x00000090af900000) (1024K)]
  0x0000019e8a6a2120 JavaThread "Unconstrained build operations Thread 82"        [_thread_blocked, id=15308, stack(0x00000090af900000,0x00000090afa00000) (1024K)]
  0x0000019e8a69eca0 JavaThread "Unconstrained build operations Thread 83"        [_thread_blocked, id=1632, stack(0x00000090afa00000,0x00000090afb00000) (1024K)]
  0x0000019e88b6d2e0 JavaThread "WorkerExecutor Queue Thread 2"        [_thread_blocked, id=1528, stack(0x00000090afb00000,0x00000090afc00000) (1024K)]
  0x0000019ef140fdf0 JavaThread "pool-31-thread-1"                  [_thread_blocked, id=18720, stack(0x00000090afc00000,0x00000090afd00000) (1024K)]
  0x0000019ef1410b10 JavaThread "stderr"                            [_thread_in_native, id=16536, stack(0x00000090afd00000,0x00000090afe00000) (1024K)]
  0x0000019ef140d690 JavaThread "stdout"                            [_thread_in_native, id=19236, stack(0x00000090afe00000,0x00000090aff00000) (1024K)]
  0x0000019e88b6b8a0 JavaThread "Unconstrained build operations Thread 84"        [_thread_blocked, id=7556, stack(0x00000090aff00000,0x00000090b0000000) (1024K)]
  0x0000019e88b6bf30 JavaThread "Unconstrained build operations Thread 85"        [_thread_blocked, id=10516, stack(0x00000090b0000000,0x00000090b0100000) (1024K)]
  0x0000019ee832ef60 JavaThread "Unconstrained build operations Thread 86"        [_thread_blocked, id=8392, stack(0x00000090b0100000,0x00000090b0200000) (1024K)]
  0x0000019ee832e8d0 JavaThread "WorkerExecutor Queue Thread 3"        [_thread_blocked, id=8912, stack(0x00000090aa500000,0x00000090aa600000) (1024K)]
  0x0000019ee97f9000 JavaThread "ForkJoinPool.commonPool-worker-40" daemon [_thread_blocked, id=1740, stack(0x00000090b0200000,0x00000090b0300000) (1024K)]
  0x0000019ee97f9690 JavaThread "ForkJoinPool.commonPool-worker-41" daemon [_thread_blocked, id=6628, stack(0x00000090b0400000,0x00000090b0500000) (1024K)]
  0x0000019ee97fa3b0 JavaThread "ForkJoinPool.commonPool-worker-42" daemon [_thread_blocked, id=14936, stack(0x00000090b0600000,0x00000090b0700000) (1024K)]
  0x0000019efa8bf950 JavaThread "Unconstrained build operations Thread 87"        [_thread_blocked, id=4424, stack(0x00000090b0900000,0x00000090b0a00000) (1024K)]
  0x0000019efa8bf2c0 JavaThread "Unconstrained build operations Thread 88"        [_thread_blocked, id=10376, stack(0x00000090b0a00000,0x00000090b0b00000) (1024K)]
  0x0000019efa8bffe0 JavaThread "Unconstrained build operations Thread 89"        [_thread_blocked, id=10204, stack(0x00000090b0b00000,0x00000090b0c00000) (1024K)]
  0x0000019efa8c1a20 JavaThread "Unconstrained build operations Thread 90"        [_thread_blocked, id=11964, stack(0x00000090b0c00000,0x00000090b0d00000) (1024K)]
  0x0000019efa8c0d00 JavaThread "Unconstrained build operations Thread 91"        [_thread_blocked, id=4716, stack(0x00000090b0d00000,0x00000090b0e00000) (1024K)]
  0x0000019efa8c0670 JavaThread "Unconstrained build operations Thread 92"        [_thread_blocked, id=14288, stack(0x00000090b0e00000,0x00000090b0f00000) (1024K)]
  0x0000019efa8c1390 JavaThread "Unconstrained build operations Thread 93"        [_thread_blocked, id=13032, stack(0x00000090b0f00000,0x00000090b1000000) (1024K)]
  0x0000019efa8c20b0 JavaThread "Unconstrained build operations Thread 94"        [_thread_blocked, id=15892, stack(0x00000090b1000000,0x00000090b1100000) (1024K)]
  0x0000019eeac75d30 JavaThread "Unconstrained build operations Thread 95"        [_thread_blocked, id=5612, stack(0x00000090b1100000,0x00000090b1200000) (1024K)]
  0x0000019e8c40c7c0 JavaThread "Unconstrained build operations Thread 96"        [_thread_blocked, id=18892, stack(0x00000090b1200000,0x00000090b1300000) (1024K)]
  0x0000019e8c40a6f0 JavaThread "Unconstrained build operations Thread 97"        [_thread_blocked, id=3904, stack(0x00000090b1300000,0x00000090b1400000) (1024K)]
  0x0000019e8c40ce50 JavaThread "Unconstrained build operations Thread 98"        [_thread_blocked, id=9844, stack(0x00000090b1400000,0x00000090b1500000) (1024K)]
  0x0000019e8c40b410 JavaThread "Unconstrained build operations Thread 99"        [_thread_blocked, id=18904, stack(0x00000090b1500000,0x00000090b1600000) (1024K)]
  0x0000019e89333ae0 JavaThread "WorkerExecutor Queue Thread 4"        [_thread_blocked, id=15008, stack(0x00000090b1600000,0x00000090b1700000) (1024K)]
  0x0000019e89332dc0 JavaThread "Build operations"                  [_thread_blocked, id=13416, stack(0x00000090b1800000,0x00000090b1900000) (1024K)]
  0x0000019e8c40c130 JavaThread "Build operations Thread 2"         [_thread_blocked, id=1516, stack(0x00000090b1900000,0x00000090b1a00000) (1024K)]
  0x0000019e8c40d4e0 JavaThread "Build operations Thread 3"         [_thread_blocked, id=16924, stack(0x00000090b1a00000,0x00000090b1b00000) (1024K)]
  0x0000019e888da230 JavaThread "Build operations Thread 4"         [_thread_blocked, id=9424, stack(0x00000090b1b00000,0x00000090b1c00000) (1024K)]
  0x0000019e888db5e0 JavaThread "Build operations Thread 5"         [_thread_blocked, id=8156, stack(0x00000090b1c00000,0x00000090b1d00000) (1024K)]
  0x0000019e888daf50 JavaThread "Build operations Thread 6"         [_thread_blocked, id=10044, stack(0x00000090b1d00000,0x00000090b1e00000) (1024K)]
  0x0000019e888dd020 JavaThread "Build operations Thread 7"         [_thread_blocked, id=18976, stack(0x00000090b1e00000,0x00000090b1f00000) (1024K)]
  0x0000019e888dbc70 JavaThread "Build operations Thread 8"         [_thread_blocked, id=11876, stack(0x00000090b1f00000,0x00000090b2000000) (1024K)]
  0x0000019e888d9ba0 JavaThread "Build operations Thread 9"         [_thread_blocked, id=7808, stack(0x00000090b2000000,0x00000090b2100000) (1024K)]
  0x0000019ef1390cf0 JavaThread "Build operations Thread 10"        [_thread_blocked, id=8928, stack(0x00000090b2100000,0x00000090b2200000) (1024K)]
  0x0000019ef1391a10 JavaThread "Build operations Thread 11"        [_thread_blocked, id=8420, stack(0x00000090b2200000,0x00000090b2300000) (1024K)]
  0x0000019e895555a0 JavaThread "Unconstrained build operations Thread 100"        [_thread_blocked, id=9744, stack(0x00000090b0700000,0x00000090b0800000) (1024K)]
  0x0000019e89556950 JavaThread "Unconstrained build operations Thread 101"        [_thread_blocked, id=13148, stack(0x00000090b1700000,0x00000090b1800000) (1024K)]
  0x0000019e89555c30 JavaThread "Unconstrained build operations Thread 102"        [_thread_blocked, id=11796, stack(0x00000090b2300000,0x00000090b2400000) (1024K)]
  0x0000019e895562c0 JavaThread "Unconstrained build operations Thread 103"        [_thread_blocked, id=2068, stack(0x00000090b2400000,0x00000090b2500000) (1024K)]
  0x0000019e895534d0 JavaThread "Build operations Thread 12"        [_thread_blocked, id=16048, stack(0x00000090b0500000,0x00000090b0600000) (1024K)]
  0x0000019ef27e5da0 JavaThread "WorkerExecutor Queue Thread 5"        [_thread_blocked, id=9076, stack(0x00000090b0800000,0x00000090b0900000) (1024K)]
  0x0000019ef35716b0 JavaThread "WorkerExecutor Queue Thread 6"        [_thread_blocked, id=2516, stack(0x00000090b2500000,0x00000090b2600000) (1024K)]
  0x0000019eebb5c6c0 JavaThread "C2 CompilerThread1"         daemon [_thread_blocked, id=2712, stack(0x00000090a8b00000,0x00000090a8c00000) (1024K)]
  0x0000019e8ad1e570 JavaThread "Unconstrained build operations Thread 104"        [_thread_blocked, id=8120, stack(0x00000090b2600000,0x00000090b2700000) (1024K)]
  0x0000019e8ad1b0f0 JavaThread "Unconstrained build operations Thread 105"        [_thread_blocked, id=16344, stack(0x00000090b2800000,0x00000090b2900000) (1024K)]
  0x0000019ee84b7200 JavaThread "C2 CompilerThread2"         daemon [_thread_blocked, id=2824, stack(0x00000090b2700000,0x00000090b2800000) (1024K)]
  0x0000019e8ad1b780 JavaThread "Unconstrained build operations Thread 106"        [_thread_blocked, id=18256, stack(0x00000090b2900000,0x00000090b2a00000) (1024K)]
  0x0000019ef3ad8430 JavaThread "WorkerExecutor Queue Thread 7"        [_thread_blocked, id=2052, stack(0x00000090b2a00000,0x00000090b2b00000) (1024K)]
  0x0000019ee83316c0 JavaThread "WorkerExecutor Queue Thread 9"        [_thread_blocked, id=16904, stack(0x00000090b2c00000,0x00000090b2d00000) (1024K)]
  0x0000019ee832f5f0 JavaThread "WorkerExecutor Queue Thread 10"        [_thread_blocked, id=18424, stack(0x00000090b2d00000,0x00000090b2e00000) (1024K)]
  0x0000019ee8331d50 JavaThread "WorkerExecutor Queue Thread 11"        [_thread_blocked, id=3256, stack(0x00000090b2e00000,0x00000090b2f00000) (1024K)]
  0x0000019ee83309a0 JavaThread "WorkerExecutor Queue Thread 12"        [_thread_blocked, id=18972, stack(0x00000090b2f00000,0x00000090b3000000) (1024K)]
  0x0000019e8ad1be10 JavaThread "WorkerExecutor Queue Thread 13"        [_thread_blocked, id=16676, stack(0x00000090b3000000,0x00000090b3100000) (1024K)]
  0x0000019e91fc3470 JavaThread "Unconstrained build operations Thread 107"        [_thread_blocked, id=3176, stack(0x00000090b3100000,0x00000090b3200000) (1024K)]
  0x0000019e91fc4190 JavaThread "Unconstrained build operations Thread 108"        [_thread_blocked, id=10608, stack(0x00000090b3200000,0x00000090b3300000) (1024K)]
  0x0000019e91fc4820 JavaThread "Unconstrained build operations Thread 109"        [_thread_blocked, id=16000, stack(0x00000090b3600000,0x00000090b3700000) (1024K)]
  0x0000019e8a6a1400 JavaThread "RMI RenewClean-[127.0.0.1:17466,org.jetbrains.kotlin.daemon.common.LoopbackNetworkInterface$ClientLoopbackSocketFactory@64c1c072]" daemon [_thread_blocked, id=1272, stack(0x00000090b3900000,0x00000090b3a00000) (1024K)]
  0x0000019e8a7384f0 JavaThread "RMI TCP Connection(12)-127.0.0.1" daemon [_thread_in_native, id=11608, stack(0x00000090b3b00000,0x00000090b3c00000) (1024K)]
  0x0000019ef3b8f7b0 JavaThread "Unconstrained build operations Thread 110"        [_thread_blocked, id=12356, stack(0x00000090b3c00000,0x00000090b3d00000) (1024K)]
  0x0000019ef3ad97e0 JavaThread "Unconstrained build operations Thread 111"        [_thread_blocked, id=16964, stack(0x00000090b3f00000,0x00000090b4000000) (1024K)]
  0x0000019ef3ad8ac0 JavaThread "Unconstrained build operations Thread 112"        [_thread_blocked, id=15720, stack(0x00000090b4000000,0x00000090b4100000) (1024K)]
  0x0000019ef3ada500 JavaThread "Unconstrained build operations Thread 113"        [_thread_blocked, id=16920, stack(0x00000090b4100000,0x00000090b4200000) (1024K)]
  0x0000019ef3ad9150 JavaThread "Unconstrained build operations Thread 114"        [_thread_blocked, id=15848, stack(0x00000090b4200000,0x00000090b4300000) (1024K)]
  0x0000019ef3adab90 JavaThread "Unconstrained build operations Thread 115"        [_thread_blocked, id=15660, stack(0x00000090b4300000,0x00000090b4400000) (1024K)]
  0x0000019ef3adb220 JavaThread "Unconstrained build operations Thread 116"        [_thread_blocked, id=14344, stack(0x00000090b4400000,0x00000090b4500000) (1024K)]
  0x0000019ee97fb760 JavaThread "Unconstrained build operations Thread 117"        [_thread_blocked, id=7200, stack(0x00000090b4500000,0x00000090b4600000) (1024K)]
  0x0000019ee824eca0 JavaThread "Unconstrained build operations Thread 118"        [_thread_blocked, id=2672, stack(0x00000090b4600000,0x00000090b4700000) (1024K)]
  0x0000019ee824c540 JavaThread "Unconstrained build operations Thread 119"        [_thread_blocked, id=16348, stack(0x00000090b4700000,0x00000090b4800000) (1024K)]
  0x0000019ee824f9c0 JavaThread "Unconstrained build operations Thread 120"        [_thread_blocked, id=11840, stack(0x00000090b4800000,0x00000090b4900000) (1024K)]
  0x0000019e89332730 JavaThread "ForkJoinPool.commonPool-worker-45" daemon [_thread_in_vm, id=16252, stack(0x00000090b4900000,0x00000090b4a00000) (1024K)]
  0x0000019ee832fc80 JavaThread "ForkJoinPool.commonPool-worker-46" daemon [_thread_blocked, id=17200, stack(0x00000090b4a00000,0x00000090b4b00000) (1024K)]
  0x0000019ee8330310 JavaThread "ForkJoinPool.commonPool-worker-47" daemon [_thread_blocked, id=18968, stack(0x00000090b4b00000,0x00000090b4c00000) (1024K)]
  0x0000019e91fc4eb0 JavaThread "ForkJoinPool.commonPool-worker-48" daemon [_thread_blocked, id=7156, stack(0x00000090b4c00000,0x00000090b4d00000) (1024K)]
  0x0000019e91fc5540 JavaThread "ForkJoinPool.commonPool-worker-49" daemon [_thread_blocked, id=12064, stack(0x00000090b4d00000,0x00000090b4e00000) (1024K)]
  0x0000019ef14259c0 JavaThread "ForkJoinPool.commonPool-worker-50" daemon [_thread_blocked, id=16356, stack(0x00000090b4e00000,0x00000090b4f00000) (1024K)]
  0x0000019e8bd05090 JavaThread "ForkJoinPool.commonPool-worker-51" daemon [_thread_blocked, id=14104, stack(0x00000090b4f00000,0x00000090b5000000) (1024K)]
  0x0000019ef28e5700 JavaThread "ForkJoinPool.commonPool-worker-52" daemon [_thread_blocked, id=6620, stack(0x00000090b5000000,0x00000090b5100000) (1024K)]
Total: 228

Other Threads:
  0x0000019ec5b9fa60 VMThread "VM Thread"                           [id=9560, stack(0x00000090a6400000,0x00000090a6500000) (1024K)] _threads_hazard_ptr=0x0000019e883065c0
  0x0000019edfb10090 WatcherThread "VM Periodic Task Thread"        [id=10664, stack(0x00000090a6300000,0x00000090a6400000) (1024K)]
  0x0000019ec5b9ef80 WorkerThread "GC Thread#0"                     [id=13968, stack(0x00000090a5e00000,0x00000090a5f00000) (1024K)]
  0x0000019ec5b9fe00 WorkerThread "GC Thread#1"                     [id=17572, stack(0x00000090a7100000,0x00000090a7200000) (1024K)]
  0x0000019ec5b9e840 WorkerThread "GC Thread#2"                     [id=5572, stack(0x00000090a7200000,0x00000090a7300000) (1024K)]
  0x0000019ec5b9ebe0 WorkerThread "GC Thread#3"                     [id=17936, stack(0x00000090a7300000,0x00000090a7400000) (1024K)]
  0x0000019ee46831a0 WorkerThread "GC Thread#4"                     [id=12480, stack(0x00000090a7400000,0x00000090a7500000) (1024K)]
  0x0000019ee46843c0 WorkerThread "GC Thread#5"                     [id=7448, stack(0x00000090a6f00000,0x00000090a7000000) (1024K)]
  0x0000019ee4683540 WorkerThread "GC Thread#6"                     [id=17580, stack(0x00000090a7000000,0x00000090a7100000) (1024K)]
  0x0000019ee4683c80 WorkerThread "GC Thread#7"                     [id=7044, stack(0x00000090a8000000,0x00000090a8100000) (1024K)]
  0x0000019ee4684760 WorkerThread "GC Thread#8"                     [id=10428, stack(0x00000090a8100000,0x00000090a8200000) (1024K)]
  0x0000019ee46855e0 WorkerThread "GC Thread#9"                     [id=15016, stack(0x00000090a8200000,0x00000090a8300000) (1024K)]
  0x0000019ec80a80e0 ConcurrentGCThread "G1 Main Marker"            [id=6920, stack(0x00000090a5f00000,0x00000090a6000000) (1024K)]
  0x0000019ec5b9f6c0 WorkerThread "G1 Conc#0"                       [id=14524, stack(0x00000090a6000000,0x00000090a6100000) (1024K)]
  0x0000019ee4684020 WorkerThread "G1 Conc#1"                       [id=2404, stack(0x00000090a8300000,0x00000090a8400000) (1024K)]
  0x0000019ee4686460 WorkerThread "G1 Conc#2"                       [id=7624, stack(0x00000090a8400000,0x00000090a8500000) (1024K)]
  0x0000019edf0f8960 ConcurrentGCThread "G1 Refine#0"               [id=8076, stack(0x00000090a6100000,0x00000090a6200000) (1024K)]
  0x0000019edf0fa190 ConcurrentGCThread "G1 Service"                [id=17372, stack(0x00000090a6200000,0x00000090a6300000) (1024K)]
Total: 18

Threads with active compile tasks:
C2 CompilerThread0  1081792 56043       4       com.android.tools.r8.ir.optimize.z::a (550 bytes)
C2 CompilerThread1  1081792 56015       4       com.android.tools.r8.internal.kA::a (37 bytes)
C2 CompilerThread2  1081793 56049       4       com.android.tools.r8.internal.xn0::a (58 bytes)
Total: 3

VM state: synchronizing (normal execution)

VM Mutex/Monitor currently owned by a thread:  ([mutex/lock_event])
[0x00007ffd0a27e3a0] Threads_lock - owner thread: 0x0000019ec5b9fa60
[0x00007ffd0a27e4a0] Heap_lock - owner thread: 0x0000019e89332730

Heap address: 0x0000000080000000, size: 2048 MB, Compressed Oops mode: 32-bit

CDS archive(s) not mapped
Compressed class space mapped at: 0x0000000100000000-0x0000000140000000, reserved size: 1073741824
Narrow klass base: 0x0000000000000000, Narrow klass shift: 3, Narrow klass range: 0x140000000

GC Precious Log:
 CardTable entry size: 512
 Card Set container configuration: InlinePtr #cards 5 size 8 Array Of Cards #cards 12 size 40 Howl #buckets 4 coarsen threshold 1843 Howl Bitmap #cards 512 size 80 coarsen threshold 460 Card regions per heap region 1 cards per card region 2048
 CPUs: 12 total, 12 available
 Memory: 15708M
 Large Page Support: Disabled
 NUMA Support: Disabled
 Compressed Oops: Enabled (32-bit)
 Heap Region Size: 1M
 Heap Min Capacity: 8M
 Heap Initial Capacity: 246M
 Heap Max Capacity: 2G
 Pre-touch: Disabled
 Parallel Workers: 10
 Concurrent Workers: 3
 Concurrent Refinement Workers: 10
 Periodic GC: Disabled

Heap:
 garbage-first heap   total 1037312K, used 1007616K [0x0000000080000000, 0x0000000100000000)
  region size 1024K, 267 young (273408K), 33 survivors (33792K)
 Metaspace       used 275945K, committed 279424K, reserved 1310720K
  class space    used 33503K, committed 35520K, reserved 1048576K

Heap Regions: E=young(eden), S=young(survivor), O=old, HS=humongous(starts), HC=humongous(continues), CS=collection set, F=free, TAMS=top-at-mark-start, PB=parsable bottom
|   0|0x0000000080000000, 0x0000000080100000, 0x0000000080100000|100%| O|  |TAMS 0x0000000080000000| PB 0x0000000080000000| Untracked 
|   1|0x0000000080100000, 0x0000000080200000, 0x0000000080200000|100%|HS|  |TAMS 0x0000000080100000| PB 0x0000000080100000| Complete 
|   2|0x0000000080200000, 0x0000000080300000, 0x0000000080300000|100%|HC|  |TAMS 0x0000000080200000| PB 0x0000000080200000| Complete 
|   3|0x0000000080300000, 0x0000000080400000, 0x0000000080400000|100%|HC|  |TAMS 0x0000000080300000| PB 0x0000000080300000| Complete 
|   4|0x0000000080400000, 0x0000000080500000, 0x0000000080500000|100%| O|  |TAMS 0x0000000080400000| PB 0x0000000080400000| Untracked 
|   5|0x0000000080500000, 0x0000000080600000, 0x0000000080600000|100%| O|  |TAMS 0x0000000080500000| PB 0x0000000080500000| Untracked 
|   6|0x0000000080600000, 0x0000000080700000, 0x0000000080700000|100%| O|  |TAMS 0x0000000080600000| PB 0x0000000080600000| Untracked 
|   7|0x0000000080700000, 0x0000000080800000, 0x0000000080800000|100%|HS|  |TAMS 0x0000000080700000| PB 0x0000000080700000| Complete 
|   8|0x0000000080800000, 0x0000000080900000, 0x0000000080900000|100%| O|  |TAMS 0x0000000080800000| PB 0x0000000080800000| Untracked 
|   9|0x0000000080900000, 0x0000000080a00000, 0x0000000080a00000|100%| O|  |TAMS 0x0000000080900000| PB 0x0000000080900000| Untracked 
|  10|0x0000000080a00000, 0x0000000080b00000, 0x0000000080b00000|100%| O|  |TAMS 0x0000000080a00000| PB 0x0000000080a00000| Untracked 
|  11|0x0000000080b00000, 0x0000000080c00000, 0x0000000080c00000|100%| O|  |TAMS 0x0000000080b00000| PB 0x0000000080b00000| Untracked 
|  12|0x0000000080c00000, 0x0000000080d00000, 0x0000000080d00000|100%| O|  |TAMS 0x0000000080c00000| PB 0x0000000080c00000| Untracked 
|  13|0x0000000080d00000, 0x0000000080e00000, 0x0000000080e00000|100%| O|  |TAMS 0x0000000080d00000| PB 0x0000000080d00000| Untracked 
|  14|0x0000000080e00000, 0x0000000080f00000, 0x0000000080f00000|100%| O|  |TAMS 0x0000000080e00000| PB 0x0000000080e00000| Untracked 
|  15|0x0000000080f00000, 0x0000000081000000, 0x0000000081000000|100%| O|  |TAMS 0x0000000080f00000| PB 0x0000000080f00000| Untracked 
|  16|0x0000000081000000, 0x0000000081100000, 0x0000000081100000|100%| O|  |TAMS 0x0000000081000000| PB 0x0000000081000000| Untracked 
|  17|0x0000000081100000, 0x0000000081200000, 0x0000000081200000|100%| O|  |TAMS 0x0000000081100000| PB 0x0000000081100000| Untracked 
|  18|0x0000000081200000, 0x0000000081300000, 0x0000000081300000|100%| O|  |TAMS 0x0000000081200000| PB 0x0000000081200000| Untracked 
|  19|0x0000000081300000, 0x0000000081400000, 0x0000000081400000|100%| O|  |TAMS 0x0000000081300000| PB 0x0000000081300000| Untracked 
|  20|0x0000000081400000, 0x0000000081500000, 0x0000000081500000|100%| O|  |TAMS 0x0000000081400000| PB 0x0000000081400000| Untracked 
|  21|0x0000000081500000, 0x0000000081600000, 0x0000000081600000|100%| O|  |TAMS 0x0000000081500000| PB 0x0000000081500000| Untracked 
|  22|0x0000000081600000, 0x0000000081700000, 0x0000000081700000|100%| O|  |TAMS 0x0000000081600000| PB 0x0000000081600000| Untracked 
|  23|0x0000000081700000, 0x0000000081800000, 0x0000000081800000|100%| O|  |TAMS 0x0000000081700000| PB 0x0000000081700000| Untracked 
|  24|0x0000000081800000, 0x0000000081900000, 0x0000000081900000|100%| O|  |TAMS 0x0000000081800000| PB 0x0000000081800000| Untracked 
|  25|0x0000000081900000, 0x0000000081a00000, 0x0000000081a00000|100%| O|  |TAMS 0x0000000081900000| PB 0x0000000081900000| Untracked 
|  26|0x0000000081a00000, 0x0000000081b00000, 0x0000000081b00000|100%| O|  |TAMS 0x0000000081a00000| PB 0x0000000081a00000| Untracked 
|  27|0x0000000081b00000, 0x0000000081c00000, 0x0000000081c00000|100%| O|  |TAMS 0x0000000081b00000| PB 0x0000000081b00000| Untracked 
|  28|0x0000000081c00000, 0x0000000081d00000, 0x0000000081d00000|100%| O|  |TAMS 0x0000000081c00000| PB 0x0000000081c00000| Untracked 
|  29|0x0000000081d00000, 0x0000000081e00000, 0x0000000081e00000|100%| O|  |TAMS 0x0000000081d00000| PB 0x0000000081d00000| Untracked 
|  30|0x0000000081e00000, 0x0000000081f00000, 0x0000000081f00000|100%| O|  |TAMS 0x0000000081e00000| PB 0x0000000081e00000| Untracked 
|  31|0x0000000081f00000, 0x0000000082000000, 0x0000000082000000|100%| O|  |TAMS 0x0000000081f00000| PB 0x0000000081f00000| Untracked 
|  32|0x0000000082000000, 0x0000000082100000, 0x0000000082100000|100%| O|  |TAMS 0x0000000082000000| PB 0x0000000082000000| Untracked 
|  33|0x0000000082100000, 0x0000000082200000, 0x0000000082200000|100%| O|  |TAMS 0x0000000082100000| PB 0x0000000082100000| Untracked 
|  34|0x0000000082200000, 0x0000000082300000, 0x0000000082300000|100%| O|  |TAMS 0x0000000082200000| PB 0x0000000082200000| Untracked 
|  35|0x0000000082300000, 0x0000000082400000, 0x0000000082400000|100%| O|  |TAMS 0x0000000082300000| PB 0x0000000082300000| Untracked 
|  36|0x0000000082400000, 0x0000000082500000, 0x0000000082500000|100%| O|  |TAMS 0x0000000082400000| PB 0x0000000082400000| Untracked 
|  37|0x0000000082500000, 0x0000000082600000, 0x0000000082600000|100%| O|  |TAMS 0x0000000082500000| PB 0x0000000082500000| Untracked 
|  38|0x0000000082600000, 0x0000000082700000, 0x0000000082700000|100%| O|  |TAMS 0x0000000082600000| PB 0x0000000082600000| Untracked 
|  39|0x0000000082700000, 0x0000000082800000, 0x0000000082800000|100%| O|  |TAMS 0x0000000082700000| PB 0x0000000082700000| Untracked 
|  40|0x0000000082800000, 0x0000000082900000, 0x0000000082900000|100%| O|  |TAMS 0x0000000082800000| PB 0x0000000082800000| Untracked 
|  41|0x0000000082900000, 0x0000000082a00000, 0x0000000082a00000|100%| O|  |TAMS 0x0000000082900000| PB 0x0000000082900000| Untracked 
|  42|0x0000000082a00000, 0x0000000082b00000, 0x0000000082b00000|100%| O|  |TAMS 0x0000000082a00000| PB 0x0000000082a00000| Untracked 
|  43|0x0000000082b00000, 0x0000000082c00000, 0x0000000082c00000|100%| O|  |TAMS 0x0000000082b00000| PB 0x0000000082b00000| Untracked 
|  44|0x0000000082c00000, 0x0000000082d00000, 0x0000000082d00000|100%| O|  |TAMS 0x0000000082c00000| PB 0x0000000082c00000| Untracked 
|  45|0x0000000082d00000, 0x0000000082e00000, 0x0000000082e00000|100%| O|  |TAMS 0x0000000082d00000| PB 0x0000000082d00000| Untracked 
|  46|0x0000000082e00000, 0x0000000082f00000, 0x0000000082f00000|100%| O|  |TAMS 0x0000000082e00000| PB 0x0000000082e00000| Untracked 
|  47|0x0000000082f00000, 0x0000000083000000, 0x0000000083000000|100%| O|  |TAMS 0x0000000082f00000| PB 0x0000000082f00000| Untracked 
|  48|0x0000000083000000, 0x0000000083100000, 0x0000000083100000|100%| O|  |TAMS 0x0000000083000000| PB 0x0000000083000000| Untracked 
|  49|0x0000000083100000, 0x0000000083200000, 0x0000000083200000|100%| O|  |TAMS 0x0000000083100000| PB 0x0000000083100000| Untracked 
|  50|0x0000000083200000, 0x0000000083300000, 0x0000000083300000|100%| O|  |TAMS 0x0000000083200000| PB 0x0000000083200000| Untracked 
|  51|0x0000000083300000, 0x0000000083400000, 0x0000000083400000|100%| O|  |TAMS 0x0000000083300000| PB 0x0000000083300000| Untracked 
|  52|0x0000000083400000, 0x0000000083500000, 0x0000000083500000|100%|HS|  |TAMS 0x0000000083400000| PB 0x0000000083400000| Complete 
|  53|0x0000000083500000, 0x0000000083600000, 0x0000000083600000|100%|HS|  |TAMS 0x0000000083500000| PB 0x0000000083500000| Complete 
|  54|0x0000000083600000, 0x0000000083700000, 0x0000000083700000|100%|HS|  |TAMS 0x0000000083600000| PB 0x0000000083600000| Complete 
|  55|0x0000000083700000, 0x0000000083800000, 0x0000000083800000|100%|HC|  |TAMS 0x0000000083700000| PB 0x0000000083700000| Complete 
|  56|0x0000000083800000, 0x0000000083900000, 0x0000000083900000|100%|HS|  |TAMS 0x0000000083800000| PB 0x0000000083800000| Complete 
|  57|0x0000000083900000, 0x0000000083a00000, 0x0000000083a00000|100%|HC|  |TAMS 0x0000000083900000| PB 0x0000000083900000| Complete 
|  58|0x0000000083a00000, 0x0000000083b00000, 0x0000000083b00000|100%|HS|  |TAMS 0x0000000083a00000| PB 0x0000000083a00000| Complete 
|  59|0x0000000083b00000, 0x0000000083c00000, 0x0000000083c00000|100%|HS|  |TAMS 0x0000000083b00000| PB 0x0000000083b00000| Complete 
|  60|0x0000000083c00000, 0x0000000083d00000, 0x0000000083d00000|100%| O|  |TAMS 0x0000000083c00000| PB 0x0000000083c00000| Untracked 
|  61|0x0000000083d00000, 0x0000000083e00000, 0x0000000083e00000|100%|HS|  |TAMS 0x0000000083d00000| PB 0x0000000083d00000| Complete 
|  62|0x0000000083e00000, 0x0000000083f00000, 0x0000000083f00000|100%|HS|  |TAMS 0x0000000083e00000| PB 0x0000000083e00000| Complete 
|  63|0x0000000083f00000, 0x0000000084000000, 0x0000000084000000|100%| O|  |TAMS 0x0000000083f00000| PB 0x0000000083f00000| Untracked 
|  64|0x0000000084000000, 0x0000000084100000, 0x0000000084100000|100%|HS|  |TAMS 0x0000000084000000| PB 0x0000000084000000| Complete 
|  65|0x0000000084100000, 0x0000000084200000, 0x0000000084200000|100%| O|  |TAMS 0x0000000084100000| PB 0x0000000084100000| Untracked 
|  66|0x0000000084200000, 0x0000000084300000, 0x0000000084300000|100%| O|  |TAMS 0x0000000084200000| PB 0x0000000084200000| Untracked 
|  67|0x0000000084300000, 0x0000000084400000, 0x0000000084400000|100%| O|  |TAMS 0x0000000084300000| PB 0x0000000084300000| Untracked 
|  68|0x0000000084400000, 0x0000000084500000, 0x0000000084500000|100%| O|  |TAMS 0x0000000084400000| PB 0x0000000084400000| Untracked 
|  69|0x0000000084500000, 0x0000000084600000, 0x0000000084600000|100%| O|  |TAMS 0x0000000084500000| PB 0x0000000084500000| Untracked 
|  70|0x0000000084600000, 0x0000000084700000, 0x0000000084700000|100%| O|  |TAMS 0x0000000084600000| PB 0x0000000084600000| Untracked 
|  71|0x0000000084700000, 0x0000000084800000, 0x0000000084800000|100%| O|  |TAMS 0x0000000084700000| PB 0x0000000084700000| Untracked 
|  72|0x0000000084800000, 0x0000000084900000, 0x0000000084900000|100%| O|  |TAMS 0x0000000084800000| PB 0x0000000084800000| Untracked 
|  73|0x0000000084900000, 0x0000000084a00000, 0x0000000084a00000|100%| O|  |TAMS 0x0000000084900000| PB 0x0000000084900000| Untracked 
|  74|0x0000000084a00000, 0x0000000084b00000, 0x0000000084b00000|100%| O|  |TAMS 0x0000000084a00000| PB 0x0000000084a00000| Untracked 
|  75|0x0000000084b00000, 0x0000000084c00000, 0x0000000084c00000|100%| O|  |TAMS 0x0000000084b00000| PB 0x0000000084b00000| Untracked 
|  76|0x0000000084c00000, 0x0000000084d00000, 0x0000000084d00000|100%| O|  |TAMS 0x0000000084c00000| PB 0x0000000084c00000| Untracked 
|  77|0x0000000084d00000, 0x0000000084e00000, 0x0000000084e00000|100%| O|  |TAMS 0x0000000084d00000| PB 0x0000000084d00000| Untracked 
|  78|0x0000000084e00000, 0x0000000084f00000, 0x0000000084f00000|100%| O|  |TAMS 0x0000000084e00000| PB 0x0000000084e00000| Untracked 
|  79|0x0000000084f00000, 0x0000000085000000, 0x0000000085000000|100%| O|  |TAMS 0x0000000084f00000| PB 0x0000000084f00000| Untracked 
|  80|0x0000000085000000, 0x0000000085100000, 0x0000000085100000|100%| O|  |TAMS 0x0000000085000000| PB 0x0000000085000000| Untracked 
|  81|0x0000000085100000, 0x0000000085200000, 0x0000000085200000|100%| O|  |TAMS 0x0000000085100000| PB 0x0000000085100000| Untracked 
|  82|0x0000000085200000, 0x0000000085300000, 0x0000000085300000|100%| O|  |TAMS 0x0000000085200000| PB 0x0000000085200000| Untracked 
|  83|0x0000000085300000, 0x0000000085400000, 0x0000000085400000|100%| O|  |TAMS 0x0000000085300000| PB 0x0000000085300000| Untracked 
|  84|0x0000000085400000, 0x0000000085500000, 0x0000000085500000|100%| O|  |TAMS 0x0000000085400000| PB 0x0000000085400000| Untracked 
|  85|0x0000000085500000, 0x0000000085600000, 0x0000000085600000|100%| O|  |TAMS 0x0000000085500000| PB 0x0000000085500000| Untracked 
|  86|0x0000000085600000, 0x0000000085700000, 0x0000000085700000|100%| O|  |TAMS 0x0000000085600000| PB 0x0000000085600000| Untracked 
|  87|0x0000000085700000, 0x0000000085800000, 0x0000000085800000|100%| O|  |TAMS 0x0000000085700000| PB 0x0000000085700000| Untracked 
|  88|0x0000000085800000, 0x0000000085900000, 0x0000000085900000|100%| O|  |TAMS 0x0000000085800000| PB 0x0000000085800000| Untracked 
|  89|0x0000000085900000, 0x0000000085a00000, 0x0000000085a00000|100%| O|  |TAMS 0x0000000085900000| PB 0x0000000085900000| Untracked 
|  90|0x0000000085a00000, 0x0000000085b00000, 0x0000000085b00000|100%| O|  |TAMS 0x0000000085a00000| PB 0x0000000085a00000| Untracked 
|  91|0x0000000085b00000, 0x0000000085c00000, 0x0000000085c00000|100%| O|  |TAMS 0x0000000085b00000| PB 0x0000000085b00000| Untracked 
|  92|0x0000000085c00000, 0x0000000085d00000, 0x0000000085d00000|100%| O|  |TAMS 0x0000000085c00000| PB 0x0000000085c00000| Untracked 
|  93|0x0000000085d00000, 0x0000000085e00000, 0x0000000085e00000|100%| O|  |TAMS 0x0000000085d00000| PB 0x0000000085d00000| Untracked 
|  94|0x0000000085e00000, 0x0000000085f00000, 0x0000000085f00000|100%| O|  |TAMS 0x0000000085e00000| PB 0x0000000085e00000| Untracked 
|  95|0x0000000085f00000, 0x0000000086000000, 0x0000000086000000|100%|HS|  |TAMS 0x0000000085f00000| PB 0x0000000085f00000| Complete 
|  96|0x0000000086000000, 0x0000000086100000, 0x0000000086100000|100%| O|  |TAMS 0x0000000086000000| PB 0x0000000086000000| Untracked 
|  97|0x0000000086100000, 0x0000000086200000, 0x0000000086200000|100%| O|  |TAMS 0x0000000086100000| PB 0x0000000086100000| Untracked 
|  98|0x0000000086200000, 0x0000000086300000, 0x0000000086300000|100%| O|  |TAMS 0x0000000086200000| PB 0x0000000086200000| Untracked 
|  99|0x0000000086300000, 0x0000000086400000, 0x0000000086400000|100%| O|  |TAMS 0x0000000086300000| PB 0x0000000086300000| Untracked 
| 100|0x0000000086400000, 0x0000000086500000, 0x0000000086500000|100%| O|  |TAMS 0x0000000086400000| PB 0x0000000086400000| Untracked 
| 101|0x0000000086500000, 0x0000000086600000, 0x0000000086600000|100%| O|  |TAMS 0x0000000086500000| PB 0x0000000086500000| Untracked 
| 102|0x0000000086600000, 0x0000000086700000, 0x0000000086700000|100%| O|  |TAMS 0x0000000086600000| PB 0x0000000086600000| Untracked 
| 103|0x0000000086700000, 0x0000000086800000, 0x0000000086800000|100%| O|  |TAMS 0x0000000086700000| PB 0x0000000086700000| Untracked 
| 104|0x0000000086800000, 0x0000000086900000, 0x0000000086900000|100%| O|  |TAMS 0x0000000086800000| PB 0x0000000086800000| Untracked 
| 105|0x0000000086900000, 0x0000000086a00000, 0x0000000086a00000|100%| O|  |TAMS 0x0000000086900000| PB 0x0000000086900000| Untracked 
| 106|0x0000000086a00000, 0x0000000086b00000, 0x0000000086b00000|100%| O|  |TAMS 0x0000000086a00000| PB 0x0000000086a00000| Untracked 
| 107|0x0000000086b00000, 0x0000000086c00000, 0x0000000086c00000|100%| O|  |TAMS 0x0000000086b00000| PB 0x0000000086b00000| Untracked 
| 108|0x0000000086c00000, 0x0000000086d00000, 0x0000000086d00000|100%| O|  |TAMS 0x0000000086c00000| PB 0x0000000086c00000| Untracked 
| 109|0x0000000086d00000, 0x0000000086e00000, 0x0000000086e00000|100%| O|  |TAMS 0x0000000086d00000| PB 0x0000000086d00000| Untracked 
| 110|0x0000000086e00000, 0x0000000086f00000, 0x0000000086f00000|100%| O|  |TAMS 0x0000000086e00000| PB 0x0000000086e00000| Untracked 
| 111|0x0000000086f00000, 0x0000000087000000, 0x0000000087000000|100%| O|  |TAMS 0x0000000086f00000| PB 0x0000000086f00000| Untracked 
| 112|0x0000000087000000, 0x0000000087100000, 0x0000000087100000|100%| O|  |TAMS 0x0000000087000000| PB 0x0000000087000000| Untracked 
| 113|0x0000000087100000, 0x0000000087200000, 0x0000000087200000|100%| O|  |TAMS 0x0000000087100000| PB 0x0000000087100000| Untracked 
| 114|0x0000000087200000, 0x0000000087300000, 0x0000000087300000|100%| O|  |TAMS 0x0000000087200000| PB 0x0000000087200000| Untracked 
| 115|0x0000000087300000, 0x0000000087400000, 0x0000000087400000|100%| O|  |TAMS 0x0000000087300000| PB 0x0000000087300000| Untracked 
| 116|0x0000000087400000, 0x0000000087500000, 0x0000000087500000|100%| O|  |TAMS 0x0000000087400000| PB 0x0000000087400000| Untracked 
| 117|0x0000000087500000, 0x0000000087600000, 0x0000000087600000|100%| O|  |TAMS 0x0000000087500000| PB 0x0000000087500000| Untracked 
| 118|0x0000000087600000, 0x0000000087700000, 0x0000000087700000|100%| O|  |TAMS 0x0000000087600000| PB 0x0000000087600000| Untracked 
| 119|0x0000000087700000, 0x0000000087800000, 0x0000000087800000|100%| O|  |TAMS 0x0000000087700000| PB 0x0000000087700000| Untracked 
| 120|0x0000000087800000, 0x0000000087900000, 0x0000000087900000|100%| O|  |TAMS 0x0000000087800000| PB 0x0000000087800000| Untracked 
| 121|0x0000000087900000, 0x0000000087a00000, 0x0000000087a00000|100%| O|  |TAMS 0x0000000087900000| PB 0x0000000087900000| Untracked 
| 122|0x0000000087a00000, 0x0000000087b00000, 0x0000000087b00000|100%| O|  |TAMS 0x0000000087a00000| PB 0x0000000087a00000| Untracked 
| 123|0x0000000087b00000, 0x0000000087c00000, 0x0000000087c00000|100%| O|  |TAMS 0x0000000087b00000| PB 0x0000000087b00000| Untracked 
| 124|0x0000000087c00000, 0x0000000087d00000, 0x0000000087d00000|100%| O|  |TAMS 0x0000000087c00000| PB 0x0000000087c00000| Untracked 
| 125|0x0000000087d00000, 0x0000000087e00000, 0x0000000087e00000|100%| O|  |TAMS 0x0000000087d00000| PB 0x0000000087d00000| Untracked 
| 126|0x0000000087e00000, 0x0000000087f00000, 0x0000000087f00000|100%| O|  |TAMS 0x0000000087e00000| PB 0x0000000087e00000| Untracked 
| 127|0x0000000087f00000, 0x0000000088000000, 0x0000000088000000|100%| O|  |TAMS 0x0000000087f00000| PB 0x0000000087f00000| Untracked 
| 128|0x0000000088000000, 0x0000000088100000, 0x0000000088100000|100%| O|  |TAMS 0x0000000088000000| PB 0x0000000088000000| Untracked 
| 129|0x0000000088100000, 0x0000000088200000, 0x0000000088200000|100%| O|  |TAMS 0x0000000088100000| PB 0x0000000088100000| Untracked 
| 130|0x0000000088200000, 0x0000000088300000, 0x0000000088300000|100%| O|  |TAMS 0x0000000088200000| PB 0x0000000088200000| Untracked 
| 131|0x0000000088300000, 0x0000000088400000, 0x0000000088400000|100%| O|  |TAMS 0x0000000088300000| PB 0x0000000088300000| Untracked 
| 132|0x0000000088400000, 0x0000000088500000, 0x0000000088500000|100%| O|  |TAMS 0x0000000088400000| PB 0x0000000088400000| Untracked 
| 133|0x0000000088500000, 0x0000000088600000, 0x0000000088600000|100%| O|  |TAMS 0x0000000088500000| PB 0x0000000088500000| Untracked 
| 134|0x0000000088600000, 0x0000000088700000, 0x0000000088700000|100%| O|  |TAMS 0x0000000088600000| PB 0x0000000088600000| Untracked 
| 135|0x0000000088700000, 0x0000000088800000, 0x0000000088800000|100%| O|  |TAMS 0x0000000088700000| PB 0x0000000088700000| Untracked 
| 136|0x0000000088800000, 0x0000000088900000, 0x0000000088900000|100%| O|  |TAMS 0x0000000088800000| PB 0x0000000088800000| Untracked 
| 137|0x0000000088900000, 0x0000000088a00000, 0x0000000088a00000|100%| O|Cm|TAMS 0x0000000088900000| PB 0x0000000088900000| Complete 
| 138|0x0000000088a00000, 0x0000000088b00000, 0x0000000088b00000|100%| O|  |TAMS 0x0000000088a00000| PB 0x0000000088a00000| Untracked 
| 139|0x0000000088b00000, 0x0000000088c00000, 0x0000000088c00000|100%| O|  |TAMS 0x0000000088b00000| PB 0x0000000088b00000| Untracked 
| 140|0x0000000088c00000, 0x0000000088d00000, 0x0000000088d00000|100%| O|  |TAMS 0x0000000088c00000| PB 0x0000000088c00000| Untracked 
| 141|0x0000000088d00000, 0x0000000088e00000, 0x0000000088e00000|100%| O|  |TAMS 0x0000000088d00000| PB 0x0000000088d00000| Untracked 
| 142|0x0000000088e00000, 0x0000000088f00000, 0x0000000088f00000|100%| O|  |TAMS 0x0000000088e00000| PB 0x0000000088e00000| Untracked 
| 143|0x0000000088f00000, 0x0000000089000000, 0x0000000089000000|100%| O|  |TAMS 0x0000000088f00000| PB 0x0000000088f00000| Untracked 
| 144|0x0000000089000000, 0x0000000089100000, 0x0000000089100000|100%| O|  |TAMS 0x0000000089000000| PB 0x0000000089000000| Untracked 
| 145|0x0000000089100000, 0x0000000089200000, 0x0000000089200000|100%| O|  |TAMS 0x0000000089100000| PB 0x0000000089100000| Untracked 
| 146|0x0000000089200000, 0x0000000089300000, 0x0000000089300000|100%| O|  |TAMS 0x0000000089200000| PB 0x0000000089200000| Untracked 
| 147|0x0000000089300000, 0x0000000089400000, 0x0000000089400000|100%| O|  |TAMS 0x0000000089300000| PB 0x0000000089300000| Untracked 
| 148|0x0000000089400000, 0x0000000089500000, 0x0000000089500000|100%| O|  |TAMS 0x0000000089400000| PB 0x0000000089400000| Untracked 
| 149|0x0000000089500000, 0x0000000089600000, 0x0000000089600000|100%| O|  |TAMS 0x0000000089500000| PB 0x0000000089500000| Untracked 
| 150|0x0000000089600000, 0x0000000089700000, 0x0000000089700000|100%| O|Cm|TAMS 0x0000000089600000| PB 0x0000000089600000| Complete 
| 151|0x0000000089700000, 0x0000000089800000, 0x0000000089800000|100%| O|  |TAMS 0x0000000089700000| PB 0x0000000089700000| Untracked 
| 152|0x0000000089800000, 0x0000000089900000, 0x0000000089900000|100%| O|  |TAMS 0x0000000089800000| PB 0x0000000089800000| Untracked 
| 153|0x0000000089900000, 0x0000000089a00000, 0x0000000089a00000|100%|HS|  |TAMS 0x0000000089900000| PB 0x0000000089900000| Complete 
| 154|0x0000000089a00000, 0x0000000089b00000, 0x0000000089b00000|100%| O|  |TAMS 0x0000000089a00000| PB 0x0000000089a00000| Untracked 
| 155|0x0000000089b00000, 0x0000000089c00000, 0x0000000089c00000|100%| O|  |TAMS 0x0000000089b00000| PB 0x0000000089b00000| Untracked 
| 156|0x0000000089c00000, 0x0000000089d00000, 0x0000000089d00000|100%| O|  |TAMS 0x0000000089c00000| PB 0x0000000089c00000| Untracked 
| 157|0x0000000089d00000, 0x0000000089e00000, 0x0000000089e00000|100%|HS|  |TAMS 0x0000000089d00000| PB 0x0000000089d00000| Complete 
| 158|0x0000000089e00000, 0x0000000089f00000, 0x0000000089f00000|100%|HC|  |TAMS 0x0000000089e00000| PB 0x0000000089e00000| Complete 
| 159|0x0000000089f00000, 0x000000008a000000, 0x000000008a000000|100%|HC|  |TAMS 0x0000000089f00000| PB 0x0000000089f00000| Complete 
| 160|0x000000008a000000, 0x000000008a100000, 0x000000008a100000|100%|HC|  |TAMS 0x000000008a000000| PB 0x000000008a000000| Complete 
| 161|0x000000008a100000, 0x000000008a200000, 0x000000008a200000|100%| O|  |TAMS 0x000000008a100000| PB 0x000000008a100000| Untracked 
| 162|0x000000008a200000, 0x000000008a300000, 0x000000008a300000|100%| O|  |TAMS 0x000000008a200000| PB 0x000000008a200000| Untracked 
| 163|0x000000008a300000, 0x000000008a400000, 0x000000008a400000|100%| O|Cm|TAMS 0x000000008a300000| PB 0x000000008a300000| Complete 
| 164|0x000000008a400000, 0x000000008a500000, 0x000000008a500000|100%| O|  |TAMS 0x000000008a400000| PB 0x000000008a400000| Untracked 
| 165|0x000000008a500000, 0x000000008a600000, 0x000000008a600000|100%|HS|  |TAMS 0x000000008a500000| PB 0x000000008a500000| Complete 
| 166|0x000000008a600000, 0x000000008a700000, 0x000000008a700000|100%| O|  |TAMS 0x000000008a600000| PB 0x000000008a600000| Untracked 
| 167|0x000000008a700000, 0x000000008a800000, 0x000000008a800000|100%| O|  |TAMS 0x000000008a700000| PB 0x000000008a700000| Untracked 
| 168|0x000000008a800000, 0x000000008a900000, 0x000000008a900000|100%| O|  |TAMS 0x000000008a800000| PB 0x000000008a800000| Untracked 
| 169|0x000000008a900000, 0x000000008aa00000, 0x000000008aa00000|100%| O|  |TAMS 0x000000008a900000| PB 0x000000008a900000| Untracked 
| 170|0x000000008aa00000, 0x000000008ab00000, 0x000000008ab00000|100%| O|  |TAMS 0x000000008aa00000| PB 0x000000008aa00000| Untracked 
| 171|0x000000008ab00000, 0x000000008ac00000, 0x000000008ac00000|100%| O|  |TAMS 0x000000008ab00000| PB 0x000000008ab00000| Untracked 
| 172|0x000000008ac00000, 0x000000008ad00000, 0x000000008ad00000|100%| O|  |TAMS 0x000000008ac00000| PB 0x000000008ac00000| Untracked 
| 173|0x000000008ad00000, 0x000000008ae00000, 0x000000008ae00000|100%| O|Cm|TAMS 0x000000008ad00000| PB 0x000000008ad00000| Complete 
| 174|0x000000008ae00000, 0x000000008af00000, 0x000000008af00000|100%| O|  |TAMS 0x000000008ae00000| PB 0x000000008ae00000| Untracked 
| 175|0x000000008af00000, 0x000000008b000000, 0x000000008b000000|100%| O|  |TAMS 0x000000008af00000| PB 0x000000008af00000| Untracked 
| 176|0x000000008b000000, 0x000000008b100000, 0x000000008b100000|100%| O|Cm|TAMS 0x000000008b000000| PB 0x000000008b000000| Complete 
| 177|0x000000008b100000, 0x000000008b200000, 0x000000008b200000|100%| O|Cm|TAMS 0x000000008b100000| PB 0x000000008b100000| Complete 
| 178|0x000000008b200000, 0x000000008b300000, 0x000000008b300000|100%|HS|  |TAMS 0x000000008b200000| PB 0x000000008b200000| Complete 
| 179|0x000000008b300000, 0x000000008b400000, 0x000000008b400000|100%|HC|  |TAMS 0x000000008b300000| PB 0x000000008b300000| Complete 
| 180|0x000000008b400000, 0x000000008b500000, 0x000000008b500000|100%|HC|  |TAMS 0x000000008b400000| PB 0x000000008b400000| Complete 
| 181|0x000000008b500000, 0x000000008b600000, 0x000000008b600000|100%|HC|  |TAMS 0x000000008b500000| PB 0x000000008b500000| Complete 
| 182|0x000000008b600000, 0x000000008b700000, 0x000000008b700000|100%| O|  |TAMS 0x000000008b600000| PB 0x000000008b600000| Untracked 
| 183|0x000000008b700000, 0x000000008b800000, 0x000000008b800000|100%| O|  |TAMS 0x000000008b700000| PB 0x000000008b700000| Untracked 
| 184|0x000000008b800000, 0x000000008b900000, 0x000000008b900000|100%| O|  |TAMS 0x000000008b800000| PB 0x000000008b800000| Untracked 
| 185|0x000000008b900000, 0x000000008ba00000, 0x000000008ba00000|100%| O|  |TAMS 0x000000008b900000| PB 0x000000008b900000| Untracked 
| 186|0x000000008ba00000, 0x000000008bb00000, 0x000000008bb00000|100%| O|  |TAMS 0x000000008ba00000| PB 0x000000008ba00000| Untracked 
| 187|0x000000008bb00000, 0x000000008bc00000, 0x000000008bc00000|100%| O|Cm|TAMS 0x000000008bb00000| PB 0x000000008bb00000| Complete 
| 188|0x000000008bc00000, 0x000000008bd00000, 0x000000008bd00000|100%| O|  |TAMS 0x000000008bc00000| PB 0x000000008bc00000| Untracked 
| 189|0x000000008bd00000, 0x000000008be00000, 0x000000008be00000|100%| O|  |TAMS 0x000000008bd00000| PB 0x000000008bd00000| Untracked 
| 190|0x000000008be00000, 0x000000008bf00000, 0x000000008bf00000|100%| O|  |TAMS 0x000000008be00000| PB 0x000000008be00000| Untracked 
| 191|0x000000008bf00000, 0x000000008c000000, 0x000000008c000000|100%| O|  |TAMS 0x000000008bf00000| PB 0x000000008bf00000| Untracked 
| 192|0x000000008c000000, 0x000000008c100000, 0x000000008c100000|100%| O|  |TAMS 0x000000008c000000| PB 0x000000008c000000| Untracked 
| 193|0x000000008c100000, 0x000000008c200000, 0x000000008c200000|100%| O|  |TAMS 0x000000008c100000| PB 0x000000008c100000| Untracked 
| 194|0x000000008c200000, 0x000000008c300000, 0x000000008c300000|100%| O|  |TAMS 0x000000008c200000| PB 0x000000008c200000| Untracked 
| 195|0x000000008c300000, 0x000000008c400000, 0x000000008c400000|100%| O|  |TAMS 0x000000008c300000| PB 0x000000008c300000| Untracked 
| 196|0x000000008c400000, 0x000000008c500000, 0x000000008c500000|100%| O|  |TAMS 0x000000008c400000| PB 0x000000008c400000| Untracked 
| 197|0x000000008c500000, 0x000000008c600000, 0x000000008c600000|100%| O|  |TAMS 0x000000008c500000| PB 0x000000008c500000| Untracked 
| 198|0x000000008c600000, 0x000000008c700000, 0x000000008c700000|100%| O|  |TAMS 0x000000008c600000| PB 0x000000008c600000| Untracked 
| 199|0x000000008c700000, 0x000000008c800000, 0x000000008c800000|100%| O|  |TAMS 0x000000008c700000| PB 0x000000008c700000| Untracked 
| 200|0x000000008c800000, 0x000000008c900000, 0x000000008c900000|100%| O|  |TAMS 0x000000008c800000| PB 0x000000008c800000| Untracked 
| 201|0x000000008c900000, 0x000000008ca00000, 0x000000008ca00000|100%| O|Cm|TAMS 0x000000008c900000| PB 0x000000008c900000| Complete 
| 202|0x000000008ca00000, 0x000000008cb00000, 0x000000008cb00000|100%| O|Cm|TAMS 0x000000008ca00000| PB 0x000000008ca00000| Complete 
| 203|0x000000008cb00000, 0x000000008cc00000, 0x000000008cc00000|100%| O|Cm|TAMS 0x000000008cb00000| PB 0x000000008cb00000| Complete 
| 204|0x000000008cc00000, 0x000000008cd00000, 0x000000008cd00000|100%|HS|  |TAMS 0x000000008cc00000| PB 0x000000008cc00000| Complete 
| 205|0x000000008cd00000, 0x000000008ce00000, 0x000000008ce00000|100%| O|  |TAMS 0x000000008cd00000| PB 0x000000008cd00000| Untracked 
| 206|0x000000008ce00000, 0x000000008cf00000, 0x000000008cf00000|100%| O|  |TAMS 0x000000008ce00000| PB 0x000000008ce00000| Untracked 
| 207|0x000000008cf00000, 0x000000008d000000, 0x000000008d000000|100%| O|  |TAMS 0x000000008cf00000| PB 0x000000008cf00000| Untracked 
| 208|0x000000008d000000, 0x000000008d100000, 0x000000008d100000|100%| O|  |TAMS 0x000000008d000000| PB 0x000000008d000000| Untracked 
| 209|0x000000008d100000, 0x000000008d200000, 0x000000008d200000|100%| O|  |TAMS 0x000000008d100000| PB 0x000000008d100000| Untracked 
| 210|0x000000008d200000, 0x000000008d300000, 0x000000008d300000|100%|HS|  |TAMS 0x000000008d200000| PB 0x000000008d200000| Complete 
| 211|0x000000008d300000, 0x000000008d400000, 0x000000008d400000|100%| O|  |TAMS 0x000000008d300000| PB 0x000000008d300000| Untracked 
| 212|0x000000008d400000, 0x000000008d500000, 0x000000008d500000|100%| O|  |TAMS 0x000000008d400000| PB 0x000000008d400000| Untracked 
| 213|0x000000008d500000, 0x000000008d600000, 0x000000008d600000|100%| O|  |TAMS 0x000000008d500000| PB 0x000000008d500000| Untracked 
| 214|0x000000008d600000, 0x000000008d700000, 0x000000008d700000|100%|HS|  |TAMS 0x000000008d600000| PB 0x000000008d600000| Complete 
| 215|0x000000008d700000, 0x000000008d800000, 0x000000008d800000|100%| O|  |TAMS 0x000000008d700000| PB 0x000000008d700000| Untracked 
| 216|0x000000008d800000, 0x000000008d900000, 0x000000008d900000|100%| O|  |TAMS 0x000000008d800000| PB 0x000000008d800000| Untracked 
| 217|0x000000008d900000, 0x000000008da00000, 0x000000008da00000|100%| O|  |TAMS 0x000000008d900000| PB 0x000000008d900000| Untracked 
| 218|0x000000008da00000, 0x000000008db00000, 0x000000008db00000|100%| O|Cm|TAMS 0x000000008da00000| PB 0x000000008da00000| Complete 
| 219|0x000000008db00000, 0x000000008dc00000, 0x000000008dc00000|100%| O|Cm|TAMS 0x000000008db00000| PB 0x000000008db00000| Complete 
| 220|0x000000008dc00000, 0x000000008dd00000, 0x000000008dd00000|100%| O|Cm|TAMS 0x000000008dc00000| PB 0x000000008dc00000| Complete 
| 221|0x000000008dd00000, 0x000000008de00000, 0x000000008de00000|100%| O|Cm|TAMS 0x000000008dd00000| PB 0x000000008dd00000| Complete 
| 222|0x000000008de00000, 0x000000008df00000, 0x000000008df00000|100%| O|Cm|TAMS 0x000000008de00000| PB 0x000000008de00000| Complete 
| 223|0x000000008df00000, 0x000000008e000000, 0x000000008e000000|100%| O|Cm|TAMS 0x000000008df00000| PB 0x000000008df00000| Complete 
| 224|0x000000008e000000, 0x000000008e100000, 0x000000008e100000|100%|HS|  |TAMS 0x000000008e000000| PB 0x000000008e000000| Complete 
| 225|0x000000008e100000, 0x000000008e200000, 0x000000008e200000|100%| O|  |TAMS 0x000000008e100000| PB 0x000000008e100000| Untracked 
| 226|0x000000008e200000, 0x000000008e300000, 0x000000008e300000|100%| O|  |TAMS 0x000000008e200000| PB 0x000000008e200000| Untracked 
| 227|0x000000008e300000, 0x000000008e400000, 0x000000008e400000|100%| O|Cm|TAMS 0x000000008e300000| PB 0x000000008e300000| Complete 
| 228|0x000000008e400000, 0x000000008e400000, 0x000000008e500000|  0%| F|  |TAMS 0x000000008e400000| PB 0x000000008e400000| Untracked 
| 229|0x000000008e500000, 0x000000008e600000, 0x000000008e600000|100%| O|  |TAMS 0x000000008e500000| PB 0x000000008e500000| Untracked 
| 230|0x000000008e600000, 0x000000008e700000, 0x000000008e700000|100%| O|  |TAMS 0x000000008e600000| PB 0x000000008e600000| Untracked 
| 231|0x000000008e700000, 0x000000008e800000, 0x000000008e800000|100%| O|  |TAMS 0x000000008e700000| PB 0x000000008e700000| Untracked 
| 232|0x000000008e800000, 0x000000008e800000, 0x000000008e900000|  0%| F|  |TAMS 0x000000008e800000| PB 0x000000008e800000| Untracked 
| 233|0x000000008e900000, 0x000000008ea00000, 0x000000008ea00000|100%| O|  |TAMS 0x000000008e900000| PB 0x000000008e900000| Untracked 
| 234|0x000000008ea00000, 0x000000008eb00000, 0x000000008eb00000|100%| O|  |TAMS 0x000000008ea00000| PB 0x000000008ea00000| Untracked 
| 235|0x000000008eb00000, 0x000000008ec00000, 0x000000008ec00000|100%| O|  |TAMS 0x000000008eb00000| PB 0x000000008eb00000| Untracked 
| 236|0x000000008ec00000, 0x000000008ed00000, 0x000000008ed00000|100%| O|  |TAMS 0x000000008ec00000| PB 0x000000008ec00000| Untracked 
| 237|0x000000008ed00000, 0x000000008ee00000, 0x000000008ee00000|100%| O|  |TAMS 0x000000008ed00000| PB 0x000000008ed00000| Untracked 
| 238|0x000000008ee00000, 0x000000008ef00000, 0x000000008ef00000|100%| O|  |TAMS 0x000000008ee00000| PB 0x000000008ee00000| Untracked 
| 239|0x000000008ef00000, 0x000000008f000000, 0x000000008f000000|100%| O|  |TAMS 0x000000008ef00000| PB 0x000000008ef00000| Untracked 
| 240|0x000000008f000000, 0x000000008f100000, 0x000000008f100000|100%| O|  |TAMS 0x000000008f000000| PB 0x000000008f000000| Untracked 
| 241|0x000000008f100000, 0x000000008f200000, 0x000000008f200000|100%| O|  |TAMS 0x000000008f100000| PB 0x000000008f100000| Untracked 
| 242|0x000000008f200000, 0x000000008f300000, 0x000000008f300000|100%|HS|  |TAMS 0x000000008f200000| PB 0x000000008f200000| Complete 
| 243|0x000000008f300000, 0x000000008f400000, 0x000000008f400000|100%|HC|  |TAMS 0x000000008f300000| PB 0x000000008f300000| Complete 
| 244|0x000000008f400000, 0x000000008f500000, 0x000000008f500000|100%| O|  |TAMS 0x000000008f400000| PB 0x000000008f400000| Untracked 
| 245|0x000000008f500000, 0x000000008f600000, 0x000000008f600000|100%| O|  |TAMS 0x000000008f500000| PB 0x000000008f500000| Untracked 
| 246|0x000000008f600000, 0x000000008f700000, 0x000000008f700000|100%| O|  |TAMS 0x000000008f600000| PB 0x000000008f600000| Untracked 
| 247|0x000000008f700000, 0x000000008f700000, 0x000000008f800000|  0%| F|  |TAMS 0x000000008f700000| PB 0x000000008f700000| Untracked 
| 248|0x000000008f800000, 0x000000008f900000, 0x000000008f900000|100%| O|  |TAMS 0x000000008f800000| PB 0x000000008f800000| Untracked 
| 249|0x000000008f900000, 0x000000008f900000, 0x000000008fa00000|  0%| F|  |TAMS 0x000000008f900000| PB 0x000000008f900000| Untracked 
| 250|0x000000008fa00000, 0x000000008fb00000, 0x000000008fb00000|100%| O|  |TAMS 0x000000008fa00000| PB 0x000000008fa00000| Untracked 
| 251|0x000000008fb00000, 0x000000008fb00000, 0x000000008fc00000|  0%| F|  |TAMS 0x000000008fb00000| PB 0x000000008fb00000| Untracked 
| 252|0x000000008fc00000, 0x000000008fd00000, 0x000000008fd00000|100%| O|  |TAMS 0x000000008fc00000| PB 0x000000008fc00000| Untracked 
| 253|0x000000008fd00000, 0x000000008fe00000, 0x000000008fe00000|100%|HS|  |TAMS 0x000000008fd00000| PB 0x000000008fd00000| Complete 
| 254|0x000000008fe00000, 0x000000008ff00000, 0x000000008ff00000|100%|HC|  |TAMS 0x000000008fe00000| PB 0x000000008fe00000| Complete 
| 255|0x000000008ff00000, 0x0000000090000000, 0x0000000090000000|100%| O|  |TAMS 0x000000008ff00000| PB 0x000000008ff00000| Untracked 
| 256|0x0000000090000000, 0x0000000090100000, 0x0000000090100000|100%| O|  |TAMS 0x0000000090000000| PB 0x0000000090000000| Untracked 
| 257|0x0000000090100000, 0x0000000090200000, 0x0000000090200000|100%| O|  |TAMS 0x0000000090100000| PB 0x0000000090100000| Untracked 
| 258|0x0000000090200000, 0x0000000090300000, 0x0000000090300000|100%| O|  |TAMS 0x0000000090200000| PB 0x0000000090200000| Untracked 
| 259|0x0000000090300000, 0x0000000090400000, 0x0000000090400000|100%| O|  |TAMS 0x0000000090300000| PB 0x0000000090300000| Untracked 
| 260|0x0000000090400000, 0x0000000090500000, 0x0000000090500000|100%| O|  |TAMS 0x0000000090400000| PB 0x0000000090400000| Untracked 
| 261|0x0000000090500000, 0x0000000090600000, 0x0000000090600000|100%| O|  |TAMS 0x0000000090500000| PB 0x0000000090500000| Untracked 
| 262|0x0000000090600000, 0x0000000090700000, 0x0000000090700000|100%| O|  |TAMS 0x0000000090600000| PB 0x0000000090600000| Untracked 
| 263|0x0000000090700000, 0x0000000090800000, 0x0000000090800000|100%| O|  |TAMS 0x0000000090700000| PB 0x0000000090700000| Untracked 
| 264|0x0000000090800000, 0x0000000090900000, 0x0000000090900000|100%| O|  |TAMS 0x0000000090800000| PB 0x0000000090800000| Untracked 
| 265|0x0000000090900000, 0x0000000090a00000, 0x0000000090a00000|100%| O|  |TAMS 0x0000000090900000| PB 0x0000000090900000| Untracked 
| 266|0x0000000090a00000, 0x0000000090b00000, 0x0000000090b00000|100%| O|  |TAMS 0x0000000090a00000| PB 0x0000000090a00000| Untracked 
| 267|0x0000000090b00000, 0x0000000090b00000, 0x0000000090c00000|  0%| F|  |TAMS 0x0000000090b00000| PB 0x0000000090b00000| Untracked 
| 268|0x0000000090c00000, 0x0000000090d00000, 0x0000000090d00000|100%| O|  |TAMS 0x0000000090c00000| PB 0x0000000090c00000| Untracked 
| 269|0x0000000090d00000, 0x0000000090e00000, 0x0000000090e00000|100%| O|  |TAMS 0x0000000090d00000| PB 0x0000000090d00000| Untracked 
| 270|0x0000000090e00000, 0x0000000090f00000, 0x0000000090f00000|100%| O|  |TAMS 0x0000000090e00000| PB 0x0000000090e00000| Untracked 
| 271|0x0000000090f00000, 0x0000000091000000, 0x0000000091000000|100%| O|  |TAMS 0x0000000090f00000| PB 0x0000000090f00000| Untracked 
| 272|0x0000000091000000, 0x0000000091100000, 0x0000000091100000|100%| O|Cm|TAMS 0x0000000091000000| PB 0x0000000091000000| Complete 
| 273|0x0000000091100000, 0x0000000091200000, 0x0000000091200000|100%|HS|  |TAMS 0x0000000091100000| PB 0x0000000091100000| Complete 
| 274|0x0000000091200000, 0x0000000091300000, 0x0000000091300000|100%|HC|  |TAMS 0x0000000091200000| PB 0x0000000091200000| Complete 
| 275|0x0000000091300000, 0x0000000091400000, 0x0000000091400000|100%| O|  |TAMS 0x0000000091300000| PB 0x0000000091300000| Untracked 
| 276|0x0000000091400000, 0x0000000091400000, 0x0000000091500000|  0%| F|  |TAMS 0x0000000091400000| PB 0x0000000091400000| Untracked 
| 277|0x0000000091500000, 0x0000000091600000, 0x0000000091600000|100%| O|Cm|TAMS 0x0000000091500000| PB 0x0000000091500000| Complete 
| 278|0x0000000091600000, 0x0000000091700000, 0x0000000091700000|100%| O|  |TAMS 0x0000000091600000| PB 0x0000000091600000| Untracked 
| 279|0x0000000091700000, 0x0000000091800000, 0x0000000091800000|100%| O|  |TAMS 0x0000000091700000| PB 0x0000000091700000| Untracked 
| 280|0x0000000091800000, 0x0000000091900000, 0x0000000091900000|100%| O|  |TAMS 0x0000000091800000| PB 0x0000000091800000| Untracked 
| 281|0x0000000091900000, 0x0000000091a00000, 0x0000000091a00000|100%| O|  |TAMS 0x0000000091900000| PB 0x0000000091900000| Untracked 
| 282|0x0000000091a00000, 0x0000000091b00000, 0x0000000091b00000|100%| O|  |TAMS 0x0000000091a00000| PB 0x0000000091a00000| Untracked 
| 283|0x0000000091b00000, 0x0000000091c00000, 0x0000000091c00000|100%| O|  |TAMS 0x0000000091b00000| PB 0x0000000091b00000| Untracked 
| 284|0x0000000091c00000, 0x0000000091d00000, 0x0000000091d00000|100%| O|  |TAMS 0x0000000091c00000| PB 0x0000000091c00000| Untracked 
| 285|0x0000000091d00000, 0x0000000091e00000, 0x0000000091e00000|100%| O|Cm|TAMS 0x0000000091d00000| PB 0x0000000091d00000| Complete 
| 286|0x0000000091e00000, 0x0000000091f00000, 0x0000000091f00000|100%| O|  |TAMS 0x0000000091e00000| PB 0x0000000091e00000| Untracked 
| 287|0x0000000091f00000, 0x0000000092000000, 0x0000000092000000|100%| O|Cm|TAMS 0x0000000091f00000| PB 0x0000000091f00000| Complete 
| 288|0x0000000092000000, 0x0000000092100000, 0x0000000092100000|100%|HS|  |TAMS 0x0000000092000000| PB 0x0000000092000000| Complete 
| 289|0x0000000092100000, 0x0000000092200000, 0x0000000092200000|100%|HC|  |TAMS 0x0000000092100000| PB 0x0000000092100000| Complete 
| 290|0x0000000092200000, 0x0000000092300000, 0x0000000092300000|100%|HS|  |TAMS 0x0000000092200000| PB 0x0000000092200000| Complete 
| 291|0x0000000092300000, 0x0000000092400000, 0x0000000092400000|100%|HC|  |TAMS 0x0000000092300000| PB 0x0000000092300000| Complete 
| 292|0x0000000092400000, 0x0000000092500000, 0x0000000092500000|100%| O|Cm|TAMS 0x0000000092400000| PB 0x0000000092400000| Complete 
| 293|0x0000000092500000, 0x0000000092600000, 0x0000000092600000|100%|HS|  |TAMS 0x0000000092500000| PB 0x0000000092500000| Complete 
| 294|0x0000000092600000, 0x0000000092700000, 0x0000000092700000|100%|HC|  |TAMS 0x0000000092600000| PB 0x0000000092600000| Complete 
| 295|0x0000000092700000, 0x0000000092800000, 0x0000000092800000|100%| O|Cm|TAMS 0x0000000092700000| PB 0x0000000092700000| Complete 
| 296|0x0000000092800000, 0x0000000092800000, 0x0000000092900000|  0%| F|  |TAMS 0x0000000092800000| PB 0x0000000092800000| Untracked 
| 297|0x0000000092900000, 0x0000000092a00000, 0x0000000092a00000|100%| O|Cm|TAMS 0x0000000092900000| PB 0x0000000092900000| Complete 
| 298|0x0000000092a00000, 0x0000000092a00000, 0x0000000092b00000|  0%| F|  |TAMS 0x0000000092a00000| PB 0x0000000092a00000| Untracked 
| 299|0x0000000092b00000, 0x0000000092c00000, 0x0000000092c00000|100%| O|Cm|TAMS 0x0000000092b00000| PB 0x0000000092b00000| Complete 
| 300|0x0000000092c00000, 0x0000000092d00000, 0x0000000092d00000|100%| O|Cm|TAMS 0x0000000092c00000| PB 0x0000000092c00000| Complete 
| 301|0x0000000092d00000, 0x0000000092e00000, 0x0000000092e00000|100%| O|  |TAMS 0x0000000092d00000| PB 0x0000000092d00000| Untracked 
| 302|0x0000000092e00000, 0x0000000092f00000, 0x0000000092f00000|100%| O|Cm|TAMS 0x0000000092e00000| PB 0x0000000092e00000| Complete 
| 303|0x0000000092f00000, 0x0000000092f00000, 0x0000000093000000|  0%| F|  |TAMS 0x0000000092f00000| PB 0x0000000092f00000| Untracked 
| 304|0x0000000093000000, 0x0000000093100000, 0x0000000093100000|100%| O|Cm|TAMS 0x0000000093000000| PB 0x0000000093000000| Complete 
| 305|0x0000000093100000, 0x0000000093200000, 0x0000000093200000|100%|HS|  |TAMS 0x0000000093100000| PB 0x0000000093100000| Complete 
| 306|0x0000000093200000, 0x0000000093300000, 0x0000000093300000|100%|HC|  |TAMS 0x0000000093200000| PB 0x0000000093200000| Complete 
| 307|0x0000000093300000, 0x0000000093400000, 0x0000000093400000|100%| O|Cm|TAMS 0x0000000093300000| PB 0x0000000093300000| Complete 
| 308|0x0000000093400000, 0x0000000093500000, 0x0000000093500000|100%|HS|  |TAMS 0x0000000093400000| PB 0x0000000093400000| Complete 
| 309|0x0000000093500000, 0x0000000093600000, 0x0000000093600000|100%|HC|  |TAMS 0x0000000093500000| PB 0x0000000093500000| Complete 
| 310|0x0000000093600000, 0x0000000093700000, 0x0000000093700000|100%|HC|  |TAMS 0x0000000093600000| PB 0x0000000093600000| Complete 
| 311|0x0000000093700000, 0x0000000093800000, 0x0000000093800000|100%|HC|  |TAMS 0x0000000093700000| PB 0x0000000093700000| Complete 
| 312|0x0000000093800000, 0x0000000093900000, 0x0000000093900000|100%|HC|  |TAMS 0x0000000093800000| PB 0x0000000093800000| Complete 
| 313|0x0000000093900000, 0x0000000093a00000, 0x0000000093a00000|100%|HC|  |TAMS 0x0000000093900000| PB 0x0000000093900000| Complete 
| 314|0x0000000093a00000, 0x0000000093b00000, 0x0000000093b00000|100%|HC|  |TAMS 0x0000000093a00000| PB 0x0000000093a00000| Complete 
| 315|0x0000000093b00000, 0x0000000093b00000, 0x0000000093c00000|  0%| F|  |TAMS 0x0000000093b00000| PB 0x0000000093b00000| Untracked 
| 316|0x0000000093c00000, 0x0000000093d00000, 0x0000000093d00000|100%| O|Cm|TAMS 0x0000000093c00000| PB 0x0000000093c00000| Complete 
| 317|0x0000000093d00000, 0x0000000093e00000, 0x0000000093e00000|100%|HS|  |TAMS 0x0000000093d00000| PB 0x0000000093d00000| Complete 
| 318|0x0000000093e00000, 0x0000000093f00000, 0x0000000093f00000|100%|HC|  |TAMS 0x0000000093e00000| PB 0x0000000093e00000| Complete 
| 319|0x0000000093f00000, 0x0000000094000000, 0x0000000094000000|100%|HS|  |TAMS 0x0000000093f00000| PB 0x0000000093f00000| Complete 
| 320|0x0000000094000000, 0x0000000094100000, 0x0000000094100000|100%|HC|  |TAMS 0x0000000094000000| PB 0x0000000094000000| Complete 
| 321|0x0000000094100000, 0x0000000094200000, 0x0000000094200000|100%| O|Cm|TAMS 0x0000000094100000| PB 0x0000000094100000| Complete 
| 322|0x0000000094200000, 0x0000000094300000, 0x0000000094300000|100%| O|Cm|TAMS 0x0000000094200000| PB 0x0000000094200000| Complete 
| 323|0x0000000094300000, 0x0000000094400000, 0x0000000094400000|100%| O|Cm|TAMS 0x0000000094300000| PB 0x0000000094300000| Complete 
| 324|0x0000000094400000, 0x0000000094500000, 0x0000000094500000|100%| O|  |TAMS 0x0000000094400000| PB 0x0000000094400000| Untracked 
| 325|0x0000000094500000, 0x0000000094600000, 0x0000000094600000|100%| O|Cm|TAMS 0x0000000094500000| PB 0x0000000094500000| Complete 
| 326|0x0000000094600000, 0x0000000094700000, 0x0000000094700000|100%|HS|  |TAMS 0x0000000094600000| PB 0x0000000094600000| Complete 
| 327|0x0000000094700000, 0x0000000094800000, 0x0000000094800000|100%|HC|  |TAMS 0x0000000094700000| PB 0x0000000094700000| Complete 
| 328|0x0000000094800000, 0x0000000094900000, 0x0000000094900000|100%| O|  |TAMS 0x0000000094800000| PB 0x0000000094800000| Untracked 
| 329|0x0000000094900000, 0x0000000094a00000, 0x0000000094a00000|100%| O|Cm|TAMS 0x0000000094900000| PB 0x0000000094900000| Complete 
| 330|0x0000000094a00000, 0x0000000094b00000, 0x0000000094b00000|100%|HS|  |TAMS 0x0000000094a00000| PB 0x0000000094a00000| Complete 
| 331|0x0000000094b00000, 0x0000000094c00000, 0x0000000094c00000|100%|HC|  |TAMS 0x0000000094b00000| PB 0x0000000094b00000| Complete 
| 332|0x0000000094c00000, 0x0000000094d00000, 0x0000000094d00000|100%|HS|  |TAMS 0x0000000094c00000| PB 0x0000000094c00000| Complete 
| 333|0x0000000094d00000, 0x0000000094e00000, 0x0000000094e00000|100%|HC|  |TAMS 0x0000000094d00000| PB 0x0000000094d00000| Complete 
| 334|0x0000000094e00000, 0x0000000094e00000, 0x0000000094f00000|  0%| F|  |TAMS 0x0000000094e00000| PB 0x0000000094e00000| Untracked 
| 335|0x0000000094f00000, 0x0000000095000000, 0x0000000095000000|100%| O|  |TAMS 0x0000000094f00000| PB 0x0000000094f00000| Untracked 
| 336|0x0000000095000000, 0x0000000095100000, 0x0000000095100000|100%| O|  |TAMS 0x0000000095000000| PB 0x0000000095000000| Untracked 
| 337|0x0000000095100000, 0x0000000095200000, 0x0000000095200000|100%| O|  |TAMS 0x0000000095100000| PB 0x0000000095100000| Untracked 
| 338|0x0000000095200000, 0x0000000095300000, 0x0000000095300000|100%| O|  |TAMS 0x0000000095200000| PB 0x0000000095200000| Untracked 
| 339|0x0000000095300000, 0x0000000095400000, 0x0000000095400000|100%| O|  |TAMS 0x0000000095300000| PB 0x0000000095300000| Untracked 
| 340|0x0000000095400000, 0x0000000095500000, 0x0000000095500000|100%| O|  |TAMS 0x0000000095400000| PB 0x0000000095400000| Untracked 
| 341|0x0000000095500000, 0x0000000095600000, 0x0000000095600000|100%| O|  |TAMS 0x0000000095500000| PB 0x0000000095500000| Untracked 
| 342|0x0000000095600000, 0x0000000095700000, 0x0000000095700000|100%| O|  |TAMS 0x0000000095600000| PB 0x0000000095600000| Untracked 
| 343|0x0000000095700000, 0x0000000095800000, 0x0000000095800000|100%| O|  |TAMS 0x0000000095700000| PB 0x0000000095700000| Untracked 
| 344|0x0000000095800000, 0x0000000095800000, 0x0000000095900000|  0%| F|  |TAMS 0x0000000095800000| PB 0x0000000095800000| Untracked 
| 345|0x0000000095900000, 0x0000000095a00000, 0x0000000095a00000|100%| O|  |TAMS 0x0000000095900000| PB 0x0000000095900000| Untracked 
| 346|0x0000000095a00000, 0x0000000095b00000, 0x0000000095b00000|100%| O|  |TAMS 0x0000000095a00000| PB 0x0000000095a00000| Untracked 
| 347|0x0000000095b00000, 0x0000000095c00000, 0x0000000095c00000|100%| O|  |TAMS 0x0000000095b00000| PB 0x0000000095b00000| Untracked 
| 348|0x0000000095c00000, 0x0000000095d00000, 0x0000000095d00000|100%| O|  |TAMS 0x0000000095c00000| PB 0x0000000095c00000| Untracked 
| 349|0x0000000095d00000, 0x0000000095e00000, 0x0000000095e00000|100%| O|  |TAMS 0x0000000095d00000| PB 0x0000000095d00000| Untracked 
| 350|0x0000000095e00000, 0x0000000095f00000, 0x0000000095f00000|100%|HS|  |TAMS 0x0000000095e00000| PB 0x0000000095e00000| Complete 
| 351|0x0000000095f00000, 0x0000000096000000, 0x0000000096000000|100%|HC|  |TAMS 0x0000000095f00000| PB 0x0000000095f00000| Complete 
| 352|0x0000000096000000, 0x0000000096100000, 0x0000000096100000|100%|HC|  |TAMS 0x0000000096000000| PB 0x0000000096000000| Complete 
| 353|0x0000000096100000, 0x0000000096200000, 0x0000000096200000|100%|HC|  |TAMS 0x0000000096100000| PB 0x0000000096100000| Complete 
| 354|0x0000000096200000, 0x0000000096300000, 0x0000000096300000|100%|HC|  |TAMS 0x0000000096200000| PB 0x0000000096200000| Complete 
| 355|0x0000000096300000, 0x0000000096400000, 0x0000000096400000|100%|HC|  |TAMS 0x0000000096300000| PB 0x0000000096300000| Complete 
| 356|0x0000000096400000, 0x0000000096500000, 0x0000000096500000|100%| O|  |TAMS 0x0000000096400000| PB 0x0000000096400000| Untracked 
| 357|0x0000000096500000, 0x0000000096600000, 0x0000000096600000|100%|HS|  |TAMS 0x0000000096500000| PB 0x0000000096500000| Complete 
| 358|0x0000000096600000, 0x0000000096700000, 0x0000000096700000|100%|HC|  |TAMS 0x0000000096600000| PB 0x0000000096600000| Complete 
| 359|0x0000000096700000, 0x0000000096700000, 0x0000000096800000|  0%| F|  |TAMS 0x0000000096700000| PB 0x0000000096700000| Untracked 
| 360|0x0000000096800000, 0x0000000096900000, 0x0000000096900000|100%| O|  |TAMS 0x0000000096800000| PB 0x0000000096800000| Untracked 
| 361|0x0000000096900000, 0x0000000096a00000, 0x0000000096a00000|100%| O|  |TAMS 0x0000000096900000| PB 0x0000000096900000| Untracked 
| 362|0x0000000096a00000, 0x0000000096b00000, 0x0000000096b00000|100%|HS|  |TAMS 0x0000000096a00000| PB 0x0000000096a00000| Complete 
| 363|0x0000000096b00000, 0x0000000096c00000, 0x0000000096c00000|100%|HC|  |TAMS 0x0000000096b00000| PB 0x0000000096b00000| Complete 
| 364|0x0000000096c00000, 0x0000000096d00000, 0x0000000096d00000|100%|HC|  |TAMS 0x0000000096c00000| PB 0x0000000096c00000| Complete 
| 365|0x0000000096d00000, 0x0000000096e00000, 0x0000000096e00000|100%|HC|  |TAMS 0x0000000096d00000| PB 0x0000000096d00000| Complete 
| 366|0x0000000096e00000, 0x0000000096f00000, 0x0000000096f00000|100%|HC|  |TAMS 0x0000000096e00000| PB 0x0000000096e00000| Complete 
| 367|0x0000000096f00000, 0x0000000097000000, 0x0000000097000000|100%|HC|  |TAMS 0x0000000096f00000| PB 0x0000000096f00000| Complete 
| 368|0x0000000097000000, 0x0000000097100000, 0x0000000097100000|100%| O|  |TAMS 0x0000000097000000| PB 0x0000000097000000| Untracked 
| 369|0x0000000097100000, 0x0000000097200000, 0x0000000097200000|100%| O|  |TAMS 0x0000000097100000| PB 0x0000000097100000| Untracked 
| 370|0x0000000097200000, 0x0000000097300000, 0x0000000097300000|100%| O|  |TAMS 0x0000000097200000| PB 0x0000000097200000| Untracked 
| 371|0x0000000097300000, 0x0000000097400000, 0x0000000097400000|100%| O|  |TAMS 0x0000000097300000| PB 0x0000000097300000| Untracked 
| 372|0x0000000097400000, 0x0000000097500000, 0x0000000097500000|100%|HS|  |TAMS 0x0000000097400000| PB 0x0000000097400000| Complete 
| 373|0x0000000097500000, 0x0000000097600000, 0x0000000097600000|100%|HC|  |TAMS 0x0000000097500000| PB 0x0000000097500000| Complete 
| 374|0x0000000097600000, 0x0000000097700000, 0x0000000097700000|100%| O|  |TAMS 0x0000000097600000| PB 0x0000000097600000| Untracked 
| 375|0x0000000097700000, 0x0000000097800000, 0x0000000097800000|100%| O|  |TAMS 0x0000000097700000| PB 0x0000000097700000| Untracked 
| 376|0x0000000097800000, 0x0000000097900000, 0x0000000097900000|100%| O|  |TAMS 0x0000000097800000| PB 0x0000000097800000| Untracked 
| 377|0x0000000097900000, 0x0000000097a00000, 0x0000000097a00000|100%| O|Cm|TAMS 0x0000000097900000| PB 0x0000000097900000| Complete 
| 378|0x0000000097a00000, 0x0000000097b00000, 0x0000000097b00000|100%| O|  |TAMS 0x0000000097a00000| PB 0x0000000097a00000| Untracked 
| 379|0x0000000097b00000, 0x0000000097c00000, 0x0000000097c00000|100%| O|Cm|TAMS 0x0000000097b00000| PB 0x0000000097b00000| Complete 
| 380|0x0000000097c00000, 0x0000000097d00000, 0x0000000097d00000|100%| O|Cm|TAMS 0x0000000097c00000| PB 0x0000000097c00000| Complete 
| 381|0x0000000097d00000, 0x0000000097e00000, 0x0000000097e00000|100%|HS|  |TAMS 0x0000000097d00000| PB 0x0000000097d00000| Complete 
| 382|0x0000000097e00000, 0x0000000097f00000, 0x0000000097f00000|100%|HC|  |TAMS 0x0000000097e00000| PB 0x0000000097e00000| Complete 
| 383|0x0000000097f00000, 0x0000000097f00000, 0x0000000098000000|  0%| F|  |TAMS 0x0000000097f00000| PB 0x0000000097f00000| Untracked 
| 384|0x0000000098000000, 0x0000000098100000, 0x0000000098100000|100%| O|  |TAMS 0x0000000098000000| PB 0x0000000098000000| Untracked 
| 385|0x0000000098100000, 0x0000000098200000, 0x0000000098200000|100%| O|  |TAMS 0x0000000098100000| PB 0x0000000098100000| Untracked 
| 386|0x0000000098200000, 0x0000000098200000, 0x0000000098300000|  0%| F|  |TAMS 0x0000000098200000| PB 0x0000000098200000| Untracked 
| 387|0x0000000098300000, 0x0000000098400000, 0x0000000098400000|100%| O|Cm|TAMS 0x0000000098300000| PB 0x0000000098300000| Complete 
| 388|0x0000000098400000, 0x0000000098500000, 0x0000000098500000|100%| O|Cm|TAMS 0x0000000098400000| PB 0x0000000098400000| Complete 
| 389|0x0000000098500000, 0x0000000098600000, 0x0000000098600000|100%| O|Cm|TAMS 0x0000000098500000| PB 0x0000000098500000| Complete 
| 390|0x0000000098600000, 0x0000000098700000, 0x0000000098700000|100%| O|Cm|TAMS 0x0000000098600000| PB 0x0000000098600000| Complete 
| 391|0x0000000098700000, 0x0000000098800000, 0x0000000098800000|100%| O|  |TAMS 0x0000000098700000| PB 0x0000000098700000| Untracked 
| 392|0x0000000098800000, 0x0000000098900000, 0x0000000098900000|100%| O|  |TAMS 0x0000000098800000| PB 0x0000000098800000| Untracked 
| 393|0x0000000098900000, 0x0000000098a00000, 0x0000000098a00000|100%| O|  |TAMS 0x0000000098900000| PB 0x0000000098900000| Untracked 
| 394|0x0000000098a00000, 0x0000000098b00000, 0x0000000098b00000|100%|HS|  |TAMS 0x0000000098a00000| PB 0x0000000098a00000| Complete 
| 395|0x0000000098b00000, 0x0000000098c00000, 0x0000000098c00000|100%|HC|  |TAMS 0x0000000098b00000| PB 0x0000000098b00000| Complete 
| 396|0x0000000098c00000, 0x0000000098d00000, 0x0000000098d00000|100%|HS|  |TAMS 0x0000000098c00000| PB 0x0000000098c00000| Complete 
| 397|0x0000000098d00000, 0x0000000098e00000, 0x0000000098e00000|100%|HC|  |TAMS 0x0000000098d00000| PB 0x0000000098d00000| Complete 
| 398|0x0000000098e00000, 0x0000000098f00000, 0x0000000098f00000|100%|HS|  |TAMS 0x0000000098e00000| PB 0x0000000098e00000| Complete 
| 399|0x0000000098f00000, 0x0000000099000000, 0x0000000099000000|100%|HC|  |TAMS 0x0000000098f00000| PB 0x0000000098f00000| Complete 
| 400|0x0000000099000000, 0x0000000099100000, 0x0000000099100000|100%| O|  |TAMS 0x0000000099000000| PB 0x0000000099000000| Untracked 
| 401|0x0000000099100000, 0x0000000099200000, 0x0000000099200000|100%| O|  |TAMS 0x0000000099100000| PB 0x0000000099100000| Untracked 
| 402|0x0000000099200000, 0x0000000099300000, 0x0000000099300000|100%| O|  |TAMS 0x0000000099200000| PB 0x0000000099200000| Untracked 
| 403|0x0000000099300000, 0x0000000099400000, 0x0000000099400000|100%| O|  |TAMS 0x0000000099300000| PB 0x0000000099300000| Untracked 
| 404|0x0000000099400000, 0x0000000099500000, 0x0000000099500000|100%| O|  |TAMS 0x0000000099400000| PB 0x0000000099400000| Untracked 
| 405|0x0000000099500000, 0x0000000099600000, 0x0000000099600000|100%|HS|  |TAMS 0x0000000099500000| PB 0x0000000099500000| Complete 
| 406|0x0000000099600000, 0x0000000099700000, 0x0000000099700000|100%|HC|  |TAMS 0x0000000099600000| PB 0x0000000099600000| Complete 
| 407|0x0000000099700000, 0x0000000099800000, 0x0000000099800000|100%|HS|  |TAMS 0x0000000099700000| PB 0x0000000099700000| Complete 
| 408|0x0000000099800000, 0x0000000099900000, 0x0000000099900000|100%|HC|  |TAMS 0x0000000099800000| PB 0x0000000099800000| Complete 
| 409|0x0000000099900000, 0x0000000099900000, 0x0000000099a00000|  0%| F|  |TAMS 0x0000000099900000| PB 0x0000000099900000| Untracked 
| 410|0x0000000099a00000, 0x0000000099b00000, 0x0000000099b00000|100%| O|  |TAMS 0x0000000099a00000| PB 0x0000000099a00000| Untracked 
| 411|0x0000000099b00000, 0x0000000099c00000, 0x0000000099c00000|100%| O|  |TAMS 0x0000000099b00000| PB 0x0000000099b00000| Untracked 
| 412|0x0000000099c00000, 0x0000000099d00000, 0x0000000099d00000|100%| O|Cm|TAMS 0x0000000099c00000| PB 0x0000000099c00000| Complete 
| 413|0x0000000099d00000, 0x0000000099d00000, 0x0000000099e00000|  0%| F|  |TAMS 0x0000000099d00000| PB 0x0000000099d00000| Untracked 
| 414|0x0000000099e00000, 0x0000000099f00000, 0x0000000099f00000|100%| O|Cm|TAMS 0x0000000099e00000| PB 0x0000000099e00000| Complete 
| 415|0x0000000099f00000, 0x000000009a000000, 0x000000009a000000|100%| O|  |TAMS 0x0000000099f00000| PB 0x0000000099f00000| Untracked 
| 416|0x000000009a000000, 0x000000009a000000, 0x000000009a100000|  0%| F|  |TAMS 0x000000009a000000| PB 0x000000009a000000| Untracked 
| 417|0x000000009a100000, 0x000000009a200000, 0x000000009a200000|100%| O|Cm|TAMS 0x000000009a100000| PB 0x000000009a100000| Complete 
| 418|0x000000009a200000, 0x000000009a300000, 0x000000009a300000|100%| O|Cm|TAMS 0x000000009a200000| PB 0x000000009a200000| Complete 
| 419|0x000000009a300000, 0x000000009a300000, 0x000000009a400000|  0%| F|  |TAMS 0x000000009a300000| PB 0x000000009a300000| Untracked 
| 420|0x000000009a400000, 0x000000009a500000, 0x000000009a500000|100%| O|  |TAMS 0x000000009a400000| PB 0x000000009a400000| Untracked 
| 421|0x000000009a500000, 0x000000009a600000, 0x000000009a600000|100%| O|Cm|TAMS 0x000000009a500000| PB 0x000000009a500000| Complete 
| 422|0x000000009a600000, 0x000000009a700000, 0x000000009a700000|100%|HS|  |TAMS 0x000000009a600000| PB 0x000000009a600000| Complete 
| 423|0x000000009a700000, 0x000000009a800000, 0x000000009a800000|100%|HC|  |TAMS 0x000000009a700000| PB 0x000000009a700000| Complete 
| 424|0x000000009a800000, 0x000000009a800000, 0x000000009a900000|  0%| F|  |TAMS 0x000000009a800000| PB 0x000000009a800000| Untracked 
| 425|0x000000009a900000, 0x000000009aa00000, 0x000000009aa00000|100%| O|Cm|TAMS 0x000000009a900000| PB 0x000000009a900000| Complete 
| 426|0x000000009aa00000, 0x000000009ab00000, 0x000000009ab00000|100%| O|  |TAMS 0x000000009aa00000| PB 0x000000009aa00000| Untracked 
| 427|0x000000009ab00000, 0x000000009ac00000, 0x000000009ac00000|100%| O|  |TAMS 0x000000009ab00000| PB 0x000000009ab00000| Untracked 
| 428|0x000000009ac00000, 0x000000009ad00000, 0x000000009ad00000|100%| O|  |TAMS 0x000000009ac00000| PB 0x000000009ac00000| Untracked 
| 429|0x000000009ad00000, 0x000000009ae00000, 0x000000009ae00000|100%| O|Cm|TAMS 0x000000009ad00000| PB 0x000000009ad00000| Complete 
| 430|0x000000009ae00000, 0x000000009af00000, 0x000000009af00000|100%| O|Cm|TAMS 0x000000009ae00000| PB 0x000000009ae00000| Complete 
| 431|0x000000009af00000, 0x000000009b000000, 0x000000009b000000|100%| O|Cm|TAMS 0x000000009af00000| PB 0x000000009af00000| Complete 
| 432|0x000000009b000000, 0x000000009b100000, 0x000000009b100000|100%| O|  |TAMS 0x000000009b000000| PB 0x000000009b000000| Untracked 
| 433|0x000000009b100000, 0x000000009b200000, 0x000000009b200000|100%| O|Cm|TAMS 0x000000009b100000| PB 0x000000009b100000| Complete 
| 434|0x000000009b200000, 0x000000009b300000, 0x000000009b300000|100%| O|Cm|TAMS 0x000000009b200000| PB 0x000000009b200000| Complete 
| 435|0x000000009b300000, 0x000000009b300000, 0x000000009b400000|  0%| F|  |TAMS 0x000000009b300000| PB 0x000000009b300000| Untracked 
| 436|0x000000009b400000, 0x000000009b500000, 0x000000009b500000|100%| O|  |TAMS 0x000000009b400000| PB 0x000000009b400000| Untracked 
| 437|0x000000009b500000, 0x000000009b500000, 0x000000009b600000|  0%| F|  |TAMS 0x000000009b500000| PB 0x000000009b500000| Untracked 
| 438|0x000000009b600000, 0x000000009b700000, 0x000000009b700000|100%| O|Cm|TAMS 0x000000009b600000| PB 0x000000009b600000| Complete 
| 439|0x000000009b700000, 0x000000009b800000, 0x000000009b800000|100%|HS|  |TAMS 0x000000009b700000| PB 0x000000009b700000| Complete 
| 440|0x000000009b800000, 0x000000009b900000, 0x000000009b900000|100%|HC|  |TAMS 0x000000009b800000| PB 0x000000009b800000| Complete 
| 441|0x000000009b900000, 0x000000009ba00000, 0x000000009ba00000|100%| O|Cm|TAMS 0x000000009b900000| PB 0x000000009b900000| Complete 
| 442|0x000000009ba00000, 0x000000009ba00000, 0x000000009bb00000|  0%| F|  |TAMS 0x000000009ba00000| PB 0x000000009ba00000| Untracked 
| 443|0x000000009bb00000, 0x000000009bc00000, 0x000000009bc00000|100%| O|  |TAMS 0x000000009bb00000| PB 0x000000009bb00000| Untracked 
| 444|0x000000009bc00000, 0x000000009bd00000, 0x000000009bd00000|100%|HS|  |TAMS 0x000000009bc00000| PB 0x000000009bc00000| Complete 
| 445|0x000000009bd00000, 0x000000009be00000, 0x000000009be00000|100%|HC|  |TAMS 0x000000009bd00000| PB 0x000000009bd00000| Complete 
| 446|0x000000009be00000, 0x000000009bf00000, 0x000000009bf00000|100%| O|Cm|TAMS 0x000000009be00000| PB 0x000000009be00000| Complete 
| 447|0x000000009bf00000, 0x000000009bf00000, 0x000000009c000000|  0%| F|  |TAMS 0x000000009bf00000| PB 0x000000009bf00000| Untracked 
| 448|0x000000009c000000, 0x000000009c100000, 0x000000009c100000|100%| O|Cm|TAMS 0x000000009c000000| PB 0x000000009c000000| Complete 
| 449|0x000000009c100000, 0x000000009c200000, 0x000000009c200000|100%|HS|  |TAMS 0x000000009c100000| PB 0x000000009c100000| Complete 
| 450|0x000000009c200000, 0x000000009c300000, 0x000000009c300000|100%|HC|  |TAMS 0x000000009c200000| PB 0x000000009c200000| Complete 
| 451|0x000000009c300000, 0x000000009c300000, 0x000000009c400000|  0%| F|  |TAMS 0x000000009c300000| PB 0x000000009c300000| Untracked 
| 452|0x000000009c400000, 0x000000009c500000, 0x000000009c500000|100%| O|Cm|TAMS 0x000000009c400000| PB 0x000000009c400000| Complete 
| 453|0x000000009c500000, 0x000000009c600000, 0x000000009c600000|100%| O|Cm|TAMS 0x000000009c500000| PB 0x000000009c500000| Complete 
| 454|0x000000009c600000, 0x000000009c600000, 0x000000009c700000|  0%| F|  |TAMS 0x000000009c600000| PB 0x000000009c600000| Untracked 
| 455|0x000000009c700000, 0x000000009c800000, 0x000000009c800000|100%| O|Cm|TAMS 0x000000009c700000| PB 0x000000009c700000| Complete 
| 456|0x000000009c800000, 0x000000009c900000, 0x000000009c900000|100%| O|Cm|TAMS 0x000000009c800000| PB 0x000000009c800000| Complete 
| 457|0x000000009c900000, 0x000000009ca00000, 0x000000009ca00000|100%| E|  |TAMS 0x000000009c900000| PB 0x000000009c900000| Complete 
| 458|0x000000009ca00000, 0x000000009cb00000, 0x000000009cb00000|100%| O|Cm|TAMS 0x000000009ca00000| PB 0x000000009ca00000| Complete 
| 459|0x000000009cb00000, 0x000000009cc00000, 0x000000009cc00000|100%| O|  |TAMS 0x000000009cb00000| PB 0x000000009cb00000| Untracked 
| 460|0x000000009cc00000, 0x000000009cd00000, 0x000000009cd00000|100%| E|CS|TAMS 0x000000009cc00000| PB 0x000000009cc00000| Complete 
| 461|0x000000009cd00000, 0x000000009ce00000, 0x000000009ce00000|100%| E|CS|TAMS 0x000000009cd00000| PB 0x000000009cd00000| Complete 
| 462|0x000000009ce00000, 0x000000009cf00000, 0x000000009cf00000|100%| O|Cm|TAMS 0x000000009ce00000| PB 0x000000009ce00000| Complete 
| 463|0x000000009cf00000, 0x000000009d000000, 0x000000009d000000|100%| O|Cm|TAMS 0x000000009cf00000| PB 0x000000009cf00000| Complete 
| 464|0x000000009d000000, 0x000000009d100000, 0x000000009d100000|100%| O|Cm|TAMS 0x000000009d000000| PB 0x000000009d000000| Complete 
| 465|0x000000009d100000, 0x000000009d200000, 0x000000009d200000|100%| O|Cm|TAMS 0x000000009d100000| PB 0x000000009d100000| Complete 
| 466|0x000000009d200000, 0x000000009d300000, 0x000000009d300000|100%| O|Cm|TAMS 0x000000009d200000| PB 0x000000009d200000| Complete 
| 467|0x000000009d300000, 0x000000009d400000, 0x000000009d400000|100%| O|Cm|TAMS 0x000000009d300000| PB 0x000000009d300000| Complete 
| 468|0x000000009d400000, 0x000000009d500000, 0x000000009d500000|100%| O|Cm|TAMS 0x000000009d400000| PB 0x000000009d400000| Complete 
| 469|0x000000009d500000, 0x000000009d600000, 0x000000009d600000|100%| O|Cm|TAMS 0x000000009d500000| PB 0x000000009d500000| Complete 
| 470|0x000000009d600000, 0x000000009d700000, 0x000000009d700000|100%| E|CS|TAMS 0x000000009d600000| PB 0x000000009d600000| Complete 
| 471|0x000000009d700000, 0x000000009d800000, 0x000000009d800000|100%| O|Cm|TAMS 0x000000009d700000| PB 0x000000009d700000| Complete 
| 472|0x000000009d800000, 0x000000009d900000, 0x000000009d900000|100%| O|Cm|TAMS 0x000000009d800000| PB 0x000000009d800000| Complete 
| 473|0x000000009d900000, 0x000000009da00000, 0x000000009da00000|100%| O|Cm|TAMS 0x000000009d900000| PB 0x000000009d900000| Complete 
| 474|0x000000009da00000, 0x000000009db00000, 0x000000009db00000|100%| O|Cm|TAMS 0x000000009da00000| PB 0x000000009da00000| Complete 
| 475|0x000000009db00000, 0x000000009dc00000, 0x000000009dc00000|100%| O|  |TAMS 0x000000009db00000| PB 0x000000009db00000| Untracked 
| 476|0x000000009dc00000, 0x000000009dd00000, 0x000000009dd00000|100%| O|Cm|TAMS 0x000000009dc00000| PB 0x000000009dc00000| Complete 
| 477|0x000000009dd00000, 0x000000009de00000, 0x000000009de00000|100%| O|Cm|TAMS 0x000000009dd00000| PB 0x000000009dd00000| Complete 
| 478|0x000000009de00000, 0x000000009df00000, 0x000000009df00000|100%| O|Cm|TAMS 0x000000009de00000| PB 0x000000009de00000| Complete 
| 479|0x000000009df00000, 0x000000009e000000, 0x000000009e000000|100%| O|Cm|TAMS 0x000000009df00000| PB 0x000000009df00000| Complete 
| 480|0x000000009e000000, 0x000000009e100000, 0x000000009e100000|100%| O|Cm|TAMS 0x000000009e000000| PB 0x000000009e000000| Complete 
| 481|0x000000009e100000, 0x000000009e200000, 0x000000009e200000|100%| O|Cm|TAMS 0x000000009e100000| PB 0x000000009e100000| Complete 
| 482|0x000000009e200000, 0x000000009e300000, 0x000000009e300000|100%| O|Cm|TAMS 0x000000009e200000| PB 0x000000009e200000| Complete 
| 483|0x000000009e300000, 0x000000009e400000, 0x000000009e400000|100%| O|Cm|TAMS 0x000000009e300000| PB 0x000000009e300000| Complete 
| 484|0x000000009e400000, 0x000000009e500000, 0x000000009e500000|100%| O|Cm|TAMS 0x000000009e400000| PB 0x000000009e400000| Complete 
| 485|0x000000009e500000, 0x000000009e600000, 0x000000009e600000|100%| E|CS|TAMS 0x000000009e500000| PB 0x000000009e500000| Complete 
| 486|0x000000009e600000, 0x000000009e700000, 0x000000009e700000|100%| E|CS|TAMS 0x000000009e600000| PB 0x000000009e600000| Complete 
| 487|0x000000009e700000, 0x000000009e800000, 0x000000009e800000|100%| E|CS|TAMS 0x000000009e700000| PB 0x000000009e700000| Complete 
| 488|0x000000009e800000, 0x000000009e900000, 0x000000009e900000|100%| E|CS|TAMS 0x000000009e800000| PB 0x000000009e800000| Complete 
| 489|0x000000009e900000, 0x000000009ea00000, 0x000000009ea00000|100%| O|Cm|TAMS 0x000000009e900000| PB 0x000000009e900000| Complete 
| 490|0x000000009ea00000, 0x000000009eb00000, 0x000000009eb00000|100%|HS|  |TAMS 0x000000009ea00000| PB 0x000000009ea00000| Complete 
| 491|0x000000009eb00000, 0x000000009ec00000, 0x000000009ec00000|100%|HC|  |TAMS 0x000000009eb00000| PB 0x000000009eb00000| Complete 
| 492|0x000000009ec00000, 0x000000009ed00000, 0x000000009ed00000|100%|HC|  |TAMS 0x000000009ec00000| PB 0x000000009ec00000| Complete 
| 493|0x000000009ed00000, 0x000000009ee00000, 0x000000009ee00000|100%|HC|  |TAMS 0x000000009ed00000| PB 0x000000009ed00000| Complete 
| 494|0x000000009ee00000, 0x000000009ef00000, 0x000000009ef00000|100%|HC|  |TAMS 0x000000009ee00000| PB 0x000000009ee00000| Complete 
| 495|0x000000009ef00000, 0x000000009f000000, 0x000000009f000000|100%|HC|  |TAMS 0x000000009ef00000| PB 0x000000009ef00000| Complete 
| 496|0x000000009f000000, 0x000000009f100000, 0x000000009f100000|100%|HC|  |TAMS 0x000000009f000000| PB 0x000000009f000000| Complete 
| 497|0x000000009f100000, 0x000000009f200000, 0x000000009f200000|100%|HC|  |TAMS 0x000000009f100000| PB 0x000000009f100000| Complete 
| 498|0x000000009f200000, 0x000000009f300000, 0x000000009f300000|100%|HC|  |TAMS 0x000000009f200000| PB 0x000000009f200000| Complete 
| 499|0x000000009f300000, 0x000000009f400000, 0x000000009f400000|100%|HC|  |TAMS 0x000000009f300000| PB 0x000000009f300000| Complete 
| 500|0x000000009f400000, 0x000000009f500000, 0x000000009f500000|100%|HC|  |TAMS 0x000000009f400000| PB 0x000000009f400000| Complete 
| 501|0x000000009f500000, 0x000000009f600000, 0x000000009f600000|100%|HC|  |TAMS 0x000000009f500000| PB 0x000000009f500000| Complete 
| 502|0x000000009f600000, 0x000000009f700000, 0x000000009f700000|100%|HC|  |TAMS 0x000000009f600000| PB 0x000000009f600000| Complete 
| 503|0x000000009f700000, 0x000000009f800000, 0x000000009f800000|100%|HC|  |TAMS 0x000000009f700000| PB 0x000000009f700000| Complete 
| 504|0x000000009f800000, 0x000000009f900000, 0x000000009f900000|100%|HC|  |TAMS 0x000000009f800000| PB 0x000000009f800000| Complete 
| 505|0x000000009f900000, 0x000000009fa00000, 0x000000009fa00000|100%|HC|  |TAMS 0x000000009f900000| PB 0x000000009f900000| Complete 
| 506|0x000000009fa00000, 0x000000009fb00000, 0x000000009fb00000|100%|HC|  |TAMS 0x000000009fa00000| PB 0x000000009fa00000| Complete 
| 507|0x000000009fb00000, 0x000000009fc00000, 0x000000009fc00000|100%|HC|  |TAMS 0x000000009fb00000| PB 0x000000009fb00000| Complete 
| 508|0x000000009fc00000, 0x000000009fd00000, 0x000000009fd00000|100%|HC|  |TAMS 0x000000009fc00000| PB 0x000000009fc00000| Complete 
| 509|0x000000009fd00000, 0x000000009fe00000, 0x000000009fe00000|100%|HC|  |TAMS 0x000000009fd00000| PB 0x000000009fd00000| Complete 
| 510|0x000000009fe00000, 0x000000009ff00000, 0x000000009ff00000|100%|HC|  |TAMS 0x000000009fe00000| PB 0x000000009fe00000| Complete 
| 511|0x000000009ff00000, 0x00000000a0000000, 0x00000000a0000000|100%|HC|  |TAMS 0x000000009ff00000| PB 0x000000009ff00000| Complete 
| 512|0x00000000a0000000, 0x00000000a0100000, 0x00000000a0100000|100%|HC|  |TAMS 0x00000000a0000000| PB 0x00000000a0000000| Complete 
| 513|0x00000000a0100000, 0x00000000a0200000, 0x00000000a0200000|100%|HC|  |TAMS 0x00000000a0100000| PB 0x00000000a0100000| Complete 
| 514|0x00000000a0200000, 0x00000000a0300000, 0x00000000a0300000|100%|HC|  |TAMS 0x00000000a0200000| PB 0x00000000a0200000| Complete 
| 515|0x00000000a0300000, 0x00000000a0400000, 0x00000000a0400000|100%|HC|  |TAMS 0x00000000a0300000| PB 0x00000000a0300000| Complete 
| 516|0x00000000a0400000, 0x00000000a0500000, 0x00000000a0500000|100%|HC|  |TAMS 0x00000000a0400000| PB 0x00000000a0400000| Complete 
| 517|0x00000000a0500000, 0x00000000a0600000, 0x00000000a0600000|100%|HS|  |TAMS 0x00000000a0500000| PB 0x00000000a0500000| Complete 
| 518|0x00000000a0600000, 0x00000000a0700000, 0x00000000a0700000|100%|HC|  |TAMS 0x00000000a0600000| PB 0x00000000a0600000| Complete 
| 519|0x00000000a0700000, 0x00000000a0800000, 0x00000000a0800000|100%|HC|  |TAMS 0x00000000a0700000| PB 0x00000000a0700000| Complete 
| 520|0x00000000a0800000, 0x00000000a0900000, 0x00000000a0900000|100%|HC|  |TAMS 0x00000000a0800000| PB 0x00000000a0800000| Complete 
| 521|0x00000000a0900000, 0x00000000a0a00000, 0x00000000a0a00000|100%|HC|  |TAMS 0x00000000a0900000| PB 0x00000000a0900000| Complete 
| 522|0x00000000a0a00000, 0x00000000a0b00000, 0x00000000a0b00000|100%|HC|  |TAMS 0x00000000a0a00000| PB 0x00000000a0a00000| Complete 
| 523|0x00000000a0b00000, 0x00000000a0c00000, 0x00000000a0c00000|100%|HC|  |TAMS 0x00000000a0b00000| PB 0x00000000a0b00000| Complete 
| 524|0x00000000a0c00000, 0x00000000a0d00000, 0x00000000a0d00000|100%|HC|  |TAMS 0x00000000a0c00000| PB 0x00000000a0c00000| Complete 
| 525|0x00000000a0d00000, 0x00000000a0e00000, 0x00000000a0e00000|100%|HC|  |TAMS 0x00000000a0d00000| PB 0x00000000a0d00000| Complete 
| 526|0x00000000a0e00000, 0x00000000a0f00000, 0x00000000a0f00000|100%|HC|  |TAMS 0x00000000a0e00000| PB 0x00000000a0e00000| Complete 
| 527|0x00000000a0f00000, 0x00000000a1000000, 0x00000000a1000000|100%|HC|  |TAMS 0x00000000a0f00000| PB 0x00000000a0f00000| Complete 
| 528|0x00000000a1000000, 0x00000000a1100000, 0x00000000a1100000|100%|HS|  |TAMS 0x00000000a1000000| PB 0x00000000a1000000| Complete 
| 529|0x00000000a1100000, 0x00000000a1200000, 0x00000000a1200000|100%|HC|  |TAMS 0x00000000a1100000| PB 0x00000000a1100000| Complete 
| 530|0x00000000a1200000, 0x00000000a1300000, 0x00000000a1300000|100%|HC|  |TAMS 0x00000000a1200000| PB 0x00000000a1200000| Complete 
| 531|0x00000000a1300000, 0x00000000a1400000, 0x00000000a1400000|100%|HC|  |TAMS 0x00000000a1300000| PB 0x00000000a1300000| Complete 
| 532|0x00000000a1400000, 0x00000000a1500000, 0x00000000a1500000|100%|HC|  |TAMS 0x00000000a1400000| PB 0x00000000a1400000| Complete 
| 533|0x00000000a1500000, 0x00000000a1600000, 0x00000000a1600000|100%|HC|  |TAMS 0x00000000a1500000| PB 0x00000000a1500000| Complete 
| 534|0x00000000a1600000, 0x00000000a1700000, 0x00000000a1700000|100%|HC|  |TAMS 0x00000000a1600000| PB 0x00000000a1600000| Complete 
| 535|0x00000000a1700000, 0x00000000a1800000, 0x00000000a1800000|100%|HC|  |TAMS 0x00000000a1700000| PB 0x00000000a1700000| Complete 
| 536|0x00000000a1800000, 0x00000000a1900000, 0x00000000a1900000|100%|HC|  |TAMS 0x00000000a1800000| PB 0x00000000a1800000| Complete 
| 537|0x00000000a1900000, 0x00000000a1a00000, 0x00000000a1a00000|100%|HC|  |TAMS 0x00000000a1900000| PB 0x00000000a1900000| Complete 
| 538|0x00000000a1a00000, 0x00000000a1b00000, 0x00000000a1b00000|100%|HC|  |TAMS 0x00000000a1a00000| PB 0x00000000a1a00000| Complete 
| 539|0x00000000a1b00000, 0x00000000a1c00000, 0x00000000a1c00000|100%|HS|  |TAMS 0x00000000a1b00000| PB 0x00000000a1b00000| Complete 
| 540|0x00000000a1c00000, 0x00000000a1d00000, 0x00000000a1d00000|100%|HC|  |TAMS 0x00000000a1c00000| PB 0x00000000a1c00000| Complete 
| 541|0x00000000a1d00000, 0x00000000a1e00000, 0x00000000a1e00000|100%|HC|  |TAMS 0x00000000a1d00000| PB 0x00000000a1d00000| Complete 
| 542|0x00000000a1e00000, 0x00000000a1f00000, 0x00000000a1f00000|100%|HC|  |TAMS 0x00000000a1e00000| PB 0x00000000a1e00000| Complete 
| 543|0x00000000a1f00000, 0x00000000a2000000, 0x00000000a2000000|100%|HC|  |TAMS 0x00000000a1f00000| PB 0x00000000a1f00000| Complete 
| 544|0x00000000a2000000, 0x00000000a2100000, 0x00000000a2100000|100%|HC|  |TAMS 0x00000000a2000000| PB 0x00000000a2000000| Complete 
| 545|0x00000000a2100000, 0x00000000a2200000, 0x00000000a2200000|100%|HC|  |TAMS 0x00000000a2100000| PB 0x00000000a2100000| Complete 
| 546|0x00000000a2200000, 0x00000000a2300000, 0x00000000a2300000|100%|HC|  |TAMS 0x00000000a2200000| PB 0x00000000a2200000| Complete 
| 547|0x00000000a2300000, 0x00000000a2400000, 0x00000000a2400000|100%|HC|  |TAMS 0x00000000a2300000| PB 0x00000000a2300000| Complete 
| 548|0x00000000a2400000, 0x00000000a2500000, 0x00000000a2500000|100%|HC|  |TAMS 0x00000000a2400000| PB 0x00000000a2400000| Complete 
| 549|0x00000000a2500000, 0x00000000a2600000, 0x00000000a2600000|100%|HC|  |TAMS 0x00000000a2500000| PB 0x00000000a2500000| Complete 
| 550|0x00000000a2600000, 0x00000000a2700000, 0x00000000a2700000|100%|HC|  |TAMS 0x00000000a2600000| PB 0x00000000a2600000| Complete 
| 551|0x00000000a2700000, 0x00000000a2800000, 0x00000000a2800000|100%|HC|  |TAMS 0x00000000a2700000| PB 0x00000000a2700000| Complete 
| 552|0x00000000a2800000, 0x00000000a2900000, 0x00000000a2900000|100%|HC|  |TAMS 0x00000000a2800000| PB 0x00000000a2800000| Complete 
| 553|0x00000000a2900000, 0x00000000a2a00000, 0x00000000a2a00000|100%|HC|  |TAMS 0x00000000a2900000| PB 0x00000000a2900000| Complete 
| 554|0x00000000a2a00000, 0x00000000a2b00000, 0x00000000a2b00000|100%|HC|  |TAMS 0x00000000a2a00000| PB 0x00000000a2a00000| Complete 
| 555|0x00000000a2b00000, 0x00000000a2c00000, 0x00000000a2c00000|100%|HC|  |TAMS 0x00000000a2b00000| PB 0x00000000a2b00000| Complete 
| 556|0x00000000a2c00000, 0x00000000a2d00000, 0x00000000a2d00000|100%|HC|  |TAMS 0x00000000a2c00000| PB 0x00000000a2c00000| Complete 
| 557|0x00000000a2d00000, 0x00000000a2e00000, 0x00000000a2e00000|100%|HC|  |TAMS 0x00000000a2d00000| PB 0x00000000a2d00000| Complete 
| 558|0x00000000a2e00000, 0x00000000a2f00000, 0x00000000a2f00000|100%|HC|  |TAMS 0x00000000a2e00000| PB 0x00000000a2e00000| Complete 
| 559|0x00000000a2f00000, 0x00000000a3000000, 0x00000000a3000000|100%|HC|  |TAMS 0x00000000a2f00000| PB 0x00000000a2f00000| Complete 
| 560|0x00000000a3000000, 0x00000000a3100000, 0x00000000a3100000|100%|HC|  |TAMS 0x00000000a3000000| PB 0x00000000a3000000| Complete 
| 561|0x00000000a3100000, 0x00000000a3200000, 0x00000000a3200000|100%|HC|  |TAMS 0x00000000a3100000| PB 0x00000000a3100000| Complete 
| 562|0x00000000a3200000, 0x00000000a3300000, 0x00000000a3300000|100%|HC|  |TAMS 0x00000000a3200000| PB 0x00000000a3200000| Complete 
| 563|0x00000000a3300000, 0x00000000a3400000, 0x00000000a3400000|100%|HC|  |TAMS 0x00000000a3300000| PB 0x00000000a3300000| Complete 
| 564|0x00000000a3400000, 0x00000000a3500000, 0x00000000a3500000|100%|HC|  |TAMS 0x00000000a3400000| PB 0x00000000a3400000| Complete 
| 565|0x00000000a3500000, 0x00000000a3600000, 0x00000000a3600000|100%|HC|  |TAMS 0x00000000a3500000| PB 0x00000000a3500000| Complete 
| 566|0x00000000a3600000, 0x00000000a3700000, 0x00000000a3700000|100%|HC|  |TAMS 0x00000000a3600000| PB 0x00000000a3600000| Complete 
| 567|0x00000000a3700000, 0x00000000a3800000, 0x00000000a3800000|100%|HC|  |TAMS 0x00000000a3700000| PB 0x00000000a3700000| Complete 
| 568|0x00000000a3800000, 0x00000000a3900000, 0x00000000a3900000|100%|HC|  |TAMS 0x00000000a3800000| PB 0x00000000a3800000| Complete 
| 569|0x00000000a3900000, 0x00000000a3a00000, 0x00000000a3a00000|100%|HS|  |TAMS 0x00000000a3900000| PB 0x00000000a3900000| Complete 
| 570|0x00000000a3a00000, 0x00000000a3b00000, 0x00000000a3b00000|100%|HC|  |TAMS 0x00000000a3a00000| PB 0x00000000a3a00000| Complete 
| 571|0x00000000a3b00000, 0x00000000a3c00000, 0x00000000a3c00000|100%|HC|  |TAMS 0x00000000a3b00000| PB 0x00000000a3b00000| Complete 
| 572|0x00000000a3c00000, 0x00000000a3d00000, 0x00000000a3d00000|100%|HC|  |TAMS 0x00000000a3c00000| PB 0x00000000a3c00000| Complete 
| 573|0x00000000a3d00000, 0x00000000a3e00000, 0x00000000a3e00000|100%|HC|  |TAMS 0x00000000a3d00000| PB 0x00000000a3d00000| Complete 
| 574|0x00000000a3e00000, 0x00000000a3f00000, 0x00000000a3f00000|100%|HC|  |TAMS 0x00000000a3e00000| PB 0x00000000a3e00000| Complete 
| 575|0x00000000a3f00000, 0x00000000a4000000, 0x00000000a4000000|100%|HC|  |TAMS 0x00000000a3f00000| PB 0x00000000a3f00000| Complete 
| 576|0x00000000a4000000, 0x00000000a4100000, 0x00000000a4100000|100%|HC|  |TAMS 0x00000000a4000000| PB 0x00000000a4000000| Complete 
| 577|0x00000000a4100000, 0x00000000a4200000, 0x00000000a4200000|100%|HC|  |TAMS 0x00000000a4100000| PB 0x00000000a4100000| Complete 
| 578|0x00000000a4200000, 0x00000000a4300000, 0x00000000a4300000|100%|HC|  |TAMS 0x00000000a4200000| PB 0x00000000a4200000| Complete 
| 579|0x00000000a4300000, 0x00000000a4400000, 0x00000000a4400000|100%|HC|  |TAMS 0x00000000a4300000| PB 0x00000000a4300000| Complete 
| 580|0x00000000a4400000, 0x00000000a4500000, 0x00000000a4500000|100%|HS|  |TAMS 0x00000000a4400000| PB 0x00000000a4400000| Complete 
| 581|0x00000000a4500000, 0x00000000a4600000, 0x00000000a4600000|100%|HC|  |TAMS 0x00000000a4500000| PB 0x00000000a4500000| Complete 
| 582|0x00000000a4600000, 0x00000000a4700000, 0x00000000a4700000|100%|HC|  |TAMS 0x00000000a4600000| PB 0x00000000a4600000| Complete 
| 583|0x00000000a4700000, 0x00000000a4800000, 0x00000000a4800000|100%|HC|  |TAMS 0x00000000a4700000| PB 0x00000000a4700000| Complete 
| 584|0x00000000a4800000, 0x00000000a4900000, 0x00000000a4900000|100%|HC|  |TAMS 0x00000000a4800000| PB 0x00000000a4800000| Complete 
| 585|0x00000000a4900000, 0x00000000a4a00000, 0x00000000a4a00000|100%|HC|  |TAMS 0x00000000a4900000| PB 0x00000000a4900000| Complete 
| 586|0x00000000a4a00000, 0x00000000a4b00000, 0x00000000a4b00000|100%|HC|  |TAMS 0x00000000a4a00000| PB 0x00000000a4a00000| Complete 
| 587|0x00000000a4b00000, 0x00000000a4c00000, 0x00000000a4c00000|100%|HC|  |TAMS 0x00000000a4b00000| PB 0x00000000a4b00000| Complete 
| 588|0x00000000a4c00000, 0x00000000a4d00000, 0x00000000a4d00000|100%|HC|  |TAMS 0x00000000a4c00000| PB 0x00000000a4c00000| Complete 
| 589|0x00000000a4d00000, 0x00000000a4e00000, 0x00000000a4e00000|100%|HC|  |TAMS 0x00000000a4d00000| PB 0x00000000a4d00000| Complete 
| 590|0x00000000a4e00000, 0x00000000a4f00000, 0x00000000a4f00000|100%|HC|  |TAMS 0x00000000a4e00000| PB 0x00000000a4e00000| Complete 
| 591|0x00000000a4f00000, 0x00000000a5000000, 0x00000000a5000000|100%|HS|  |TAMS 0x00000000a4f00000| PB 0x00000000a4f00000| Complete 
| 592|0x00000000a5000000, 0x00000000a5100000, 0x00000000a5100000|100%|HC|  |TAMS 0x00000000a5000000| PB 0x00000000a5000000| Complete 
| 593|0x00000000a5100000, 0x00000000a5200000, 0x00000000a5200000|100%|HC|  |TAMS 0x00000000a5100000| PB 0x00000000a5100000| Complete 
| 594|0x00000000a5200000, 0x00000000a5300000, 0x00000000a5300000|100%|HC|  |TAMS 0x00000000a5200000| PB 0x00000000a5200000| Complete 
| 595|0x00000000a5300000, 0x00000000a5400000, 0x00000000a5400000|100%|HC|  |TAMS 0x00000000a5300000| PB 0x00000000a5300000| Complete 
| 596|0x00000000a5400000, 0x00000000a5500000, 0x00000000a5500000|100%|HC|  |TAMS 0x00000000a5400000| PB 0x00000000a5400000| Complete 
| 597|0x00000000a5500000, 0x00000000a5600000, 0x00000000a5600000|100%|HC|  |TAMS 0x00000000a5500000| PB 0x00000000a5500000| Complete 
| 598|0x00000000a5600000, 0x00000000a5700000, 0x00000000a5700000|100%|HC|  |TAMS 0x00000000a5600000| PB 0x00000000a5600000| Complete 
| 599|0x00000000a5700000, 0x00000000a5800000, 0x00000000a5800000|100%|HC|  |TAMS 0x00000000a5700000| PB 0x00000000a5700000| Complete 
| 600|0x00000000a5800000, 0x00000000a5900000, 0x00000000a5900000|100%|HC|  |TAMS 0x00000000a5800000| PB 0x00000000a5800000| Complete 
| 601|0x00000000a5900000, 0x00000000a5a00000, 0x00000000a5a00000|100%|HC|  |TAMS 0x00000000a5900000| PB 0x00000000a5900000| Complete 
| 602|0x00000000a5a00000, 0x00000000a5b00000, 0x00000000a5b00000|100%|HC|  |TAMS 0x00000000a5a00000| PB 0x00000000a5a00000| Complete 
| 603|0x00000000a5b00000, 0x00000000a5c00000, 0x00000000a5c00000|100%|HC|  |TAMS 0x00000000a5b00000| PB 0x00000000a5b00000| Complete 
| 604|0x00000000a5c00000, 0x00000000a5d00000, 0x00000000a5d00000|100%|HC|  |TAMS 0x00000000a5c00000| PB 0x00000000a5c00000| Complete 
| 605|0x00000000a5d00000, 0x00000000a5e00000, 0x00000000a5e00000|100%|HC|  |TAMS 0x00000000a5d00000| PB 0x00000000a5d00000| Complete 
| 606|0x00000000a5e00000, 0x00000000a5f00000, 0x00000000a5f00000|100%|HC|  |TAMS 0x00000000a5e00000| PB 0x00000000a5e00000| Complete 
| 607|0x00000000a5f00000, 0x00000000a6000000, 0x00000000a6000000|100%|HC|  |TAMS 0x00000000a5f00000| PB 0x00000000a5f00000| Complete 
| 608|0x00000000a6000000, 0x00000000a6100000, 0x00000000a6100000|100%|HC|  |TAMS 0x00000000a6000000| PB 0x00000000a6000000| Complete 
| 609|0x00000000a6100000, 0x00000000a6200000, 0x00000000a6200000|100%|HC|  |TAMS 0x00000000a6100000| PB 0x00000000a6100000| Complete 
| 610|0x00000000a6200000, 0x00000000a6300000, 0x00000000a6300000|100%|HC|  |TAMS 0x00000000a6200000| PB 0x00000000a6200000| Complete 
| 611|0x00000000a6300000, 0x00000000a6400000, 0x00000000a6400000|100%|HC|  |TAMS 0x00000000a6300000| PB 0x00000000a6300000| Complete 
| 612|0x00000000a6400000, 0x00000000a6500000, 0x00000000a6500000|100%|HC|  |TAMS 0x00000000a6400000| PB 0x00000000a6400000| Complete 
| 613|0x00000000a6500000, 0x00000000a6600000, 0x00000000a6600000|100%|HC|  |TAMS 0x00000000a6500000| PB 0x00000000a6500000| Complete 
| 614|0x00000000a6600000, 0x00000000a6700000, 0x00000000a6700000|100%|HC|  |TAMS 0x00000000a6600000| PB 0x00000000a6600000| Complete 
| 615|0x00000000a6700000, 0x00000000a6800000, 0x00000000a6800000|100%|HC|  |TAMS 0x00000000a6700000| PB 0x00000000a6700000| Complete 
| 616|0x00000000a6800000, 0x00000000a6900000, 0x00000000a6900000|100%|HC|  |TAMS 0x00000000a6800000| PB 0x00000000a6800000| Complete 
| 617|0x00000000a6900000, 0x00000000a6a00000, 0x00000000a6a00000|100%|HC|  |TAMS 0x00000000a6900000| PB 0x00000000a6900000| Complete 
| 618|0x00000000a6a00000, 0x00000000a6b00000, 0x00000000a6b00000|100%|HS|  |TAMS 0x00000000a6a00000| PB 0x00000000a6a00000| Complete 
| 619|0x00000000a6b00000, 0x00000000a6c00000, 0x00000000a6c00000|100%|HC|  |TAMS 0x00000000a6b00000| PB 0x00000000a6b00000| Complete 
| 620|0x00000000a6c00000, 0x00000000a6d00000, 0x00000000a6d00000|100%|HC|  |TAMS 0x00000000a6c00000| PB 0x00000000a6c00000| Complete 
| 621|0x00000000a6d00000, 0x00000000a6e00000, 0x00000000a6e00000|100%|HC|  |TAMS 0x00000000a6d00000| PB 0x00000000a6d00000| Complete 
| 622|0x00000000a6e00000, 0x00000000a6f00000, 0x00000000a6f00000|100%|HC|  |TAMS 0x00000000a6e00000| PB 0x00000000a6e00000| Complete 
| 623|0x00000000a6f00000, 0x00000000a7000000, 0x00000000a7000000|100%|HC|  |TAMS 0x00000000a6f00000| PB 0x00000000a6f00000| Complete 
| 624|0x00000000a7000000, 0x00000000a7100000, 0x00000000a7100000|100%|HC|  |TAMS 0x00000000a7000000| PB 0x00000000a7000000| Complete 
| 625|0x00000000a7100000, 0x00000000a7200000, 0x00000000a7200000|100%|HC|  |TAMS 0x00000000a7100000| PB 0x00000000a7100000| Complete 
| 626|0x00000000a7200000, 0x00000000a7300000, 0x00000000a7300000|100%|HC|  |TAMS 0x00000000a7200000| PB 0x00000000a7200000| Complete 
| 627|0x00000000a7300000, 0x00000000a7400000, 0x00000000a7400000|100%|HC|  |TAMS 0x00000000a7300000| PB 0x00000000a7300000| Complete 
| 628|0x00000000a7400000, 0x00000000a7500000, 0x00000000a7500000|100%|HC|  |TAMS 0x00000000a7400000| PB 0x00000000a7400000| Complete 
| 629|0x00000000a7500000, 0x00000000a7600000, 0x00000000a7600000|100%|HS|  |TAMS 0x00000000a7500000| PB 0x00000000a7500000| Complete 
| 630|0x00000000a7600000, 0x00000000a7700000, 0x00000000a7700000|100%|HC|  |TAMS 0x00000000a7600000| PB 0x00000000a7600000| Complete 
| 631|0x00000000a7700000, 0x00000000a7800000, 0x00000000a7800000|100%|HC|  |TAMS 0x00000000a7700000| PB 0x00000000a7700000| Complete 
| 632|0x00000000a7800000, 0x00000000a7900000, 0x00000000a7900000|100%|HC|  |TAMS 0x00000000a7800000| PB 0x00000000a7800000| Complete 
| 633|0x00000000a7900000, 0x00000000a7a00000, 0x00000000a7a00000|100%|HC|  |TAMS 0x00000000a7900000| PB 0x00000000a7900000| Complete 
| 634|0x00000000a7a00000, 0x00000000a7b00000, 0x00000000a7b00000|100%|HC|  |TAMS 0x00000000a7a00000| PB 0x00000000a7a00000| Complete 
| 635|0x00000000a7b00000, 0x00000000a7c00000, 0x00000000a7c00000|100%|HC|  |TAMS 0x00000000a7b00000| PB 0x00000000a7b00000| Complete 
| 636|0x00000000a7c00000, 0x00000000a7d00000, 0x00000000a7d00000|100%|HC|  |TAMS 0x00000000a7c00000| PB 0x00000000a7c00000| Complete 
| 637|0x00000000a7d00000, 0x00000000a7e00000, 0x00000000a7e00000|100%|HC|  |TAMS 0x00000000a7d00000| PB 0x00000000a7d00000| Complete 
| 638|0x00000000a7e00000, 0x00000000a7f00000, 0x00000000a7f00000|100%|HC|  |TAMS 0x00000000a7e00000| PB 0x00000000a7e00000| Complete 
| 639|0x00000000a7f00000, 0x00000000a8000000, 0x00000000a8000000|100%|HC|  |TAMS 0x00000000a7f00000| PB 0x00000000a7f00000| Complete 
| 640|0x00000000a8000000, 0x00000000a8100000, 0x00000000a8100000|100%| E|CS|TAMS 0x00000000a8000000| PB 0x00000000a8000000| Complete 
| 641|0x00000000a8100000, 0x00000000a8200000, 0x00000000a8200000|100%| E|CS|TAMS 0x00000000a8100000| PB 0x00000000a8100000| Complete 
| 642|0x00000000a8200000, 0x00000000a8300000, 0x00000000a8300000|100%| S|CS|TAMS 0x00000000a8200000| PB 0x00000000a8200000| Complete 
| 643|0x00000000a8300000, 0x00000000a8400000, 0x00000000a8400000|100%| S|CS|TAMS 0x00000000a8300000| PB 0x00000000a8300000| Complete 
| 644|0x00000000a8400000, 0x00000000a8500000, 0x00000000a8500000|100%| S|CS|TAMS 0x00000000a8400000| PB 0x00000000a8400000| Complete 
| 645|0x00000000a8500000, 0x00000000a8600000, 0x00000000a8600000|100%| S|CS|TAMS 0x00000000a8500000| PB 0x00000000a8500000| Complete 
| 646|0x00000000a8600000, 0x00000000a8700000, 0x00000000a8700000|100%| S|CS|TAMS 0x00000000a8600000| PB 0x00000000a8600000| Complete 
| 647|0x00000000a8700000, 0x00000000a8800000, 0x00000000a8800000|100%| S|CS|TAMS 0x00000000a8700000| PB 0x00000000a8700000| Complete 
| 648|0x00000000a8800000, 0x00000000a8900000, 0x00000000a8900000|100%| S|CS|TAMS 0x00000000a8800000| PB 0x00000000a8800000| Complete 
| 649|0x00000000a8900000, 0x00000000a8a00000, 0x00000000a8a00000|100%| S|CS|TAMS 0x00000000a8900000| PB 0x00000000a8900000| Complete 
| 650|0x00000000a8a00000, 0x00000000a8b00000, 0x00000000a8b00000|100%| S|CS|TAMS 0x00000000a8a00000| PB 0x00000000a8a00000| Complete 
| 651|0x00000000a8b00000, 0x00000000a8c00000, 0x00000000a8c00000|100%| S|CS|TAMS 0x00000000a8b00000| PB 0x00000000a8b00000| Complete 
| 652|0x00000000a8c00000, 0x00000000a8d00000, 0x00000000a8d00000|100%| S|CS|TAMS 0x00000000a8c00000| PB 0x00000000a8c00000| Complete 
| 653|0x00000000a8d00000, 0x00000000a8e00000, 0x00000000a8e00000|100%| S|CS|TAMS 0x00000000a8d00000| PB 0x00000000a8d00000| Complete 
| 654|0x00000000a8e00000, 0x00000000a8f00000, 0x00000000a8f00000|100%| S|CS|TAMS 0x00000000a8e00000| PB 0x00000000a8e00000| Complete 
| 655|0x00000000a8f00000, 0x00000000a9000000, 0x00000000a9000000|100%| S|CS|TAMS 0x00000000a8f00000| PB 0x00000000a8f00000| Complete 
| 656|0x00000000a9000000, 0x00000000a9100000, 0x00000000a9100000|100%| S|CS|TAMS 0x00000000a9000000| PB 0x00000000a9000000| Complete 
| 657|0x00000000a9100000, 0x00000000a9200000, 0x00000000a9200000|100%| S|CS|TAMS 0x00000000a9100000| PB 0x00000000a9100000| Complete 
| 658|0x00000000a9200000, 0x00000000a9300000, 0x00000000a9300000|100%| S|CS|TAMS 0x00000000a9200000| PB 0x00000000a9200000| Complete 
| 659|0x00000000a9300000, 0x00000000a9400000, 0x00000000a9400000|100%| S|CS|TAMS 0x00000000a9300000| PB 0x00000000a9300000| Complete 
| 660|0x00000000a9400000, 0x00000000a9500000, 0x00000000a9500000|100%| S|CS|TAMS 0x00000000a9400000| PB 0x00000000a9400000| Complete 
| 661|0x00000000a9500000, 0x00000000a9600000, 0x00000000a9600000|100%| S|CS|TAMS 0x00000000a9500000| PB 0x00000000a9500000| Complete 
| 662|0x00000000a9600000, 0x00000000a9700000, 0x00000000a9700000|100%| S|CS|TAMS 0x00000000a9600000| PB 0x00000000a9600000| Complete 
| 663|0x00000000a9700000, 0x00000000a9800000, 0x00000000a9800000|100%| S|CS|TAMS 0x00000000a9700000| PB 0x00000000a9700000| Complete 
| 664|0x00000000a9800000, 0x00000000a9900000, 0x00000000a9900000|100%| S|CS|TAMS 0x00000000a9800000| PB 0x00000000a9800000| Complete 
| 665|0x00000000a9900000, 0x00000000a9a00000, 0x00000000a9a00000|100%| S|CS|TAMS 0x00000000a9900000| PB 0x00000000a9900000| Complete 
| 666|0x00000000a9a00000, 0x00000000a9b00000, 0x00000000a9b00000|100%| S|CS|TAMS 0x00000000a9a00000| PB 0x00000000a9a00000| Complete 
| 667|0x00000000a9b00000, 0x00000000a9c00000, 0x00000000a9c00000|100%| S|CS|TAMS 0x00000000a9b00000| PB 0x00000000a9b00000| Complete 
| 668|0x00000000a9c00000, 0x00000000a9d00000, 0x00000000a9d00000|100%| S|CS|TAMS 0x00000000a9c00000| PB 0x00000000a9c00000| Complete 
| 669|0x00000000a9d00000, 0x00000000a9e00000, 0x00000000a9e00000|100%| S|CS|TAMS 0x00000000a9d00000| PB 0x00000000a9d00000| Complete 
| 670|0x00000000a9e00000, 0x00000000a9f00000, 0x00000000a9f00000|100%| S|CS|TAMS 0x00000000a9e00000| PB 0x00000000a9e00000| Complete 
| 671|0x00000000a9f00000, 0x00000000aa000000, 0x00000000aa000000|100%| S|CS|TAMS 0x00000000a9f00000| PB 0x00000000a9f00000| Complete 
| 672|0x00000000aa000000, 0x00000000aa100000, 0x00000000aa100000|100%| S|CS|TAMS 0x00000000aa000000| PB 0x00000000aa000000| Complete 
| 673|0x00000000aa100000, 0x00000000aa200000, 0x00000000aa200000|100%| S|CS|TAMS 0x00000000aa100000| PB 0x00000000aa100000| Complete 
| 674|0x00000000aa200000, 0x00000000aa300000, 0x00000000aa300000|100%| S|CS|TAMS 0x00000000aa200000| PB 0x00000000aa200000| Complete 
| 675|0x00000000aa300000, 0x00000000aa400000, 0x00000000aa400000|100%|HS|  |TAMS 0x00000000aa300000| PB 0x00000000aa300000| Complete 
| 676|0x00000000aa400000, 0x00000000aa500000, 0x00000000aa500000|100%|HC|  |TAMS 0x00000000aa400000| PB 0x00000000aa400000| Complete 
| 677|0x00000000aa500000, 0x00000000aa600000, 0x00000000aa600000|100%|HC|  |TAMS 0x00000000aa500000| PB 0x00000000aa500000| Complete 
| 678|0x00000000aa600000, 0x00000000aa700000, 0x00000000aa700000|100%|HC|  |TAMS 0x00000000aa600000| PB 0x00000000aa600000| Complete 
| 679|0x00000000aa700000, 0x00000000aa800000, 0x00000000aa800000|100%|HC|  |TAMS 0x00000000aa700000| PB 0x00000000aa700000| Complete 
| 680|0x00000000aa800000, 0x00000000aa900000, 0x00000000aa900000|100%|HC|  |TAMS 0x00000000aa800000| PB 0x00000000aa800000| Complete 
| 681|0x00000000aa900000, 0x00000000aaa00000, 0x00000000aaa00000|100%|HC|  |TAMS 0x00000000aa900000| PB 0x00000000aa900000| Complete 
| 682|0x00000000aaa00000, 0x00000000aab00000, 0x00000000aab00000|100%|HC|  |TAMS 0x00000000aaa00000| PB 0x00000000aaa00000| Complete 
| 683|0x00000000aab00000, 0x00000000aac00000, 0x00000000aac00000|100%|HC|  |TAMS 0x00000000aab00000| PB 0x00000000aab00000| Complete 
| 684|0x00000000aac00000, 0x00000000aad00000, 0x00000000aad00000|100%|HC|  |TAMS 0x00000000aac00000| PB 0x00000000aac00000| Complete 
| 685|0x00000000aad00000, 0x00000000aae00000, 0x00000000aae00000|100%|HC|  |TAMS 0x00000000aad00000| PB 0x00000000aad00000| Complete 
| 686|0x00000000aae00000, 0x00000000aaf00000, 0x00000000aaf00000|100%|HC|  |TAMS 0x00000000aae00000| PB 0x00000000aae00000| Complete 
| 687|0x00000000aaf00000, 0x00000000ab000000, 0x00000000ab000000|100%|HC|  |TAMS 0x00000000aaf00000| PB 0x00000000aaf00000| Complete 
| 688|0x00000000ab000000, 0x00000000ab100000, 0x00000000ab100000|100%|HC|  |TAMS 0x00000000ab000000| PB 0x00000000ab000000| Complete 
| 689|0x00000000ab100000, 0x00000000ab200000, 0x00000000ab200000|100%|HC|  |TAMS 0x00000000ab100000| PB 0x00000000ab100000| Complete 
| 690|0x00000000ab200000, 0x00000000ab300000, 0x00000000ab300000|100%|HC|  |TAMS 0x00000000ab200000| PB 0x00000000ab200000| Complete 
| 691|0x00000000ab300000, 0x00000000ab400000, 0x00000000ab400000|100%|HC|  |TAMS 0x00000000ab300000| PB 0x00000000ab300000| Complete 
| 692|0x00000000ab400000, 0x00000000ab500000, 0x00000000ab500000|100%|HC|  |TAMS 0x00000000ab400000| PB 0x00000000ab400000| Complete 
| 693|0x00000000ab500000, 0x00000000ab600000, 0x00000000ab600000|100%|HC|  |TAMS 0x00000000ab500000| PB 0x00000000ab500000| Complete 
| 694|0x00000000ab600000, 0x00000000ab700000, 0x00000000ab700000|100%|HC|  |TAMS 0x00000000ab600000| PB 0x00000000ab600000| Complete 
| 695|0x00000000ab700000, 0x00000000ab800000, 0x00000000ab800000|100%|HC|  |TAMS 0x00000000ab700000| PB 0x00000000ab700000| Complete 
| 696|0x00000000ab800000, 0x00000000ab900000, 0x00000000ab900000|100%|HC|  |TAMS 0x00000000ab800000| PB 0x00000000ab800000| Complete 
| 697|0x00000000ab900000, 0x00000000aba00000, 0x00000000aba00000|100%|HC|  |TAMS 0x00000000ab900000| PB 0x00000000ab900000| Complete 
| 698|0x00000000aba00000, 0x00000000abb00000, 0x00000000abb00000|100%|HC|  |TAMS 0x00000000aba00000| PB 0x00000000aba00000| Complete 
| 699|0x00000000abb00000, 0x00000000abc00000, 0x00000000abc00000|100%|HC|  |TAMS 0x00000000abb00000| PB 0x00000000abb00000| Complete 
| 700|0x00000000abc00000, 0x00000000abd00000, 0x00000000abd00000|100%|HC|  |TAMS 0x00000000abc00000| PB 0x00000000abc00000| Complete 
| 701|0x00000000abd00000, 0x00000000abe00000, 0x00000000abe00000|100%|HC|  |TAMS 0x00000000abd00000| PB 0x00000000abd00000| Complete 
| 702|0x00000000abe00000, 0x00000000abf00000, 0x00000000abf00000|100%|HC|  |TAMS 0x00000000abe00000| PB 0x00000000abe00000| Complete 
| 703|0x00000000abf00000, 0x00000000ac000000, 0x00000000ac000000|100%|HC|  |TAMS 0x00000000abf00000| PB 0x00000000abf00000| Complete 
| 704|0x00000000ac000000, 0x00000000ac100000, 0x00000000ac100000|100%|HC|  |TAMS 0x00000000ac000000| PB 0x00000000ac000000| Complete 
| 705|0x00000000ac100000, 0x00000000ac200000, 0x00000000ac200000|100%|HS|  |TAMS 0x00000000ac100000| PB 0x00000000ac100000| Complete 
| 706|0x00000000ac200000, 0x00000000ac300000, 0x00000000ac300000|100%|HC|  |TAMS 0x00000000ac200000| PB 0x00000000ac200000| Complete 
| 707|0x00000000ac300000, 0x00000000ac400000, 0x00000000ac400000|100%|HC|  |TAMS 0x00000000ac300000| PB 0x00000000ac300000| Complete 
| 708|0x00000000ac400000, 0x00000000ac500000, 0x00000000ac500000|100%|HC|  |TAMS 0x00000000ac400000| PB 0x00000000ac400000| Complete 
| 709|0x00000000ac500000, 0x00000000ac600000, 0x00000000ac600000|100%|HC|  |TAMS 0x00000000ac500000| PB 0x00000000ac500000| Complete 
| 710|0x00000000ac600000, 0x00000000ac700000, 0x00000000ac700000|100%|HC|  |TAMS 0x00000000ac600000| PB 0x00000000ac600000| Complete 
| 711|0x00000000ac700000, 0x00000000ac800000, 0x00000000ac800000|100%|HC|  |TAMS 0x00000000ac700000| PB 0x00000000ac700000| Complete 
| 712|0x00000000ac800000, 0x00000000ac900000, 0x00000000ac900000|100%|HC|  |TAMS 0x00000000ac800000| PB 0x00000000ac800000| Complete 
| 713|0x00000000ac900000, 0x00000000aca00000, 0x00000000aca00000|100%|HC|  |TAMS 0x00000000ac900000| PB 0x00000000ac900000| Complete 
| 714|0x00000000aca00000, 0x00000000acb00000, 0x00000000acb00000|100%|HS|  |TAMS 0x00000000aca00000| PB 0x00000000aca00000| Complete 
| 715|0x00000000acb00000, 0x00000000acc00000, 0x00000000acc00000|100%|HC|  |TAMS 0x00000000acb00000| PB 0x00000000acb00000| Complete 
| 716|0x00000000acc00000, 0x00000000acd00000, 0x00000000acd00000|100%|HC|  |TAMS 0x00000000acc00000| PB 0x00000000acc00000| Complete 
| 717|0x00000000acd00000, 0x00000000ace00000, 0x00000000ace00000|100%|HC|  |TAMS 0x00000000acd00000| PB 0x00000000acd00000| Complete 
| 718|0x00000000ace00000, 0x00000000acf00000, 0x00000000acf00000|100%|HC|  |TAMS 0x00000000ace00000| PB 0x00000000ace00000| Complete 
| 719|0x00000000acf00000, 0x00000000ad000000, 0x00000000ad000000|100%|HC|  |TAMS 0x00000000acf00000| PB 0x00000000acf00000| Complete 
| 720|0x00000000ad000000, 0x00000000ad100000, 0x00000000ad100000|100%|HC|  |TAMS 0x00000000ad000000| PB 0x00000000ad000000| Complete 
| 721|0x00000000ad100000, 0x00000000ad200000, 0x00000000ad200000|100%|HS|  |TAMS 0x00000000ad100000| PB 0x00000000ad100000| Complete 
| 722|0x00000000ad200000, 0x00000000ad300000, 0x00000000ad300000|100%|HC|  |TAMS 0x00000000ad200000| PB 0x00000000ad200000| Complete 
| 723|0x00000000ad300000, 0x00000000ad400000, 0x00000000ad400000|100%|HC|  |TAMS 0x00000000ad300000| PB 0x00000000ad300000| Complete 
| 724|0x00000000ad400000, 0x00000000ad500000, 0x00000000ad500000|100%|HC|  |TAMS 0x00000000ad400000| PB 0x00000000ad400000| Complete 
| 725|0x00000000ad500000, 0x00000000ad600000, 0x00000000ad600000|100%|HC|  |TAMS 0x00000000ad500000| PB 0x00000000ad500000| Complete 
| 726|0x00000000ad600000, 0x00000000ad700000, 0x00000000ad700000|100%|HC|  |TAMS 0x00000000ad600000| PB 0x00000000ad600000| Complete 
| 727|0x00000000ad700000, 0x00000000ad800000, 0x00000000ad800000|100%|HC|  |TAMS 0x00000000ad700000| PB 0x00000000ad700000| Complete 
| 728|0x00000000ad800000, 0x00000000ad900000, 0x00000000ad900000|100%|HC|  |TAMS 0x00000000ad800000| PB 0x00000000ad800000| Complete 
| 729|0x00000000ad900000, 0x00000000ada00000, 0x00000000ada00000|100%|HC|  |TAMS 0x00000000ad900000| PB 0x00000000ad900000| Complete 
| 730|0x00000000ada00000, 0x00000000adb00000, 0x00000000adb00000|100%| E|CS|TAMS 0x00000000ada00000| PB 0x00000000ada00000| Complete 
| 731|0x00000000adb00000, 0x00000000adc00000, 0x00000000adc00000|100%| E|CS|TAMS 0x00000000adb00000| PB 0x00000000adb00000| Complete 
| 732|0x00000000adc00000, 0x00000000add00000, 0x00000000add00000|100%| E|CS|TAMS 0x00000000adc00000| PB 0x00000000adc00000| Complete 
| 733|0x00000000add00000, 0x00000000ade00000, 0x00000000ade00000|100%| E|CS|TAMS 0x00000000add00000| PB 0x00000000add00000| Complete 
| 734|0x00000000ade00000, 0x00000000adf00000, 0x00000000adf00000|100%| E|CS|TAMS 0x00000000ade00000| PB 0x00000000ade00000| Complete 
| 735|0x00000000adf00000, 0x00000000ae000000, 0x00000000ae000000|100%| E|CS|TAMS 0x00000000adf00000| PB 0x00000000adf00000| Complete 
| 736|0x00000000ae000000, 0x00000000ae100000, 0x00000000ae100000|100%| E|CS|TAMS 0x00000000ae000000| PB 0x00000000ae000000| Complete 
| 737|0x00000000ae100000, 0x00000000ae200000, 0x00000000ae200000|100%| E|CS|TAMS 0x00000000ae100000| PB 0x00000000ae100000| Complete 
| 738|0x00000000ae200000, 0x00000000ae300000, 0x00000000ae300000|100%| E|CS|TAMS 0x00000000ae200000| PB 0x00000000ae200000| Complete 
| 739|0x00000000ae300000, 0x00000000ae400000, 0x00000000ae400000|100%| E|CS|TAMS 0x00000000ae300000| PB 0x00000000ae300000| Complete 
| 740|0x00000000ae400000, 0x00000000ae500000, 0x00000000ae500000|100%| E|CS|TAMS 0x00000000ae400000| PB 0x00000000ae400000| Complete 
| 741|0x00000000ae500000, 0x00000000ae600000, 0x00000000ae600000|100%| E|CS|TAMS 0x00000000ae500000| PB 0x00000000ae500000| Complete 
| 742|0x00000000ae600000, 0x00000000ae700000, 0x00000000ae700000|100%| E|CS|TAMS 0x00000000ae600000| PB 0x00000000ae600000| Complete 
| 743|0x00000000ae700000, 0x00000000ae800000, 0x00000000ae800000|100%| E|CS|TAMS 0x00000000ae700000| PB 0x00000000ae700000| Complete 
| 744|0x00000000ae800000, 0x00000000ae900000, 0x00000000ae900000|100%| E|CS|TAMS 0x00000000ae800000| PB 0x00000000ae800000| Complete 
| 745|0x00000000ae900000, 0x00000000aea00000, 0x00000000aea00000|100%| E|CS|TAMS 0x00000000ae900000| PB 0x00000000ae900000| Complete 
| 746|0x00000000aea00000, 0x00000000aeb00000, 0x00000000aeb00000|100%| E|CS|TAMS 0x00000000aea00000| PB 0x00000000aea00000| Complete 
| 747|0x00000000aeb00000, 0x00000000aec00000, 0x00000000aec00000|100%| E|CS|TAMS 0x00000000aeb00000| PB 0x00000000aeb00000| Complete 
| 748|0x00000000aec00000, 0x00000000aed00000, 0x00000000aed00000|100%| E|  |TAMS 0x00000000aec00000| PB 0x00000000aec00000| Complete 
| 749|0x00000000aed00000, 0x00000000aee00000, 0x00000000aee00000|100%| E|CS|TAMS 0x00000000aed00000| PB 0x00000000aed00000| Complete 
| 750|0x00000000aee00000, 0x00000000aef00000, 0x00000000aef00000|100%| E|CS|TAMS 0x00000000aee00000| PB 0x00000000aee00000| Complete 
| 751|0x00000000aef00000, 0x00000000af000000, 0x00000000af000000|100%| E|CS|TAMS 0x00000000aef00000| PB 0x00000000aef00000| Complete 
| 752|0x00000000af000000, 0x00000000af100000, 0x00000000af100000|100%| E|CS|TAMS 0x00000000af000000| PB 0x00000000af000000| Complete 
| 753|0x00000000af100000, 0x00000000af200000, 0x00000000af200000|100%| E|CS|TAMS 0x00000000af100000| PB 0x00000000af100000| Complete 
| 754|0x00000000af200000, 0x00000000af300000, 0x00000000af300000|100%| E|CS|TAMS 0x00000000af200000| PB 0x00000000af200000| Complete 
| 755|0x00000000af300000, 0x00000000af400000, 0x00000000af400000|100%| E|CS|TAMS 0x00000000af300000| PB 0x00000000af300000| Complete 
| 756|0x00000000af400000, 0x00000000af500000, 0x00000000af500000|100%| E|CS|TAMS 0x00000000af400000| PB 0x00000000af400000| Complete 
| 757|0x00000000af500000, 0x00000000af600000, 0x00000000af600000|100%| E|CS|TAMS 0x00000000af500000| PB 0x00000000af500000| Complete 
| 758|0x00000000af600000, 0x00000000af700000, 0x00000000af700000|100%| E|CS|TAMS 0x00000000af600000| PB 0x00000000af600000| Complete 
| 759|0x00000000af700000, 0x00000000af800000, 0x00000000af800000|100%| E|CS|TAMS 0x00000000af700000| PB 0x00000000af700000| Complete 
| 760|0x00000000af800000, 0x00000000af900000, 0x00000000af900000|100%| E|CS|TAMS 0x00000000af800000| PB 0x00000000af800000| Complete 
| 761|0x00000000af900000, 0x00000000afa00000, 0x00000000afa00000|100%| E|CS|TAMS 0x00000000af900000| PB 0x00000000af900000| Complete 
| 762|0x00000000afa00000, 0x00000000afb00000, 0x00000000afb00000|100%| E|CS|TAMS 0x00000000afa00000| PB 0x00000000afa00000| Complete 
| 763|0x00000000afb00000, 0x00000000afc00000, 0x00000000afc00000|100%| E|CS|TAMS 0x00000000afb00000| PB 0x00000000afb00000| Complete 
| 764|0x00000000afc00000, 0x00000000afd00000, 0x00000000afd00000|100%| E|CS|TAMS 0x00000000afc00000| PB 0x00000000afc00000| Complete 
| 765|0x00000000afd00000, 0x00000000afe00000, 0x00000000afe00000|100%| E|CS|TAMS 0x00000000afd00000| PB 0x00000000afd00000| Complete 
| 766|0x00000000afe00000, 0x00000000aff00000, 0x00000000aff00000|100%| E|CS|TAMS 0x00000000afe00000| PB 0x00000000afe00000| Complete 
| 767|0x00000000aff00000, 0x00000000b0000000, 0x00000000b0000000|100%| E|CS|TAMS 0x00000000aff00000| PB 0x00000000aff00000| Complete 
| 768|0x00000000b0000000, 0x00000000b0100000, 0x00000000b0100000|100%| E|CS|TAMS 0x00000000b0000000| PB 0x00000000b0000000| Complete 
| 769|0x00000000b0100000, 0x00000000b0200000, 0x00000000b0200000|100%| E|CS|TAMS 0x00000000b0100000| PB 0x00000000b0100000| Complete 
| 770|0x00000000b0200000, 0x00000000b0300000, 0x00000000b0300000|100%| E|CS|TAMS 0x00000000b0200000| PB 0x00000000b0200000| Complete 
| 771|0x00000000b0300000, 0x00000000b0400000, 0x00000000b0400000|100%| E|CS|TAMS 0x00000000b0300000| PB 0x00000000b0300000| Complete 
| 772|0x00000000b0400000, 0x00000000b0500000, 0x00000000b0500000|100%| E|CS|TAMS 0x00000000b0400000| PB 0x00000000b0400000| Complete 
| 773|0x00000000b0500000, 0x00000000b0600000, 0x00000000b0600000|100%| E|CS|TAMS 0x00000000b0500000| PB 0x00000000b0500000| Complete 
| 774|0x00000000b0600000, 0x00000000b0700000, 0x00000000b0700000|100%| E|CS|TAMS 0x00000000b0600000| PB 0x00000000b0600000| Complete 
| 775|0x00000000b0700000, 0x00000000b0800000, 0x00000000b0800000|100%| E|CS|TAMS 0x00000000b0700000| PB 0x00000000b0700000| Complete 
| 776|0x00000000b0800000, 0x00000000b0900000, 0x00000000b0900000|100%| E|CS|TAMS 0x00000000b0800000| PB 0x00000000b0800000| Complete 
| 777|0x00000000b0900000, 0x00000000b0a00000, 0x00000000b0a00000|100%| E|CS|TAMS 0x00000000b0900000| PB 0x00000000b0900000| Complete 
| 778|0x00000000b0a00000, 0x00000000b0b00000, 0x00000000b0b00000|100%| E|CS|TAMS 0x00000000b0a00000| PB 0x00000000b0a00000| Complete 
| 779|0x00000000b0b00000, 0x00000000b0c00000, 0x00000000b0c00000|100%| E|CS|TAMS 0x00000000b0b00000| PB 0x00000000b0b00000| Complete 
| 780|0x00000000b0c00000, 0x00000000b0d00000, 0x00000000b0d00000|100%| E|CS|TAMS 0x00000000b0c00000| PB 0x00000000b0c00000| Complete 
| 781|0x00000000b0d00000, 0x00000000b0e00000, 0x00000000b0e00000|100%| E|CS|TAMS 0x00000000b0d00000| PB 0x00000000b0d00000| Complete 
| 782|0x00000000b0e00000, 0x00000000b0f00000, 0x00000000b0f00000|100%| E|CS|TAMS 0x00000000b0e00000| PB 0x00000000b0e00000| Complete 
| 783|0x00000000b0f00000, 0x00000000b1000000, 0x00000000b1000000|100%| E|CS|TAMS 0x00000000b0f00000| PB 0x00000000b0f00000| Complete 
| 784|0x00000000b1000000, 0x00000000b1100000, 0x00000000b1100000|100%| E|CS|TAMS 0x00000000b1000000| PB 0x00000000b1000000| Complete 
| 785|0x00000000b1100000, 0x00000000b1200000, 0x00000000b1200000|100%| E|CS|TAMS 0x00000000b1100000| PB 0x00000000b1100000| Complete 
| 786|0x00000000b1200000, 0x00000000b1300000, 0x00000000b1300000|100%| E|CS|TAMS 0x00000000b1200000| PB 0x00000000b1200000| Complete 
| 787|0x00000000b1300000, 0x00000000b1400000, 0x00000000b1400000|100%| E|CS|TAMS 0x00000000b1300000| PB 0x00000000b1300000| Complete 
| 788|0x00000000b1400000, 0x00000000b1500000, 0x00000000b1500000|100%| E|CS|TAMS 0x00000000b1400000| PB 0x00000000b1400000| Complete 
| 789|0x00000000b1500000, 0x00000000b1600000, 0x00000000b1600000|100%| E|CS|TAMS 0x00000000b1500000| PB 0x00000000b1500000| Complete 
| 790|0x00000000b1600000, 0x00000000b1700000, 0x00000000b1700000|100%| E|CS|TAMS 0x00000000b1600000| PB 0x00000000b1600000| Complete 
| 791|0x00000000b1700000, 0x00000000b1800000, 0x00000000b1800000|100%| E|CS|TAMS 0x00000000b1700000| PB 0x00000000b1700000| Complete 
| 792|0x00000000b1800000, 0x00000000b1900000, 0x00000000b1900000|100%| E|CS|TAMS 0x00000000b1800000| PB 0x00000000b1800000| Complete 
| 793|0x00000000b1900000, 0x00000000b1a00000, 0x00000000b1a00000|100%| E|CS|TAMS 0x00000000b1900000| PB 0x00000000b1900000| Complete 
| 794|0x00000000b1a00000, 0x00000000b1b00000, 0x00000000b1b00000|100%| E|CS|TAMS 0x00000000b1a00000| PB 0x00000000b1a00000| Complete 
| 795|0x00000000b1b00000, 0x00000000b1c00000, 0x00000000b1c00000|100%| E|CS|TAMS 0x00000000b1b00000| PB 0x00000000b1b00000| Complete 
| 796|0x00000000b1c00000, 0x00000000b1d00000, 0x00000000b1d00000|100%| E|CS|TAMS 0x00000000b1c00000| PB 0x00000000b1c00000| Complete 
| 797|0x00000000b1d00000, 0x00000000b1e00000, 0x00000000b1e00000|100%| E|CS|TAMS 0x00000000b1d00000| PB 0x00000000b1d00000| Complete 
| 798|0x00000000b1e00000, 0x00000000b1f00000, 0x00000000b1f00000|100%| E|CS|TAMS 0x00000000b1e00000| PB 0x00000000b1e00000| Complete 
| 799|0x00000000b1f00000, 0x00000000b2000000, 0x00000000b2000000|100%| E|CS|TAMS 0x00000000b1f00000| PB 0x00000000b1f00000| Complete 
| 800|0x00000000b2000000, 0x00000000b2100000, 0x00000000b2100000|100%| E|CS|TAMS 0x00000000b2000000| PB 0x00000000b2000000| Complete 
| 801|0x00000000b2100000, 0x00000000b2200000, 0x00000000b2200000|100%| E|CS|TAMS 0x00000000b2100000| PB 0x00000000b2100000| Complete 
| 802|0x00000000b2200000, 0x00000000b2300000, 0x00000000b2300000|100%| E|CS|TAMS 0x00000000b2200000| PB 0x00000000b2200000| Complete 
| 803|0x00000000b2300000, 0x00000000b2400000, 0x00000000b2400000|100%| E|CS|TAMS 0x00000000b2300000| PB 0x00000000b2300000| Complete 
| 804|0x00000000b2400000, 0x00000000b2500000, 0x00000000b2500000|100%| E|CS|TAMS 0x00000000b2400000| PB 0x00000000b2400000| Complete 
| 805|0x00000000b2500000, 0x00000000b2600000, 0x00000000b2600000|100%| E|CS|TAMS 0x00000000b2500000| PB 0x00000000b2500000| Complete 
| 806|0x00000000b2600000, 0x00000000b2700000, 0x00000000b2700000|100%| E|CS|TAMS 0x00000000b2600000| PB 0x00000000b2600000| Complete 
| 807|0x00000000b2700000, 0x00000000b2800000, 0x00000000b2800000|100%| E|CS|TAMS 0x00000000b2700000| PB 0x00000000b2700000| Complete 
| 808|0x00000000b2800000, 0x00000000b2900000, 0x00000000b2900000|100%| E|CS|TAMS 0x00000000b2800000| PB 0x00000000b2800000| Complete 
| 809|0x00000000b2900000, 0x00000000b2a00000, 0x00000000b2a00000|100%| E|CS|TAMS 0x00000000b2900000| PB 0x00000000b2900000| Complete 
| 810|0x00000000b2a00000, 0x00000000b2b00000, 0x00000000b2b00000|100%| E|CS|TAMS 0x00000000b2a00000| PB 0x00000000b2a00000| Complete 
| 811|0x00000000b2b00000, 0x00000000b2c00000, 0x00000000b2c00000|100%| E|CS|TAMS 0x00000000b2b00000| PB 0x00000000b2b00000| Complete 
| 812|0x00000000b2c00000, 0x00000000b2d00000, 0x00000000b2d00000|100%| E|CS|TAMS 0x00000000b2c00000| PB 0x00000000b2c00000| Complete 
| 813|0x00000000b2d00000, 0x00000000b2e00000, 0x00000000b2e00000|100%| E|CS|TAMS 0x00000000b2d00000| PB 0x00000000b2d00000| Complete 
| 814|0x00000000b2e00000, 0x00000000b2f00000, 0x00000000b2f00000|100%| E|CS|TAMS 0x00000000b2e00000| PB 0x00000000b2e00000| Complete 
| 815|0x00000000b2f00000, 0x00000000b3000000, 0x00000000b3000000|100%| E|CS|TAMS 0x00000000b2f00000| PB 0x00000000b2f00000| Complete 
| 816|0x00000000b3000000, 0x00000000b3100000, 0x00000000b3100000|100%| E|CS|TAMS 0x00000000b3000000| PB 0x00000000b3000000| Complete 
| 817|0x00000000b3100000, 0x00000000b3200000, 0x00000000b3200000|100%| E|CS|TAMS 0x00000000b3100000| PB 0x00000000b3100000| Complete 
| 818|0x00000000b3200000, 0x00000000b3300000, 0x00000000b3300000|100%| E|CS|TAMS 0x00000000b3200000| PB 0x00000000b3200000| Complete 
| 819|0x00000000b3300000, 0x00000000b3400000, 0x00000000b3400000|100%| E|CS|TAMS 0x00000000b3300000| PB 0x00000000b3300000| Complete 
| 820|0x00000000b3400000, 0x00000000b3500000, 0x00000000b3500000|100%| E|CS|TAMS 0x00000000b3400000| PB 0x00000000b3400000| Complete 
| 821|0x00000000b3500000, 0x00000000b3600000, 0x00000000b3600000|100%| E|CS|TAMS 0x00000000b3500000| PB 0x00000000b3500000| Complete 
| 822|0x00000000b3600000, 0x00000000b3700000, 0x00000000b3700000|100%| E|CS|TAMS 0x00000000b3600000| PB 0x00000000b3600000| Complete 
| 823|0x00000000b3700000, 0x00000000b3800000, 0x00000000b3800000|100%| E|CS|TAMS 0x00000000b3700000| PB 0x00000000b3700000| Complete 
| 824|0x00000000b3800000, 0x00000000b3900000, 0x00000000b3900000|100%| E|CS|TAMS 0x00000000b3800000| PB 0x00000000b3800000| Complete 
| 825|0x00000000b3900000, 0x00000000b3a00000, 0x00000000b3a00000|100%| E|CS|TAMS 0x00000000b3900000| PB 0x00000000b3900000| Complete 
| 826|0x00000000b3a00000, 0x00000000b3b00000, 0x00000000b3b00000|100%| E|CS|TAMS 0x00000000b3a00000| PB 0x00000000b3a00000| Complete 
| 827|0x00000000b3b00000, 0x00000000b3c00000, 0x00000000b3c00000|100%| E|CS|TAMS 0x00000000b3b00000| PB 0x00000000b3b00000| Complete 
| 828|0x00000000b3c00000, 0x00000000b3d00000, 0x00000000b3d00000|100%| E|CS|TAMS 0x00000000b3c00000| PB 0x00000000b3c00000| Complete 
| 829|0x00000000b3d00000, 0x00000000b3e00000, 0x00000000b3e00000|100%| E|CS|TAMS 0x00000000b3d00000| PB 0x00000000b3d00000| Complete 
| 830|0x00000000b3e00000, 0x00000000b3f00000, 0x00000000b3f00000|100%| E|CS|TAMS 0x00000000b3e00000| PB 0x00000000b3e00000| Complete 
| 831|0x00000000b3f00000, 0x00000000b4000000, 0x00000000b4000000|100%| E|CS|TAMS 0x00000000b3f00000| PB 0x00000000b3f00000| Complete 
| 832|0x00000000b4000000, 0x00000000b4100000, 0x00000000b4100000|100%| E|CS|TAMS 0x00000000b4000000| PB 0x00000000b4000000| Complete 
| 833|0x00000000b4100000, 0x00000000b4200000, 0x00000000b4200000|100%| E|CS|TAMS 0x00000000b4100000| PB 0x00000000b4100000| Complete 
| 834|0x00000000b4200000, 0x00000000b4300000, 0x00000000b4300000|100%| E|CS|TAMS 0x00000000b4200000| PB 0x00000000b4200000| Complete 
| 835|0x00000000b4300000, 0x00000000b4400000, 0x00000000b4400000|100%| E|CS|TAMS 0x00000000b4300000| PB 0x00000000b4300000| Complete 
| 836|0x00000000b4400000, 0x00000000b4500000, 0x00000000b4500000|100%| E|CS|TAMS 0x00000000b4400000| PB 0x00000000b4400000| Complete 
| 837|0x00000000b4500000, 0x00000000b4600000, 0x00000000b4600000|100%| E|CS|TAMS 0x00000000b4500000| PB 0x00000000b4500000| Complete 
| 838|0x00000000b4600000, 0x00000000b4700000, 0x00000000b4700000|100%| E|CS|TAMS 0x00000000b4600000| PB 0x00000000b4600000| Complete 
| 839|0x00000000b4700000, 0x00000000b4800000, 0x00000000b4800000|100%| E|CS|TAMS 0x00000000b4700000| PB 0x00000000b4700000| Complete 
| 840|0x00000000b4800000, 0x00000000b4900000, 0x00000000b4900000|100%| E|CS|TAMS 0x00000000b4800000| PB 0x00000000b4800000| Complete 
| 841|0x00000000b4900000, 0x00000000b4a00000, 0x00000000b4a00000|100%| E|CS|TAMS 0x00000000b4900000| PB 0x00000000b4900000| Complete 
| 842|0x00000000b4a00000, 0x00000000b4b00000, 0x00000000b4b00000|100%| E|CS|TAMS 0x00000000b4a00000| PB 0x00000000b4a00000| Complete 
| 843|0x00000000b4b00000, 0x00000000b4c00000, 0x00000000b4c00000|100%| E|CS|TAMS 0x00000000b4b00000| PB 0x00000000b4b00000| Complete 
| 844|0x00000000b4c00000, 0x00000000b4d00000, 0x00000000b4d00000|100%| E|CS|TAMS 0x00000000b4c00000| PB 0x00000000b4c00000| Complete 
| 845|0x00000000b4d00000, 0x00000000b4e00000, 0x00000000b4e00000|100%| E|CS|TAMS 0x00000000b4d00000| PB 0x00000000b4d00000| Complete 
| 846|0x00000000b4e00000, 0x00000000b4f00000, 0x00000000b4f00000|100%| E|CS|TAMS 0x00000000b4e00000| PB 0x00000000b4e00000| Complete 
| 847|0x00000000b4f00000, 0x00000000b5000000, 0x00000000b5000000|100%| E|CS|TAMS 0x00000000b4f00000| PB 0x00000000b4f00000| Complete 
| 848|0x00000000b5000000, 0x00000000b5100000, 0x00000000b5100000|100%| E|CS|TAMS 0x00000000b5000000| PB 0x00000000b5000000| Complete 
| 849|0x00000000b5100000, 0x00000000b5200000, 0x00000000b5200000|100%| E|CS|TAMS 0x00000000b5100000| PB 0x00000000b5100000| Complete 
| 850|0x00000000b5200000, 0x00000000b5300000, 0x00000000b5300000|100%| E|CS|TAMS 0x00000000b5200000| PB 0x00000000b5200000| Complete 
| 851|0x00000000b5300000, 0x00000000b5400000, 0x00000000b5400000|100%| E|CS|TAMS 0x00000000b5300000| PB 0x00000000b5300000| Complete 
| 852|0x00000000b5400000, 0x00000000b5500000, 0x00000000b5500000|100%| E|CS|TAMS 0x00000000b5400000| PB 0x00000000b5400000| Complete 
| 853|0x00000000b5500000, 0x00000000b5600000, 0x00000000b5600000|100%| E|CS|TAMS 0x00000000b5500000| PB 0x00000000b5500000| Complete 
| 854|0x00000000b5600000, 0x00000000b5700000, 0x00000000b5700000|100%| E|CS|TAMS 0x00000000b5600000| PB 0x00000000b5600000| Complete 
| 855|0x00000000b5700000, 0x00000000b5800000, 0x00000000b5800000|100%| E|CS|TAMS 0x00000000b5700000| PB 0x00000000b5700000| Complete 
| 856|0x00000000b5800000, 0x00000000b5900000, 0x00000000b5900000|100%| E|CS|TAMS 0x00000000b5800000| PB 0x00000000b5800000| Complete 
| 857|0x00000000b5900000, 0x00000000b5a00000, 0x00000000b5a00000|100%| E|CS|TAMS 0x00000000b5900000| PB 0x00000000b5900000| Complete 
| 858|0x00000000b5a00000, 0x00000000b5b00000, 0x00000000b5b00000|100%| E|CS|TAMS 0x00000000b5a00000| PB 0x00000000b5a00000| Complete 
| 859|0x00000000b5b00000, 0x00000000b5c00000, 0x00000000b5c00000|100%| E|CS|TAMS 0x00000000b5b00000| PB 0x00000000b5b00000| Complete 
| 860|0x00000000b5c00000, 0x00000000b5d00000, 0x00000000b5d00000|100%| E|CS|TAMS 0x00000000b5c00000| PB 0x00000000b5c00000| Complete 
| 861|0x00000000b5d00000, 0x00000000b5e00000, 0x00000000b5e00000|100%| E|CS|TAMS 0x00000000b5d00000| PB 0x00000000b5d00000| Complete 
| 862|0x00000000b5e00000, 0x00000000b5f00000, 0x00000000b5f00000|100%| E|CS|TAMS 0x00000000b5e00000| PB 0x00000000b5e00000| Complete 
| 863|0x00000000b5f00000, 0x00000000b6000000, 0x00000000b6000000|100%| E|CS|TAMS 0x00000000b5f00000| PB 0x00000000b5f00000| Complete 
| 864|0x00000000b6000000, 0x00000000b6100000, 0x00000000b6100000|100%| E|CS|TAMS 0x00000000b6000000| PB 0x00000000b6000000| Complete 
| 865|0x00000000b6100000, 0x00000000b6200000, 0x00000000b6200000|100%| E|CS|TAMS 0x00000000b6100000| PB 0x00000000b6100000| Complete 
| 866|0x00000000b6200000, 0x00000000b6300000, 0x00000000b6300000|100%| E|CS|TAMS 0x00000000b6200000| PB 0x00000000b6200000| Complete 
| 867|0x00000000b6300000, 0x00000000b6400000, 0x00000000b6400000|100%| E|CS|TAMS 0x00000000b6300000| PB 0x00000000b6300000| Complete 
| 868|0x00000000b6400000, 0x00000000b6500000, 0x00000000b6500000|100%| E|CS|TAMS 0x00000000b6400000| PB 0x00000000b6400000| Complete 
| 869|0x00000000b6500000, 0x00000000b6600000, 0x00000000b6600000|100%| E|CS|TAMS 0x00000000b6500000| PB 0x00000000b6500000| Complete 
| 870|0x00000000b6600000, 0x00000000b6700000, 0x00000000b6700000|100%| E|CS|TAMS 0x00000000b6600000| PB 0x00000000b6600000| Complete 
| 871|0x00000000b6700000, 0x00000000b6800000, 0x00000000b6800000|100%| E|CS|TAMS 0x00000000b6700000| PB 0x00000000b6700000| Complete 
| 872|0x00000000b6800000, 0x00000000b6900000, 0x00000000b6900000|100%| E|CS|TAMS 0x00000000b6800000| PB 0x00000000b6800000| Complete 
| 873|0x00000000b6900000, 0x00000000b6a00000, 0x00000000b6a00000|100%| E|CS|TAMS 0x00000000b6900000| PB 0x00000000b6900000| Complete 
| 874|0x00000000b6a00000, 0x00000000b6b00000, 0x00000000b6b00000|100%| E|CS|TAMS 0x00000000b6a00000| PB 0x00000000b6a00000| Complete 
| 875|0x00000000b6b00000, 0x00000000b6c00000, 0x00000000b6c00000|100%| E|CS|TAMS 0x00000000b6b00000| PB 0x00000000b6b00000| Complete 
| 876|0x00000000b6c00000, 0x00000000b6d00000, 0x00000000b6d00000|100%| E|CS|TAMS 0x00000000b6c00000| PB 0x00000000b6c00000| Complete 
| 877|0x00000000b6d00000, 0x00000000b6e00000, 0x00000000b6e00000|100%| E|CS|TAMS 0x00000000b6d00000| PB 0x00000000b6d00000| Complete 
| 878|0x00000000b6e00000, 0x00000000b6f00000, 0x00000000b6f00000|100%| E|CS|TAMS 0x00000000b6e00000| PB 0x00000000b6e00000| Complete 
| 879|0x00000000b6f00000, 0x00000000b7000000, 0x00000000b7000000|100%| E|CS|TAMS 0x00000000b6f00000| PB 0x00000000b6f00000| Complete 
| 880|0x00000000b7000000, 0x00000000b7100000, 0x00000000b7100000|100%| E|CS|TAMS 0x00000000b7000000| PB 0x00000000b7000000| Complete 
| 881|0x00000000b7100000, 0x00000000b7200000, 0x00000000b7200000|100%| E|CS|TAMS 0x00000000b7100000| PB 0x00000000b7100000| Complete 
| 882|0x00000000b7200000, 0x00000000b7300000, 0x00000000b7300000|100%| E|CS|TAMS 0x00000000b7200000| PB 0x00000000b7200000| Complete 
| 883|0x00000000b7300000, 0x00000000b7400000, 0x00000000b7400000|100%| E|CS|TAMS 0x00000000b7300000| PB 0x00000000b7300000| Complete 
| 884|0x00000000b7400000, 0x00000000b7500000, 0x00000000b7500000|100%| E|CS|TAMS 0x00000000b7400000| PB 0x00000000b7400000| Complete 
| 885|0x00000000b7500000, 0x00000000b7600000, 0x00000000b7600000|100%| E|CS|TAMS 0x00000000b7500000| PB 0x00000000b7500000| Complete 
| 886|0x00000000b7600000, 0x00000000b7700000, 0x00000000b7700000|100%| E|CS|TAMS 0x00000000b7600000| PB 0x00000000b7600000| Complete 
| 887|0x00000000b7700000, 0x00000000b7800000, 0x00000000b7800000|100%| E|CS|TAMS 0x00000000b7700000| PB 0x00000000b7700000| Complete 
| 888|0x00000000b7800000, 0x00000000b7900000, 0x00000000b7900000|100%| E|CS|TAMS 0x00000000b7800000| PB 0x00000000b7800000| Complete 
| 889|0x00000000b7900000, 0x00000000b7a00000, 0x00000000b7a00000|100%| E|CS|TAMS 0x00000000b7900000| PB 0x00000000b7900000| Complete 
| 890|0x00000000b7a00000, 0x00000000b7b00000, 0x00000000b7b00000|100%| E|CS|TAMS 0x00000000b7a00000| PB 0x00000000b7a00000| Complete 
| 891|0x00000000b7b00000, 0x00000000b7c00000, 0x00000000b7c00000|100%| E|CS|TAMS 0x00000000b7b00000| PB 0x00000000b7b00000| Complete 
| 892|0x00000000b7c00000, 0x00000000b7d00000, 0x00000000b7d00000|100%| E|CS|TAMS 0x00000000b7c00000| PB 0x00000000b7c00000| Complete 
| 893|0x00000000b7d00000, 0x00000000b7e00000, 0x00000000b7e00000|100%| E|CS|TAMS 0x00000000b7d00000| PB 0x00000000b7d00000| Complete 
| 894|0x00000000b7e00000, 0x00000000b7f00000, 0x00000000b7f00000|100%| E|CS|TAMS 0x00000000b7e00000| PB 0x00000000b7e00000| Complete 
| 895|0x00000000b7f00000, 0x00000000b8000000, 0x00000000b8000000|100%| E|CS|TAMS 0x00000000b7f00000| PB 0x00000000b7f00000| Complete 
| 896|0x00000000b8000000, 0x00000000b8100000, 0x00000000b8100000|100%| E|CS|TAMS 0x00000000b8000000| PB 0x00000000b8000000| Complete 
| 897|0x00000000b8100000, 0x00000000b8200000, 0x00000000b8200000|100%| E|CS|TAMS 0x00000000b8100000| PB 0x00000000b8100000| Complete 
| 898|0x00000000b8200000, 0x00000000b8300000, 0x00000000b8300000|100%| E|CS|TAMS 0x00000000b8200000| PB 0x00000000b8200000| Complete 
| 899|0x00000000b8300000, 0x00000000b8400000, 0x00000000b8400000|100%|HS|  |TAMS 0x00000000b8300000| PB 0x00000000b8300000| Complete 
| 900|0x00000000b8400000, 0x00000000b8500000, 0x00000000b8500000|100%|HC|  |TAMS 0x00000000b8400000| PB 0x00000000b8400000| Complete 
| 901|0x00000000b8500000, 0x00000000b8600000, 0x00000000b8600000|100%|HS|  |TAMS 0x00000000b8500000| PB 0x00000000b8500000| Complete 
| 902|0x00000000b8600000, 0x00000000b8700000, 0x00000000b8700000|100%|HC|  |TAMS 0x00000000b8600000| PB 0x00000000b8600000| Complete 
| 903|0x00000000b8700000, 0x00000000b8800000, 0x00000000b8800000|100%|HS|  |TAMS 0x00000000b8700000| PB 0x00000000b8700000| Complete 
| 904|0x00000000b8800000, 0x00000000b8900000, 0x00000000b8900000|100%|HC|  |TAMS 0x00000000b8800000| PB 0x00000000b8800000| Complete 
| 905|0x00000000b8900000, 0x00000000b8a00000, 0x00000000b8a00000|100%|HS|  |TAMS 0x00000000b8900000| PB 0x00000000b8900000| Complete 
| 906|0x00000000b8a00000, 0x00000000b8b00000, 0x00000000b8b00000|100%|HC|  |TAMS 0x00000000b8a00000| PB 0x00000000b8a00000| Complete 
| 907|0x00000000b8b00000, 0x00000000b8c00000, 0x00000000b8c00000|100%|HS|  |TAMS 0x00000000b8b00000| PB 0x00000000b8b00000| Complete 
| 908|0x00000000b8c00000, 0x00000000b8d00000, 0x00000000b8d00000|100%|HC|  |TAMS 0x00000000b8c00000| PB 0x00000000b8c00000| Complete 
| 909|0x00000000b8d00000, 0x00000000b8e00000, 0x00000000b8e00000|100%|HS|  |TAMS 0x00000000b8d00000| PB 0x00000000b8d00000| Complete 
| 910|0x00000000b8e00000, 0x00000000b8f00000, 0x00000000b8f00000|100%|HC|  |TAMS 0x00000000b8e00000| PB 0x00000000b8e00000| Complete 
| 911|0x00000000b8f00000, 0x00000000b9000000, 0x00000000b9000000|100%|HS|  |TAMS 0x00000000b8f00000| PB 0x00000000b8f00000| Complete 
| 912|0x00000000b9000000, 0x00000000b9100000, 0x00000000b9100000|100%|HC|  |TAMS 0x00000000b9000000| PB 0x00000000b9000000| Complete 
| 913|0x00000000b9100000, 0x00000000b9200000, 0x00000000b9200000|100%|HS|  |TAMS 0x00000000b9100000| PB 0x00000000b9100000| Complete 
| 914|0x00000000b9200000, 0x00000000b9300000, 0x00000000b9300000|100%|HC|  |TAMS 0x00000000b9200000| PB 0x00000000b9200000| Complete 
| 915|0x00000000b9300000, 0x00000000b9400000, 0x00000000b9400000|100%|HS|  |TAMS 0x00000000b9300000| PB 0x00000000b9300000| Complete 
| 916|0x00000000b9400000, 0x00000000b9500000, 0x00000000b9500000|100%|HC|  |TAMS 0x00000000b9400000| PB 0x00000000b9400000| Complete 
| 917|0x00000000b9500000, 0x00000000b9600000, 0x00000000b9600000|100%|HS|  |TAMS 0x00000000b9500000| PB 0x00000000b9500000| Complete 
| 918|0x00000000b9600000, 0x00000000b9700000, 0x00000000b9700000|100%|HC|  |TAMS 0x00000000b9600000| PB 0x00000000b9600000| Complete 
| 919|0x00000000b9700000, 0x00000000b9800000, 0x00000000b9800000|100%|HS|  |TAMS 0x00000000b9700000| PB 0x00000000b9700000| Complete 
| 920|0x00000000b9800000, 0x00000000b9900000, 0x00000000b9900000|100%|HC|  |TAMS 0x00000000b9800000| PB 0x00000000b9800000| Complete 
| 921|0x00000000b9900000, 0x00000000b9a00000, 0x00000000b9a00000|100%|HS|  |TAMS 0x00000000b9900000| PB 0x00000000b9900000| Complete 
| 922|0x00000000b9a00000, 0x00000000b9b00000, 0x00000000b9b00000|100%|HC|  |TAMS 0x00000000b9a00000| PB 0x00000000b9a00000| Complete 
| 923|0x00000000b9b00000, 0x00000000b9c00000, 0x00000000b9c00000|100%|HS|  |TAMS 0x00000000b9b00000| PB 0x00000000b9b00000| Complete 
| 924|0x00000000b9c00000, 0x00000000b9d00000, 0x00000000b9d00000|100%|HC|  |TAMS 0x00000000b9c00000| PB 0x00000000b9c00000| Complete 
| 925|0x00000000b9d00000, 0x00000000b9e00000, 0x00000000b9e00000|100%|HS|  |TAMS 0x00000000b9d00000| PB 0x00000000b9d00000| Complete 
| 926|0x00000000b9e00000, 0x00000000b9f00000, 0x00000000b9f00000|100%|HC|  |TAMS 0x00000000b9e00000| PB 0x00000000b9e00000| Complete 
| 927|0x00000000b9f00000, 0x00000000ba000000, 0x00000000ba000000|100%|HS|  |TAMS 0x00000000b9f00000| PB 0x00000000b9f00000| Complete 
| 928|0x00000000ba000000, 0x00000000ba100000, 0x00000000ba100000|100%|HC|  |TAMS 0x00000000ba000000| PB 0x00000000ba000000| Complete 
| 929|0x00000000ba100000, 0x00000000ba200000, 0x00000000ba200000|100%|HS|  |TAMS 0x00000000ba100000| PB 0x00000000ba100000| Complete 
| 930|0x00000000ba200000, 0x00000000ba300000, 0x00000000ba300000|100%|HC|  |TAMS 0x00000000ba200000| PB 0x00000000ba200000| Complete 
| 931|0x00000000ba300000, 0x00000000ba400000, 0x00000000ba400000|100%|HS|  |TAMS 0x00000000ba300000| PB 0x00000000ba300000| Complete 
| 932|0x00000000ba400000, 0x00000000ba500000, 0x00000000ba500000|100%|HC|  |TAMS 0x00000000ba400000| PB 0x00000000ba400000| Complete 
| 933|0x00000000ba500000, 0x00000000ba600000, 0x00000000ba600000|100%|HS|  |TAMS 0x00000000ba500000| PB 0x00000000ba500000| Complete 
| 934|0x00000000ba600000, 0x00000000ba700000, 0x00000000ba700000|100%|HC|  |TAMS 0x00000000ba600000| PB 0x00000000ba600000| Complete 
| 935|0x00000000ba700000, 0x00000000ba800000, 0x00000000ba800000|100%|HS|  |TAMS 0x00000000ba700000| PB 0x00000000ba700000| Complete 
| 936|0x00000000ba800000, 0x00000000ba900000, 0x00000000ba900000|100%|HC|  |TAMS 0x00000000ba800000| PB 0x00000000ba800000| Complete 
| 937|0x00000000ba900000, 0x00000000baa00000, 0x00000000baa00000|100%|HS|  |TAMS 0x00000000ba900000| PB 0x00000000ba900000| Complete 
| 938|0x00000000baa00000, 0x00000000bab00000, 0x00000000bab00000|100%|HC|  |TAMS 0x00000000baa00000| PB 0x00000000baa00000| Complete 
| 939|0x00000000bab00000, 0x00000000bac00000, 0x00000000bac00000|100%|HS|  |TAMS 0x00000000bab00000| PB 0x00000000bab00000| Complete 
| 940|0x00000000bac00000, 0x00000000bad00000, 0x00000000bad00000|100%|HC|  |TAMS 0x00000000bac00000| PB 0x00000000bac00000| Complete 
| 941|0x00000000bad00000, 0x00000000bae00000, 0x00000000bae00000|100%|HS|  |TAMS 0x00000000bad00000| PB 0x00000000bad00000| Complete 
| 942|0x00000000bae00000, 0x00000000baf00000, 0x00000000baf00000|100%|HC|  |TAMS 0x00000000bae00000| PB 0x00000000bae00000| Complete 
| 943|0x00000000baf00000, 0x00000000bb000000, 0x00000000bb000000|100%|HS|  |TAMS 0x00000000baf00000| PB 0x00000000baf00000| Complete 
| 944|0x00000000bb000000, 0x00000000bb100000, 0x00000000bb100000|100%|HC|  |TAMS 0x00000000bb000000| PB 0x00000000bb000000| Complete 
| 945|0x00000000bb100000, 0x00000000bb200000, 0x00000000bb200000|100%|HS|  |TAMS 0x00000000bb100000| PB 0x00000000bb100000| Complete 
| 946|0x00000000bb200000, 0x00000000bb300000, 0x00000000bb300000|100%|HC|  |TAMS 0x00000000bb200000| PB 0x00000000bb200000| Complete 
| 947|0x00000000bb300000, 0x00000000bb400000, 0x00000000bb400000|100%|HS|  |TAMS 0x00000000bb300000| PB 0x00000000bb300000| Complete 
| 948|0x00000000bb400000, 0x00000000bb500000, 0x00000000bb500000|100%|HC|  |TAMS 0x00000000bb400000| PB 0x00000000bb400000| Complete 
| 949|0x00000000bb500000, 0x00000000bb600000, 0x00000000bb600000|100%|HS|  |TAMS 0x00000000bb500000| PB 0x00000000bb500000| Complete 
| 950|0x00000000bb600000, 0x00000000bb700000, 0x00000000bb700000|100%|HC|  |TAMS 0x00000000bb600000| PB 0x00000000bb600000| Complete 
| 951|0x00000000bb700000, 0x00000000bb800000, 0x00000000bb800000|100%|HS|  |TAMS 0x00000000bb700000| PB 0x00000000bb700000| Complete 
| 952|0x00000000bb800000, 0x00000000bb900000, 0x00000000bb900000|100%|HC|  |TAMS 0x00000000bb800000| PB 0x00000000bb800000| Complete 
|1988|0x00000000fc400000, 0x00000000fc500000, 0x00000000fc500000|100%| E|CS|TAMS 0x00000000fc400000| PB 0x00000000fc400000| Complete 
|1989|0x00000000fc500000, 0x00000000fc600000, 0x00000000fc600000|100%| E|CS|TAMS 0x00000000fc500000| PB 0x00000000fc500000| Complete 
|1990|0x00000000fc600000, 0x00000000fc700000, 0x00000000fc700000|100%| E|CS|TAMS 0x00000000fc600000| PB 0x00000000fc600000| Complete 
|1991|0x00000000fc700000, 0x00000000fc800000, 0x00000000fc800000|100%| E|CS|TAMS 0x00000000fc700000| PB 0x00000000fc700000| Complete 
|1992|0x00000000fc800000, 0x00000000fc900000, 0x00000000fc900000|100%| E|CS|TAMS 0x00000000fc800000| PB 0x00000000fc800000| Complete 
|1993|0x00000000fc900000, 0x00000000fca00000, 0x00000000fca00000|100%| E|CS|TAMS 0x00000000fc900000| PB 0x00000000fc900000| Complete 
|1994|0x00000000fca00000, 0x00000000fcb00000, 0x00000000fcb00000|100%| E|CS|TAMS 0x00000000fca00000| PB 0x00000000fca00000| Complete 
|1995|0x00000000fcb00000, 0x00000000fcc00000, 0x00000000fcc00000|100%| E|CS|TAMS 0x00000000fcb00000| PB 0x00000000fcb00000| Complete 
|1996|0x00000000fcc00000, 0x00000000fcd00000, 0x00000000fcd00000|100%| E|CS|TAMS 0x00000000fcc00000| PB 0x00000000fcc00000| Complete 
|1997|0x00000000fcd00000, 0x00000000fce00000, 0x00000000fce00000|100%| E|CS|TAMS 0x00000000fcd00000| PB 0x00000000fcd00000| Complete 
|1998|0x00000000fce00000, 0x00000000fcf00000, 0x00000000fcf00000|100%| E|CS|TAMS 0x00000000fce00000| PB 0x00000000fce00000| Complete 
|1999|0x00000000fcf00000, 0x00000000fd000000, 0x00000000fd000000|100%| E|CS|TAMS 0x00000000fcf00000| PB 0x00000000fcf00000| Complete 
|2000|0x00000000fd000000, 0x00000000fd100000, 0x00000000fd100000|100%| E|CS|TAMS 0x00000000fd000000| PB 0x00000000fd000000| Complete 
|2001|0x00000000fd100000, 0x00000000fd200000, 0x00000000fd200000|100%| E|CS|TAMS 0x00000000fd100000| PB 0x00000000fd100000| Complete 
|2002|0x00000000fd200000, 0x00000000fd300000, 0x00000000fd300000|100%| E|CS|TAMS 0x00000000fd200000| PB 0x00000000fd200000| Complete 
|2003|0x00000000fd300000, 0x00000000fd400000, 0x00000000fd400000|100%| E|CS|TAMS 0x00000000fd300000| PB 0x00000000fd300000| Complete 
|2004|0x00000000fd400000, 0x00000000fd500000, 0x00000000fd500000|100%| E|CS|TAMS 0x00000000fd400000| PB 0x00000000fd400000| Complete 
|2005|0x00000000fd500000, 0x00000000fd600000, 0x00000000fd600000|100%| E|CS|TAMS 0x00000000fd500000| PB 0x00000000fd500000| Complete 
|2006|0x00000000fd600000, 0x00000000fd700000, 0x00000000fd700000|100%| E|CS|TAMS 0x00000000fd600000| PB 0x00000000fd600000| Complete 
|2007|0x00000000fd700000, 0x00000000fd800000, 0x00000000fd800000|100%| E|CS|TAMS 0x00000000fd700000| PB 0x00000000fd700000| Complete 
|2008|0x00000000fd800000, 0x00000000fd900000, 0x00000000fd900000|100%| E|CS|TAMS 0x00000000fd800000| PB 0x00000000fd800000| Complete 
|2009|0x00000000fd900000, 0x00000000fda00000, 0x00000000fda00000|100%| E|CS|TAMS 0x00000000fd900000| PB 0x00000000fd900000| Complete 
|2010|0x00000000fda00000, 0x00000000fdb00000, 0x00000000fdb00000|100%| E|CS|TAMS 0x00000000fda00000| PB 0x00000000fda00000| Complete 
|2011|0x00000000fdb00000, 0x00000000fdc00000, 0x00000000fdc00000|100%| E|CS|TAMS 0x00000000fdb00000| PB 0x00000000fdb00000| Complete 
|2012|0x00000000fdc00000, 0x00000000fdd00000, 0x00000000fdd00000|100%| E|CS|TAMS 0x00000000fdc00000| PB 0x00000000fdc00000| Complete 
|2013|0x00000000fdd00000, 0x00000000fde00000, 0x00000000fde00000|100%| E|CS|TAMS 0x00000000fdd00000| PB 0x00000000fdd00000| Complete 
|2014|0x00000000fde00000, 0x00000000fdf00000, 0x00000000fdf00000|100%| E|CS|TAMS 0x00000000fde00000| PB 0x00000000fde00000| Complete 
|2015|0x00000000fdf00000, 0x00000000fe000000, 0x00000000fe000000|100%| E|CS|TAMS 0x00000000fdf00000| PB 0x00000000fdf00000| Complete 
|2016|0x00000000fe000000, 0x00000000fe100000, 0x00000000fe100000|100%| E|CS|TAMS 0x00000000fe000000| PB 0x00000000fe000000| Complete 
|2017|0x00000000fe100000, 0x00000000fe200000, 0x00000000fe200000|100%| E|CS|TAMS 0x00000000fe100000| PB 0x00000000fe100000| Complete 
|2018|0x00000000fe200000, 0x00000000fe300000, 0x00000000fe300000|100%| E|CS|TAMS 0x00000000fe200000| PB 0x00000000fe200000| Complete 
|2019|0x00000000fe300000, 0x00000000fe400000, 0x00000000fe400000|100%| E|CS|TAMS 0x00000000fe300000| PB 0x00000000fe300000| Complete 
|2020|0x00000000fe400000, 0x00000000fe500000, 0x00000000fe500000|100%| E|CS|TAMS 0x00000000fe400000| PB 0x00000000fe400000| Complete 
|2021|0x00000000fe500000, 0x00000000fe600000, 0x00000000fe600000|100%| E|CS|TAMS 0x00000000fe500000| PB 0x00000000fe500000| Complete 
|2022|0x00000000fe600000, 0x00000000fe700000, 0x00000000fe700000|100%| E|CS|TAMS 0x00000000fe600000| PB 0x00000000fe600000| Complete 
|2023|0x00000000fe700000, 0x00000000fe800000, 0x00000000fe800000|100%| E|CS|TAMS 0x00000000fe700000| PB 0x00000000fe700000| Complete 
|2024|0x00000000fe800000, 0x00000000fe900000, 0x00000000fe900000|100%| E|CS|TAMS 0x00000000fe800000| PB 0x00000000fe800000| Complete 
|2025|0x00000000fe900000, 0x00000000fea00000, 0x00000000fea00000|100%| O|  |TAMS 0x00000000fe900000| PB 0x00000000fe900000| Untracked 
|2026|0x00000000fea00000, 0x00000000feb00000, 0x00000000feb00000|100%| O|  |TAMS 0x00000000fea00000| PB 0x00000000fea00000| Untracked 
|2027|0x00000000feb00000, 0x00000000fec00000, 0x00000000fec00000|100%| E|CS|TAMS 0x00000000feb00000| PB 0x00000000feb00000| Complete 
|2028|0x00000000fec00000, 0x00000000fed00000, 0x00000000fed00000|100%| E|CS|TAMS 0x00000000fec00000| PB 0x00000000fec00000| Complete 
|2029|0x00000000fed00000, 0x00000000fee00000, 0x00000000fee00000|100%| E|CS|TAMS 0x00000000fed00000| PB 0x00000000fed00000| Complete 
|2030|0x00000000fee00000, 0x00000000fef00000, 0x00000000fef00000|100%| E|CS|TAMS 0x00000000fee00000| PB 0x00000000fee00000| Complete 
|2031|0x00000000fef00000, 0x00000000ff000000, 0x00000000ff000000|100%| E|CS|TAMS 0x00000000fef00000| PB 0x00000000fef00000| Complete 
|2032|0x00000000ff000000, 0x00000000ff100000, 0x00000000ff100000|100%| E|CS|TAMS 0x00000000ff000000| PB 0x00000000ff000000| Complete 
|2033|0x00000000ff100000, 0x00000000ff200000, 0x00000000ff200000|100%| E|CS|TAMS 0x00000000ff100000| PB 0x00000000ff100000| Complete 
|2034|0x00000000ff200000, 0x00000000ff300000, 0x00000000ff300000|100%| E|CS|TAMS 0x00000000ff200000| PB 0x00000000ff200000| Complete 
|2035|0x00000000ff300000, 0x00000000ff400000, 0x00000000ff400000|100%| E|CS|TAMS 0x00000000ff300000| PB 0x00000000ff300000| Complete 
|2036|0x00000000ff400000, 0x00000000ff500000, 0x00000000ff500000|100%| E|CS|TAMS 0x00000000ff400000| PB 0x00000000ff400000| Complete 
|2037|0x00000000ff500000, 0x00000000ff600000, 0x00000000ff600000|100%| E|CS|TAMS 0x00000000ff500000| PB 0x00000000ff500000| Complete 
|2038|0x00000000ff600000, 0x00000000ff700000, 0x00000000ff700000|100%| E|CS|TAMS 0x00000000ff600000| PB 0x00000000ff600000| Complete 
|2039|0x00000000ff700000, 0x00000000ff800000, 0x00000000ff800000|100%| E|CS|TAMS 0x00000000ff700000| PB 0x00000000ff700000| Complete 
|2040|0x00000000ff800000, 0x00000000ff900000, 0x00000000ff900000|100%| E|CS|TAMS 0x00000000ff800000| PB 0x00000000ff800000| Complete 
|2041|0x00000000ff900000, 0x00000000ffa00000, 0x00000000ffa00000|100%| O|  |TAMS 0x00000000ff900000| PB 0x00000000ff900000| Untracked 
|2042|0x00000000ffa00000, 0x00000000ffb00000, 0x00000000ffb00000|100%| E|CS|TAMS 0x00000000ffa00000| PB 0x00000000ffa00000| Complete 
|2043|0x00000000ffb00000, 0x00000000ffc00000, 0x00000000ffc00000|100%| E|CS|TAMS 0x00000000ffb00000| PB 0x00000000ffb00000| Complete 
|2044|0x00000000ffc00000, 0x00000000ffd00000, 0x00000000ffd00000|100%| O|  |TAMS 0x00000000ffc00000| PB 0x00000000ffc00000| Untracked 
|2045|0x00000000ffd00000, 0x00000000ffe00000, 0x00000000ffe00000|100%| O|  |TAMS 0x00000000ffd00000| PB 0x00000000ffd00000| Untracked 
|2046|0x00000000ffe00000, 0x00000000fff00000, 0x00000000fff00000|100%| E|CS|TAMS 0x00000000ffe00000| PB 0x00000000ffe00000| Complete 
|2047|0x00000000fff00000, 0x0000000100000000, 0x0000000100000000|100%| E|CS|TAMS 0x00000000fff00000| PB 0x00000000fff00000| Complete 

Card table byte_map: [0x0000019eda9e0000,0x0000019edade0000] _byte_map_base: 0x0000019eda5e0000

Marking Bits: (CMBitMap*) 0x0000019ec80959b0
 Bits: [0x0000019edade0000, 0x0000019edcde0000)

Polling page: 0x0000019ec5d70000

Metaspace:

Usage:
  Non-class:    236.76 MB used.
      Class:     32.72 MB used.
       Both:    269.48 MB used.

Virtual space:
  Non-class space:      256.00 MB reserved,     238.19 MB ( 93%) committed,  4 nodes.
      Class space:        1.00 GB reserved,      34.69 MB (  3%) committed,  1 nodes.
             Both:        1.25 GB reserved,     272.88 MB ( 21%) committed. 

Chunk freelists:
   Non-Class:  17.23 MB
       Class:  13.81 MB
        Both:  31.05 MB

MaxMetaspaceSize: unlimited
CompressedClassSpaceSize: 1.00 GB
Initial GC threshold: 21.00 MB
Current GC threshold: 454.00 MB
CDS: off
 - commit_granule_bytes: 65536.
 - commit_granule_words: 8192.
 - virtual_space_node_default_size: 8388608.
 - enlarge_chunks_in_place: 1.
 - use_allocation_guard: 0.


Internal statistics:

num_allocs_failed_limit: 9.
num_arena_births: 5452.
num_arena_deaths: 60.
num_vsnodes_births: 5.
num_vsnodes_deaths: 0.
num_space_committed: 4861.
num_space_uncommitted: 208.
num_chunks_returned_to_freelist: 1747.
num_chunks_taken_from_freelist: 18261.
num_chunk_merges: 641.
num_chunk_splits: 12821.
num_chunks_enlarged: 9266.
num_inconsistent_stats: 0.

CodeHeap 'non-profiled nmethods': size=120000Kb used=32706Kb max_used=35157Kb free=87293Kb
 bounds [0x0000019ed2c60000, 0x0000019ed4ed0000, 0x0000019eda190000]
CodeHeap 'profiled nmethods': size=120000Kb used=78171Kb max_used=87374Kb free=41828Kb
 bounds [0x0000019ecb190000, 0x0000019ed06f0000, 0x0000019ed26c0000]
CodeHeap 'non-nmethods': size=5760Kb used=2605Kb max_used=2691Kb free=3154Kb
 bounds [0x0000019ed26c0000, 0x0000019ed2970000, 0x0000019ed2c60000]
 total_blobs=31646 nmethods=30422 adapters=1124
 compilation: enabled
              stopped_count=0, restarted_count=0
 full_count=0

Compilation events (20 events):
Event: 1080.670 Thread 0x0000019ee84b7200 56000       4       com.android.tools.r8.internal.EE::a (296 bytes)
Event: 1080.674 Thread 0x0000019eebb5c6c0 nmethod 56054 0x0000019ed349db10 code [0x0000019ed349dd20, 0x0000019ed349e320]
Event: 1080.674 Thread 0x0000019eebb5c6c0 55999       4       com.android.tools.r8.internal.P5::v (26 bytes)
Event: 1080.674 Thread 0x0000019eebb5c6c0 nmethod 55999 0x0000019ed2e4f690 code [0x0000019ed2e4f820, 0x0000019ed2e4f8b0]
Event: 1080.675 Thread 0x0000019eebb5c6c0 56060       4       com.android.tools.r8.internal.tn0$$Lambda/0x0000000101e1a2d8::applyAsInt (8 bytes)
Event: 1080.676 Thread 0x0000019eebb5c6c0 nmethod 56060 0x0000019ed2f00f10 code [0x0000019ed2f010a0, 0x0000019ed2f011a0]
Event: 1080.676 Thread 0x0000019eebb5c6c0 56205       4       com.android.tools.r8.internal.fH::isEmpty (11 bytes)
Event: 1080.676 Thread 0x0000019eebb5c6c0 nmethod 56205 0x0000019ed2ec4990 code [0x0000019ed2ec4b20, 0x0000019ed2ec4bb8]
Event: 1080.676 Thread 0x0000019eebb5c6c0 56015       4       com.android.tools.r8.internal.kA::a (37 bytes)
Event: 1080.683 Thread 0x0000019ee84b7200 nmethod 56000 0x0000019ed3c7be90 code [0x0000019ed3c7c060, 0x0000019ed3c7cc00]
Event: 1080.684 Thread 0x0000019ee84b7200 56055       4       com.android.tools.r8.internal.zw0::P (52 bytes)
Event: 1080.685 Thread 0x0000019ee84b7200 nmethod 56055 0x0000019ed2e96a90 code [0x0000019ed2e96c40, 0x0000019ed2e96d98]
Event: 1080.685 Thread 0x0000019ee84b7200 56057       4       com.android.tools.r8.internal.sK$$Lambda/0x0000000101e2d938::iterator (12 bytes)
Event: 1080.689 Thread 0x0000019ee84b7200 nmethod 56057 0x0000019ed2ebaa10 code [0x0000019ed2ebabc0, 0x0000019ed2ebae68]
Event: 1080.689 Thread 0x0000019ee84b7200 55943       4       com.android.tools.r8.internal.pJ::c (73 bytes)
Event: 1080.692 Thread 0x0000019ee84b7200 nmethod 55943 0x0000019ed2ea9c10 code [0x0000019ed2ea9da0, 0x0000019ed2ea9f10]
Event: 1080.692 Thread 0x0000019ee84b7200 56027       4       com.android.tools.r8.internal.zw0::e (35 bytes)
Event: 1080.694 Thread 0x0000019ee84b7200 nmethod 56027 0x0000019ed2f76910 code [0x0000019ed2f76aa0, 0x0000019ed2f76d08]
Event: 1080.694 Thread 0x0000019ee84b7200 56049       4       com.android.tools.r8.internal.xn0::a (58 bytes)
Event: 1080.712 Thread 0x0000019ee84b7200 nmethod 56049 0x0000019ed2f81490 code [0x0000019ed2f816e0, 0x0000019ed2f81fb0]

GC Heap History (20 events):
Event: 724.316 GC heap before
{Heap before GC invocations=98 (full 0):
 garbage-first heap   total 982016K, used 857151K [0x0000000080000000, 0x0000000100000000)
  region size 1024K, 341 young (349184K), 44 survivors (45056K)
 Metaspace       used 257013K, committed 259776K, reserved 1310720K
  class space    used 31448K, committed 32832K, reserved 1048576K
}
Event: 724.338 GC heap after
{Heap after GC invocations=99 (full 0):
 garbage-first heap   total 982016K, used 557056K [0x0000000080000000, 0x0000000100000000)
  region size 1024K, 8 young (8192K), 8 survivors (8192K)
 Metaspace       used 257013K, committed 259776K, reserved 1310720K
  class space    used 31448K, committed 32832K, reserved 1048576K
}
Event: 1054.544 GC heap before
{Heap before GC invocations=100 (full 0):
 garbage-first heap   total 982016K, used 932864K [0x0000000080000000, 0x0000000100000000)
  region size 1024K, 319 young (326656K), 8 survivors (8192K)
 Metaspace       used 249452K, committed 253952K, reserved 1310720K
  class space    used 30443K, committed 32512K, reserved 1048576K
}
Event: 1054.553 GC heap after
{Heap after GC invocations=101 (full 0):
 garbage-first heap   total 982016K, used 460820K [0x0000000080000000, 0x0000000100000000)
  region size 1024K, 11 young (11264K), 11 survivors (11264K)
 Metaspace       used 249452K, committed 253952K, reserved 1310720K
  class space    used 30443K, committed 32512K, reserved 1048576K
}
Event: 1060.386 GC heap before
{Heap before GC invocations=101 (full 0):
 garbage-first heap   total 982016K, used 870420K [0x0000000080000000, 0x0000000100000000)
  region size 1024K, 406 young (415744K), 11 survivors (11264K)
 Metaspace       used 249760K, committed 253952K, reserved 1310720K
  class space    used 30457K, committed 32512K, reserved 1048576K
}
Event: 1060.444 GC heap after
{Heap after GC invocations=102 (full 0):
 garbage-first heap   total 982016K, used 468977K [0x0000000080000000, 0x0000000100000000)
  region size 1024K, 51 young (52224K), 51 survivors (52224K)
 Metaspace       used 249760K, committed 253952K, reserved 1310720K
  class space    used 30457K, committed 32512K, reserved 1048576K
}
Event: 1060.502 GC heap before
{Heap before GC invocations=102 (full 0):
 garbage-first heap   total 982016K, used 479217K [0x0000000080000000, 0x0000000100000000)
  region size 1024K, 62 young (63488K), 51 survivors (52224K)
 Metaspace       used 249760K, committed 253952K, reserved 1310720K
  class space    used 30457K, committed 32512K, reserved 1048576K
}
Event: 1060.528 GC heap after
{Heap after GC invocations=103 (full 0):
 garbage-first heap   total 982016K, used 477696K [0x0000000080000000, 0x0000000100000000)
  region size 1024K, 7 young (7168K), 7 survivors (7168K)
 Metaspace       used 249760K, committed 253952K, reserved 1310720K
  class space    used 30457K, committed 32512K, reserved 1048576K
}
Event: 1063.278 GC heap before
{Heap before GC invocations=104 (full 0):
 garbage-first heap   total 982016K, used 759296K [0x0000000080000000, 0x0000000100000000)
  region size 1024K, 330 young (337920K), 7 survivors (7168K)
 Metaspace       used 248848K, committed 251648K, reserved 1310720K
  class space    used 30279K, committed 31680K, reserved 1048576K
}
Event: 1063.317 GC heap after
{Heap after GC invocations=105 (full 0):
 garbage-first heap   total 982016K, used 492143K [0x0000000080000000, 0x0000000100000000)
  region size 1024K, 42 young (43008K), 42 survivors (43008K)
 Metaspace       used 248848K, committed 251648K, reserved 1310720K
  class space    used 30279K, committed 31680K, reserved 1048576K
}
Event: 1071.195 GC heap before
{Heap before GC invocations=105 (full 0):
 garbage-first heap   total 982016K, used 820847K [0x0000000080000000, 0x0000000100000000)
  region size 1024K, 350 young (358400K), 42 survivors (43008K)
 Metaspace       used 258006K, committed 260864K, reserved 1310720K
  class space    used 31401K, committed 32832K, reserved 1048576K
}
Event: 1071.258 GC heap after
{Heap after GC invocations=106 (full 0):
 garbage-first heap   total 982016K, used 491008K [0x0000000080000000, 0x0000000100000000)
  region size 1024K, 44 young (45056K), 44 survivors (45056K)
 Metaspace       used 258006K, committed 260864K, reserved 1310720K
  class space    used 31401K, committed 32832K, reserved 1048576K
}
Event: 1072.490 GC heap before
{Heap before GC invocations=106 (full 0):
 garbage-first heap   total 982016K, used 582144K [0x0000000080000000, 0x0000000100000000)
  region size 1024K, 134 young (137216K), 44 survivors (45056K)
 Metaspace       used 259794K, committed 262656K, reserved 1310720K
  class space    used 31618K, committed 33024K, reserved 1048576K
}
Event: 1072.507 GC heap after
{Heap after GC invocations=107 (full 0):
 garbage-first heap   total 982016K, used 479966K [0x0000000080000000, 0x0000000100000000)
  region size 1024K, 6 young (6144K), 6 survivors (6144K)
 Metaspace       used 259794K, committed 262656K, reserved 1310720K
  class space    used 31618K, committed 33024K, reserved 1048576K
}
Event: 1077.579 GC heap before
{Heap before GC invocations=108 (full 0):
 garbage-first heap   total 982016K, used 836318K [0x0000000080000000, 0x0000000100000000)
  region size 1024K, 348 young (356352K), 6 survivors (6144K)
 Metaspace       used 277650K, committed 280448K, reserved 1310720K
  class space    used 33762K, committed 35136K, reserved 1048576K
}
Event: 1077.593 GC heap after
{Heap after GC invocations=109 (full 0):
 garbage-first heap   total 982016K, used 493568K [0x0000000080000000, 0x0000000100000000)
  region size 1024K, 20 young (20480K), 20 survivors (20480K)
 Metaspace       used 277650K, committed 280448K, reserved 1310720K
  class space    used 33762K, committed 35136K, reserved 1048576K
}
Event: 1078.276 GC heap before
{Heap before GC invocations=109 (full 0):
 garbage-first heap   total 982016K, used 857088K [0x0000000080000000, 0x0000000100000000)
  region size 1024K, 368 young (376832K), 20 survivors (20480K)
 Metaspace       used 277782K, committed 280704K, reserved 1310720K
  class space    used 33773K, committed 35200K, reserved 1048576K
}
Event: 1078.309 GC heap after
{Heap after GC invocations=110 (full 0):
 garbage-first heap   total 982016K, used 457216K [0x0000000080000000, 0x0000000100000000)
  region size 1024K, 36 young (36864K), 36 survivors (36864K)
 Metaspace       used 277782K, committed 280704K, reserved 1310720K
  class space    used 33773K, committed 35200K, reserved 1048576K
}
Event: 1079.179 GC heap before
{Heap before GC invocations=110 (full 0):
 garbage-first heap   total 982016K, used 740864K [0x0000000080000000, 0x0000000100000000)
  region size 1024K, 315 young (322560K), 36 survivors (36864K)
 Metaspace       used 281756K, committed 284672K, reserved 1310720K
  class space    used 34221K, committed 35648K, reserved 1048576K
}
Event: 1079.202 GC heap after
{Heap after GC invocations=111 (full 0):
 garbage-first heap   total 982016K, used 468992K [0x0000000080000000, 0x0000000100000000)
  region size 1024K, 33 young (33792K), 33 survivors (33792K)
 Metaspace       used 281756K, committed 284672K, reserved 1310720K
  class space    used 34221K, committed 35648K, reserved 1048576K
}

Dll operation events (3 events):
Event: 0.013 Loaded shared library C:\Users\harsh\AppData\Local\Programs\Android Studio\jbr\bin\java.dll
Event: 0.021 Loaded shared library C:\Users\harsh\AppData\Local\Programs\Android Studio\jbr\bin\zip.dll
Event: 0.662 Loaded shared library C:\Users\harsh\AppData\Local\Programs\Android Studio\jbr\bin\verify.dll

Deoptimization events (20 events):
Event: 1079.755 Thread 0x0000019ee79e0870 Uncommon trap: trap_request=0xffffffde fr.pc=0x0000019ed4db0f9c relative=0x000000000000133c
Event: 1079.755 Thread 0x0000019ee79e0870 Uncommon trap: reason=class_check action=maybe_recompile pc=0x0000019ed4db0f9c method=java.util.AbstractCollection.retainAll(Ljava/util/Collection;)Z @ 8 c2
Event: 1079.755 Thread 0x0000019ee79e0870 DEOPT PACKING pc=0x0000019ed4db0f9c sp=0x00000090ab3fb1a0
Event: 1079.755 Thread 0x0000019ee79e0870 DEOPT UNPACKING pc=0x0000019ed27146a2 sp=0x00000090ab3fb190 mode 2
Event: 1080.040 Thread 0x0000019ee97f9000 DEOPT PACKING pc=0x0000019ecc328142 sp=0x00000090b02ff4c0
Event: 1080.040 Thread 0x0000019ee97f9000 DEOPT UNPACKING pc=0x0000019ed2714e42 sp=0x00000090b02fe9b0 mode 0
Event: 1080.083 Thread 0x0000019e88d64a60 Uncommon trap: trap_request=0xffffff45 fr.pc=0x0000019ed2d23b0c relative=0x0000000000000a2c
Event: 1080.083 Thread 0x0000019e88d64a60 Uncommon trap: reason=unstable_if action=reinterpret pc=0x0000019ed2d23b0c method=java.util.concurrent.ConcurrentLinkedQueue.poll()Ljava/lang/Object; @ 24 c2
Event: 1080.083 Thread 0x0000019e88d64a60 DEOPT PACKING pc=0x0000019ed2d23b0c sp=0x00000090a9cfd8c0
Event: 1080.083 Thread 0x0000019e88d64a60 DEOPT UNPACKING pc=0x0000019ed27146a2 sp=0x00000090a9cfd7f8 mode 2
Event: 1080.150 Thread 0x0000019e88b6d2e0 DEOPT PACKING pc=0x0000019ece0d0509 sp=0x00000090afbfd660
Event: 1080.150 Thread 0x0000019e88b6d2e0 DEOPT UNPACKING pc=0x0000019ed2714e42 sp=0x00000090afbfcb50 mode 0
Event: 1080.217 Thread 0x0000019e88b6d2e0 Uncommon trap: trap_request=0xffffff45 fr.pc=0x0000019ed3fef924 relative=0x00000000000007a4
Event: 1080.217 Thread 0x0000019e88b6d2e0 Uncommon trap: reason=unstable_if action=reinterpret pc=0x0000019ed3fef924 method=ksp.org.jetbrains.kotlin.parsing.KotlinCommonParserDefinition.createElement(Lksp/com/intellij/lang/ASTNode;)Lksp/com/intellij/psi/PsiElement; @ 96 c2
Event: 1080.217 Thread 0x0000019e88b6d2e0 DEOPT PACKING pc=0x0000019ed3fef924 sp=0x00000090afbfcf80
Event: 1080.218 Thread 0x0000019e88b6d2e0 DEOPT UNPACKING pc=0x0000019ed27146a2 sp=0x00000090afbfced8 mode 2
Event: 1080.283 Thread 0x0000019efa433bb0 DEOPT PACKING pc=0x0000019ecd6455be sp=0x00000090ab6fc3b0
Event: 1080.283 Thread 0x0000019efa433bb0 DEOPT UNPACKING pc=0x0000019ed2714e42 sp=0x00000090ab6fb870 mode 0
Event: 1080.305 Thread 0x0000019efa433bb0 DEOPT PACKING pc=0x0000019ecd6455be sp=0x00000090ab6fc3b0
Event: 1080.305 Thread 0x0000019efa433bb0 DEOPT UNPACKING pc=0x0000019ed2714e42 sp=0x00000090ab6fb870 mode 0

Classes loaded (20 events):
Event: 1070.305 Loading class java/util/JumboEnumSet$EnumSetIterator
Event: 1070.306 Loading class java/util/JumboEnumSet$EnumSetIterator done
Event: 1071.881 Loading class java/text/BreakIterator
Event: 1071.882 Loading class java/text/BreakIterator done
Event: 1071.898 Loading class java/util/regex/Pattern$Pos
Event: 1071.898 Loading class java/util/regex/Pattern$Pos done
Event: 1071.909 Loading class java/util/function/ToIntBiFunction
Event: 1071.910 Loading class java/util/function/ToIntBiFunction done
Event: 1072.021 Loading class java/util/EnumMap$Values
Event: 1072.021 Loading class java/util/EnumMap$Values done
Event: 1072.021 Loading class java/util/EnumMap$ValueIterator
Event: 1072.021 Loading class java/util/EnumMap$ValueIterator done
Event: 1074.733 Loading class java/io/FilterWriter
Event: 1074.734 Loading class java/io/FilterWriter done
Event: 1074.815 Loading class java/lang/annotation/Repeatable
Event: 1074.815 Loading class java/lang/annotation/Repeatable done
Event: 1075.003 Loading class java/util/regex/Matcher$ImmutableMatchResult
Event: 1075.003 Loading class java/util/regex/Matcher$ImmutableMatchResult done
Event: 1076.201 Loading class java/util/ArrayList$SubList$2
Event: 1076.201 Loading class java/util/ArrayList$SubList$2 done

Classes unloaded (20 events):
Event: 1079.504 Thread 0x0000019ec5b9fa60 Unloading class 0x0000000101b82e48 'dagger/hilt/processor/internal/BaseProcessingStep'
Event: 1079.504 Thread 0x0000019ec5b9fa60 Unloading class 0x0000000101b82c38 'dagger/spi/internal/shaded/androidx/room/compiler/processing/XProcessingStep'
Event: 1079.504 Thread 0x0000019ec5b9fa60 Unloading class 0x0000000101b82990 'dagger/hilt/processor/internal/uninstallmodules/KspUninstallModulesProcessor'
Event: 1079.504 Thread 0x0000019ec5b9fa60 Unloading class 0x0000000101b826e8 'dagger/hilt/processor/internal/KspBaseProcessingStepProcessor'
Event: 1079.504 Thread 0x0000019ec5b9fa60 Unloading class 0x0000000101b82448 'dagger/spi/internal/shaded/androidx/room/compiler/processing/ksp/KspBasicAnnotationProcessor'
Event: 1079.504 Thread 0x0000019ec5b9fa60 Unloading class 0x0000000101b82238 'dagger/spi/internal/shaded/androidx/room/compiler/processing/XBasicAnnotationProcessor'
Event: 1079.504 Thread 0x0000019ec5b9fa60 Unloading class 0x0000000101b82000 'dagger/internal/codegen/KspComponentProcessor$Provider'
Event: 1079.504 Thread 0x0000019ec5b9fa60 Unloading class 0x0000000101b7dd20 'dagger/hilt/processor/internal/generatesrootinput/KspGeneratesRootInputProcessor$Provider'
Event: 1079.504 Thread 0x0000019ec5b9fa60 Unloading class 0x0000000101b7daf0 'dagger/hilt/processor/internal/earlyentrypoint/KspEarlyEntryPointProcessor$Provider'
Event: 1079.504 Thread 0x0000019ec5b9fa60 Unloading class 0x0000000101b7d8c0 'dagger/hilt/android/processor/internal/androidentrypoint/KspAndroidEntryPointProcessor$Provider'
Event: 1079.504 Thread 0x0000019ec5b9fa60 Unloading class 0x0000000101b7d690 'dagger/hilt/processor/internal/definecomponent/KspDefineComponentProcessor$Provider'
Event: 1079.504 Thread 0x0000019ec5b9fa60 Unloading class 0x0000000101b7d460 'dagger/hilt/processor/internal/aggregateddeps/KspAggregatedDepsProcessor$Provider'
Event: 1079.504 Thread 0x0000019ec5b9fa60 Unloading class 0x0000000101b7d230 'dagger/hilt/android/processor/internal/bindvalue/KspBindValueProcessor$Provider'
Event: 1079.504 Thread 0x0000019ec5b9fa60 Unloading class 0x0000000101b7d000 'dagger/hilt/android/processor/internal/viewmodel/KspViewModelProcessor$Provider'
Event: 1079.504 Thread 0x0000019ec5b9fa60 Unloading class 0x0000000101f0cc60 'dagger/hilt/processor/internal/root/KspRootProcessor$Provider'
Event: 1079.504 Thread 0x0000019ec5b9fa60 Unloading class 0x0000000101f0ca30 'dagger/hilt/android/processor/internal/customtestapplication/KspCustomTestApplicationProcessor$Provider'
Event: 1079.504 Thread 0x0000019ec5b9fa60 Unloading class 0x0000000101f0c800 'dagger/hilt/processor/internal/root/KspComponentTreeDepsProcessor$Provider'
Event: 1079.504 Thread 0x0000019ec5b9fa60 Unloading class 0x0000000101b81c60 'dagger/hilt/processor/internal/originatingelement/KspOriginatingElementProcessor$Provider'
Event: 1079.504 Thread 0x0000019ec5b9fa60 Unloading class 0x0000000101b81a30 'dagger/hilt/processor/internal/aliasof/KspAliasOfProcessor$Provider'
Event: 1079.504 Thread 0x0000019ec5b9fa60 Unloading class 0x0000000101b81800 'dagger/hilt/processor/internal/uninstallmodules/KspUninstallModulesProcessor$Provider'

Classes redefined (0 events):
No events

Internal exceptions (20 events):
Event: 1078.932 Thread 0x0000019ee832f5f0 Exception <a 'sun/nio/fs/WindowsException'{0x00000000b187a1e8}> (0x00000000b187a1e8) 
thrown [s\src\hotspot\share\prims\jni.cpp, line 535]
Event: 1078.932 Thread 0x0000019ee832f5f0 Exception <a 'sun/nio/fs/WindowsException'{0x00000000b187a3c0}> (0x00000000b187a3c0) 
thrown [s\src\hotspot\share\prims\jni.cpp, line 535]
Event: 1079.278 Thread 0x0000019ee83309a0 Exception <a 'sun/nio/fs/WindowsException'{0x00000000fe2fdb08}> (0x00000000fe2fdb08) 
thrown [s\src\hotspot\share\prims\jni.cpp, line 535]
Event: 1079.399 Thread 0x0000019efa4348d0 Exception <a 'sun/nio/fs/WindowsException'{0x00000000fd310be8}> (0x00000000fd310be8) 
thrown [s\src\hotspot\share\prims\jni.cpp, line 535]
Event: 1079.399 Thread 0x0000019efa4348d0 Exception <a 'sun/nio/fs/WindowsException'{0x00000000fd311a90}> (0x00000000fd311a90) 
thrown [s\src\hotspot\share\prims\jni.cpp, line 535]
Event: 1079.399 Thread 0x0000019efa4348d0 Exception <a 'sun/nio/fs/WindowsException'{0x00000000fd311bd8}> (0x00000000fd311bd8) 
thrown [s\src\hotspot\share\prims\jni.cpp, line 535]
Event: 1079.410 Thread 0x0000019ee79e0870 Exception <a 'sun/nio/fs/WindowsException'{0x00000000fd3a2d40}> (0x00000000fd3a2d40) 
thrown [s\src\hotspot\share\prims\jni.cpp, line 535]
Event: 1079.410 Thread 0x0000019ee79e0870 Exception <a 'sun/nio/fs/WindowsException'{0x00000000fd3a4908}> (0x00000000fd3a4908) 
thrown [s\src\hotspot\share\prims\jni.cpp, line 535]
Event: 1079.410 Thread 0x0000019ee79e0870 Exception <a 'sun/nio/fs/WindowsException'{0x00000000fd3a64f8}> (0x00000000fd3a64f8) 
thrown [s\src\hotspot\share\prims\jni.cpp, line 535]
Event: 1079.411 Thread 0x0000019ee79e0870 Exception <a 'sun/nio/fs/WindowsException'{0x00000000fd3a80f8}> (0x00000000fd3a80f8) 
thrown [s\src\hotspot\share\prims\jni.cpp, line 535]
Event: 1079.455 Thread 0x0000019efa4369a0 Exception <a 'sun/nio/fs/WindowsException'{0x00000000fc9f1330}> (0x00000000fc9f1330) 
thrown [s\src\hotspot\share\prims\jni.cpp, line 535]
Event: 1080.077 Thread 0x0000019efa433bb0 Exception <a 'sun/nio/fs/WindowsException'{0x00000000b4d279d8}> (0x00000000b4d279d8) 
thrown [s\src\hotspot\share\prims\jni.cpp, line 535]
Event: 1080.077 Thread 0x0000019efa433bb0 Exception <a 'sun/nio/fs/WindowsException'{0x00000000b4d29658}> (0x00000000b4d29658) 
thrown [s\src\hotspot\share\prims\jni.cpp, line 535]
Event: 1080.077 Thread 0x0000019efa433bb0 Exception <a 'sun/nio/fs/WindowsException'{0x00000000b4d2b198}> (0x00000000b4d2b198) 
thrown [s\src\hotspot\share\prims\jni.cpp, line 535]
Event: 1080.149 Thread 0x0000019e88b6d2e0 Exception <a 'sun/nio/fs/WindowsException'{0x00000000b2e1ee28}> (0x00000000b2e1ee28) 
thrown [s\src\hotspot\share\prims\jni.cpp, line 535]
Event: 1080.221 Thread 0x0000019efa433bb0 Exception <a 'sun/nio/fs/WindowsException'{0x00000000b1eec600}> (0x00000000b1eec600) 
thrown [s\src\hotspot\share\prims\jni.cpp, line 535]
Event: 1080.221 Thread 0x0000019efa433bb0 Exception <a 'sun/nio/fs/WindowsException'{0x00000000b1eee238}> (0x00000000b1eee238) 
thrown [s\src\hotspot\share\prims\jni.cpp, line 535]
Event: 1080.221 Thread 0x0000019efa433bb0 Exception <a 'sun/nio/fs/WindowsException'{0x00000000b1eefd58}> (0x00000000b1eefd58) 
thrown [s\src\hotspot\share\prims\jni.cpp, line 535]
Event: 1080.324 Thread 0x0000019e88b6d2e0 Exception <a 'sun/nio/fs/WindowsException'{0x00000000ae440020}> (0x00000000ae440020) 
thrown [s\src\hotspot\share\prims\jni.cpp, line 535]
Event: 1080.558 Thread 0x0000019ef35716b0 Exception <a 'sun/nio/fs/WindowsException'{0x000000009cc0fce0}> (0x000000009cc0fce0) 
thrown [s\src\hotspot\share\prims\jni.cpp, line 535]

ZGC Phase Switch (0 events):
No events

VM Operations (20 events):
Event: 1076.615 Executing VM operation: ICBufferFull done
Event: 1077.579 Executing VM operation: G1CollectForAllocation (G1 Evacuation Pause)
Event: 1077.593 Executing VM operation: G1CollectForAllocation (G1 Evacuation Pause) done
Event: 1078.071 Executing VM operation: ICBufferFull
Event: 1078.073 Executing VM operation: ICBufferFull done
Event: 1078.121 Executing VM operation: ICBufferFull
Event: 1078.121 Executing VM operation: ICBufferFull done
Event: 1078.276 Executing VM operation: G1CollectForAllocation (G1 Evacuation Pause)
Event: 1078.309 Executing VM operation: G1CollectForAllocation (G1 Evacuation Pause) done
Event: 1078.832 Executing VM operation: ICBufferFull
Event: 1078.832 Executing VM operation: ICBufferFull done
Event: 1079.144 Executing VM operation: ICBufferFull
Event: 1079.144 Executing VM operation: ICBufferFull done
Event: 1079.179 Executing VM operation: G1TryInitiateConcMark (G1 Humongous Allocation)
Event: 1079.202 Executing VM operation: G1TryInitiateConcMark (G1 Humongous Allocation) done
Event: 1079.500 Executing VM operation: G1PauseRemark
Event: 1079.552 Executing VM operation: G1PauseRemark done
Event: 1079.773 Executing VM operation: G1PauseCleanup
Event: 1079.774 Executing VM operation: G1PauseCleanup done
Event: 1080.774 Executing VM operation: Cleanup

Memory protections (0 events):
No events

Nmethod flushes (20 events):
Event: 1079.542 Thread 0x0000019ec5b9fa60 flushing  nmethod 0x0000019ecf78bd10
Event: 1079.542 Thread 0x0000019ec5b9fa60 flushing  nmethod 0x0000019ecf794090
Event: 1079.542 Thread 0x0000019ec5b9fa60 flushing  nmethod 0x0000019ecf79ff90
Event: 1079.542 Thread 0x0000019ec5b9fa60 flushing  nmethod 0x0000019ecf7a3810
Event: 1079.542 Thread 0x0000019ec5b9fa60 flushing  nmethod 0x0000019ecf888410
Event: 1079.542 Thread 0x0000019ec5b9fa60 flushing  nmethod 0x0000019ecf97c090
Event: 1079.542 Thread 0x0000019ec5b9fa60 flushing  nmethod 0x0000019ecfa5ab90
Event: 1079.542 Thread 0x0000019ec5b9fa60 flushing  nmethod 0x0000019ecfa6e410
Event: 1079.542 Thread 0x0000019ec5b9fa60 flushing  nmethod 0x0000019ecfb94310
Event: 1079.542 Thread 0x0000019ec5b9fa60 flushing  nmethod 0x0000019ecfc38b10
Event: 1079.542 Thread 0x0000019ec5b9fa60 flushing  nmethod 0x0000019ecfc39a10
Event: 1079.542 Thread 0x0000019ec5b9fa60 flushing  nmethod 0x0000019ecfc9b610
Event: 1079.542 Thread 0x0000019ec5b9fa60 flushing  nmethod 0x0000019ecfc9de90
Event: 1079.542 Thread 0x0000019ec5b9fa60 flushing  nmethod 0x0000019ecfc9e410
Event: 1079.542 Thread 0x0000019ec5b9fa60 flushing  nmethod 0x0000019ecfc9e910
Event: 1079.542 Thread 0x0000019ec5b9fa60 flushing  nmethod 0x0000019ecfdc4290
Event: 1079.542 Thread 0x0000019ec5b9fa60 flushing  nmethod 0x0000019ecfddc390
Event: 1079.542 Thread 0x0000019ec5b9fa60 flushing  nmethod 0x0000019ecfddef90
Event: 1079.542 Thread 0x0000019ec5b9fa60 flushing  nmethod 0x0000019ecfddf890
Event: 1079.542 Thread 0x0000019ec5b9fa60 flushing  nmethod 0x0000019ecfde0010

Events (20 events):
Event: 1079.422 Thread 0x0000019ee79e0870 Thread added: 0x0000019ef3b8f7b0
Event: 1079.422 Thread 0x0000019ee79e0870 Thread added: 0x0000019ef3ad97e0
Event: 1079.423 Thread 0x0000019ee79e0870 Thread added: 0x0000019ef3ad8ac0
Event: 1079.423 Thread 0x0000019ee79e0870 Thread added: 0x0000019ef3ada500
Event: 1079.423 Thread 0x0000019ee79e0870 Thread added: 0x0000019ef3ad9150
Event: 1079.423 Thread 0x0000019ee79e0870 Thread added: 0x0000019ef3adab90
Event: 1079.423 Thread 0x0000019ee79e0870 Thread added: 0x0000019ef3adb220
Event: 1079.424 Thread 0x0000019ee79e0870 Thread added: 0x0000019ee97fb760
Event: 1079.424 Thread 0x0000019ee79e0870 Thread added: 0x0000019ee824eca0
Event: 1079.424 Thread 0x0000019ee79e0870 Thread added: 0x0000019ee824c540
Event: 1079.424 Thread 0x0000019ee79e0870 Thread added: 0x0000019ee824f9c0
Event: 1079.591 Thread 0x0000019ee97f9000 Thread added: 0x0000019e89332730
Event: 1079.593 Thread 0x0000019e89332730 Thread added: 0x0000019ee832fc80
Event: 1079.600 Thread 0x0000019ee832fc80 Thread added: 0x0000019ee8330310
Event: 1079.600 Thread 0x0000019ee8330310 Thread added: 0x0000019e91fc4eb0
Event: 1079.601 Thread 0x0000019e91fc4eb0 Thread added: 0x0000019e91fc5540
Event: 1079.688 Thread 0x0000019e91fc5540 Thread added: 0x0000019ef14259c0
Event: 1079.690 Thread 0x0000019ef14259c0 Thread added: 0x0000019e8bd05090
Event: 1079.692 Thread 0x0000019e8bd05090 Thread added: 0x0000019ef28e5700
Event: 1079.972 Thread 0x0000019ee8331030 Thread exited: 0x0000019ee8331030


Dynamic libraries:
0x00007ff6e2a30000 - 0x00007ff6e2a3a000 	C:\Users\harsh\AppData\Local\Programs\Android Studio\jbr\bin\java.exe
0x00007ffd583e0000 - 0x00007ffd58648000 	C:\Windows\SYSTEM32\ntdll.dll
0x00007ffd56c00000 - 0x00007ffd56cc9000 	C:\Windows\System32\KERNEL32.DLL
0x00007ffd55ab0000 - 0x00007ffd55ea8000 	C:\Windows\System32\KERNELBASE.dll
0x00007ffd55530000 - 0x00007ffd5567b000 	C:\Windows\System32\ucrtbase.dll
0x00007ffd47470000 - 0x00007ffd4748b000 	C:\Users\harsh\AppData\Local\Programs\Android Studio\jbr\bin\VCRUNTIME140.dll
0x00007ffd47340000 - 0x00007ffd47358000 	C:\Users\harsh\AppData\Local\Programs\Android Studio\jbr\bin\jli.dll
0x00007ffd56550000 - 0x00007ffd56717000 	C:\Windows\System32\USER32.dll
0x00007ffd43760000 - 0x00007ffd439f4000 	C:\Windows\WinSxS\amd64_microsoft.windows.common-controls_6595b64144ccf1df_6.0.26100.7019_none_3e06ffa0e335b8a8\COMCTL32.dll
0x00007ffd55730000 - 0x00007ffd55757000 	C:\Windows\System32\win32u.dll
0x00007ffd57ec0000 - 0x00007ffd57eeb000 	C:\Windows\System32\GDI32.dll
0x00007ffd57c80000 - 0x00007ffd57d29000 	C:\Windows\System32\msvcrt.dll
0x00007ffd55980000 - 0x00007ffd55aac000 	C:\Windows\System32\gdi32full.dll
0x00007ffd558d0000 - 0x00007ffd55973000 	C:\Windows\System32\msvcp_win.dll
0x00007ffd57ef0000 - 0x00007ffd57f21000 	C:\Windows\System32\IMM32.DLL
0x00007ffd467d0000 - 0x00007ffd467dc000 	C:\Users\harsh\AppData\Local\Programs\Android Studio\jbr\bin\vcruntime140_1.dll
0x00007ffd23110000 - 0x00007ffd2319d000 	C:\Users\harsh\AppData\Local\Programs\Android Studio\jbr\bin\msvcp140.dll
0x00007ffd096d0000 - 0x00007ffd0a35b000 	C:\Users\harsh\AppData\Local\Programs\Android Studio\jbr\bin\server\jvm.dll
0x00007ffd56730000 - 0x00007ffd567e4000 	C:\Windows\System32\ADVAPI32.dll
0x00007ffd56290000 - 0x00007ffd56336000 	C:\Windows\System32\sechost.dll
0x00007ffd57d30000 - 0x00007ffd57e48000 	C:\Windows\System32\RPCRT4.dll
0x00007ffd57f30000 - 0x00007ffd57fa4000 	C:\Windows\System32\WS2_32.dll
0x00007ffd55390000 - 0x00007ffd553ee000 	C:\Windows\SYSTEM32\POWRPROF.dll
0x00007ffd4e610000 - 0x00007ffd4e61b000 	C:\Windows\SYSTEM32\VERSION.dll
0x00007ffd4e5d0000 - 0x00007ffd4e605000 	C:\Windows\SYSTEM32\WINMM.dll
0x00007ffd552c0000 - 0x00007ffd552d4000 	C:\Windows\SYSTEM32\UMPDC.dll
0x00007ffd542f0000 - 0x00007ffd5430b000 	C:\Windows\SYSTEM32\kernel.appcore.dll
0x00007ffd45620000 - 0x00007ffd4562a000 	C:\Users\harsh\AppData\Local\Programs\Android Studio\jbr\bin\jimage.dll
0x00007ffd48600000 - 0x00007ffd48842000 	C:\Windows\SYSTEM32\DBGHELP.DLL
0x00007ffd57fb0000 - 0x00007ffd5833b000 	C:\Windows\System32\combase.dll
0x00007ffd561b0000 - 0x00007ffd56287000 	C:\Windows\System32\OLEAUT32.dll
0x00007ffd3eb10000 - 0x00007ffd3eb4c000 	C:\Windows\SYSTEM32\dbgcore.DLL
0x00007ffd55680000 - 0x00007ffd55725000 	C:\Windows\System32\bcryptPrimitives.dll
0x00007ffd52460000 - 0x00007ffd5246e000 	C:\Users\harsh\AppData\Local\Programs\Android Studio\jbr\bin\instrument.dll
0x00007ffd42bd0000 - 0x00007ffd42bf0000 	C:\Users\harsh\AppData\Local\Programs\Android Studio\jbr\bin\java.dll
0x00007ffd42bb0000 - 0x00007ffd42bc8000 	C:\Users\harsh\AppData\Local\Programs\Android Studio\jbr\bin\zip.dll
0x00007ffd57000000 - 0x00007ffd5774f000 	C:\Windows\System32\SHELL32.dll
0x00007ffd55760000 - 0x00007ffd558cb000 	C:\Windows\System32\wintypes.dll
0x00007ffd53150000 - 0x00007ffd539ad000 	C:\Windows\SYSTEM32\windows.storage.dll
0x00007ffd56cd0000 - 0x00007ffd56dc2000 	C:\Windows\System32\SHCORE.dll
0x00007ffd57e50000 - 0x00007ffd57eb7000 	C:\Windows\System32\shlwapi.dll
0x00007ffd55450000 - 0x00007ffd55479000 	C:\Windows\SYSTEM32\profapi.dll
0x00007ffd45610000 - 0x00007ffd45620000 	C:\Users\harsh\AppData\Local\Programs\Android Studio\jbr\bin\net.dll
0x00007ffd4b4e0000 - 0x00007ffd4b608000 	C:\Windows\SYSTEM32\WINHTTP.dll
0x00007ffd54860000 - 0x00007ffd548cb000 	C:\Windows\system32\mswsock.dll
0x00007ffd42910000 - 0x00007ffd42926000 	C:\Users\harsh\AppData\Local\Programs\Android Studio\jbr\bin\nio.dll
0x00007ffd42900000 - 0x00007ffd42910000 	C:\Users\harsh\AppData\Local\Programs\Android Studio\jbr\bin\verify.dll
0x00007ffd43a20000 - 0x00007ffd43a47000 	C:\Users\harsh\.gradle\native\c067742578af261105cb4f569cf0c3c89f3d7b1fecec35dd04571415982c5e48\windows-amd64\native-platform.dll
0x00007ffd23280000 - 0x00007ffd233c4000 	C:\Users\harsh\.gradle\native\100fb08df4bc3b14c8652ba06237920a3bd2aa13389f12d3474272988ae205f9\windows-amd64\native-platform-file-events.dll
0x00007ffd47c20000 - 0x00007ffd47c29000 	C:\Users\harsh\AppData\Local\Programs\Android Studio\jbr\bin\management.dll
0x00007ffd47c10000 - 0x00007ffd47c1b000 	C:\Users\harsh\AppData\Local\Programs\Android Studio\jbr\bin\management_ext.dll
0x00007ffd56720000 - 0x00007ffd56728000 	C:\Windows\System32\PSAPI.DLL
0x00007ffd54b30000 - 0x00007ffd54b4b000 	C:\Windows\SYSTEM32\CRYPTSP.dll
0x00007ffd54250000 - 0x00007ffd5428a000 	C:\Windows\system32\rsaenh.dll
0x00007ffd54910000 - 0x00007ffd5493b000 	C:\Windows\SYSTEM32\USERENV.dll
0x00007ffd55420000 - 0x00007ffd5544a000 	C:\Windows\SYSTEM32\bcrypt.dll
0x00007ffd54b20000 - 0x00007ffd54b2c000 	C:\Windows\SYSTEM32\CRYPTBASE.dll
0x00007ffd53d90000 - 0x00007ffd53dc4000 	C:\Windows\SYSTEM32\IPHLPAPI.DLL
0x00007ffd56800000 - 0x00007ffd5680a000 	C:\Windows\System32\NSI.dll
0x00007ffd47c30000 - 0x00007ffd47c39000 	C:\Users\harsh\AppData\Local\Programs\Android Studio\jbr\bin\extnet.dll
0x00007ffd47c70000 - 0x00007ffd47c78000 	C:\Windows\system32\wshunix.dll
0x00007ffd249b0000 - 0x00007ffd24b48000 	C:\Users\harsh\AppData\Local\Programs\Android Studio\jbr\bin\awt.dll
0x00007ffd40ed0000 - 0x00007ffd40f14000 	C:\Users\harsh\AppData\Local\Programs\Android Studio\jbr\bin\nvdaControllerClient64.dll
0x00007ffd52a50000 - 0x00007ffd52a80000 	C:\Windows\SYSTEM32\dwmapi.dll
0x00007ffd526a0000 - 0x00007ffd5273f000 	C:\Windows\SYSTEM32\apphelp.dll
0x00007ffd527c0000 - 0x00007ffd5286a000 	C:\Windows\system32\uxtheme.dll
0x00007ffd56890000 - 0x00007ffd569ee000 	C:\Windows\System32\MSCTF.dll
0x00007ffd56e60000 - 0x00007ffd56ff7000 	C:\Windows\System32\ole32.dll
0x00007ffd52250000 - 0x00007ffd52257000 	C:\Users\harsh\AppData\Local\Programs\Android Studio\jbr\bin\rmi.dll
0x00007ffd54410000 - 0x00007ffd54446000 	C:\Windows\SYSTEM32\ntmarta.dll

dbghelp: loaded successfully - version: 4.0.5 - missing functions: none
symbol engine: initialized successfully - sym options: 0x614 - pdb path: .;C:\Users\harsh\AppData\Local\Programs\Android Studio\jbr\bin;C:\Windows\SYSTEM32;C:\Windows\WinSxS\amd64_microsoft.windows.common-controls_6595b64144ccf1df_6.0.26100.7019_none_3e06ffa0e335b8a8;C:\Users\harsh\AppData\Local\Programs\Android Studio\jbr\bin\server;C:\Users\harsh\.gradle\native\c067742578af261105cb4f569cf0c3c89f3d7b1fecec35dd04571415982c5e48\windows-amd64;C:\Users\harsh\.gradle\native\100fb08df4bc3b14c8652ba06237920a3bd2aa13389f12d3474272988ae205f9\windows-amd64

VM Arguments:
jvm_args: --add-opens=java.base/java.lang=ALL-UNNAMED --add-opens=java.base/java.lang.invoke=ALL-UNNAMED --add-opens=java.base/java.util=ALL-UNNAMED --add-opens=java.prefs/java.util.prefs=ALL-UNNAMED --add-exports=jdk.compiler/com.sun.tools.javac.api=ALL-UNNAMED --add-exports=jdk.compiler/com.sun.tools.javac.util=ALL-UNNAMED --add-opens=java.base/java.util=ALL-UNNAMED --add-opens=java.prefs/java.util.prefs=ALL-UNNAMED --add-opens=java.base/java.nio.charset=ALL-UNNAMED --add-opens=java.base/java.net=ALL-UNNAMED --add-opens=java.base/java.util.concurrent.atomic=ALL-UNNAMED --add-opens=java.xml/javax.xml.namespace=ALL-UNNAMED -Xmx2048m -Dfile.encoding=UTF-8 -Duser.country=US -Duser.language=en -Duser.variant -javaagent:C:\Users\harsh\.gradle\wrapper\dists\gradle-8.11.1-bin\bpt9gzteqjrbo1mjrsomdt32c\gradle-8.11.1\lib\agents\gradle-instrumentation-agent-8.11.1.jar 
java_command: org.gradle.launcher.daemon.bootstrap.GradleDaemon 8.11.1
java_class_path (initial): C:\Users\harsh\.gradle\wrapper\dists\gradle-8.11.1-bin\bpt9gzteqjrbo1mjrsomdt32c\gradle-8.11.1\lib\gradle-daemon-main-8.11.1.jar
Launcher Type: SUN_STANDARD

[Global flags]
     intx CICompilerCount                          = 4                                         {product} {ergonomic}
     uint ConcGCThreads                            = 3                                         {product} {ergonomic}
     uint G1ConcRefinementThreads                  = 10                                        {product} {ergonomic}
   size_t G1HeapRegionSize                         = 1048576                                   {product} {ergonomic}
    uintx GCDrainStackTargetSize                   = 64                                        {product} {ergonomic}
   size_t InitialHeapSize                          = 257949696                                 {product} {ergonomic}
   size_t MarkStackSize                            = 4194304                                   {product} {ergonomic}
   size_t MaxHeapSize                              = 2147483648                                {product} {command line}
   size_t MaxNewSize                               = 1287651328                                {product} {ergonomic}
   size_t MinHeapDeltaBytes                        = 1048576                                   {product} {ergonomic}
   size_t MinHeapSize                              = 8388608                                   {product} {ergonomic}
    uintx NonNMethodCodeHeapSize                   = 5839372                                {pd product} {ergonomic}
    uintx NonProfiledCodeHeapSize                  = 122909434                              {pd product} {ergonomic}
    uintx ProfiledCodeHeapSize                     = 122909434                              {pd product} {ergonomic}
    uintx ReservedCodeCacheSize                    = 251658240                              {pd product} {ergonomic}
     bool SegmentedCodeCache                       = true                                      {product} {ergonomic}
   size_t SoftMaxHeapSize                          = 2147483648                             {manageable} {ergonomic}
     bool UseCompressedOops                        = true                           {product lp64_product} {ergonomic}
     bool UseG1GC                                  = true                                      {product} {ergonomic}
     bool UseLargePagesIndividualAllocation        = false                                  {pd product} {ergonomic}

Logging:
Log output configuration:
 #0: stdout all=warning uptime,level,tags foldmultilines=false
 #1: stderr all=off uptime,level,tags foldmultilines=false

Environment Variables:
PATH=D:\oracle\product\10.2.0\db_1\bin;C:\Program Files\Common Files\Oracle\Java\javapath;C:\Windows\system32;C:\Windows;C:\Windows\System32\Wbem;C:\Windows\System32\WindowsPowerShell\v1.0\;C:\Windows\System32\OpenSSH\;C:\ProgramData\chocolatey\bin;C:\Program Files\Java\jdk-23\bin;C:\Program Files\Git\cmd;D:\flutter\bin;C:\Users\harsh\AppData\Local\Microsoft\WindowsApps;C:\Users\harsh\AppData\Local\Programs\Microsoft VS Code\bin;C:\Users\harsh\AppData\Roaming\Python\Python313\Scripts;C:\Users\harsh\AppData\Local\JetBrains\Toolbox\scripts;
USERNAME=harsh
OS=Windows_NT
PROCESSOR_IDENTIFIER=AMD64 Family 25 Model 80 Stepping 0, AuthenticAMD
TMP=C:\Users\harsh\AppData\Local\Temp
TEMP=C:\Users\harsh\AppData\Local\Temp




Periodic native trim disabled

JNI global refs:
JNI global refs: 42, weak refs: 107

JNI global refs memory usage: 835, weak refs: 3361

Process memory usage:
Resident Set Size: 1774404K (11% of 16085060K total physical memory with 1059572K free physical memory)

OOME stack traces (most recent first):
Classloader memory used:
Loader java.net.URLClassLoader                                                         : 98344K
Loader org.gradle.internal.classloader.VisitableURLClassLoader$InstrumentingVisitableURLClassLoader: 70099K
Loader org.gradle.internal.classloader.VisitableURLClassLoader                         : 46595K
Loader bootstrap                                                                       : 35512K
Loader org.gradle.initialization.MixInLegacyTypesClassLoader                           : 13570K
Loader jdk.internal.loader.ClassLoaders$AppClassLoader                                 : 9085K
Loader jdk.internal.loader.ClassLoaders$PlatformClassLoader                            : 908K
Loader jdk.internal.reflect.DelegatingClassLoader                                      : 861K
Loader jdk.internal.jrtfs.JrtFileSystemProvider$JrtFsLoader                            : 643K
Loader org.gradle.internal.classloader.VisitableURLClassLoader                         : 319K
Loader sun.reflect.misc.MethodUtil                                                     : 2952B

Classes loaded by more than one classloader:
Class com.google.common.collect.Maps$EntryTransformer                                 : loaded 5 times (x 66B)
Class com.google.common.collect.ImmutableSortedSet                                    : loaded 5 times (x 296B)
Class com.google.common.collect.RegularImmutableMap$KeySet                            : loaded 5 times (x 148B)
Class com.google.common.collect.ImmutableCollection$Builder                           : loaded 5 times (x 72B)
Class com.google.common.collect.ImmutableListMultimap                                 : loaded 5 times (x 172B)
Class com.google.common.collect.RegularImmutableMap$BucketOverflowException           : loaded 5 times (x 78B)
Class com.google.common.collect.ImmutableMultiset                                     : loaded 5 times (x 159B)
Class com.google.common.base.Joiner                                                   : loaded 5 times (x 75B)
Class com.google.common.collect.BaseImmutableMultimap                                 : loaded 5 times (x 119B)
Class com.google.common.base.CharMatcher$IsNot                                        : loaded 5 times (x 107B)
Class com.google.common.base.Suppliers$NonSerializableMemoizingSupplier               : loaded 5 times (x 75B)
Class com.google.common.collect.ImmutableAsList                                       : loaded 5 times (x 205B)
Class com.google.common.collect.Iterators$9                                           : loaded 5 times (x 77B)
Class com.google.common.collect.AbstractMapBasedMultimap                              : loaded 5 times (x 135B)
Class com.google.common.collect.ImmutableMapValues                                    : loaded 5 times (x 122B)
Class com.google.common.collect.RegularImmutableSortedSet                             : loaded 5 times (x 296B)
Class com.google.common.base.CharMatcher$IsEither                                     : loaded 5 times (x 107B)
Class com.google.common.math.IntMath                                                  : loaded 5 times (x 67B)
Class com.google.common.collect.Platform                                              : loaded 5 times (x 67B)
Class com.google.common.collect.UnmodifiableIterator                                  : loaded 5 times (x 76B)
Class com.google.common.collect.ImmutableSet$RegularSetBuilderImpl                    : loaded 5 times (x 73B)
Class com.google.common.collect.SingletonImmutableBiMap                               : loaded 5 times (x 139B)
Class com.google.common.collect.RegularImmutableSet                                   : loaded 5 times (x 145B)
Class com.google.common.collect.Iterators$MergingIterator                             : loaded 5 times (x 77B)
Class com.google.common.collect.ImmutableSet$CachingAsList                            : loaded 5 times (x 144B)
Class com.google.common.collect.AbstractMapEntry                                      : loaded 5 times (x 77B)
Class com.google.common.base.Converter                                                : loaded 5 times (x 86B)
Class com.google.common.collect.ImmutableMapEntry                                     : loaded 5 times (x 81B)
Class com.google.common.base.Ascii                                                    : loaded 5 times (x 67B)
Class com.google.common.collect.ImmutableMapEntry$NonTerminalImmutableMapEntry        : loaded 5 times (x 81B)
Class com.google.common.collect.ImmutableMapKeySet                                    : loaded 5 times (x 148B)
Class com.google.common.collect.ImmutableCollection                                   : loaded 5 times (x 121B)
Class com.google.common.base.CharMatcher$AnyOf                                        : loaded 5 times (x 108B)
Class com.google.common.collect.ImmutableMultimap$1                                   : loaded 5 times (x 78B)
Class com.google.common.collect.ImmutableMultimap                                     : loaded 5 times (x 143B)
Class com.google.common.base.Function                                                 : loaded 5 times (x 66B)
Class com.google.common.collect.Sets$ImprovedAbstractSet                              : loaded 5 times (x 131B)
Class com.google.common.collect.RegularImmutableList                                  : loaded 5 times (x 209B)
Class com.google.common.collect.ImmutableEnumSet                                      : loaded 5 times (x 142B)
Class com.google.common.collect.MapDifference                                         : loaded 5 times (x 66B)
Class com.google.common.base.CharMatcher$ForPredicate                                 : loaded 5 times (x 108B)
Class com.google.common.collect.ImmutableMultimap$Values                              : loaded 5 times (x 122B)
Class com.google.common.collect.ImmutableList$1                                       : loaded 5 times (x 93B)
Class com.google.common.collect.ImmutableSet$JdkBackedSetBuilderImpl                  : loaded 5 times (x 72B)
Class com.google.common.collect.Iterators$5                                           : loaded 5 times (x 78B)
Class com.google.common.collect.Maps                                                  : loaded 5 times (x 67B)
Class com.google.common.collect.AbstractMultimap                                      : loaded 5 times (x 119B)
Class com.google.common.collect.Iterators$4                                           : loaded 5 times (x 78B)
Class com.google.common.collect.AbstractListMultimap                                  : loaded 5 times (x 168B)
Class com.google.common.collect.ImmutableBiMap                                        : loaded 5 times (x 139B)
Class com.google.common.collect.SortedIterable                                        : loaded 5 times (x 66B)
Class com.google.common.collect.ImmutableMultimap$2                                   : loaded 5 times (x 77B)
Class com.google.common.collect.AbstractMapBasedMultimap$AsMap$AsMapEntries           : loaded 5 times (x 134B)
Class com.google.common.collect.RegularImmutableBiMap                                 : loaded 5 times (x 145B)
Class com.google.common.collect.RegularImmutableMap                                   : loaded 5 times (x 117B)
Class com.google.common.collect.ImmutableMap$MapViewOfValuesAsSingletonSets           : loaded 5 times (x 122B)
Class com.google.common.collect.AbstractMapBasedMultimap$AsMap                        : loaded 5 times (x 124B)
Class com.google.common.collect.SingletonImmutableSet                                 : loaded 5 times (x 142B)
Class com.google.common.collect.ImmutableList$SubList                                 : loaded 5 times (x 205B)
Class com.google.common.collect.ImmutableMap$IteratorBasedImmutableMap                : loaded 5 times (x 122B)
Class com.google.common.base.CharMatcher$Negated                                      : loaded 5 times (x 109B)
Class com.google.common.collect.RegularImmutableAsList                                : loaded 5 times (x 213B)
Class com.google.common.collect.Iterators                                             : loaded 5 times (x 67B)
Class com.google.common.collect.Iterators$1                                           : loaded 5 times (x 77B)
Class com.google.common.base.CharMatcher$Is                                           : loaded 5 times (x 107B)
Class com.google.common.collect.ImmutableSet$SetBuilderImpl                           : loaded 5 times (x 72B)
Class com.google.common.collect.SortedMapDifference                                   : loaded 5 times (x 66B)
Class com.google.common.collect.Maps$8                                                : loaded 5 times (x 78B)
Class com.google.common.collect.UnmodifiableListIterator                              : loaded 5 times (x 91B)
Class com.google.common.collect.Maps$EntrySet                                         : loaded 5 times (x 132B)
Class com.google.common.base.Suppliers$MemoizingSupplier                              : loaded 5 times (x 75B)
Class com.google.common.collect.CollectPreconditions                                  : loaded 5 times (x 67B)
Class com.google.common.collect.ImmutableMultimap$EntryCollection                     : loaded 5 times (x 124B)
Class com.google.common.collect.ArrayListMultimap                                     : loaded 5 times (x 168B)
Class com.google.common.collect.Hashing                                               : loaded 5 times (x 67B)
Class com.google.common.collect.Sets$SetView                                          : loaded 5 times (x 134B)
Class com.google.common.collect.ImmutableEntry                                        : loaded 5 times (x 78B)
Class com.google.common.base.Preconditions                                            : loaded 5 times (x 67B)
Class com.google.common.base.Suppliers                                                : loaded 5 times (x 67B)
Class com.google.common.base.CharMatcher$And                                          : loaded 5 times (x 108B)
Class com.google.common.collect.ImmutableList                                         : loaded 5 times (x 202B)
Class com.google.common.collect.ImmutableSet$EmptySetBuilderImpl                      : loaded 5 times (x 72B)
Class com.google.common.collect.ImmutableMultimap$Builder                             : loaded 5 times (x 79B)
Class com.google.common.collect.Sets$4                                                : loaded 5 times (x 135B)
Class com.google.common.collect.ImmutableList$ReverseImmutableList                    : loaded 5 times (x 205B)
Class com.google.common.base.CharMatcher$NegatedFastMatcher                           : loaded 5 times (x 109B)
Class com.google.common.base.Joiner$1                                                 : loaded 5 times (x 76B)
Class com.google.common.collect.IndexedImmutableSet                                   : loaded 5 times (x 148B)
Class Program                                                                         : loaded 5 times (x 68B)
Class com.google.common.collect.ImmutableMap$1                                        : loaded 5 times (x 77B)
Class com.google.common.collect.BiMap                                                 : loaded 5 times (x 66B)
Class com.google.common.math.IntMath$1                                                : loaded 5 times (x 67B)
Class com.google.common.collect.SingletonImmutableList                                : loaded 5 times (x 203B)
Class com.google.common.collect.ImmutableMap                                          : loaded 5 times (x 116B)
Class com.google.common.collect.Sets$3                                                : loaded 5 times (x 135B)
Class com.google.common.base.Predicate                                                : loaded 5 times (x 66B)
Class com.google.common.base.CharMatcher                                              : loaded 5 times (x 107B)
Class com.google.common.primitives.Ints                                               : loaded 5 times (x 67B)
Class com.google.common.collect.AbstractIterator                                      : loaded 5 times (x 78B)
Class com.google.common.collect.Multimap                                              : loaded 5 times (x 66B)
Class com.google.common.collect.ImmutableMultimap$Keys                                : loaded 5 times (x 162B)
Class com.google.common.primitives.IntsMethodsForWeb                                  : loaded 5 times (x 67B)
Class com.google.common.collect.RegularImmutableMap$Values                            : loaded 5 times (x 203B)
Class com.google.common.base.CharMatcher$BitSetMatcher                                : loaded 5 times (x 108B)
Class com.google.common.collect.PeekingIterator                                       : loaded 5 times (x 66B)
Class com.google.common.collect.ImmutableSet$Builder                                  : loaded 5 times (x 81B)
Class com.google.common.base.CharMatcher$InRange                                      : loaded 5 times (x 107B)
Class com.google.common.collect.SetMultimap                                           : loaded 5 times (x 66B)
Class com.google.common.base.CharMatcher$FastMatcher                                  : loaded 5 times (x 107B)
Class com.google.common.collect.Multiset                                              : loaded 5 times (x 66B)
Class com.google.common.collect.ArrayListMultimapGwtSerializationDependencies         : loaded 5 times (x 168B)
Class com.google.common.collect.ImmutableSet                                          : loaded 5 times (x 141B)
Class com.google.common.collect.AbstractIndexedListIterator                           : loaded 5 times (x 92B)
Class com.google.common.math.MathPreconditions                                        : loaded 5 times (x 67B)
Class com.google.common.collect.Maps$ViewCachingAbstractMap                           : loaded 5 times (x 121B)
Class com.google.common.collect.Sets$2                                                : loaded 5 times (x 135B)
Class com.google.common.collect.Maps$BiMapConverter                                   : loaded 5 times (x 86B)
Class com.google.common.base.Joiner$2                                                 : loaded 5 times (x 75B)
Class com.google.common.collect.ImmutableMultisetGwtSerializationDependencies         : loaded 5 times (x 121B)
Class com.google.common.base.CharMatcher$Or                                           : loaded 5 times (x 108B)
Class com.google.common.collect.ImmutableEnumMap                                      : loaded 5 times (x 122B)
Class com.google.common.collect.ListMultimap                                          : loaded 5 times (x 66B)
Class com.google.common.collect.Sets                                                  : loaded 5 times (x 67B)
Class com.google.common.collect.ImmutableMapEntrySet$RegularEntrySet                  : loaded 5 times (x 148B)
Class com.google.common.collect.ImmutableMap$Builder                                  : loaded 5 times (x 78B)
Class com.google.common.base.CharMatcher$NamedFastMatcher                             : loaded 5 times (x 108B)
Class com.google.common.collect.Iterators$ArrayItr                                    : loaded 5 times (x 93B)
Class com.google.common.base.CharMatcher$1                                            : loaded 5 times (x 109B)
Class com.google.common.collect.ImmutableMapEntrySet                                  : loaded 5 times (x 148B)
Class com.google.common.base.Supplier                                                 : loaded 5 times (x 66B)
Class com.google.common.collect.Sets$1                                                : loaded 5 times (x 135B)
Class kotlin.collections.ArraysKt__ArraysJVMKt                                        : loaded 4 times (x 67B)
Class kotlin.TuplesKt                                                                 : loaded 4 times (x 67B)
Class kotlin.Unit                                                                     : loaded 4 times (x 67B)
Class kotlin.ranges.RangesKt                                                          : loaded 4 times (x 67B)
Class kotlin.Function                                                                 : loaded 4 times (x 66B)
Class kotlin.collections.SetsKt__SetsJVMKt                                            : loaded 4 times (x 67B)
Class kotlin.collections.ArraysUtilJVM                                                : loaded 4 times (x 67B)
Class dagger.hilt.processor.internal.optionvalues.GradleProjectType                   : loaded 4 times (x 75B)
Class kotlin.sequences.SequencesKt___SequencesJvmKt                                   : loaded 4 times (x 67B)
Class kotlin.jvm.functions.Function0                                                  : loaded 4 times (x 66B)
Class kotlin.collections.ArraysKt__ArraysKt                                           : loaded 4 times (x 67B)
Class [Lkotlin.reflect.KCallable;                                                     : loaded 4 times (x 65B)
Class kotlin.text.StringsKt__AppendableKt                                             : loaded 4 times (x 67B)
Class kotlin.text.StringsKt__StringBuilderKt                                          : loaded 4 times (x 67B)
Class kotlin.collections.IndexingIterable                                             : loaded 4 times (x 75B)
Class com.google.common.collect.CollectSpliterators$1WithCharacteristics              : loaded 4 times (x 86B)
Class kotlin.collections.IndexingIterator                                             : loaded 4 times (x 75B)
Class kotlin.collections.CollectionsKt___CollectionsJvmKt                             : loaded 4 times (x 67B)
Class com.google.common.base.CaseFormat$1                                             : loaded 4 times (x 79B)
Class com.google.common.collect.ImmutableMap$IteratorBasedImmutableMap$1EntrySetImpl  : loaded 4 times (x 150B)
Class com.google.common.collect.ObjectArrays                                          : loaded 4 times (x 67B)
Class kotlin.LazyKt                                                                   : loaded 4 times (x 67B)
Class com.google.common.collect.AbstractMapBasedMultimap$AsMap$AsMapIterator          : loaded 4 times (x 79B)
Class kotlin.collections.SetsKt__SetsKt                                               : loaded 4 times (x 67B)
Class [Lkotlin.reflect.KAnnotatedElement;                                             : loaded 4 times (x 65B)
Class kotlin.Lazy                                                                     : loaded 4 times (x 66B)
Class [Lcom.google.common.collect.ImmutableMapEntry;                                  : loaded 4 times (x 65B)
Class kotlin.NoWhenBranchMatchedException                                             : loaded 4 times (x 78B)
Class [Ldagger.hilt.processor.internal.optionvalues.GradleProjectType;                : loaded 4 times (x 65B)
Class kotlin.sequences.Sequence                                                       : loaded 4 times (x 66B)
Class kotlin.text.StringsKt__StringNumberConversionsJVMKt                             : loaded 4 times (x 67B)
Class kotlin.text.StringsKt__StringsJVMKt                                             : loaded 4 times (x 67B)
Class kotlin.collections.AbstractList$Companion                                       : loaded 4 times (x 67B)
Class kotlin.jvm.functions.Function1                                                  : loaded 4 times (x 66B)
Class kotlin.ranges.RangesKt__RangesKt                                                : loaded 4 times (x 67B)
Class com.google.common.collect.ImmutableSortedSet$Builder                            : loaded 4 times (x 82B)
Class kotlin.sequences.SequencesKt___SequencesKt                                      : loaded 4 times (x 67B)
Class kotlin.collections.SetsKt___SetsKt                                              : loaded 4 times (x 67B)
Class com.google.common.base.CaseFormat$2                                             : loaded 4 times (x 79B)
Class kotlin.sequences.SequencesKt__SequencesKt                                       : loaded 4 times (x 67B)
Class kotlin.text.StringsKt__IndentKt                                                 : loaded 4 times (x 67B)
Class kotlin.collections.SetsKt                                                       : loaded 4 times (x 67B)
Class com.google.common.collect.ImmutableSetMultimap                                  : loaded 4 times (x 176B)
Class kotlin.jvm.internal.markers.KMappedMarker                                       : loaded 4 times (x 66B)
Class kotlin.jvm.functions.Function2                                                  : loaded 4 times (x 66B)
Class kotlin.UNINITIALIZED_VALUE                                                      : loaded 4 times (x 67B)
Class kotlin.collections.ArraysKt                                                     : loaded 4 times (x 67B)
Class com.google.common.graph.SuccessorsFunction                                      : loaded 4 times (x 66B)
Class kotlin.collections.MapsKt__MapsJVMKt                                            : loaded 4 times (x 67B)
Class kotlin.LazyKt__LazyKt                                                           : loaded 4 times (x 67B)
Class com.google.common.base.CaseFormat$3                                             : loaded 4 times (x 79B)
Class kotlin.collections.EmptyList                                                    : loaded 4 times (x 170B)
Class kotlin.text.StringsKt__StringBuilderJVMKt                                       : loaded 4 times (x 67B)
Class kotlin.jvm.functions.Function3                                                  : loaded 4 times (x 66B)
Class kotlin.collections.MapsKt___MapsJvmKt                                           : loaded 4 times (x 67B)
Class kotlin.collections.ArrayAsCollection                                            : loaded 4 times (x 101B)
Class kotlin.reflect.KFunction                                                        : loaded 4 times (x 66B)
Class kotlin.collections.AbstractCollection                                           : loaded 4 times (x 113B)
Class kotlin.collections.AbstractList                                                 : loaded 4 times (x 193B)
Class [Lcom.google.common.collect.AbstractMapEntry;                                   : loaded 4 times (x 65B)
Class kotlin.text.StringsKt__StringNumberConversionsKt                                : loaded 4 times (x 67B)
Class kotlin.ranges.RangesKt___RangesKt                                               : loaded 4 times (x 67B)
Class kotlin.collections.EmptySet                                                     : loaded 4 times (x 118B)
Class kotlin.collections.CollectionsKt___CollectionsKt                                : loaded 4 times (x 67B)
Class kotlin.collections.MapsKt__MapsKt                                               : loaded 4 times (x 67B)
Class kotlin.sequences.SequencesKt__SequencesJVMKt                                    : loaded 4 times (x 67B)
Class kotlin.reflect.KDeclarationContainer                                            : loaded 4 times (x 66B)
Class com.google.common.base.CaseFormat$4                                             : loaded 4 times (x 79B)
Class kotlin.text.StringsKt___StringsJvmKt                                            : loaded 4 times (x 67B)
Class kotlin.SynchronizedLazyImpl                                                     : loaded 4 times (x 72B)
Class [Lcom.google.common.base.CaseFormat;                                            : loaded 4 times (x 65B)
Class kotlin.collections.ArraysKt___ArraysKt                                          : loaded 4 times (x 67B)
Class kotlin.text.StringsKt__RegexExtensionsKt                                        : loaded 4 times (x 67B)
Class kotlin.collections.MapsKt___MapsKt                                              : loaded 4 times (x 67B)
Class kotlin.reflect.KCallable                                                        : loaded 4 times (x 66B)
Class kotlin.collections.EmptyIterator                                                : loaded 4 times (x 85B)
Class com.google.common.collect.CollectSpliterators                                   : loaded 4 times (x 67B)
Class kotlin.UninitializedPropertyAccessException                                     : loaded 4 times (x 78B)
Class [Lcom.google.common.collect.ImmutableEntry;                                     : loaded 4 times (x 65B)
Class kotlin.collections.MapsKt__MapWithDefaultKt                                     : loaded 4 times (x 67B)
Class kotlin.KotlinNullPointerException                                               : loaded 4 times (x 79B)
Class kotlin.collections.CollectionsKt__MutableCollectionsKt                          : loaded 4 times (x 67B)
Class com.google.common.base.CaseFormat$5                                             : loaded 4 times (x 79B)
Class kotlin.io.CloseableKt                                                           : loaded 4 times (x 67B)
Class com.google.common.collect.AbstractSetMultimap                                   : loaded 4 times (x 170B)
Class kotlin.jvm.internal.DefaultConstructorMarker                                    : loaded 4 times (x 67B)
Class com.google.common.collect.IndexedImmutableSet$1                                 : loaded 4 times (x 209B)
Class kotlin.enums.EnumEntries                                                        : loaded 4 times (x 66B)
Class kotlin.text.StringsKt___StringsKt                                               : loaded 4 times (x 67B)
Class kotlin.collections.CollectionsKt                                                : loaded 4 times (x 67B)
Class kotlin.enums.EnumEntriesKt                                                      : loaded 4 times (x 67B)
Class kotlin.Pair                                                                     : loaded 4 times (x 68B)
Class kotlin.collections.CollectionsKt__IterablesKt                                   : loaded 4 times (x 67B)
Class kotlin.collections.MapsKt                                                       : loaded 4 times (x 67B)
Class kotlin.collections.CollectionsKt__MutableCollectionsJVMKt                       : loaded 4 times (x 67B)
Class kotlin.collections.CollectionsKt__ReversedViewsKt                               : loaded 4 times (x 67B)
Class com.google.common.collect.Iterators$SingletonIterator                           : loaded 4 times (x 77B)
Class kotlin.text.StringsKt__RegexExtensionsJVMKt                                     : loaded 4 times (x 67B)
Class kotlin.collections.ArraysKt___ArraysJvmKt                                       : loaded 4 times (x 67B)
Class kotlin.collections.CollectionsKt__CollectionsKt                                 : loaded 4 times (x 67B)
Class kotlin.collections.CollectionsKt__CollectionsJVMKt                              : loaded 4 times (x 67B)
Class kotlin.sequences.SequencesKt__SequenceBuilderKt                                 : loaded 4 times (x 67B)
Class kotlin.jvm.internal.CallableReference                                           : loaded 4 times (x 102B)
Class kotlin.sequences.SequencesKt                                                    : loaded 4 times (x 67B)
Class kotlin.collections.IndexedValue                                                 : loaded 4 times (x 68B)
Class kotlin.collections.CollectionsKt__IteratorsKt                                   : loaded 4 times (x 67B)
Class kotlin.text.StringsKt                                                           : loaded 4 times (x 67B)
Class kotlin.collections.CollectionsKt__IteratorsJVMKt                                : loaded 4 times (x 67B)
Class com.google.common.base.CaseFormat                                               : loaded 4 times (x 79B)
Class kotlin.NotImplementedError                                                      : loaded 4 times (x 78B)
Class kotlin._Assertions                                                              : loaded 4 times (x 67B)
Class kotlin.text.StringsKt__StringsKt                                                : loaded 4 times (x 67B)
Class com.google.common.base.CaseFormat$StringConverter                               : loaded 4 times (x 86B)
Class kotlin.jvm.internal.Intrinsics                                                  : loaded 4 times (x 67B)
Class kotlin.enums.EnumEntriesList                                                    : loaded 4 times (x 219B)
Class kotlin.reflect.KAnnotatedElement                                                : loaded 4 times (x 66B)
Class kotlin.jvm.internal.FunctionBase                                                : loaded 4 times (x 66B)
Class kotlin.jvm.internal.FunctionReference                                           : loaded 4 times (x 118B)
Class kotlin.jvm.KotlinReflectionNotSupportedError                                    : loaded 4 times (x 78B)
Class kotlin.LazyKt__LazyJVMKt                                                        : loaded 4 times (x 67B)
Class kotlin.jvm.internal.CallableReference$NoReceiver                                : loaded 4 times (x 67B)
Class dagger.hilt.processor.internal.root.ir.InvalidRootsException                    : loaded 3 times (x 78B)
Class dagger.internal.codegen.binding.BindingNode_Factory_Factory                     : loaded 3 times (x 78B)
Class dagger.spi.internal.shaded.androidx.room.compiler.processing.XFiler             : loaded 3 times (x 66B)
Class dagger.spi.internal.shaded.androidx.room.compiler.processing.XTypeElement       : loaded 3 times (x 66B)
Class kotlin.coroutines.intrinsics.IntrinsicsKt                                       : loaded 3 times (x 67B)
Class jdk.internal.jrtfs.SystemImage$1                                                : loaded 3 times (x 74B)
Class com.google.common.cache.CacheLoader$FunctionToCacheLoader                       : loaded 3 times (x 71B)
Class kotlin.jvm.internal.markers.KMutableCollection                                  : loaded 3 times (x 66B)
Class [Lkotlin.coroutines.intrinsics.CoroutineSingletons;                             : loaded 3 times (x 65B)
Class com.google.common.collect.Maps$IteratorBasedAbstractMap$1                       : loaded 3 times (x 134B)
Class [Lkotlin.annotation.AnnotationTarget;                                           : loaded 3 times (x 65B)
Class dagger.internal.codegen.binding.KeyFactory                                      : loaded 3 times (x 68B)
Class kotlin.jvm.functions.Function11                                                 : loaded 3 times (x 66B)
Class kotlin.collections.EmptyMap                                                     : loaded 3 times (x 105B)
Class com.google.common.collect.FluentIterable                                        : loaded 3 times (x 77B)
Class com.google.common.cache.LoadingCache                                            : loaded 3 times (x 66B)
Class dagger.internal.codegen.DaggerDelegateComponentProcessor_Injector$InjectorImpl  : loaded 3 times (x 71B)
Class dagger.internal.codegen.bindinggraphvalidation.ProvisionDependencyOnProducerBindingValidator_Factory: loaded 3 times (x 77B)
Class kotlin.text.Regex$Companion                                                     : loaded 3 times (x 67B)
Class com.squareup.kotlinpoet.ClassName$Companion                                     : loaded 3 times (x 67B)
Class dagger.internal.codegen.binding.MethodSignatureFormatter$1                      : loaded 3 times (x 83B)
Class com.google.common.cache.CacheBuilder$NullListener                               : loaded 3 times (x 78B)
Class dagger.internal.codegen.bindinggraphvalidation.CompositeBindingGraphPlugin$Factory: loaded 3 times (x 66B)
Class dagger.hilt.processor.internal.definecomponent.DefineComponents                 : loaded 3 times (x 68B)
Class dagger.spi.internal.shaded.androidx.room.compiler.processing.XProcessingStep    : loaded 3 times (x 66B)
Class [Ldagger.internal.codegen.compileroption.ProcessingEnvironmentCompilerOptions$Feature;: loaded 3 times (x 65B)
Class jdk.internal.jrtfs.SystemImage$2                                                : loaded 3 times (x 72B)
Class kotlin.collections.builders.ListBuilder$Companion                               : loaded 3 times (x 67B)
Class kotlin.collections.builders.ListBuilder                                         : loaded 3 times (x 203B)
Class dagger.internal.codegen.base.ElementFormatter_Factory                           : loaded 3 times (x 77B)
Class com.google.common.collect.EmptyImmutableListMultimap                            : loaded 3 times (x 172B)
Class com.google.common.base.MoreObjects                                              : loaded 3 times (x 67B)
Class com.squareup.kotlinpoet.WildcardTypeName$Companion                              : loaded 3 times (x 67B)
Class dagger.internal.DoubleCheck                                                     : loaded 3 times (x 79B)
Class kotlin.comparisons.ComparisonsKt___ComparisonsJvmKt                             : loaded 3 times (x 67B)
Class [Lkotlin.reflect.KClassifier;                                                   : loaded 3 times (x 65B)
Class [Lkotlin.LazyThreadSafetyMode;                                                  : loaded 3 times (x 65B)
Class kotlin.jvm.functions.Function9                                                  : loaded 3 times (x 66B)
Class dagger.internal.codegen.bindinggraphvalidation.InvalidProductionBindingScopeValidator_Factory: loaded 3 times (x 77B)
Class dagger.internal.codegen.validation.MultibindsMethodValidator_Factory            : loaded 3 times (x 78B)
Class dagger.hilt.processor.internal.HiltCompilerOptions                              : loaded 3 times (x 67B)
Class jdk.internal.jrtfs.JrtFileSystem                                                : loaded 3 times (x 98B)
Class dagger.hilt.android.processor.internal.androidentrypoint.AndroidEntryPointProcessingStep: loaded 3 times (x 82B)
Class kotlin.jvm.functions.Function10                                                 : loaded 3 times (x 66B)
Class kotlin.annotation.MustBeDocumented                                              : loaded 3 times (x 66B)
Class kotlin.Result                                                                   : loaded 3 times (x 68B)
Class kotlin.reflect.KProperty0                                                       : loaded 3 times (x 66B)
Class com.google.common.cache.CacheLoader$InvalidCacheLoadException                   : loaded 3 times (x 78B)
Class [Ldagger.spi.internal.shaded.androidx.room.compiler.processing.XProcessingEnv$Backend;: loaded 3 times (x 65B)
Class dagger.internal.codegen.validation.InjectBindingRegistryImpl_Factory            : loaded 3 times (x 78B)
Class dagger.hilt.processor.internal.ProcessorErrorHandler                            : loaded 3 times (x 68B)
Class dagger.internal.codegen.DelegateComponentProcessor$Injector$Factory             : loaded 3 times (x 66B)
Class dagger.internal.codegen.binding.InjectionBinding                                : loaded 3 times (x 88B)
Class [Lcom.google.common.cache.Weigher;                                              : loaded 3 times (x 65B)
Class kotlin.coroutines.intrinsics.CoroutineSingletons                                : loaded 3 times (x 75B)
Class kotlin.jvm.functions.Function12                                                 : loaded 3 times (x 66B)
Class kotlin.reflect.KTypeParameter                                                   : loaded 3 times (x 66B)
Class com.google.common.collect.TransformedIterator                                   : loaded 3 times (x 76B)
Class com.squareup.kotlinpoet.TypeNames                                               : loaded 3 times (x 67B)
Class jdk.internal.jrtfs.JrtFileSystemProvider                                        : loaded 3 times (x 97B)
Class com.google.common.cache.LocalCache$1                                            : loaded 3 times (x 85B)
Class [Lcom.google.common.collect.Maps$EntryFunction;                                 : loaded 3 times (x 65B)
Class kotlin.reflect.KProperty1                                                       : loaded 3 times (x 66B)
Class kotlin.reflect.KClass                                                           : loaded 3 times (x 66B)
Class com.google.common.cache.LocalCache$Strength$3                                   : loaded 3 times (x 77B)
Class com.google.common.base.Splitter$1                                               : loaded 3 times (x 73B)
Class kotlin.sequences.SequenceBuilderIterator                                        : loaded 3 times (x 81B)
Class kotlin.jvm.functions.Function8                                                  : loaded 3 times (x 66B)
Class dagger.internal.codegen.binding.MethodSignatureFormatter                        : loaded 3 times (x 82B)
Class dagger.Lazy                                                                     : loaded 3 times (x 66B)
Class com.google.common.collect.AbstractMapBasedMultimap$RandomAccessWrappedList      : loaded 3 times (x 201B)
Class dagger.internal.Provider                                                        : loaded 3 times (x 66B)
Class com.squareup.javapoet.CodeWriter$Multiset                                       : loaded 3 times (x 68B)
Class dagger.hilt.processor.internal.HiltCompilerOptions$EnumOption                   : loaded 3 times (x 68B)
Class dagger.internal.codegen.bindinggraphvalidation.IncompatiblyScopedBindingsValidator_Factory: loaded 3 times (x 78B)
Class [Lkotlin.annotation.AnnotationRetention;                                        : loaded 3 times (x 65B)
Class kotlin.collections.builders.MapBuilder$Companion                                : loaded 3 times (x 67B)
Class com.google.common.collect.Iterables$5                                           : loaded 3 times (x 77B)
Class com.google.common.base.Splitter$1$1                                             : loaded 3 times (x 82B)
Class com.google.common.cache.LocalCache$2                                            : loaded 3 times (x 138B)
Class com.google.common.collect.ImmutableList$Builder                                 : loaded 3 times (x 73B)
Class dagger.internal.codegen.bindinggraphvalidation.BindingGraphValidationModule_ProvidePluginsFactory: loaded 3 times (x 78B)
Class kotlin.reflect.KProperty2                                                       : loaded 3 times (x 66B)
Class kotlin.jvm.functions.Function13                                                 : loaded 3 times (x 66B)
Class com.squareup.javapoet.Util                                                      : loaded 3 times (x 67B)
Class dagger.internal.codegen.binding.KeyFactory_Factory                              : loaded 3 times (x 78B)
Class dagger.internal.codegen.validation.MembersInjectionValidator                    : loaded 3 times (x 68B)
Class dagger.internal.codegen.binding.InjectBindingRegistry                           : loaded 3 times (x 66B)
Class dagger.internal.codegen.validation.InjectValidator$InternalValidator            : loaded 3 times (x 68B)
Class dagger.spi.internal.shaded.androidx.room.compiler.processing.XNullability       : loaded 3 times (x 75B)
Class dagger.internal.codegen.bindinggraphvalidation.CompositeBindingGraphPlugin_Factory_Impl: loaded 3 times (x 71B)
Class dagger.internal.codegen.kotlin.KotlinMetadataFactory_Factory$InstanceHolder     : loaded 3 times (x 67B)
Class com.squareup.javapoet.CodeWriter                                                : loaded 3 times (x 68B)
Class kotlin.collections.MapWithDefault                                               : loaded 3 times (x 66B)
Class kotlin.jvm.functions.Function7                                                  : loaded 3 times (x 66B)
Class com.google.common.cache.LocalCache$EntryFactory                                 : loaded 3 times (x 79B)
Class dagger.hilt.processor.internal.definecomponent.DefineComponentMetadatas         : loaded 3 times (x 68B)
Class dagger.internal.Preconditions                                                   : loaded 3 times (x 67B)
Class kotlin.streams.jdk8.StreamsKt                                                   : loaded 3 times (x 67B)
Class dagger.internal.codegen.validation.MembersInjectionValidator_Factory            : loaded 3 times (x 78B)
Class kotlin.jvm.functions.Function22                                                 : loaded 3 times (x 66B)
Class kotlin.io.TerminateException                                                    : loaded 3 times (x 78B)
Class kotlin.io.FilesKt__FilePathComponentsKt                                         : loaded 3 times (x 67B)
Class dagger.internal.codegen.bindinggraphvalidation.CompositeBindingGraphPlugin_Factory: loaded 3 times (x 68B)
Class kotlin.io.FilesKt                                                               : loaded 3 times (x 67B)
Class kotlin.annotation.AnnotationRetention                                           : loaded 3 times (x 75B)
Class dagger.internal.codegen.validation.AnyBindingMethodValidator_Factory            : loaded 3 times (x 78B)
Class com.google.common.collect.Collections2$FilteredCollection                       : loaded 3 times (x 115B)
Class dagger.internal.codegen.extension.DaggerStreams                                 : loaded 3 times (x 67B)
Class dagger.spi.internal.shaded.androidx.room.compiler.processing.XProcessingEnvConfig$Companion: loaded 3 times (x 67B)
Class com.google.common.cache.LocalCache$Strength$2                                   : loaded 3 times (x 77B)
Class kotlin.jvm.functions.Function6                                                  : loaded 3 times (x 66B)
Class com.google.common.collect.Maps$AbstractFilteredMap                              : loaded 3 times (x 123B)
Class dagger.hilt.processor.internal.generatesrootinput.GeneratesRootInputProcessingStep: loaded 3 times (x 82B)
Class com.google.common.base.Optional                                                 : loaded 3 times (x 76B)
Class kotlin.text.CharsKt                                                             : loaded 3 times (x 67B)
Class dagger.hilt.processor.internal.definecomponent.AutoValue_DefineComponentBuilderMetadatas_DefineComponentBuilderMetadata: loaded 3 times (x 71B)
Class [Ldagger.internal.codegen.compileroption.FeatureStatus;                         : loaded 3 times (x 65B)
Class dagger.internal.codegen.compileroption.ProcessingEnvironmentCompilerOptions     : loaded 3 times (x 91B)
Class dagger.spi.internal.shaded.androidx.room.compiler.codegen.XTypeName             : loaded 3 times (x 71B)
Class dagger.internal.codegen.validation.BindingGraphValidator_Factory                : loaded 3 times (x 78B)
Class dagger.internal.codegen.binding.BindingGraphFactory_Factory                     : loaded 3 times (x 78B)
Class dagger.internal.codegen.binding.DeclarationFormatter_Factory                    : loaded 3 times (x 78B)
Class com.google.common.collect.EmptyImmutableSetMultimap                             : loaded 3 times (x 176B)
Class kotlin.jvm.functions.Function5                                                  : loaded 3 times (x 66B)
Class kotlin.annotation.Retention                                                     : loaded 3 times (x 66B)
Class jdk.internal.jimage.ImageStrings                                                : loaded 3 times (x 66B)
Class jdk.internal.jrtfs.JrtDirectoryStream$1                                         : loaded 3 times (x 79B)
Class jdk.internal.jimage.ImageLocation                                               : loaded 3 times (x 86B)
Class com.google.common.util.concurrent.UncheckedExecutionException                   : loaded 3 times (x 78B)
Class com.google.common.collect.Lists$StringAsImmutableList                           : loaded 3 times (x 203B)
Class dagger.internal.codegen.validation.BindingMethodValidatorsModule_IndexValidatorsFactory: loaded 3 times (x 78B)
Class com.google.common.cache.LocalCache$ValueReference                               : loaded 3 times (x 66B)
Class dagger.internal.codegen.binding.OptionalBindingDeclaration_Factory_Factory      : loaded 3 times (x 78B)
Class dagger.internal.codegen.binding.Binding                                         : loaded 3 times (x 77B)
Class com.google.common.collect.AbstractIterator$State                                : loaded 3 times (x 75B)
Class kotlin.jvm.functions.Function14                                                 : loaded 3 times (x 66B)
Class kotlin.jvm.functions.Function4                                                  : loaded 3 times (x 66B)
Class com.google.common.collect.ImmutableMap$MapViewOfValuesAsSingletonSets$1         : loaded 3 times (x 78B)
Class dagger.internal.codegen.base.ClearableCache                                     : loaded 3 times (x 66B)
Class com.squareup.kotlinpoet.Taggable                                                : loaded 3 times (x 66B)
Class dagger.internal.codegen.base.DaggerSuperficialValidation_Factory                : loaded 3 times (x 78B)
Class kotlin.annotation.Target                                                        : loaded 3 times (x 66B)
Class com.google.common.cache.CacheBuilder$3                                          : loaded 3 times (x 68B)
Class dagger.internal.codegen.binding.ComponentDescriptor_Factory_Factory             : loaded 3 times (x 78B)
Class kotlin.jvm.functions.Function21                                                 : loaded 3 times (x 66B)
Class dagger.internal.codegen.base.ElementFormatter_Factory$InstanceHolder            : loaded 3 times (x 67B)
Class com.google.common.cache.LocalCache$Strength$1                                   : loaded 3 times (x 77B)
Class [Ldagger.internal.codegen.compileroption.ValidationType;                        : loaded 3 times (x 65B)
Class com.google.common.base.Equivalence$Equals                                       : loaded 3 times (x 78B)
Class dagger.spi.internal.shaded.androidx.room.compiler.processing.XProcessingEnv$Companion: loaded 3 times (x 67B)
Class dagger.spi.internal.shaded.androidx.room.compiler.processing.javac.XTypeElementStore: loaded 3 times (x 68B)
Class dagger.internal.codegen.validation.ComponentCreatorValidator_Factory            : loaded 3 times (x 78B)
Class dagger.internal.codegen.binding.MonitoringModules_Factory                       : loaded 3 times (x 77B)
Class dagger.internal.codegen.binding.InjectionAnnotations_Factory                    : loaded 3 times (x 78B)
Class dagger.internal.Factory                                                         : loaded 3 times (x 66B)
Class dagger.hilt.processor.internal.definecomponent.AutoValue_DefineComponentMetadatas_DefineComponentMetadata: loaded 3 times (x 72B)
Class com.google.common.cache.CacheBuilder$2                                          : loaded 3 times (x 75B)
Class com.google.common.collect.ImmutableBiMap$Builder                                : loaded 3 times (x 78B)
Class com.google.common.cache.LocalCache                                              : loaded 3 times (x 183B)
Class jdk.internal.jimage.ImageBufferCache$1                                          : loaded 3 times (x 79B)
Class com.google.common.cache.CacheLoader$UnsupportedLoadingOperationException        : loaded 3 times (x 78B)
Class kotlin.DeprecationLevel                                                         : loaded 3 times (x 75B)
Class dagger.hilt.processor.internal.root.ComponentTreeDepsProcessingStep             : loaded 3 times (x 82B)
Class com.google.common.collect.AbstractMapBasedMultimap$KeySet$1                     : loaded 3 times (x 78B)
Class dagger.internal.codegen.DelegateComponentProcessor                              : loaded 3 times (x 68B)
Class dagger.internal.codegen.binding.InjectionSiteFactory_Factory                    : loaded 3 times (x 78B)
Class kotlin.jvm.functions.Function15                                                 : loaded 3 times (x 66B)
Class kotlin.text.CharsKt__CharKt                                                     : loaded 3 times (x 67B)
Class dagger.internal.codegen.binding.MembersInjectionBinding                         : loaded 3 times (x 79B)
Class dagger.spi.internal.shaded.androidx.room.compiler.processing.XVariableElement   : loaded 3 times (x 66B)
Class kotlin.jvm.internal.markers.KMutableIterator                                    : loaded 3 times (x 66B)
Class com.google.common.cache.CacheBuilder$1                                          : loaded 3 times (x 81B)
Class [Ldagger.internal.codegen.compileroption.ProcessingEnvironmentCompilerOptions$Validation;: loaded 3 times (x 65B)
Class kotlin.jvm.functions.Function20                                                 : loaded 3 times (x 66B)
Class com.google.common.cache.LocalCache$LocalLoadingCache                            : loaded 3 times (x 130B)
Class [Lcom.google.common.cache.LocalCache$Strength;                                  : loaded 3 times (x 65B)
Class [Lcom.google.common.cache.LocalCache$Segment;                                   : loaded 3 times (x 65B)
Class jdk.internal.jimage.ImageBufferCache$2                                          : loaded 3 times (x 87B)
Class com.google.common.base.Objects                                                  : loaded 3 times (x 67B)
Class com.google.common.collect.FluentIterable$1                                      : loaded 3 times (x 77B)
Class kotlin.collections.builders.ListBuilderKt                                       : loaded 3 times (x 67B)
Class jdk.internal.jrtfs.SystemImage                                                  : loaded 3 times (x 70B)
Class dagger.internal.codegen.binding.AssistedInjectionBinding                        : loaded 3 times (x 88B)
Class dagger.spi.internal.shaded.androidx.room.compiler.codegen.compat.XConverters    : loaded 3 times (x 67B)
Class dagger.internal.codegen.binding.DependencyRequestFactory_Factory                : loaded 3 times (x 78B)
Class dagger.internal.codegen.ProcessingEnvironmentModule_ProcessingOptionsFactory    : loaded 3 times (x 78B)
Class dagger.internal.codegen.ServiceLoaders                                          : loaded 3 times (x 67B)
Class dagger.internal.codegen.kotlin.KotlinMetadataUtil_Factory                       : loaded 3 times (x 78B)
Class kotlin.collections.AbstractMutableList                                          : loaded 3 times (x 202B)
Class com.google.common.base.Ticker                                                   : loaded 3 times (x 68B)
Class dagger.spi.internal.shaded.androidx.room.compiler.processing.XEquality          : loaded 3 times (x 66B)
Class com.google.common.collect.FluentIterable$2                                      : loaded 3 times (x 77B)
Class dagger.hilt.processor.internal.root.RootType                                    : loaded 3 times (x 75B)
Class kotlin.ResultKt                                                                 : loaded 3 times (x 67B)
Class com.google.common.base.Absent                                                   : loaded 3 times (x 76B)
Class kotlin.sequences.SequenceScope                                                  : loaded 3 times (x 69B)
Class dagger.internal.codegen.validation.AssistedValidator_Factory                    : loaded 3 times (x 78B)
Class dagger.internal.codegen.ProcessingEnvironmentModule_MessagerFactory             : loaded 3 times (x 78B)
Class [Lcom.google.common.base.Function;                                              : loaded 3 times (x 65B)
Class kotlin.coroutines.EmptyCoroutineContext                                         : loaded 3 times (x 73B)
Class kotlin.jvm.functions.Function16                                                 : loaded 3 times (x 66B)
Class com.google.common.collect.LinkedHashMultimapGwtSerializationDependencies        : loaded 3 times (x 170B)
Class dagger.hilt.processor.internal.BaseProcessingStep                               : loaded 3 times (x 82B)
Class [Ldagger.hilt.processor.internal.root.RootType;                                 : loaded 3 times (x 65B)
Class dagger.spi.internal.shaded.androidx.room.compiler.codegen.XClassName$Companion  : loaded 3 times (x 67B)
Class com.google.common.collect.FluentIterable$3                                      : loaded 3 times (x 77B)
Class kotlin.Result$Failure                                                           : loaded 3 times (x 68B)
Class dagger.internal.codegen.base.DaggerSuperficialValidation$ValidationException    : loaded 3 times (x 80B)
Class kotlin.reflect.KProperty$Accessor                                               : loaded 3 times (x 66B)
Class dagger.internal.codegen.compileroption.ProcessingEnvironmentCompilerOptions$Feature: loaded 3 times (x 86B)
Class com.squareup.kotlinpoet.Dynamic                                                 : loaded 3 times (x 78B)
Class com.google.common.collect.ImmutableSetMultimap$Builder                          : loaded 3 times (x 79B)
Class com.google.common.cache.LocalCache$EntryFactory$1                               : loaded 3 times (x 79B)
Class dagger.internal.codegen.bindinggraphvalidation.MapMultibindingValidator_Factory : loaded 3 times (x 78B)
Class com.squareup.javapoet.ParameterizedTypeName                                     : loaded 3 times (x 77B)
Class [Lcom.google.common.cache.RemovalListener;                                      : loaded 3 times (x 65B)
Class com.google.common.base.Splitter                                                 : loaded 3 times (x 68B)
Class [Lkotlin.DeprecationLevel;                                                      : loaded 3 times (x 65B)
Class dagger.internal.codegen.bindinggraphvalidation.SubcomponentFactoryMethodValidator_Factory: loaded 3 times (x 77B)
Class com.google.common.collect.Table                                                 : loaded 3 times (x 66B)
Class com.google.common.collect.Maps$IteratorBasedAbstractMap                         : loaded 3 times (x 121B)
Class kotlin.jvm.functions.Function17                                                 : loaded 3 times (x 66B)
Class dagger.spi.internal.shaded.androidx.room.compiler.processing.XElement           : loaded 3 times (x 66B)
Class dagger.internal.codegen.binding.BindingDeclaration                              : loaded 3 times (x 76B)
Class dagger.internal.codegen.binding.BindingFactory                                  : loaded 3 times (x 68B)
Class dagger.internal.codegen.validation.ExternalBindingGraphPlugins_Factory          : loaded 3 times (x 78B)
Class dagger.internal.codegen.validation.DependencyRequestValidator_Factory           : loaded 3 times (x 78B)
Class javax.inject.Provider                                                           : loaded 3 times (x 66B)
Class dagger.spi.internal.shaded.androidx.room.compiler.processing.XParameterizable   : loaded 3 times (x 66B)
Class com.google.common.cache.Weigher                                                 : loaded 3 times (x 66B)
Class com.google.common.collect.ImmutableMap$MapViewOfValuesAsSingletonSets$1$1       : loaded 3 times (x 79B)
Class kotlin.internal.ProgressionUtilKt                                               : loaded 3 times (x 67B)
Class dagger.internal.codegen.validation.DiagnosticMessageGenerator_Factory_Factory   : loaded 3 times (x 78B)
Class kotlin.reflect.KMutableProperty                                                 : loaded 3 times (x 66B)
Class kotlin.io.FileAlreadyExistsException                                            : loaded 3 times (x 78B)
Class dagger.internal.codegen.base.DaggerSuperficialValidation$ValidationException$KnownErrorType: loaded 3 times (x 80B)
Class com.google.common.cache.LocalCache$EntryFactory$2                               : loaded 3 times (x 79B)
Class [Ldagger.spi.internal.shaded.androidx.room.compiler.codegen.XTypeName;          : loaded 3 times (x 65B)
Class dagger.internal.codegen.binding.DependencyRequestFactory                        : loaded 3 times (x 68B)
Class dagger.internal.codegen.bindinggraphvalidation.SetMultibindingValidator_Factory : loaded 3 times (x 77B)
Class dagger.internal.codegen.bindinggraphvalidation.DependsOnProductionExecutorValidator_Factory: loaded 3 times (x 78B)
Class dagger.hilt.processor.internal.definecomponent.DefineComponentMetadatas$DefineComponentMetadata: loaded 3 times (x 71B)
Class dagger.hilt.processor.internal.earlyentrypoint.EarlyEntryPointProcessingStep    : loaded 3 times (x 82B)
Class kotlin.jvm.functions.Function18                                                 : loaded 3 times (x 66B)
Class jdk.internal.jimage.ImageHeader                                                 : loaded 3 times (x 67B)
Class com.google.common.cache.LocalCache$Strength                                     : loaded 3 times (x 77B)
Class com.google.common.cache.Cache                                                   : loaded 3 times (x 66B)
Class kotlin.jvm.internal.PropertyReference                                           : loaded 3 times (x 111B)
Class kotlin.jvm.internal.markers.KMutableIterable                                    : loaded 3 times (x 66B)
Class dagger.internal.codegen.base.DaggerSuperficialValidation                        : loaded 3 times (x 68B)
Class dagger.spi.internal.shaded.androidx.room.compiler.processing.XProcessingEnv     : loaded 3 times (x 66B)
Class dagger.spi.internal.shaded.androidx.room.compiler.processing.XMemberContainer   : loaded 3 times (x 66B)
Class dagger.internal.codegen.processingstep.SuperficialValidator_Factory             : loaded 3 times (x 78B)
Class dagger.internal.codegen.validation.InjectBindingRegistryImpl$BindingsCollection : loaded 3 times (x 68B)
Class dagger.internal.codegen.binding.LegacyBindingGraphConverter_Factory$InstanceHolder: loaded 3 times (x 67B)
Class dagger.MembersInjector                                                          : loaded 3 times (x 66B)
Class com.google.common.base.NullnessCasts                                            : loaded 3 times (x 67B)
Class kotlin.jvm.internal.FunctionReferenceImpl                                       : loaded 3 times (x 118B)
Class dagger.internal.codegen.binding.BindingFactory_Factory                          : loaded 3 times (x 78B)
Class com.google.common.cache.LocalCache$EntryFactory$3                               : loaded 3 times (x 79B)
Class com.google.common.cache.CacheStats                                              : loaded 3 times (x 67B)
Class dagger.spi.internal.shaded.androidx.room.compiler.processing.XHasModifiers      : loaded 3 times (x 66B)
Class dagger.spi.internal.shaded.androidx.room.compiler.processing.XExecutableElement : loaded 3 times (x 66B)
Class com.google.common.base.Ticker$1                                                 : loaded 3 times (x 68B)
Class dagger.internal.codegen.binding.BindsTypeChecker_Factory                        : loaded 3 times (x 78B)
Class com.google.common.collect.Multimaps                                             : loaded 3 times (x 67B)
Class dagger.hilt.processor.internal.generatesrootinput.GeneratesRootInputs           : loaded 3 times (x 68B)
Class dagger.hilt.processor.internal.uninstallmodules.UninstallModulesProcessingStep  : loaded 3 times (x 82B)
Class com.google.common.collect.LinkedHashMultimap                                    : loaded 3 times (x 171B)
Class com.google.common.cache.RemovalListener                                         : loaded 3 times (x 66B)
Class com.google.common.collect.Maps$EntryFunction$1                                  : loaded 3 times (x 87B)
Class com.google.common.collect.AbstractMapBasedMultimap$WrappedCollection$WrappedIterator: loaded 3 times (x 80B)
Class dagger.hilt.android.processor.internal.bindvalue.BindValueProcessingStep        : loaded 3 times (x 82B)
Class com.google.common.base.Present                                                  : loaded 3 times (x 77B)
Class kotlin.reflect.KType                                                            : loaded 3 times (x 66B)
Class com.google.common.collect.Sets$FilteredSet                                      : loaded 3 times (x 133B)
Class dagger.spi.internal.shaded.androidx.room.compiler.processing.XBasicAnnotationProcessor: loaded 3 times (x 66B)
Class kotlin.reflect.KMutableProperty$Setter                                          : loaded 3 times (x 66B)
Class kotlin.jvm.functions.Function19                                                 : loaded 3 times (x 66B)
Class dagger.hilt.android.processor.internal.bindvalue.AutoValue_BindValueMetadata    : loaded 3 times (x 70B)
Class dagger.internal.codegen.kotlin.KotlinMetadataUtil                               : loaded 3 times (x 68B)
Class com.squareup.javapoet.LineWrapper$RecordingAppendable                           : loaded 3 times (x 73B)
Class com.squareup.kotlinpoet.TypeName                                                : loaded 3 times (x 78B)
Class com.google.common.cache.LocalCache$EntryFactory$4                               : loaded 3 times (x 79B)
Class [Ldagger.spi.internal.shaded.androidx.room.compiler.processing.XNullability;    : loaded 3 times (x 65B)
Class jakarta.inject.Provider                                                         : loaded 3 times (x 66B)
Class com.google.common.cache.LocalCache$EntryFactory$5                               : loaded 3 times (x 79B)
Class dagger.internal.codegen.base.ContributionType$HasContributionType               : loaded 3 times (x 66B)
Class kotlin.sequences.FilteringSequence                                              : loaded 3 times (x 71B)
Class kotlin.comparisons.ComparisonsKt___ComparisonsKt                                : loaded 3 times (x 67B)
Class kotlin.comparisons.ComparisonsKt                                                : loaded 3 times (x 67B)
Class com.google.common.collect.Maps$EntryFunction$2                                  : loaded 3 times (x 87B)
Class kotlin.annotation.AnnotationTarget                                              : loaded 3 times (x 75B)
Class kotlin.text.CharsKt__CharJVMKt                                                  : loaded 3 times (x 67B)
Class kotlin.jvm.JvmClassMappingKt                                                    : loaded 3 times (x 67B)
Class kotlin.reflect.KProperty                                                        : loaded 3 times (x 66B)
Class kotlin.jvm.internal.Reflection                                                  : loaded 3 times (x 67B)
Class kotlin.coroutines.jvm.internal.BaseContinuationImpl                             : loaded 3 times (x 83B)
Class kotlin.Result$Companion                                                         : loaded 3 times (x 67B)
Class com.google.common.base.AbstractIterator                                         : loaded 3 times (x 76B)
Class dagger.hilt.processor.internal.root.ComponentTreeDepsMetadata                   : loaded 3 times (x 76B)
Class [Ldagger.internal.codegen.compileroption.ProcessingEnvironmentCompilerOptions$CommandLineOption;: loaded 3 times (x 65B)
Class dagger.internal.codegen.ProcessingEnvironmentModule_FilerFactory                : loaded 3 times (x 78B)
Class dagger.internal.codegen.binding.MethodSignatureFormatter_Factory                : loaded 3 times (x 78B)
Class dagger.internal.codegen.binding.DelegateDeclaration_Factory_Factory             : loaded 3 times (x 78B)
Class dagger.internal.codegen.binding.ModuleDescriptor_Factory_Factory                : loaded 3 times (x 78B)
Class dagger.internal.codegen.bindinggraphvalidation.MissingBindingValidator_Factory  : loaded 3 times (x 78B)
Class dagger.internal.codegen.bindinggraphvalidation.SetMultibindingValidator_Factory$InstanceHolder: loaded 3 times (x 67B)
Class com.google.common.base.ExtraObjectsMethodsForWeb                                : loaded 3 times (x 67B)
Class com.google.common.collect.NullnessCasts                                         : loaded 3 times (x 67B)
Class dagger.spi.internal.shaded.androidx.room.compiler.processing.XExecutableType    : loaded 3 times (x 66B)
Class kotlin.sequences.ConstrainedOnceSequence                                        : loaded 3 times (x 71B)
Class kotlin.comparisons.ComparisonsKt__ComparisonsKt                                 : loaded 3 times (x 67B)
Class [Lcom.google.common.collect.AbstractIterator$State;                             : loaded 3 times (x 65B)
Class dagger.internal.codegen.kotlin.KotlinMetadataFactory_Factory                    : loaded 3 times (x 77B)
Class kotlin.jvm.internal.ClassBasedDeclarationContainer                              : loaded 3 times (x 66B)
Class kotlin.coroutines.Continuation                                                  : loaded 3 times (x 66B)
Class com.google.common.base.CharMatcher$None                                         : loaded 3 times (x 108B)
Class [Lcom.google.common.cache.CacheBuilder$NullListener;                            : loaded 3 times (x 65B)
Class dagger.internal.codegen.bindinggraphvalidation.ProvisionDependencyOnProducerBindingValidator_Factory$InstanceHolder: loaded 3 times (x 67B)
Class dagger.internal.InstanceFactory                                                 : loaded 3 times (x 81B)
Class dagger.hilt.processor.internal.HiltProcessingEnvConfigs                         : loaded 3 times (x 67B)
Class dagger.spi.internal.shaded.androidx.room.compiler.processing.XMessager          : loaded 3 times (x 69B)
Class dagger.hilt.processor.internal.ClassNames                                       : loaded 3 times (x 67B)
Class com.google.common.cache.CacheBuilder                                            : loaded 3 times (x 68B)
Class dagger.spi.internal.shaded.androidx.room.compiler.processing.XProcessingEnv$Backend: loaded 3 times (x 75B)
Class com.google.common.cache.LocalCache$EntryFactory$6                               : loaded 3 times (x 79B)
Class dagger.internal.codegen.bindinggraphvalidation.InjectBindingValidator_Factory   : loaded 3 times (x 78B)
Class [Ldagger.internal.codegen.compileroption.ProcessingEnvironmentCompilerOptions$EnumOption;: loaded 3 times (x 65B)
Class [Lkotlin.reflect.KProperty;                                                     : loaded 3 times (x 65B)
Class Build_gradle                                                                    : loaded 3 times (x 126B)
Class kotlin.jvm.internal.ReflectionFactory                                           : loaded 3 times (x 87B)
Class [Lkotlin.reflect.KClass;                                                        : loaded 3 times (x 65B)
Class dagger.internal.codegen.validation.BindsOptionalOfMethodValidator_Factory       : loaded 3 times (x 78B)
Class dagger.internal.codegen.validation.ModuleValidator_Factory                      : loaded 3 times (x 78B)
Class dagger.internal.codegen.validation.ProvidesMethodValidator_Factory              : loaded 3 times (x 78B)
Class dagger.internal.codegen.DaggerDelegateComponentProcessor_Injector$Factory       : loaded 3 times (x 70B)
Class dagger.spi.internal.shaded.androidx.room.compiler.codegen.XTypeName$Companion   : loaded 3 times (x 67B)
Class dagger.hilt.processor.internal.root.RootProcessingStep                          : loaded 3 times (x 82B)
Class [Lcom.google.common.cache.CacheBuilder$OneWeigher;                              : loaded 3 times (x 65B)
Class dagger.hilt.processor.internal.aggregateddeps.AggregatedDepsProcessingStep      : loaded 3 times (x 82B)
Class kotlin.text.Regex                                                               : loaded 3 times (x 68B)
Class dagger.internal.codegen.compileroption.CompilerOptions                          : loaded 3 times (x 90B)
Class com.google.common.base.JdkPattern                                               : loaded 3 times (x 71B)
Class kotlin.sequences.SequencesKt__SequenceBuilderKt$sequence$$inlined$Sequence$1    : loaded 3 times (x 71B)
Class com.google.common.base.Predicates$CompositionPredicate                          : loaded 3 times (x 84B)
Class dagger.spi.internal.shaded.androidx.room.compiler.processing.XProcessingEnv$Platform: loaded 3 times (x 75B)
Class dagger.spi.internal.shaded.androidx.room.compiler.processing.XProcessingEnvConfig$Builder: loaded 3 times (x 68B)
Class dagger.internal.codegen.DaggerDelegateComponentProcessor_Injector               : loaded 3 times (x 67B)
Class com.google.common.cache.LocalCache$EntryFactory$7                               : loaded 3 times (x 79B)
Class dagger.internal.codegen.binding.SourceFiles                                     : loaded 3 times (x 67B)
Class com.google.common.collect.Maps$KeySet                                           : loaded 3 times (x 133B)
Class dagger.hilt.android.processor.internal.AndroidClassNames                        : loaded 3 times (x 67B)
Class [Ldagger.hilt.processor.internal.optionvalues.BooleanValue;                     : loaded 3 times (x 65B)
Class dagger.spi.internal.shaded.androidx.room.compiler.codegen.XTypeNameKt           : loaded 3 times (x 67B)
Class dagger.spi.internal.shaded.androidx.room.compiler.processing.XProcessingEnvConfig: loaded 3 times (x 67B)
Class com.google.common.collect.AbstractMapBasedMultimap$WrappedList                  : loaded 3 times (x 201B)
Class com.google.common.collect.Sets$1$1                                              : loaded 3 times (x 78B)
Class kotlin.coroutines.jvm.internal.RestrictedSuspendLambda                          : loaded 3 times (x 87B)
Class [Lkotlin.reflect.KDeclarationContainer;                                         : loaded 3 times (x 65B)
Class kotlin.jvm.internal.Lambda                                                      : loaded 3 times (x 71B)
Class dagger.internal.codegen.componentgenerator.TopLevelImplementationComponent$Factory: loaded 3 times (x 66B)
Class kotlin.collections.builders.ListBuilder$Itr                                     : loaded 3 times (x 90B)
Class jdk.internal.jimage.ImageReader$Directory                                       : loaded 3 times (x 80B)
Class com.google.common.collect.CompactHashing                                        : loaded 3 times (x 67B)
Class Build_gradle$1                                                                  : loaded 3 times (x 70B)
Class com.squareup.kotlinpoet.TagMap                                                  : loaded 3 times (x 73B)
Class com.squareup.kotlinpoet.TypeName$Companion                                      : loaded 3 times (x 67B)
Class dagger.internal.codegen.validation.DependencyRequestValidator                   : loaded 3 times (x 68B)
Class jdk.internal.jrtfs.JrtDirectoryStream                                           : loaded 3 times (x 85B)
Class dagger.internal.codegen.bindinggraphvalidation.InvalidProductionBindingScopeValidator_Factory$InstanceHolder: loaded 3 times (x 67B)
Class dagger.internal.SingleCheck                                                     : loaded 3 times (x 76B)
Class dagger.hilt.processor.internal.definecomponent.DefineComponentBuilderMetadatas  : loaded 3 times (x 68B)
Class com.google.common.cache.LocalCache$EntryFactory$8                               : loaded 3 times (x 79B)
Class kotlin.coroutines.jvm.internal.SuspendFunction                                  : loaded 3 times (x 66B)
Class jdk.internal.jimage.ImageStringsReader                                          : loaded 3 times (x 76B)
Class com.google.common.base.Suppliers$SupplierOfInstance                             : loaded 3 times (x 75B)
Class kotlin.reflect.KMutableProperty0                                                : loaded 3 times (x 66B)
Class kotlin.jvm.internal.SpreadBuilder                                               : loaded 3 times (x 72B)
Class kotlin.collections.builders.MapBuilder                                          : loaded 3 times (x 108B)
Class dagger.internal.codegen.DelegateComponentProcessor_MembersInjector              : loaded 3 times (x 71B)
Class dagger.internal.codegen.binding.LegacyBindingGraphConverter_Factory             : loaded 3 times (x 77B)
Class dagger.internal.codegen.compileroption.ProcessingEnvironmentCompilerOptions_Factory: loaded 3 times (x 78B)
Class kotlin.reflect.KClassifier                                                      : loaded 3 times (x 66B)
Class dagger.hilt.android.processor.internal.viewmodel.ViewModelProcessingStep        : loaded 3 times (x 82B)
Class com.google.common.cache.CacheLoader$1                                           : loaded 3 times (x 71B)
Class com.squareup.javapoet.ArrayTypeName                                             : loaded 3 times (x 77B)
Class [Ldagger.spi.internal.shaded.androidx.room.compiler.processing.XProcessingEnv$Platform;: loaded 3 times (x 65B)
Class dagger.internal.codegen.validation.ComponentValidator_Factory                   : loaded 3 times (x 78B)
Class com.google.common.cache.LocalCache$ComputingValueReference                      : loaded 3 times (x 93B)
Class dagger.internal.codegen.compileroption.ProcessingEnvironmentCompilerOptions$CommandLineOption: loaded 3 times (x 66B)
Class kotlin.Metadata                                                                 : loaded 3 times (x 66B)
Class com.google.common.collect.ForwardingObject                                      : loaded 3 times (x 68B)
Class dagger.internal.codegen.binding.Declaration                                     : loaded 3 times (x 70B)
Class kotlin.LazyThreadSafetyMode                                                     : loaded 3 times (x 75B)
Class com.google.common.collect.Sets$3$1                                              : loaded 3 times (x 78B)
Class com.google.common.cache.LocalCache$LoadingValueReference                        : loaded 3 times (x 93B)
Class dagger.internal.codegen.xprocessing.XTypeNames                                  : loaded 3 times (x 67B)
Class dagger.internal.codegen.binding.InjectionSiteFactory                            : loaded 3 times (x 68B)
Class com.squareup.kotlinpoet.WildcardTypeName                                        : loaded 3 times (x 78B)
Class com.squareup.kotlinpoet.ClassName                                               : loaded 3 times (x 81B)
Class kotlin.coroutines.intrinsics.IntrinsicsKt__IntrinsicsJvmKt                      : loaded 3 times (x 67B)
Class dagger.hilt.processor.internal.originatingelement.OriginatingElementProcessingStep: loaded 3 times (x 82B)
Class dagger.internal.codegen.validation.ProducesMethodValidator_Factory              : loaded 3 times (x 78B)
Class kotlin.jvm.internal.MutablePropertyReference                                    : loaded 3 times (x 115B)
Class kotlin.LazyKt__LazyJVMKt$WhenMappings                                           : loaded 3 times (x 67B)
Class jdk.internal.jimage.ImageReader                                                 : loaded 3 times (x 71B)
Class jdk.internal.jimage.ImageReader$SharedImageReader$LocationVisitor               : loaded 3 times (x 66B)
Class com.google.common.cache.LocalCache$Segment                                      : loaded 3 times (x 150B)
Class kotlin.jvm.internal.MutablePropertyReference1                                   : loaded 3 times (x 133B)
Class kotlin.reflect.KProperty$Getter                                                 : loaded 3 times (x 66B)
Class dagger.internal.codegen.binding.MultibindingDeclaration_Factory_Factory         : loaded 3 times (x 78B)
Class kotlin.jvm.internal.PropertyReference1Impl                                      : loaded 3 times (x 123B)
Class kotlin.SafePublicationLazyImpl$Companion                                        : loaded 3 times (x 67B)
Class dagger.internal.codegen.bindinggraphvalidation.SubcomponentFactoryMethodValidator_Factory$InstanceHolder: loaded 3 times (x 67B)
Class com.google.common.collect.AbstractMapBasedMultimap$WrappedCollection            : loaded 3 times (x 120B)
Class com.google.common.util.concurrent.ExecutionError                                : loaded 3 times (x 78B)
Class dagger.spi.internal.shaded.androidx.room.compiler.processing.CommonProcessorDelegate: loaded 3 times (x 68B)
Class dagger.internal.codegen.binding.ComponentDeclarations_Factory_Factory           : loaded 3 times (x 78B)
Class kotlin.jvm.internal.PropertyReference1                                          : loaded 3 times (x 123B)
Class kotlin.coroutines.jvm.internal.CoroutineStackFrame                              : loaded 3 times (x 66B)
Class com.google.common.collect.AbstractMapBasedMultimap$WrappedSet                   : loaded 3 times (x 138B)
Class com.squareup.javapoet.TypeVariableName                                          : loaded 3 times (x 77B)
Class jdk.internal.jimage.ImageReader$SharedImageReader                               : loaded 3 times (x 91B)
Class kotlin.reflect.KMutableProperty1                                                : loaded 3 times (x 66B)
Class com.google.common.cache.CacheLoader                                             : loaded 3 times (x 70B)
Class kotlin.SafePublicationLazyImpl                                                  : loaded 3 times (x 72B)
Class dagger.internal.codegen.binding.SourceFiles_Factory                             : loaded 3 times (x 77B)
Class kotlin.io.FileSystemException                                                   : loaded 3 times (x 78B)
Class kotlin.jvm.internal.PropertyReference0                                          : loaded 3 times (x 123B)
Class dagger.hilt.android.processor.internal.viewmodel.ViewModelValidationPlugin      : loaded 3 times (x 79B)
Class dagger.internal.codegen.validation.AssistedValidator                            : loaded 3 times (x 71B)
Class [Ldagger.spi.internal.shaded.androidx.room.compiler.codegen.XClassName;         : loaded 3 times (x 65B)
Class dagger.spi.internal.shaded.androidx.room.compiler.processing.XAnnotated         : loaded 3 times (x 66B)
Class dagger.hilt.android.processor.internal.customtestapplication.CustomTestApplicationProcessingStep: loaded 3 times (x 82B)
Class dagger.hilt.processor.internal.aliasof.AliasOfProcessingStep                    : loaded 3 times (x 82B)
Class com.google.common.collect.Maps$EntryFunction                                    : loaded 3 times (x 87B)
Class jdk.internal.jrtfs.JrtPath                                                      : loaded 3 times (x 114B)
Class jdk.internal.jimage.ImageBufferCache                                            : loaded 3 times (x 67B)
Class com.google.common.base.Splitter$SplittingIterator                               : loaded 3 times (x 80B)
Class dagger.hilt.processor.internal.optionvalues.BooleanValue                        : loaded 3 times (x 75B)
Class dagger.internal.codegen.ServiceLoaders$1                                        : loaded 3 times (x 67B)
Class dagger.internal.codegen.ProcessingEnvironmentModule                             : loaded 3 times (x 66B)
Class dagger.internal.codegen.compileroption.ProcessingEnvironmentCompilerOptions$Validation: loaded 3 times (x 89B)
Class kotlin.jvm.internal.markers.KMutableListIterator                                : loaded 3 times (x 66B)
Class dagger.internal.codegen.binding.SubcomponentDeclaration_Factory_Factory         : loaded 3 times (x 78B)
Class dagger.internal.codegen.binding.LegacyBindingGraphFactory_Factory               : loaded 3 times (x 78B)
Class dagger.hilt.android.processor.internal.bindvalue.BindValueMetadata              : loaded 3 times (x 69B)
Class com.google.common.cache.CacheBuilder$OneWeigher                                 : loaded 3 times (x 78B)
Class dagger.internal.codegen.bindinggraphvalidation.DependencyCycleValidator_Factory : loaded 3 times (x 78B)
Class dagger.internal.codegen.binding.ContributionBinding                             : loaded 3 times (x 85B)
Class kotlin.text.RegexKt                                                             : loaded 3 times (x 67B)
Class [Ldagger.internal.codegen.compileroption.ProcessingEnvironmentCompilerOptions$KeyOnlyOption;: loaded 3 times (x 65B)
Class com.google.common.cache.LocalCache$LocalManualCache$1                           : loaded 3 times (x 71B)
Class com.google.common.collect.CompactHashSet                                        : loaded 3 times (x 146B)
Class kotlin.coroutines.intrinsics.IntrinsicsKt__IntrinsicsKt                         : loaded 3 times (x 67B)
Class com.google.common.collect.Iterators$6                                           : loaded 3 times (x 77B)
Class com.google.common.base.Equivalence                                              : loaded 3 times (x 78B)
Class com.google.common.base.Predicates                                               : loaded 3 times (x 67B)
Class com.google.common.cache.AbstractCache$StatsCounter                              : loaded 3 times (x 66B)
Class kotlin.reflect.KMutableProperty2                                                : loaded 3 times (x 66B)
Class dagger.internal.codegen.base.Formatter                                          : loaded 3 times (x 81B)
Class kotlin.sequences.FilteringSequence$iterator$1                                   : loaded 3 times (x 75B)
Class dagger.spi.internal.shaded.androidx.room.compiler.processing.XRoundEnv          : loaded 3 times (x 66B)
Class kotlin.io.FilesKt__FileTreeWalkKt                                               : loaded 3 times (x 67B)
Class kotlin.jvm.internal.CollectionToArray                                           : loaded 3 times (x 67B)
Class kotlin.jvm.internal.markers.KMutableMap                                         : loaded 3 times (x 66B)
Class jdk.internal.jimage.ImageReader$Node                                            : loaded 3 times (x 80B)
Class dagger.hilt.processor.internal.definecomponent.DefineComponentProcessingStep    : loaded 3 times (x 82B)
Class kotlin.io.NoSuchFileException                                                   : loaded 3 times (x 78B)
Class kotlin.io.FilesKt__UtilsKt                                                      : loaded 3 times (x 67B)
Class dagger.hilt.processor.internal.definecomponent.DefineComponentBuilderMetadatas$DefineComponentBuilderMetadata: loaded 3 times (x 70B)
Class dagger.internal.codegen.kotlin.KotlinMetadataFactory                            : loaded 3 times (x 71B)
Class dagger.internal.codegen.compileroption.ProcessingEnvironmentCompilerOptions$KeyOnlyOption$1: loaded 3 times (x 82B)
Class com.google.common.collect.ImmutableSetMultimap$EntrySet                         : loaded 3 times (x 142B)
Class dagger.spi.BindingGraphPlugin                                                   : loaded 3 times (x 66B)
Class com.google.common.collect.SortedSetMultimap                                     : loaded 3 times (x 66B)
Class dagger.hilt.processor.internal.BadInputException                                : loaded 3 times (x 78B)
Class com.squareup.javapoet.TypeName                                                  : loaded 3 times (x 77B)
Class jdk.internal.jimage.BasicImageReader                                            : loaded 3 times (x 91B)
Class com.google.common.collect.LinkedHashMultimap$ValueSetLink                       : loaded 3 times (x 66B)
Class dagger.internal.codegen.compileroption.ProcessingEnvironmentCompilerOptions$KeyOnlyOption: loaded 3 times (x 82B)
Class kotlin.coroutines.CoroutineContext                                              : loaded 3 times (x 66B)
Class kotlin.collections.AbstractList$IteratorImpl                                    : loaded 3 times (x 78B)
Class jdk.internal.jimage.BasicImageReader$1                                          : loaded 3 times (x 73B)
Class com.google.common.cache.ReferenceEntry                                          : loaded 3 times (x 66B)
Class com.google.common.collect.Lists                                                 : loaded 3 times (x 67B)
Class kotlin.coroutines.jvm.internal.DebugProbesKt                                    : loaded 3 times (x 67B)
Class com.squareup.kotlinpoet.ClassNames                                              : loaded 3 times (x 67B)
Class com.google.common.collect.AbstractMapBasedMultimap$KeySet                       : loaded 3 times (x 133B)
Class dagger.internal.codegen.bindinggraphvalidation.NullableBindingValidator_Factory : loaded 3 times (x 78B)
Class com.google.common.collect.LinkedHashMultimap$ValueEntry                         : loaded 3 times (x 85B)
Class dagger.internal.codegen.compileroption.ProcessingEnvironmentCompilerOptions$EnumOption: loaded 3 times (x 66B)
Class dagger.internal.codegen.validation.DiagnosticReporterFactory_Factory            : loaded 3 times (x 78B)
Class dagger.internal.codegen.compileroption.ProcessingEnvironmentCompilerOptions$Validation$1: loaded 3 times (x 89B)
Class dagger.spi.internal.shaded.androidx.room.compiler.codegen.XClassNameKt          : loaded 3 times (x 67B)
Class dagger.internal.codegen.compileroption.ProcessingEnvironmentCompilerOptions$KeyOnlyOption$2: loaded 3 times (x 82B)
Class dagger.internal.codegen.compileroption.FeatureStatus                            : loaded 3 times (x 75B)
Class dagger.internal.codegen.DelegateComponentProcessor$Injector                     : loaded 3 times (x 66B)
Class com.squareup.javapoet.ClassName                                                 : loaded 3 times (x 80B)
Class com.google.common.base.Splitter$Strategy                                        : loaded 3 times (x 66B)
Class com.squareup.javapoet.WildcardTypeName                                          : loaded 3 times (x 77B)
Class com.google.common.base.CommonPattern                                            : loaded 3 times (x 70B)
Class com.google.common.cache.LocalCache$LocalManualCache                             : loaded 3 times (x 95B)
Class com.google.common.base.FunctionalEquivalence                                    : loaded 3 times (x 79B)
Class com.google.common.collect.Iterables                                             : loaded 3 times (x 67B)
Class dagger.spi.model.BindingGraphPlugin                                             : loaded 3 times (x 66B)
Class dagger.internal.codegen.validation.InjectValidator_Factory                      : loaded 3 times (x 78B)
Class dagger.internal.codegen.validation.BindsMethodValidator_Factory                 : loaded 3 times (x 78B)
Class com.google.common.base.Equivalence$Identity                                     : loaded 3 times (x 78B)
Class com.google.common.base.PairwiseEquivalence                                      : loaded 3 times (x 79B)
Class dagger.internal.codegen.bindinggraphvalidation.DuplicateBindingsValidator_Factory: loaded 3 times (x 78B)
Class dagger.spi.internal.shaded.androidx.room.compiler.codegen.XClassName            : loaded 3 times (x 71B)
Class kotlin.jvm.internal.MutablePropertyReference1Impl                               : loaded 3 times (x 133B)
Class [Lcom.google.common.cache.LocalCache$EntryFactory;                              : loaded 3 times (x 65B)
Class jdk.internal.jrtfs.JrtFileAttributes                                            : loaded 3 times (x 79B)
Class com.squareup.javapoet.LineWrapper                                               : loaded 3 times (x 68B)
Class com.google.common.cache.CacheLoader$SupplierToCacheLoader                       : loaded 3 times (x 71B)
Class kotlin.coroutines.jvm.internal.RestrictedContinuationImpl                       : loaded 3 times (x 83B)
Class dagger.internal.codegen.validation.ValidationBindingGraphPlugins_Factory        : loaded 3 times (x 78B)
Class dagger.internal.codegen.binding.DependencyRequestFormatter_Factory              : loaded 3 times (x 78B)
Class dagger.internal.codegen.validation.InjectValidator                              : loaded 3 times (x 71B)
Class dagger.internal.codegen.binding.InjectionAnnotations                            : loaded 3 times (x 68B)
Class com.squareup.kotlinpoet.TypeName$cachedString$2                                 : loaded 3 times (x 75B)
Class com.squareup.kotlinpoet.UtilKt                                                  : loaded 3 times (x 67B)
Class dagger.internal.codegen.compileroption.ValidationType                           : loaded 3 times (x 75B)
Class dagger.internal.codegen.validation.InjectBindingRegistryImpl                    : loaded 3 times (x 77B)
Class dagger.internal.codegen.writing.FactoryGenerator_Factory                        : loaded 3 times (x 78B)
Class kotlin.io.FilesKt__FileReadWriteKt                                              : loaded 3 times (x 67B)
Class jdk.internal.jimage.decompressor.Decompressor                                   : loaded 3 times (x 68B)
Class jdk.internal.jimage.ImageReader$Resource                                        : loaded 3 times (x 80B)
Class dagger.internal.codegen.binding.MonitoringModules_Factory$InstanceHolder        : loaded 3 times (x 67B)
Class kotlin.jvm.internal.markers.KMutableList                                        : loaded 3 times (x 66B)
Class com.google.common.collect.UsingToStringOrdering                                 : loaded 2 times (x 110B)
Class com.google.common.collect.Maps$AsMapView                                        : loaded 2 times (x 123B)
Class dagger.internal.codegen.binding.AutoValue_ModuleDescriptor                      : loaded 2 times (x 82B)
Class [Lkotlin.Pair;                                                                  : loaded 2 times (x 65B)
Class com.google.common.reflect.TypeResolver$TypeTable$1                              : loaded 2 times (x 69B)
Class org.gradle.internal.service.ServiceLookupException                              : loaded 2 times (x 78B)
Class dagger.internal.codegen.validation.SpiModelBindingGraphConverter                : loaded 2 times (x 67B)
Class org.objectweb.asm.RecordComponentVisitor                                        : loaded 2 times (x 73B)
Class com.google.common.reflect.TypeResolver$TypeTable                                : loaded 2 times (x 69B)
Class com.google.common.io.CharStreams                                                : loaded 2 times (x 67B)
Class kotlin.coroutines.CoroutineContext$Key                                          : loaded 2 times (x 66B)
Class dagger.internal.codegen.processingstep.TypeCheckingProcessingStep_MembersInjector: loaded 2 times (x 71B)
Class dagger.hilt.processor.internal.aggregateddeps.KspAggregatedDepsProcessor        : loaded 2 times (x 85B)
Class dagger.hilt.processor.internal.KspBaseProcessingStepProcessor                   : loaded 2 times (x 85B)
Class dagger.internal.codegen.validation.SpiModelBindingGraphConverter$1              : loaded 2 times (x 67B)
Class dagger.internal.codegen.validation.BindsMethodValidator                         : loaded 2 times (x 74B)
Class dagger.internal.codegen.validation.BindsInstanceElementValidator                : loaded 2 times (x 74B)
Class dagger.internal.codegen.DelegateComponentProcessor_SourceFileGeneratorsModule_ProducerFactoryGeneratorFactory: loaded 2 times (x 78B)
Class org.jetbrains.kotlin.com.intellij.openapi.diagnostic.LogLevel                   : loaded 2 times (x 75B)
Class kotlin.sequences.SequencesKt___SequencesKt$sortedWith$1                         : loaded 2 times (x 71B)
Class [Lkotlin.sequences.Sequence;                                                    : loaded 2 times (x 65B)
Class com.google.common.collect.Lists$ReverseList                                     : loaded 2 times (x 196B)
Class org.gradle.internal.classloader.ClassLoaderFactory                              : loaded 2 times (x 66B)
Class dagger.internal.codegen.processingstep.LazyClassKeyProcessingStep_Factory       : loaded 2 times (x 78B)
Class com.google.common.util.concurrent.AbstractFuture                                : loaded 2 times (x 102B)
Class kotlin.jvm.internal.markers.KMutableSet                                         : loaded 2 times (x 66B)
Class org.jetbrains.kotlin.com.intellij.openapi.diagnostic.Logger$DefaultFactory      : loaded 2 times (x 70B)
Class dagger.internal.codegen.validation.ProducesMethodValidator$Validator            : loaded 2 times (x 76B)
Class dagger.internal.codegen.processingstep.MonitoringModuleGenerator_Factory        : loaded 2 times (x 78B)
Class com.google.devtools.ksp.symbol.KSExpectActual                                   : loaded 2 times (x 66B)
Class com.google.common.base.Functions$ConstantFunction                               : loaded 2 times (x 80B)
Class jdk.internal.jimage.BasicImageReader$2                                          : loaded 2 times (x 73B)
Class kotlin.reflect.jvm.internal.impl.builtins.PrimitiveType                         : loaded 2 times (x 75B)
Class org.apache.commons.io.CloseableURLConnection                                    : loaded 2 times (x 112B)
Class org.gradle.internal.service.CachingServiceLocator                               : loaded 2 times (x 78B)
Class dagger.internal.codegen.binding.LegacyBindingGraphFactory                       : loaded 2 times (x 68B)
Class com.google.common.util.concurrent.ListenableFuture                              : loaded 2 times (x 66B)
Class kotlin.collections.builders.MapBuilder$Itr                                      : loaded 2 times (x 68B)
Class kotlin.KotlinVersionCurrentValue                                                : loaded 2 times (x 67B)
Class org.jetbrains.kotlin.build.report.metrics.GradleBuildTime$Companion             : loaded 2 times (x 67B)
Class org.jetbrains.org.objectweb.asm.AnnotationWriter                                : loaded 2 times (x 75B)
Class com.google.common.collect.Streams                                               : loaded 2 times (x 67B)
Class kotlin.reflect.jvm.internal.impl.name.SpecialNames                              : loaded 2 times (x 67B)
Class dagger.internal.codegen.validation.BindsInstanceParameterValidator_Factory      : loaded 2 times (x 78B)
Class dagger.internal.codegen.bindinggraphvalidation.MapMultibindingValidator         : loaded 2 times (x 81B)
Class dagger.internal.codegen.bindinggraphvalidation.BindingGraphValidationModule     : loaded 2 times (x 66B)
Class org.gradle.api.internal.classpath.DefaultModuleRegistry                         : loaded 2 times (x 82B)
Class com.google.common.collect.Multimaps$CustomSetMultimap                           : loaded 2 times (x 174B)
Class com.google.common.collect.Multimaps$CustomListMultimap                          : loaded 2 times (x 170B)
Class dagger.internal.codegen.writing.ProducerFactoryGenerator                        : loaded 2 times (x 74B)
Class dagger.internal.codegen.validation.BindingElementValidator$AllowsScoping        : loaded 2 times (x 75B)
Class kotlin.reflect.jvm.internal.impl.descriptors.runtime.structure.ReflectClassUtilKt: loaded 2 times (x 67B)
Class org.jetbrains.kotlin.build.report.metrics.BuildTime                             : loaded 2 times (x 66B)
Class kotlin.properties.ReadOnlyProperty                                              : loaded 2 times (x 66B)
Class kotlin.ranges.IntRange                                                          : loaded 2 times (x 89B)
Class com.google.common.collect.MapMakerInternalMap$InternalEntry                     : loaded 2 times (x 66B)
Class com.google.common.reflect.Types$TypeVariableInvocationHandler                   : loaded 2 times (x 71B)
Class [Lcom.google.common.collect.HashBiMap$BiEntry;                                  : loaded 2 times (x 65B)
Class dagger.internal.codegen.processingstep.BindingMethodProcessingStep_Factory      : loaded 2 times (x 78B)
Class com.google.common.util.concurrent.AbstractFuture$UnsafeAtomicHelper             : loaded 2 times (x 74B)
Class com.google.common.collect.HashBiMap$Inverse                                     : loaded 2 times (x 138B)
Class dagger.internal.codegen.bindinggraphvalidation.NullableBindingValidator         : loaded 2 times (x 81B)
Class kotlin.time.Duration$Companion                                                  : loaded 2 times (x 67B)
Class kotlin.reflect.jvm.internal.KDeclarationContainerImpl                           : loaded 2 times (x 80B)
Class com.google.common.collect.ImmutableSortedAsList                                 : loaded 2 times (x 217B)
Class org.jetbrains.org.objectweb.asm.Type                                            : loaded 2 times (x 68B)
Class org.jetbrains.kotlin.build.report.metrics.DoNothingBuildMetricsReporter         : loaded 2 times (x 83B)
Class com.google.common.collect.MultimapBuilder$ArrayListSupplier                     : loaded 2 times (x 73B)
Class dagger.internal.codegen.processingstep.MapKeyProcessingStep_Factory             : loaded 2 times (x 78B)
Class dagger.internal.codegen.binding.BindingNode$Factory                             : loaded 2 times (x 68B)
Class dagger.internal.codegen.processingstep.ComponentHjarProcessingStep_Factory      : loaded 2 times (x 78B)
Class dagger.internal.codegen.DaggerDelegateComponentProcessor_Injector$TopLevelImplementationComponentFactory: loaded 2 times (x 71B)
Class dagger.internal.codegen.base.ElementFormatter                                   : loaded 2 times (x 81B)
Class dagger.internal.codegen.processingstep.ComponentHjarProcessingStep              : loaded 2 times (x 82B)
Class com.google.common.util.concurrent.internal.InternalFutureFailureAccess          : loaded 2 times (x 68B)
Class org.apache.commons.io.output.AbstractByteArrayOutputStream                      : loaded 2 times (x 98B)
Class org.apache.commons.io.output.NullWriter                                         : loaded 2 times (x 95B)
Class com.google.devtools.ksp.processing.KSPLogger                                    : loaded 2 times (x 66B)
Class jdk.internal.jimage.decompressor.ResourceDecompressorFactory                    : loaded 2 times (x 70B)
Class org.jetbrains.org.objectweb.asm.AnnotationVisitor                               : loaded 2 times (x 74B)
Class dagger.internal.codegen.base.$AutoValue_ComponentAnnotation                     : loaded 2 times (x 72B)
Class dagger.internal.codegen.model.BindingKind                                       : loaded 2 times (x 75B)
Class dagger.internal.codegen.validation.MultibindsMethodValidator                    : loaded 2 times (x 75B)
Class dagger.internal.codegen.binding.DependencyRequestFormatter                      : loaded 2 times (x 82B)
Class dagger.spi.internal.shaded.androidx.room.compiler.processing.ksp.KspMessager    : loaded 2 times (x 69B)
Class kotlin.reflect.jvm.internal.KDeclarationContainerImpl$Companion                 : loaded 2 times (x 67B)
Class org.jetbrains.kotlin.com.intellij.openapi.diagnostic.Logger$Factory             : loaded 2 times (x 66B)
Class com.google.common.reflect.Types$ClassOwnership$1LocalClass                      : loaded 2 times (x 67B)
Class org.gradle.internal.classloader.ClasspathUtil                                   : loaded 2 times (x 67B)
Class org.gradle.api.internal.classpath.ModuleRegistry                                : loaded 2 times (x 66B)
Class org.gradle.internal.installation.GradleInstallation$1                           : loaded 2 times (x 71B)
Class dagger.internal.codegen.model.BindingGraphPlugin                                : loaded 2 times (x 66B)
Class dagger.internal.codegen.validation.MultibindsMethodValidator$Validator          : loaded 2 times (x 76B)
Class dagger.internal.codegen.processingstep.AssistedProcessingStep_Factory           : loaded 2 times (x 78B)
Class com.google.common.collect.Maps$3                                                : loaded 2 times (x 78B)
Class [Lorg.objectweb.asm.SymbolTable$Entry;                                          : loaded 2 times (x 65B)
Class kotlin.time.DurationJvmKt                                                       : loaded 2 times (x 67B)
Class kotlin.sequences.EmptySequence                                                  : loaded 2 times (x 74B)
Class com.google.common.base.Charsets                                                 : loaded 2 times (x 67B)
Class com.google.common.util.concurrent.Uninterruptibles                              : loaded 2 times (x 67B)
Class kotlin.reflect.jvm.internal.ReflectProperties                                   : loaded 2 times (x 67B)
Class com.google.devtools.ksp.symbol.KSModifierListOwner                              : loaded 2 times (x 66B)
Class dagger.internal.codegen.processingstep.InjectProcessingStep_Factory             : loaded 2 times (x 78B)
Class dagger.spi.internal.shaded.androidx.room.compiler.processing.ksp.KspFiler       : loaded 2 times (x 74B)
Class dagger.internal.codegen.componentgenerator.ComponentGeneratorModule_ComponentHjarGeneratorFactory: loaded 2 times (x 78B)
Class dagger.internal.codegen.validation.ComponentDescriptorValidator_Factory         : loaded 2 times (x 78B)
Class dagger.internal.codegen.writing.LazyMapKeyProxyGenerator                        : loaded 2 times (x 74B)
Class dagger.internal.codegen.bindinggraphvalidation.ProvisionDependencyOnProducerBindingValidator: loaded 2 times (x 81B)
Class dagger.internal.codegen.processingstep.TypeCheckingProcessingStep               : loaded 2 times (x 82B)
Class dagger.internal.codegen.processingstep.MonitoringModuleProcessingStep           : loaded 2 times (x 82B)
Class kotlin.reflect.full.IllegalCallableAccessException                              : loaded 2 times (x 78B)
Class dagger.internal.codegen.validation.ValidationBindingGraphPlugin                 : loaded 2 times (x 81B)
Class dagger.internal.codegen.componentgenerator.ComponentHjarGenerator_Factory       : loaded 2 times (x 78B)
Class org.jetbrains.org.objectweb.asm.ModuleVisitor                                   : loaded 2 times (x 77B)
Class com.google.common.io.CharSource                                                 : loaded 2 times (x 81B)
Class org.gradle.api.specs.Spec                                                       : loaded 2 times (x 66B)
Class dagger.spi.internal.shaded.androidx.room.compiler.processing.ksp.KspExecutableElement: loaded 2 times (x 204B)
Class com.google.common.reflect.TypeToken$2                                           : loaded 2 times (x 106B)
Class dagger.hilt.processor.internal.aggregateddeps.KspAggregatedDepsProcessor$Provider: loaded 2 times (x 70B)
Class dagger.internal.codegen.binding.ProductionBinding                               : loaded 2 times (x 89B)
Class dagger.internal.codegen.validation.ExternalBindingGraphPlugins                  : loaded 2 times (x 68B)
Class com.google.common.collect.AbstractMapBasedMultiset                              : loaded 2 times (x 159B)
Class com.google.common.collect.MultimapBuilder                                       : loaded 2 times (x 69B)
Class com.google.common.collect.MultimapBuilder$ListMultimapBuilder                   : loaded 2 times (x 71B)
Class dagger.internal.codegen.binding.ProvisionBinding                                : loaded 2 times (x 86B)
Class kotlin.jvm.internal.PropertyReference2                                          : loaded 2 times (x 123B)
Class dagger.internal.codegen.base.DaggerSuperficialValidation$ValidationException$UnexpectedException: loaded 2 times (x 80B)
Class kotlin.UnsafeLazyImpl                                                           : loaded 2 times (x 72B)
Class com.google.common.collect.MapMaker                                              : loaded 2 times (x 68B)
Class com.google.common.reflect.Types$JavaVersion                                     : loaded 2 times (x 79B)
Class dagger.internal.codegen.writing.InaccessibleMapKeyProxyGenerator                : loaded 2 times (x 74B)
Class dagger.hilt.processor.internal.definecomponent.KspDefineComponentProcessor      : loaded 2 times (x 85B)
Class com.google.common.reflect.TypeToken$1                                           : loaded 2 times (x 106B)
Class com.google.devtools.ksp.processing.KSPJvmConfig                                 : loaded 2 times (x 68B)
Class [Lkotlin.reflect.jvm.internal.impl.builtins.jvm.JavaToKotlinClassMap$PlatformMutabilityMapping;: loaded 2 times (x 65B)
Class kotlin.collections.AbstractMutableSet                                           : loaded 2 times (x 138B)
Class kotlin.reflect.full.IllegalPropertyDelegateAccessException                      : loaded 2 times (x 78B)
Class org.jetbrains.org.objectweb.asm.Symbol                                          : loaded 2 times (x 69B)
Class kotlin.jvm.internal.ArrayIterator                                               : loaded 2 times (x 75B)
Class kotlin.properties.Delegates                                                     : loaded 2 times (x 67B)
Class com.google.common.collect.Count                                                 : loaded 2 times (x 67B)
Class dagger.internal.codegen.processingstep.ProcessingStepsModule_ProcessingStepsFactory: loaded 2 times (x 78B)
Class [Ldagger.internal.codegen.base.ComponentCreatorKind;                            : loaded 2 times (x 65B)
Class dagger.hilt.processor.internal.generatesrootinput.KspGeneratesRootInputProcessor: loaded 2 times (x 85B)
Class dagger.internal.codegen.KspComponentProcessor                                   : loaded 2 times (x 84B)
Class org.objectweb.asm.Edge                                                          : loaded 2 times (x 68B)
Class dagger.internal.codegen.binding.MultibindingDeclaration                         : loaded 2 times (x 74B)
Class dagger.internal.codegen.writing.UnwrappedMapKeyGenerator_Factory                : loaded 2 times (x 78B)
Class dagger.internal.codegen.writing.ModuleProxies$ModuleConstructorProxyGenerator   : loaded 2 times (x 74B)
Class com.google.common.collect.Multimaps$Entries                                     : loaded 2 times (x 114B)
Class kotlin.jvm.internal.markers.KMutableMap$Entry                                   : loaded 2 times (x 66B)
Class org.jetbrains.org.objectweb.asm.ClassWriter                                     : loaded 2 times (x 102B)
Class kotlin.collections.MapWithDefaultImpl                                           : loaded 2 times (x 122B)
Class dagger.internal.codegen.binding.AutoValue_DelegateDeclaration                   : loaded 2 times (x 79B)
Class com.google.common.util.concurrent.AbstractFuture$AtomicHelper                   : loaded 2 times (x 74B)
Class jdk.internal.jimage.decompressor.ResourceDecompressorRepository                 : loaded 2 times (x 67B)
Class org.objectweb.asm.SymbolTable$Entry                                             : loaded 2 times (x 70B)
Class com.google.common.collect.MapMakerInternalMap$StrongKeyDummyValueEntry          : loaded 2 times (x 78B)
Class com.google.common.io.LineReader$1                                               : loaded 2 times (x 71B)
Class com.google.common.reflect.Invokable$MethodInvokable                             : loaded 2 times (x 103B)
Class com.google.common.base.Platform                                                 : loaded 2 times (x 67B)
Class com.google.common.io.CharStreams$NullWriter                                     : loaded 2 times (x 95B)
Class dagger.hilt.android.processor.internal.viewmodel.ViewModelValidationPluginKt    : loaded 2 times (x 67B)
Class dagger.internal.codegen.validation.ProvidesMethodValidator                      : loaded 2 times (x 74B)
Class dagger.internal.codegen.DelegateComponentProcessor_SourceFileGeneratorsModule_FactoryGeneratorFactory: loaded 2 times (x 78B)
Class kotlin.time.DurationUnitKt__DurationUnitKt                                      : loaded 2 times (x 67B)
Class com.google.common.collect.CompoundOrdering                                      : loaded 2 times (x 111B)
Class org.jetbrains.kotlin.com.intellij.openapi.diagnostic.Logger                     : loaded 2 times (x 95B)
Class dagger.internal.codegen.base.AutoValue_ComponentAnnotation                      : loaded 2 times (x 72B)
Class dagger.hilt.android.processor.internal.customtestapplication.KspCustomTestApplicationProcessor$Provider: loaded 2 times (x 70B)
Class com.google.devtools.ksp.symbol.KSNode                                           : loaded 2 times (x 66B)
Class dagger.spi.internal.shaded.androidx.room.compiler.processing.ksp.KspProcessingEnv: loaded 2 times (x 117B)
Class [Lcom.google.common.reflect.Types$JavaVersion;                                  : loaded 2 times (x 65B)
Class kotlin.io.FilePathComponents                                                    : loaded 2 times (x 68B)
Class com.google.devtools.ksp.processing.KspGradleLogger$Companion                    : loaded 2 times (x 67B)
Class [Lorg.objectweb.asm.AnnotationWriter;                                           : loaded 2 times (x 65B)
Class com.google.common.io.Files$FileByteSource                                       : loaded 2 times (x 81B)
Class com.google.common.collect.Interners$InternerBuilder                             : loaded 2 times (x 72B)
Class kotlin.collections.ArrayDeque                                                   : loaded 2 times (x 203B)
Class [Lkotlin.reflect.jvm.internal.impl.name.FqName;                                 : loaded 2 times (x 65B)
Class dagger.internal.codegen.binding.DelegateBinding                                 : loaded 2 times (x 87B)
Class dagger.internal.codegen.base.SourceFileGenerator                                : loaded 2 times (x 74B)
Class kotlin.reflect.jvm.internal.KPackageImpl                                        : loaded 2 times (x 81B)
Class com.google.common.base.Equivalence$Wrapper                                      : loaded 2 times (x 68B)
Class com.google.common.collect.Maps$9                                                : loaded 2 times (x 72B)
Class [Lcom.google.common.collect.Iterators$EmptyModifiableIterator;                  : loaded 2 times (x 65B)
Class com.google.common.collect.LinkedHashMultimap$ValueSet$1                         : loaded 2 times (x 78B)
Class dagger.internal.codegen.DelegateComponentProcessor$SourceFileGeneratorsModule   : loaded 2 times (x 66B)
Class dagger.internal.codegen.validation.BindsOptionalOfMethodValidator               : loaded 2 times (x 74B)
Class dagger.internal.codegen.validation.SpiModelBindingGraphConverter$DaggerProcessingEnvImpl: loaded 2 times (x 72B)
Class kotlin.Triple                                                                   : loaded 2 times (x 68B)
Class com.google.common.collect.Lists$ReverseList$1                                   : loaded 2 times (x 95B)
Class com.google.common.collect.ImmutableRangeSet$Builder                             : loaded 2 times (x 73B)
Class com.google.common.cache.LocalCache$StrongValueReference                         : loaded 2 times (x 86B)
Class com.google.common.util.concurrent.AbstractFuture$SynchronizedHelper             : loaded 2 times (x 74B)
Class org.gradle.api.UncheckedIOException                                             : loaded 2 times (x 78B)
Class org.gradle.internal.classpath.ClassPath                                         : loaded 2 times (x 66B)
Class dagger.internal.codegen.base.ComponentCreatorKind                               : loaded 2 times (x 75B)
Class Settings_gradle$1                                                               : loaded 2 times (x 71B)
Class com.google.common.collect.RegularImmutableBiMap$Inverse                         : loaded 2 times (x 139B)
Class com.google.common.io.ByteSink                                                   : loaded 2 times (x 72B)
Class com.google.common.cache.RemovalCause                                            : loaded 2 times (x 76B)
Class kotlin.jvm.internal.Ref$ObjectRef                                               : loaded 2 times (x 68B)
Class org.objectweb.asm.Type                                                          : loaded 2 times (x 68B)
Class org.gradle.internal.classloader.VisitableURLClassLoader$InstrumentingVisitableURLClassLoader: loaded 2 times (x 119B)
Class kotlin.time.DurationUnit                                                        : loaded 2 times (x 75B)
Class [Lorg.jetbrains.org.objectweb.asm.AnnotationWriter;                             : loaded 2 times (x 65B)
Class dagger.internal.codegen.bindinggraphvalidation.DependsOnProductionExecutorValidator: loaded 2 times (x 81B)
Class dagger.internal.codegen.componentgenerator.TopLevelImplementationComponent      : loaded 2 times (x 66B)
Class [Ldagger.spi.internal.shaded.androidx.room.compiler.processing.XProcessingStep; : loaded 2 times (x 65B)
Class dagger.internal.codegen.binding.DeclarationFormatter                            : loaded 2 times (x 82B)
Class [Ldagger.internal.codegen.validation.BindingElementValidator$AllowsScoping;     : loaded 2 times (x 65B)
Class dagger.internal.codegen.validation.BindingMethodValidator                       : loaded 2 times (x 74B)
Class dagger.internal.codegen.processingstep.MonitoringModuleProcessingStep_Factory   : loaded 2 times (x 78B)
Class dagger.internal.codegen.base.DaggerSuperficialValidation$ValidationException$UnknownErrorType: loaded 2 times (x 80B)
Class org.apache.commons.io.IOUtils                                                   : loaded 2 times (x 67B)
Class com.google.common.collect.Maps$FilteredEntryMap$EntrySet                        : loaded 2 times (x 148B)
Class com.google.common.reflect.TypeToken                                             : loaded 2 times (x 69B)
Class com.google.common.collect.MapMakerInternalMap$Segment                           : loaded 2 times (x 138B)
Class [Lkotlin.reflect.jvm.internal.impl.resolve.jvm.JvmPrimitiveType;                : loaded 2 times (x 65B)
Class kotlin.collections.IntIterator                                                  : loaded 2 times (x 78B)
Class kotlin.jvm.internal.TypeIntrinsics                                              : loaded 2 times (x 67B)
Class jdk.internal.jimage.decompressor.ResourceDecompressor                           : loaded 2 times (x 66B)
Class org.jetbrains.org.objectweb.asm.ByteVector                                      : loaded 2 times (x 74B)
Class kotlin.coroutines.CoroutineContext$Element$DefaultImpls                         : loaded 2 times (x 67B)
Class com.google.common.collect.MapMakerInternalMap$StrongKeyDummyValueEntry$Helper   : loaded 2 times (x 75B)
Class com.google.common.io.Files$FileByteSink                                         : loaded 2 times (x 73B)
Class org.objectweb.asm.ByteVector                                                    : loaded 2 times (x 75B)
Class org.gradle.internal.classloader.VisitableURLClassLoader$Spec                    : loaded 2 times (x 70B)
Class org.gradle.internal.classpath.DefaultClassPath                                  : loaded 2 times (x 86B)
Class kotlin.reflect.jvm.internal.impl.resolve.jvm.JvmPrimitiveType                   : loaded 2 times (x 75B)
Class dagger.internal.codegen.binding.AutoValue_OptionalBindingDeclaration            : loaded 2 times (x 71B)
Class dagger.internal.codegen.model.DaggerProcessingEnv                               : loaded 2 times (x 70B)
Class dagger.hilt.processor.internal.originatingelement.KspOriginatingElementProcessor$Provider: loaded 2 times (x 70B)
Class dagger.hilt.processor.internal.root.KspComponentTreeDepsProcessor               : loaded 2 times (x 85B)
Class org.gradle.internal.classpath.DefaultClassPath$ImmutableUniqueList              : loaded 2 times (x 195B)
Class dagger.internal.codegen.binding.ModuleDescriptor$Factory                        : loaded 2 times (x 71B)
Class dagger.internal.codegen.processingstep.BindsInstanceProcessingStep_Factory      : loaded 2 times (x 78B)
Class dagger.internal.codegen.validation.BindingMethodValidator$ExceptionSuperclass$1 : loaded 2 times (x 77B)
Class dagger.internal.codegen.writing.UnwrappedMapKeyGenerator                        : loaded 2 times (x 77B)
Class org.gradle.api.internal.ClassPathRegistry                                       : loaded 2 times (x 66B)
Class com.google.common.reflect.Invokable$ConstructorInvokable                        : loaded 2 times (x 103B)
Class kotlin.ranges.ClosedRange                                                       : loaded 2 times (x 66B)
Class kotlin.reflect.jvm.internal.KPropertyImpl                                       : loaded 2 times (x 111B)
Class com.google.common.collect.Maps$FilteredEntryMap$EntrySet$1                      : loaded 2 times (x 78B)
Class com.google.devtools.ksp.symbol.KSDeclaration                                    : loaded 2 times (x 66B)
Class dagger.internal.codegen.processingstep.AssistedInjectProcessingStep_Factory     : loaded 2 times (x 78B)
Class [Lorg.jetbrains.kotlin.build.report.metrics.GradleBuildTime;                    : loaded 2 times (x 65B)
Class jdk.internal.jimage.decompressor.ZipDecompressorFactory                         : loaded 2 times (x 70B)
Class com.google.devtools.ksp.processing.KspGradleLogger                              : loaded 2 times (x 75B)
Class com.google.common.reflect.Types$ClassOwnership                                  : loaded 2 times (x 76B)
Class org.objectweb.asm.Symbol                                                        : loaded 2 times (x 69B)
Class [Ldagger.internal.codegen.validation.BindingMethodValidator$Abstractness;       : loaded 2 times (x 65B)
Class org.gradle.api.internal.DefaultClassPathRegistry                                : loaded 2 times (x 72B)
Class com.google.common.base.Throwables                                               : loaded 2 times (x 67B)
Class kotlin.io.ByteStreamsKt                                                         : loaded 2 times (x 67B)
Class org.jetbrains.org.objectweb.asm.MethodVisitor                                   : loaded 2 times (x 101B)
Class org.jetbrains.org.objectweb.asm.FieldWriter                                     : loaded 2 times (x 74B)
Class dagger.hilt.android.processor.internal.viewmodel.KspViewModelProcessor          : loaded 2 times (x 85B)
Class kotlin.reflect.jvm.internal.ReflectProperties$LazySoftVal                       : loaded 2 times (x 74B)
Class dagger.internal.codegen.binding.ComponentDeclarations$Factory                   : loaded 2 times (x 68B)
Class dagger.internal.codegen.validation.BindingMethodValidator$ExceptionSuperclass$2 : loaded 2 times (x 77B)
Class kotlin.reflect.jvm.internal.impl.builtins.StandardNames                         : loaded 2 times (x 67B)
Class [Lkotlin.reflect.jvm.internal.impl.builtins.PrimitiveType;                      : loaded 2 times (x 65B)
Class com.google.common.io.Closer                                                     : loaded 2 times (x 74B)
Class com.google.common.io.Java8Compatibility                                         : loaded 2 times (x 67B)
Class com.google.common.base.CharMatcher$Ascii                                        : loaded 2 times (x 108B)
Class org.gradle.internal.classloader.ClassLoaderSpec                                 : loaded 2 times (x 67B)
Class com.google.common.collect.Maps$TransformedEntriesMap                            : loaded 2 times (x 123B)
Class com.google.common.util.concurrent.AbstractFuture$Cancellation                   : loaded 2 times (x 68B)
Class com.google.common.io.AppendableWriter                                           : loaded 2 times (x 96B)
Class dagger.internal.codegen.binding.$AutoValue_ComponentDescriptor                  : loaded 2 times (x 93B)
Class dagger.internal.codegen.binding.AutoValue_MultibindingDeclaration               : loaded 2 times (x 75B)
Class dagger.internal.codegen.validation.BindingMethodValidator$ExceptionSuperclass$3 : loaded 2 times (x 77B)
Class com.google.common.io.Files$2                                                    : loaded 2 times (x 72B)
Class kotlin.reflect.jvm.internal.ReflectProperties$Val$1                             : loaded 2 times (x 67B)
Class org.jetbrains.kotlin.build.report.metrics.BuildMetricsReporter                  : loaded 2 times (x 66B)
Class com.google.common.collect.AbstractMultimap$Entries                              : loaded 2 times (x 116B)
Class kotlin.text.DelimitedRangesSequence                                             : loaded 2 times (x 71B)
Class com.google.common.io.ByteSource$EmptyByteSource                                 : loaded 2 times (x 81B)
Class org.objectweb.asm.AnnotationWriter                                              : loaded 2 times (x 75B)
Class dagger.internal.codegen.processingstep.MultibindingAnnotationsProcessingStep    : loaded 2 times (x 82B)
Class dagger.internal.codegen.binding.DelegateDeclaration                             : loaded 2 times (x 76B)
Class dagger.internal.codegen.binding.OptionalBindingDeclaration$Factory              : loaded 2 times (x 69B)
Class dagger.internal.codegen.bindinggraphvalidation.SubcomponentFactoryMethodValidator: loaded 2 times (x 81B)
Class dagger.spi.internal.shaded.androidx.room.compiler.processing.ksp.KspProcessingEnv$JvmDefaultMode: loaded 2 times (x 75B)
Class dagger.internal.codegen.validation.BindingGraphValidator                        : loaded 2 times (x 68B)
Class com.google.common.base.Stopwatch                                                : loaded 2 times (x 68B)
Class dagger.internal.codegen.binding.$AutoValue_ModuleDescriptor                     : loaded 2 times (x 82B)
Class com.google.common.collect.AbstractMapBasedMultimap$2                            : loaded 2 times (x 81B)
Class org.gradle.api.internal.classpath.UnknownModuleException                        : loaded 2 times (x 78B)
Class kotlin.KotlinVersion                                                            : loaded 2 times (x 70B)
Class kotlin.jdk7.AutoCloseableKt                                                     : loaded 2 times (x 67B)
Class kotlin.time.DurationKt                                                          : loaded 2 times (x 67B)
Class com.google.common.collect.Interners                                             : loaded 2 times (x 67B)
Class com.google.common.io.Closer$Suppressor                                          : loaded 2 times (x 66B)
Class com.google.common.io.LineProcessor                                              : loaded 2 times (x 66B)
Class org.objectweb.asm.RecordComponentWriter                                         : loaded 2 times (x 74B)
Class com.google.common.util.concurrent.AbstractFuture$Listener                       : loaded 2 times (x 68B)
Class Settings_gradle$1$1                                                             : loaded 2 times (x 71B)
Class kotlin.reflect.jvm.internal.KClassifierImpl                                     : loaded 2 times (x 66B)
Class [Lcom.google.common.collect.LinkedHashMultimap$ValueSetLink;                    : loaded 2 times (x 65B)
Class dagger.spi.internal.shaded.androidx.room.compiler.processing.ksp.KspTypeElement : loaded 2 times (x 298B)
Class org.gradle.api.internal.classpath.Module                                        : loaded 2 times (x 66B)
Class dagger.internal.codegen.validation.ComponentValidator                           : loaded 2 times (x 71B)
Class dagger.internal.codegen.validation.BindsInstanceMethodValidator_Factory         : loaded 2 times (x 78B)
Class com.google.common.collect.MultimapBuilder$SortedSetMultimapBuilder              : loaded 2 times (x 73B)
Class com.google.common.collect.ForwardingSet                                         : loaded 2 times (x 147B)
Class org.apache.commons.io.output.NullOutputStream                                   : loaded 2 times (x 81B)
Class [Lorg.objectweb.asm.Label;                                                      : loaded 2 times (x 65B)
Class org.objectweb.asm.Attribute                                                     : loaded 2 times (x 73B)
Class org.gradle.internal.classloader.VisitableURLClassLoader                         : loaded 2 times (x 113B)
Class kotlin.reflect.jvm.internal.KotlinReflectionInternalError                       : loaded 2 times (x 78B)
Class dagger.internal.codegen.bindinggraphvalidation.DependencyCycleValidator         : loaded 2 times (x 81B)
Class kotlin.reflect.jvm.internal.impl.builtins.jvm.JavaToKotlinClassMap              : loaded 2 times (x 67B)
Class com.google.common.base.Verify                                                   : loaded 2 times (x 67B)
Class kotlin.reflect.jvm.internal.KClassImpl                                          : loaded 2 times (x 111B)
Class dagger.internal.codegen.binding.$AutoValue_DelegateDeclaration                  : loaded 2 times (x 79B)
Class org.jetbrains.org.objectweb.asm.FieldVisitor                                    : loaded 2 times (x 73B)
Class kotlin.sequences.GeneratorSequence                                              : loaded 2 times (x 71B)
Class kotlin.sequences.FlatteningSequence$iterator$1                                  : loaded 2 times (x 75B)
Class com.google.common.collect.ImmutableList$SerializedForm                          : loaded 2 times (x 69B)
Class com.google.common.util.concurrent.AbstractFuture$Waiter                         : loaded 2 times (x 68B)
Class Settings_gradle                                                                 : loaded 2 times (x 124B)
Class org.gradle.internal.Cast                                                        : loaded 2 times (x 67B)
Class org.gradle.api.Action                                                           : loaded 2 times (x 66B)
Class dagger.internal.codegen.validation.BindingMethodValidator$Abstractness          : loaded 2 times (x 75B)
Class com.google.common.reflect.Reflection                                            : loaded 2 times (x 67B)
Class com.google.common.collect.NullsFirstOrdering                                    : loaded 2 times (x 111B)
Class dagger.internal.codegen.validation.BindsOptionalOfMethodValidator$Validator     : loaded 2 times (x 76B)
Class dagger.internal.codegen.validation.BindingElementValidator$ElementValidator     : loaded 2 times (x 73B)
Class dagger.internal.codegen.model.BindingGraph$MaybeBinding                         : loaded 2 times (x 66B)
Class dagger.hilt.android.processor.internal.androidentrypoint.KspAndroidEntryPointProcessor: loaded 2 times (x 85B)
Class org.gradle.api.internal.classpath.DefaultModuleRegistry$DefaultModule           : loaded 2 times (x 82B)
Class jdk.internal.jimage.decompressor.ZipDecompressor                                : loaded 2 times (x 71B)
Class kotlin.properties.ReadWriteProperty                                             : loaded 2 times (x 66B)
Class com.google.common.collect.MapMakerInternalMap                                   : loaded 2 times (x 157B)
Class com.google.common.collect.HashBiMap                                             : loaded 2 times (x 139B)
Class com.google.common.base.Strings                                                  : loaded 2 times (x 67B)
Class org.objectweb.asm.Handler                                                       : loaded 2 times (x 68B)
Class org.objectweb.asm.FieldVisitor                                                  : loaded 2 times (x 73B)
Class kotlin.reflect.jvm.internal.impl.builtins.StandardNames$FqNames                 : loaded 2 times (x 67B)
Class com.google.common.collect.AbstractMapBasedMultimap$Itr                          : loaded 2 times (x 79B)
Class dagger.internal.codegen.processingstep.MapKeyProcessingStep                     : loaded 2 times (x 82B)
Class com.google.common.collect.MultimapBuilder$SetMultimapBuilder                    : loaded 2 times (x 71B)
Class dagger.internal.codegen.processingstep.BindingMethodProcessingStep              : loaded 2 times (x 82B)
Class dagger.hilt.processor.internal.originatingelement.KspOriginatingElementProcessor: loaded 2 times (x 85B)
Class org.gradle.internal.classloader.ClasspathUtil$1                                 : loaded 2 times (x 72B)
Class org.objectweb.asm.ClassWriter                                                   : loaded 2 times (x 102B)
Class com.google.common.base.Functions                                                : loaded 2 times (x 67B)
Class kotlin.jvm.JvmStatic                                                            : loaded 2 times (x 66B)
Class kotlin.KotlinNothingValueException                                              : loaded 2 times (x 78B)
Class com.google.devtools.ksp.processing.KSPConfig                                    : loaded 2 times (x 68B)
Class com.google.common.cache.RemovalCause$1                                          : loaded 2 times (x 76B)
Class org.gradle.internal.classpath.DefaultClassPath$ImmutableUniqueList$Builder      : loaded 2 times (x 71B)
Class kotlin.time.DurationUnitKt__DurationUnitJvmKt                                   : loaded 2 times (x 67B)
Class kotlin.collections.ArraysKt___ArraysKt$asSequence$$inlined$Sequence$1           : loaded 2 times (x 71B)
Class kotlin.reflect.jvm.internal.ReflectionFactoryImpl                               : loaded 2 times (x 87B)
Class com.google.common.collect.HashMultimapGwtSerializationDependencies              : loaded 2 times (x 170B)
Class dagger.hilt.processor.internal.uninstallmodules.KspUninstallModulesProcessor    : loaded 2 times (x 85B)
Class dagger.internal.codegen.model.BindingGraph                                      : loaded 2 times (x 90B)
Class dagger.internal.codegen.processingstep.AssistedFactoryProcessingStep_Factory    : loaded 2 times (x 78B)
Class dagger.internal.codegen.writing.ModuleProxies_ModuleConstructorProxyGenerator_Factory: loaded 2 times (x 78B)
Class org.gradle.internal.InternalTransformer                                         : loaded 2 times (x 66B)
Class kotlin.reflect.jvm.internal.KDeclarationContainerImpl$Data                      : loaded 2 times (x 68B)
Class kotlin.jvm.internal.Ref$IntRef                                                  : loaded 2 times (x 67B)
Class kotlin.io.FileTreeWalk$WalkState                                                : loaded 2 times (x 69B)
Class com.google.common.cache.RemovalCause$2                                          : loaded 2 times (x 76B)
Class com.google.common.collect.MapMakerInternalMap$WeakValueReference                : loaded 2 times (x 66B)
Class com.google.common.collect.AbstractRangeSet                                      : loaded 2 times (x 110B)
Class kotlin.collections.builders.MapBuilder$EntriesItr                               : loaded 2 times (x 77B)
Class org.jetbrains.org.objectweb.asm.ClassTooLargeException                          : loaded 2 times (x 79B)
Class dagger.internal.codegen.writing.MembersInjectorGenerator                        : loaded 2 times (x 74B)
Class dagger.internal.codegen.binding.BindingGraphFactory                             : loaded 2 times (x 68B)
Class dagger.internal.codegen.binding.ComponentDescriptor                             : loaded 2 times (x 91B)
Class dagger.internal.codegen.processingstep.MultibindingAnnotationsProcessingStep_Factory: loaded 2 times (x 78B)
Class dagger.internal.codegen.validation.ComponentHierarchyValidator_Factory          : loaded 2 times (x 78B)
Class dagger.internal.codegen.writing.AnnotationCreatorGenerator_Factory              : loaded 2 times (x 78B)
Class dagger.internal.codegen.base.SourceFileHjarGenerator                            : loaded 2 times (x 74B)
Class dagger.hilt.processor.internal.aliasof.KspAliasOfProcessor                      : loaded 2 times (x 85B)
Class kotlin.reflect.jvm.internal.impl.builtins.PrimitiveType$Companion               : loaded 2 times (x 67B)
Class org.gradle.kotlin.dsl.VersionCatalogAccessorsKt                                 : loaded 2 times (x 67B)
Class kotlin.reflect.jvm.internal.KClassImpl$Data                                     : loaded 2 times (x 68B)
Class com.google.common.io.ByteSink$AsCharSink                                        : loaded 2 times (x 76B)
Class kotlin.text.DelimitedRangesSequence$iterator$1                                  : loaded 2 times (x 75B)
Class com.google.common.cache.RemovalCause$3                                          : loaded 2 times (x 76B)
Class org.gradle.api.GradleException                                                  : loaded 2 times (x 78B)
Class kotlin.coroutines.ContinuationInterceptor$Key                                   : loaded 2 times (x 67B)
Class [Lorg.jetbrains.kotlin.build.report.metrics.BuildTime;                          : loaded 2 times (x 65B)
Class kotlin.reflect.jvm.internal.KMutableProperty1Impl                               : loaded 2 times (x 131B)
Class com.google.common.collect.ExplicitOrdering                                      : loaded 2 times (x 111B)
Class dagger.hilt.processor.internal.root.KspRootProcessor                            : loaded 2 times (x 85B)
Class dagger.internal.codegen.writing.FactoryGenerator                                : loaded 2 times (x 74B)
Class dagger.internal.codegen.processingstep.InjectProcessingStep                     : loaded 2 times (x 82B)
Class dagger.internal.codegen.validation.BindsInstanceMethodValidator                 : loaded 2 times (x 74B)
Class dagger.internal.codegen.binding.MultibindingDeclaration$Factory                 : loaded 2 times (x 68B)
Class dagger.spi.internal.shaded.androidx.room.compiler.processing.ksp.KspRoundEnv    : loaded 2 times (x 73B)
Class org.jetbrains.org.objectweb.asm.SymbolTable$Entry                               : loaded 2 times (x 70B)
Class com.google.common.cache.RemovalCause$4                                          : loaded 2 times (x 76B)
Class org.apache.commons.io.StandardLineSeparator                                     : loaded 2 times (x 75B)
Class com.google.common.util.concurrent.AbstractFuture$Trusted                        : loaded 2 times (x 66B)
Class com.google.common.collect.Range                                                 : loaded 2 times (x 83B)
Class kotlin.collections.AbstractIterator                                             : loaded 2 times (x 79B)
Class kotlin.io.LinesSequence$iterator$1                                              : loaded 2 times (x 75B)
Class dagger.internal.codegen.validation.BindingMethodValidator$MethodValidator       : loaded 2 times (x 76B)
Class dagger.hilt.processor.internal.root.KspRootProcessor$Provider                   : loaded 2 times (x 70B)
Class dagger.internal.codegen.validation.DiagnosticReporterFactory                    : loaded 2 times (x 68B)
Class dagger.internal.codegen.binding.LegacyBindingGraphConverter                     : loaded 2 times (x 67B)
Class dagger.internal.codegen.DelegateComponentProcessor_SourceFileGeneratorsModule_ModuleConstructorProxyGeneratorFactory: loaded 2 times (x 78B)
Class dagger.internal.codegen.componentgenerator.ComponentGenerator                   : loaded 2 times (x 74B)
Class kotlin.reflect.jvm.internal.KTypeParameterOwnerImpl                             : loaded 2 times (x 66B)
Class dagger.hilt.android.processor.internal.viewmodel.KspViewModelProcessor$Provider : loaded 2 times (x 70B)
Class com.google.common.util.concurrent.AbstractFuture$UnsafeAtomicHelper$1           : loaded 2 times (x 72B)
Class com.google.common.collect.ImmutableRangeSet$1                                   : loaded 2 times (x 206B)
Class com.google.common.cache.RemovalCause$5                                          : loaded 2 times (x 76B)
Class [Lcom.google.common.collect.MapMakerInternalMap$Strength;                       : loaded 2 times (x 65B)
Class [Lcom.google.common.io.FileWriteMode;                                           : loaded 2 times (x 65B)
Class kotlin.coroutines.CoroutineContext$Element                                      : loaded 2 times (x 66B)
Class kotlin.reflect.jvm.internal.impl.utils.CollectionsKt                            : loaded 2 times (x 67B)
Class com.google.common.collect.SortedIterables                                       : loaded 2 times (x 67B)
Class dagger.internal.codegen.model.DiagnosticReporter                                : loaded 2 times (x 71B)
Class dagger.hilt.android.processor.internal.androidentrypoint.KspAndroidEntryPointProcessor$Provider: loaded 2 times (x 70B)
Class dagger.internal.codegen.validation.BindsMethodValidator$Validator               : loaded 2 times (x 76B)
Class dagger.spi.model.DaggerProcessingEnv$Backend                                    : loaded 2 times (x 75B)
Class com.google.common.collect.Maps$AsMapView$1EntrySetImpl                          : loaded 2 times (x 134B)
Class [Ldagger.internal.codegen.base.ComponentCreatorAnnotation;                      : loaded 2 times (x 65B)
Class kotlin.reflect.jvm.internal.impl.name.Name                                      : loaded 2 times (x 71B)
Class kotlin.reflect.jvm.internal.KPropertyImpl$Companion                             : loaded 2 times (x 67B)
Class com.google.common.reflect.TypeToken$SimpleTypeToken                             : loaded 2 times (x 69B)
Class [Lorg.jetbrains.org.objectweb.asm.Symbol;                                       : loaded 2 times (x 65B)
Class [Lkotlin.time.DurationUnit;                                                     : loaded 2 times (x 65B)
Class kotlin.sequences.SequencesKt___SequencesKt$asIterable$$inlined$Iterable$1       : loaded 2 times (x 75B)
Class com.google.common.collect.MapMakerInternalMap$StrongKeyDummyValueSegment        : loaded 2 times (x 138B)
Class com.google.common.collect.Iterables$4                                           : loaded 2 times (x 77B)
Class com.google.common.io.Files                                                      : loaded 2 times (x 67B)
Class com.google.common.cache.LocalCache$WriteThroughEntry                            : loaded 2 times (x 75B)
Class com.google.common.cache.LocalCache$HashIterator                                 : loaded 2 times (x 82B)
Class com.google.common.collect.MapMakerInternalMap$AbstractStrongKeyEntry            : loaded 2 times (x 76B)
Class com.google.common.io.ByteSource$ByteArrayByteSource                             : loaded 2 times (x 81B)
Class kotlin.sequences.GeneratorSequence$iterator$1                                   : loaded 2 times (x 75B)
Class dagger.spi.internal.shaded.androidx.room.compiler.processing.ksp.KspMemberContainer: loaded 2 times (x 66B)
Class [Ldagger.internal.codegen.model.BindingKind;                                    : loaded 2 times (x 65B)
Class dagger.internal.codegen.writing.AnnotationCreatorGenerator                      : loaded 2 times (x 77B)
Class com.google.common.collect.NullsLastOrdering                                     : loaded 2 times (x 111B)
Class dagger.internal.codegen.validation.ProvidesMethodValidator$Validator            : loaded 2 times (x 76B)
Class com.google.common.collect.Maps$12                                               : loaded 2 times (x 78B)
Class dagger.internal.codegen.binding.ModuleDescriptor                                : loaded 2 times (x 77B)
Class com.google.common.collect.HashBiMap$BiEntry                                     : loaded 2 times (x 79B)
Class kotlin.reflect.jvm.internal.impl.name.FqNameUnsafe                              : loaded 2 times (x 68B)
Class kotlin.sequences.TransformingSequence$iterator$1                                : loaded 2 times (x 75B)
Class [Lkotlin.Function;                                                              : loaded 2 times (x 65B)
Class com.google.common.collect.Iterators$ConcatenatedIterator                        : loaded 2 times (x 78B)
Class [Lcom.google.common.collect.MapMaker$Dummy;                                     : loaded 2 times (x 65B)
Class com.google.common.base.CharMatcher$Whitespace                                   : loaded 2 times (x 108B)
Class com.google.common.reflect.Types$NativeTypeVariableEquals                        : loaded 2 times (x 67B)
Class com.google.common.reflect.TypeParameter                                         : loaded 2 times (x 68B)
Class com.google.common.cache.LocalCache$AbstractReferenceEntry                       : loaded 2 times (x 103B)
Class org.gradle.internal.IoActions                                                   : loaded 2 times (x 67B)
Class dagger.internal.codegen.validation.DiagnosticReporterFactory$DiagnosticReporterImpl: loaded 2 times (x 72B)
Class dagger.hilt.processor.internal.uninstallmodules.KspUninstallModulesProcessor$Provider: loaded 2 times (x 70B)
Class org.gradle.internal.service.ServiceLocator                                      : loaded 2 times (x 66B)
Class [Lorg.objectweb.asm.Type;                                                       : loaded 2 times (x 65B)
Class [Lorg.objectweb.asm.Attribute;                                                  : loaded 2 times (x 65B)
Class org.jetbrains.kotlin.build.report.metrics.GradleBuildTime                       : loaded 2 times (x 84B)
Class dagger.internal.codegen.KspComponentProcessor$Provider                          : loaded 2 times (x 71B)
Class dagger.internal.codegen.writing.InaccessibleMapKeyProxyGenerator_Factory        : loaded 2 times (x 78B)
Class dagger.internal.codegen.model.BindingGraph$Node                                 : loaded 2 times (x 66B)
Class com.google.common.collect.MultimapBuilder$MultimapBuilderWithKeys$1             : loaded 2 times (x 72B)
Class [Lorg.jetbrains.kotlin.com.intellij.openapi.diagnostic.LogLevel;                : loaded 2 times (x 65B)
Class com.google.common.base.VerifyException                                          : loaded 2 times (x 78B)
Class com.google.common.collect.Maps$13                                               : loaded 2 times (x 81B)
Class com.google.devtools.ksp.symbol.KSAnnotated                                      : loaded 2 times (x 66B)
Class dagger.internal.codegen.validation.DiagnosticMessageGenerator$Factory           : loaded 2 times (x 68B)
Class dagger.internal.codegen.binding.BindingGraph$TopLevelBindingGraph               : loaded 2 times (x 96B)
Class org.apache.commons.io.output.ByteArrayOutputStream                              : loaded 2 times (x 98B)
Class com.google.common.reflect.TypeResolver$TypeVariableKey                          : loaded 2 times (x 68B)
Class kotlin.collections.builders.AbstractMapBuilderEntrySet                          : loaded 2 times (x 140B)
Class kotlin.reflect.jvm.internal.EmptyContainerForLocal                              : loaded 2 times (x 80B)
Class org.jetbrains.org.objectweb.asm.Attribute                                       : loaded 2 times (x 71B)
Class org.jetbrains.org.objectweb.asm.Label                                           : loaded 2 times (x 68B)
Class com.google.common.collect.ImmutableRangeSet$ComplementRanges                    : loaded 2 times (x 203B)
Class org.objectweb.asm.SymbolTable                                                   : loaded 2 times (x 68B)
Class org.gradle.internal.classloader.SystemClassLoaderSpec                           : loaded 2 times (x 67B)
Class kotlin.reflect.jvm.internal.impl.name.FqNamesUtilKt                             : loaded 2 times (x 67B)
Class com.google.common.collect.ImmutableMapEntry$NonTerminalImmutableBiMapEntry      : loaded 2 times (x 81B)
Class dagger.spi.internal.shaded.androidx.room.compiler.processing.compat.XConverters : loaded 2 times (x 67B)
Class com.google.common.collect.ImmutableRangeSet$AsSet                               : loaded 2 times (x 296B)
Class org.apache.commons.io.output.UnsynchronizedByteArrayOutputStream                : loaded 2 times (x 98B)
Class dagger.spi.internal.shaded.androidx.room.compiler.processing.XExecutableElementStore: loaded 2 times (x 68B)
Class [Ldagger.spi.model.DaggerProcessingEnv$Backend;                                 : loaded 2 times (x 65B)
Class dagger.spi.model.DaggerProcessingEnv                                            : loaded 2 times (x 71B)
Class com.google.common.collect.MultimapBuilder$MultimapBuilderWithKeys$2             : loaded 2 times (x 72B)
Class com.google.common.reflect.Types$ParameterizedTypeImpl                           : loaded 2 times (x 77B)
Class [Lorg.jetbrains.org.objectweb.asm.SymbolTable$Entry;                            : loaded 2 times (x 65B)
Class com.google.common.collect.LinkedHashMultimap$ValueSet                           : loaded 2 times (x 138B)
Class dagger.spi.internal.shaded.androidx.room.compiler.processing.ksp.KspBasicAnnotationProcessor$DelegateLogger: loaded 2 times (x 75B)
Class org.gradle.internal.classloader.InstrumentingClassLoader                        : loaded 2 times (x 66B)
Class org.gradle.internal.classpath.TransformedClassPath                              : loaded 2 times (x 92B)
Class org.objectweb.asm.FieldWriter                                                   : loaded 2 times (x 74B)
Class com.google.common.reflect.Invokable                                             : loaded 2 times (x 99B)
Class org.jetbrains.org.objectweb.asm.Frame                                           : loaded 2 times (x 69B)
Class kotlin.jvm.internal.PropertyReference0Impl                                      : loaded 2 times (x 123B)
Class kotlin.ranges.IntRange$Companion                                                : loaded 2 times (x 67B)
Class com.google.common.cache.LocalCache$StrongEntry                                  : loaded 2 times (x 104B)
Class com.google.common.util.concurrent.AbstractFuture$TrustedFuture                  : loaded 2 times (x 110B)
Class com.google.common.collect.MapMaker$Dummy                                        : loaded 2 times (x 75B)
Class jdk.internal.jimage.ImageReader$LinkNode                                        : loaded 2 times (x 80B)
Class dagger.internal.codegen.validation.BindingElementValidator$AllowsMultibindings  : loaded 2 times (x 75B)
Class dagger.internal.codegen.processingstep.BindsInstanceProcessingStep              : loaded 2 times (x 82B)
Class dagger.spi.model.DiagnosticReporter                                             : loaded 2 times (x 71B)
Class dagger.hilt.android.processor.internal.bindvalue.KspBindValueProcessor$Provider : loaded 2 times (x 70B)
Class dagger.internal.codegen.binding.AutoValue_ComponentDescriptor                   : loaded 2 times (x 94B)
Class dagger.internal.codegen.validation.MapKeyValidator                              : loaded 2 times (x 68B)
Class dagger.hilt.android.processor.internal.bindvalue.KspBindValueProcessor          : loaded 2 times (x 85B)
Class com.google.common.collect.MultimapBuilder$MultimapBuilderWithKeys$3             : loaded 2 times (x 72B)
Class com.google.common.collect.Interner                                              : loaded 2 times (x 66B)
Class com.google.common.collect.Interners$InternerImpl                                : loaded 2 times (x 71B)
Class com.google.common.io.ByteStreams                                                : loaded 2 times (x 67B)
Class com.google.common.collect.AllEqualOrdering                                      : loaded 2 times (x 110B)
Class com.google.common.collect.AbstractMultiset                                      : loaded 2 times (x 155B)
Class com.google.common.io.ByteStreams$LimitedInputStream                             : loaded 2 times (x 88B)
Class org.objectweb.asm.MethodWriter                                                  : loaded 2 times (x 102B)
Class jdk.internal.jrtfs.JrtFileStore                                                 : loaded 2 times (x 79B)
Class com.google.common.graph.Network                                                 : loaded 2 times (x 66B)
Class dagger.internal.codegen.validation.BindsInstanceParameterValidator              : loaded 2 times (x 74B)
Class [Ldagger.internal.codegen.validation.BindingElementValidator$AllowsMultibindings;: loaded 2 times (x 65B)
Class com.google.common.collect.MultimapBuilder$MultimapBuilderWithKeys$4             : loaded 2 times (x 72B)
Class dagger.internal.codegen.validation.BindingMethodValidatorsModule                : loaded 2 times (x 66B)
Class dagger.internal.codegen.binding.SubcomponentDeclaration$Factory                 : loaded 2 times (x 69B)
Class com.google.common.util.concurrent.SettableFuture                                : loaded 2 times (x 110B)
Class org.apache.commons.io.output.QueueOutputStream                                  : loaded 2 times (x 83B)
Class jdk.internal.jimage.decompressor.CompressedResourceHeader                       : loaded 2 times (x 67B)
Class kotlin.text.Charsets                                                            : loaded 2 times (x 67B)
Class kotlin.ranges.OpenEndRange                                                      : loaded 2 times (x 66B)
Class com.google.common.reflect.Types$ClassOwnership$3                                : loaded 2 times (x 67B)
Class kotlin.coroutines.jvm.internal.ContinuationImpl                                 : loaded 2 times (x 83B)
Class kotlin.coroutines.jvm.internal.SuspendLambda                                    : loaded 2 times (x 87B)
Class kotlin.collections.builders.MapBuilderEntries                                   : loaded 2 times (x 141B)
Class dagger.internal.codegen.validation.ProducesMethodValidator                      : loaded 2 times (x 74B)
Class dagger.internal.codegen.componentgenerator.ComponentGenerator_Factory           : loaded 2 times (x 78B)
Class dagger.spi.internal.shaded.androidx.room.compiler.processing.ksp.KspBasicAnnotationProcessor: loaded 2 times (x 84B)
Class org.objectweb.asm.ModuleVisitor                                                 : loaded 2 times (x 77B)
Class dagger.internal.codegen.model.Binding                                           : loaded 2 times (x 66B)
Class com.google.common.collect.MultimapBuilder$MultimapBuilderWithKeys$5             : loaded 2 times (x 74B)
Class com.google.common.reflect.TypeResolver                                          : loaded 2 times (x 68B)
Class com.google.common.reflect.Types$ClassOwnership$2                                : loaded 2 times (x 76B)
Class com.google.common.collect.MapMakerInternalMap$StrongValueEntry                  : loaded 2 times (x 66B)
Class com.google.common.io.ByteArrayDataInput                                         : loaded 2 times (x 66B)
Class com.google.common.reflect.Types$JavaVersion$1                                   : loaded 2 times (x 79B)
Class [Lorg.jetbrains.org.objectweb.asm.Attribute;                                    : loaded 2 times (x 65B)
Class kotlin.reflect.jvm.internal.impl.name.ClassId                                   : loaded 2 times (x 68B)
Class [Lcom.google.common.collect.LinkedHashMultimap$ValueEntry;                      : loaded 2 times (x 65B)
Class dagger.internal.codegen.validation.ModuleValidator$ModuleMethodKind             : loaded 2 times (x 75B)
Class dagger.internal.codegen.writing.LazyMapKeyProxyGenerator_Factory                : loaded 2 times (x 78B)
Class dagger.internal.codegen.validation.MapKeyValidator_Factory                      : loaded 2 times (x 78B)
Class com.google.common.collect.MultimapBuilder$MultimapBuilderWithKeys$6             : loaded 2 times (x 72B)
Class com.google.common.collect.FluentIterable$3$1                                    : loaded 2 times (x 94B)
Class dagger.internal.codegen.processingstep.ComponentProcessingStep_Factory          : loaded 2 times (x 78B)
Class org.gradle.internal.service.UnknownServiceException                             : loaded 2 times (x 79B)
Class com.google.common.base.AbstractIterator$State                                   : loaded 2 times (x 75B)
Class com.google.common.util.concurrent.AbstractFuture$SafeAtomicHelper               : loaded 2 times (x 75B)
Class org.jetbrains.org.objectweb.asm.Opcodes                                         : loaded 2 times (x 66B)
Class [Lorg.jetbrains.org.objectweb.asm.AnnotationVisitor;                            : loaded 2 times (x 65B)
Class org.jetbrains.kotlin.com.intellij.openapi.diagnostic.Attachment                 : loaded 2 times (x 68B)
Class kotlin.coroutines.jvm.internal.Boxing                                           : loaded 2 times (x 67B)
Class kotlin.collections.ArrayDeque$Companion                                         : loaded 2 times (x 67B)
Class com.google.common.reflect.Types$JavaVersion$2                                   : loaded 2 times (x 79B)
Class com.google.common.reflect.Types                                                 : loaded 2 times (x 67B)
Class com.google.common.hash.PrimitiveSink                                            : loaded 2 times (x 66B)
Class com.google.common.base.PatternCompiler                                          : loaded 2 times (x 66B)
Class com.google.common.util.concurrent.AbstractFuture$Failure                        : loaded 2 times (x 68B)
Class [Lorg.objectweb.asm.AnnotationVisitor;                                          : loaded 2 times (x 65B)
Class com.google.common.reflect.Types$ClassOwnership$1                                : loaded 2 times (x 76B)
Class com.google.common.collect.MapMakerInternalMap$Strength$2                        : loaded 2 times (x 76B)
Class kotlin.collections.CollectionsKt___CollectionsKt$asSequence$$inlined$Sequence$1 : loaded 2 times (x 71B)
Class org.gradle.api.internal.ClassPathProvider                                       : loaded 2 times (x 66B)
Class [Lorg.gradle.api.internal.ClassPathProvider;                                    : loaded 2 times (x 65B)
Class com.google.common.collect.MapMakerInternalMap$Strength$1                        : loaded 2 times (x 76B)
Class kotlin.collections.builders.MapBuilder$EntryRef                                 : loaded 2 times (x 77B)
Class kotlin.reflect.jvm.internal.impl.builtins.jvm.JavaToKotlinClassMap$PlatformMutabilityMapping: loaded 2 times (x 68B)
Class dagger.internal.codegen.binding.DelegateDeclaration$Factory                     : loaded 2 times (x 68B)
Class dagger.internal.codegen.binding.MonitoringModules                               : loaded 2 times (x 71B)
Class com.google.common.collect.HashMultiset                                          : loaded 2 times (x 159B)
Class com.google.common.collect.ByFunctionOrdering                                    : loaded 2 times (x 111B)
Class com.google.common.collect.NaturalOrdering                                       : loaded 2 times (x 111B)
Class dagger.internal.codegen.processingstep.SuperficialValidator                     : loaded 2 times (x 71B)
Class dagger.internal.codegen.processingstep.AssistedFactoryProcessingStep            : loaded 2 times (x 82B)
Class dagger.internal.codegen.componentgenerator.ComponentGeneratorModule             : loaded 2 times (x 66B)
Class com.google.common.io.CharSink                                                   : loaded 2 times (x 75B)
Class com.google.common.reflect.Types$JavaVersion$3                                   : loaded 2 times (x 79B)
Class org.objectweb.asm.Label                                                         : loaded 2 times (x 69B)
Class org.objectweb.asm.CurrentFrame                                                  : loaded 2 times (x 69B)
Class org.objectweb.asm.ClassTooLargeException                                        : loaded 2 times (x 79B)
Class org.gradle.api.internal.DefaultClassPathProvider                                : loaded 2 times (x 72B)
Class org.objectweb.asm.AnnotationVisitor                                             : loaded 2 times (x 74B)
Class com.google.common.collect.ImmutableSet$SerializedForm                           : loaded 2 times (x 69B)
Class kotlin.jvm.internal.AdaptedFunctionReference                                    : loaded 2 times (x 73B)
Class kotlin.jvm.internal.ArrayIteratorKt                                             : loaded 2 times (x 67B)
Class kotlin.reflect.jvm.internal.KCallableImpl                                       : loaded 2 times (x 101B)
Class com.google.common.collect.Iterators$EmptyModifiableIterator                     : loaded 2 times (x 82B)
Class com.google.common.collect.ComparatorOrdering                                    : loaded 2 times (x 111B)
Class dagger.internal.codegen.binding.ComponentDescriptor$Factory                     : loaded 2 times (x 71B)
Class dagger.spi.model.BindingGraph$Edge                                              : loaded 2 times (x 66B)
Class dagger.hilt.processor.internal.definecomponent.KspDefineComponentProcessor$Provider: loaded 2 times (x 70B)
Class com.google.common.collect.ImmutableRangeSet                                     : loaded 2 times (x 111B)
Class org.jetbrains.org.objectweb.asm.RecordComponentWriter                           : loaded 2 times (x 74B)
Class kotlin.InitializedLazyImpl                                                      : loaded 2 times (x 72B)
Class com.google.common.io.ByteSource$AsCharSource                                    : loaded 2 times (x 82B)
Class com.google.common.collect.MapMakerInternalMap$InternalEntryHelper               : loaded 2 times (x 66B)
Class com.google.common.reflect.Types$JavaVersion$4                                   : loaded 2 times (x 79B)
Class com.google.common.collect.RangeGwtSerializationDependencies                     : loaded 2 times (x 67B)
Class org.objectweb.asm.Frame                                                         : loaded 2 times (x 69B)
Class org.objectweb.asm.MethodVisitor                                                 : loaded 2 times (x 101B)
Class org.apache.commons.io.output.StringBuilderWriter                                : loaded 2 times (x 96B)
Class [Lorg.apache.commons.io.StandardLineSeparator;                                  : loaded 2 times (x 65B)
Class kotlin.coroutines.ContinuationInterceptor                                       : loaded 2 times (x 66B)
Class kotlin.reflect.jvm.internal.impl.name.FqNameUnsafe$1                            : loaded 2 times (x 70B)
Class com.google.common.collect.AbstractIterator$1                                    : loaded 2 times (x 67B)
Class org.jetbrains.org.objectweb.asm.MethodWriter                                    : loaded 2 times (x 102B)
Class com.google.common.reflect.Types$JavaVersion$5                                   : loaded 2 times (x 67B)
Class [Lcom.google.common.reflect.Types$ClassOwnership;                               : loaded 2 times (x 65B)
Class com.google.common.collect.RangeSet                                              : loaded 2 times (x 66B)
Class org.gradle.api.internal.classpath.GlobalCacheRootsProvider                      : loaded 2 times (x 66B)
Class dagger.spi.internal.shaded.androidx.room.compiler.processing.XType              : loaded 2 times (x 66B)
Class [Ldagger.internal.codegen.base.ClearableCache;                                  : loaded 2 times (x 65B)
Class org.gradle.api.internal.classpath.EffectiveClassPath                            : loaded 2 times (x 86B)
Class kotlin.io.FileTreeWalk$FileTreeWalkIterator                                     : loaded 2 times (x 79B)
Class kotlin.sequences.SequencesKt___SequencesKt$flatMap$2                            : loaded 2 times (x 121B)
Class dagger.hilt.processor.internal.generatesrootinput.KspGeneratesRootInputProcessor$Provider: loaded 2 times (x 70B)
Class dagger.hilt.android.processor.internal.viewmodel.ViewModelValidationPluginKt$WhenMappings: loaded 2 times (x 67B)
Class dagger.internal.codegen.processingstep.ProcessingStepsModule                    : loaded 2 times (x 66B)
Class dagger.internal.codegen.validation.ValidationBindingGraphPlugins                : loaded 2 times (x 68B)
Class dagger.internal.codegen.DelegateComponentProcessor_SourceFileGeneratorsModule_MembersInjectorGeneratorFactory: loaded 2 times (x 78B)
Class org.jetbrains.org.objectweb.asm.ClassReader                                     : loaded 2 times (x 88B)
Class kotlin.reflect.jvm.internal.KProperty1Impl                                      : loaded 2 times (x 124B)
Class com.google.common.collect.Maps$FilteredEntryMap                                 : loaded 2 times (x 124B)
Class com.google.common.collect.Ordering                                              : loaded 2 times (x 110B)
Class jdk.internal.jrtfs.ExplodedImage                                                : loaded 2 times (x 73B)
Class dagger.internal.codegen.processingstep.AssistedInjectProcessingStep             : loaded 2 times (x 82B)
Class dagger.internal.codegen.bindinggraphvalidation.IncompatiblyScopedBindingsValidator: loaded 2 times (x 81B)
Class com.google.common.collect.CollectCollectors                                     : loaded 2 times (x 67B)
Class org.objectweb.asm.ModuleWriter                                                  : loaded 2 times (x 78B)
Class dagger.internal.codegen.bindinggraphvalidation.MissingBindingValidator          : loaded 2 times (x 81B)
Class dagger.internal.codegen.validation.ComponentDescriptorValidator                 : loaded 2 times (x 68B)
Class dagger.internal.codegen.base.ComponentCreatorAnnotation                         : loaded 2 times (x 75B)
Class dagger.internal.codegen.validation.ComponentCreatorValidator                    : loaded 2 times (x 71B)
Class dagger.internal.codegen.binding.OptionalBindingDeclaration                      : loaded 2 times (x 70B)
Class dagger.internal.codegen.binding.$AutoValue_MultibindingDeclaration              : loaded 2 times (x 75B)
Class dagger.internal.codegen.binding.BindsTypeChecker                                : loaded 2 times (x 68B)
Class dagger.internal.codegen.validation.BindingElementValidator                      : loaded 2 times (x 74B)
Class com.google.common.collect.MultimapBuilder$1                                     : loaded 2 times (x 79B)
Class org.gradle.internal.classloader.ClassLoaderVisitor                              : loaded 2 times (x 72B)
Class [Lkotlin.jvm.functions.Function1;                                               : loaded 2 times (x 65B)
Class org.jetbrains.org.objectweb.asm.RecordComponentVisitor                          : loaded 2 times (x 73B)
Class com.google.common.collect.CollectSpliterators$1                                 : loaded 2 times (x 86B)
Class Settings_gradle$1$1$1                                                           : loaded 2 times (x 71B)
Class com.google.common.io.ByteSource$ConcatenatedByteSource                          : loaded 2 times (x 81B)
Class dagger.internal.codegen.validation.SpiModelBindingGraphConverter$DiagnosticReporterImpl: loaded 2 times (x 72B)
Class com.google.common.collect.MultimapBuilder$2                                     : loaded 2 times (x 79B)
Class com.google.common.collect.MultimapBuilder$MultimapBuilderWithKeys               : loaded 2 times (x 78B)
Class kotlin.KotlinVersion$Companion                                                  : loaded 2 times (x 67B)
Class com.google.common.collect.ReverseOrdering                                       : loaded 2 times (x 111B)
Class org.jetbrains.org.objectweb.asm.MethodTooLargeException                         : loaded 2 times (x 79B)
Class org.jetbrains.org.objectweb.asm.Context                                         : loaded 2 times (x 68B)
Class org.jetbrains.org.objectweb.asm.ClassVisitor                                    : loaded 2 times (x 84B)
Class com.google.common.io.ByteStreams$1                                              : loaded 2 times (x 81B)
Class com.google.common.collect.ReverseNaturalOrdering                                : loaded 2 times (x 110B)
Class dagger.spi.model.BindingGraph$Node                                              : loaded 2 times (x 66B)
Class org.gradle.internal.classloader.DefaultClassLoaderFactory                       : loaded 2 times (x 78B)
Class org.objectweb.asm.MethodTooLargeException                                       : loaded 2 times (x 79B)
Class com.google.common.collect.MultimapBuilder$3                                     : loaded 2 times (x 80B)
Class com.google.common.base.Platform$JdkPatternCompiler                              : loaded 2 times (x 71B)
Class com.google.common.collect.HashMultimap                                          : loaded 2 times (x 170B)
Class com.google.common.collect.MapMakerInternalMap$Strength                          : loaded 2 times (x 76B)
Class com.google.common.collect.MapMakerInternalMap$StrongKeyDummyValueEntry$LinkedStrongKeyDummyValueEntry: loaded 2 times (x 78B)
Class org.jetbrains.org.objectweb.asm.CurrentFrame                                    : loaded 2 times (x 69B)
Class kotlin.time.Duration                                                            : loaded 2 times (x 70B)
Class kotlin.io.LinesSequence                                                         : loaded 2 times (x 71B)
Class org.apache.commons.io.output.AppendableWriter                                   : loaded 2 times (x 96B)
Class org.gradle.internal.installation.CurrentGradleInstallationLocator               : loaded 2 times (x 67B)
Class kotlin.reflect.jvm.internal.impl.name.FqName                                    : loaded 2 times (x 68B)
Class com.google.common.graph.PredecessorsFunction                                    : loaded 2 times (x 66B)
Class dagger.internal.codegen.processingstep.ModuleProcessingStep_Factory             : loaded 2 times (x 78B)
Class dagger.internal.codegen.processingstep.LazyClassKeyProcessingStep               : loaded 2 times (x 82B)
Class dagger.hilt.processor.internal.earlyentrypoint.KspEarlyEntryPointProcessor$Provider: loaded 2 times (x 70B)
Class org.objectweb.asm.ClassVisitor                                                  : loaded 2 times (x 84B)
Class dagger.hilt.processor.internal.aliasof.KspAliasOfProcessor$Provider             : loaded 2 times (x 70B)
Class dagger.internal.codegen.validation.ComponentHierarchyValidator                  : loaded 2 times (x 68B)
Class dagger.internal.codegen.validation.BindsInstanceMethodValidator$Validator       : loaded 2 times (x 73B)
Class com.google.common.collect.MultimapBuilder$4                                     : loaded 2 times (x 80B)
Class com.google.common.collect.Multisets$EntrySet                                    : loaded 2 times (x 132B)
Class [Lorg.objectweb.asm.Symbol;                                                     : loaded 2 times (x 65B)
Class com.google.common.reflect.TypeCapture                                           : loaded 2 times (x 67B)
Class [Lkotlin.io.FileWalkDirection;                                                  : loaded 2 times (x 65B)
Class org.objectweb.asm.ClassReader                                                   : loaded 2 times (x 90B)
Class com.google.common.io.ByteSource$SlicedByteSource                                : loaded 2 times (x 81B)
Class org.apache.commons.io.output.ThresholdingOutputStream                           : loaded 2 times (x 91B)
Class org.gradle.internal.service.DefaultServiceLocator                               : loaded 2 times (x 79B)
Class com.google.common.cache.LocalCache$Values                                       : loaded 2 times (x 114B)
Class kotlin.sequences.TransformingSequence                                           : loaded 2 times (x 71B)
Class jdk.internal.jimage.decompressor.StringSharingDecompressorFactory               : loaded 2 times (x 70B)
Class dagger.spi.internal.shaded.androidx.room.compiler.processing.ksp.KspElement     : loaded 2 times (x 142B)
Class com.google.common.io.ByteArrayDataOutput                                        : loaded 2 times (x 66B)
Class dagger.hilt.processor.internal.root.KspComponentTreeDepsProcessor$Provider      : loaded 2 times (x 70B)
Class dagger.internal.codegen.processingstep.ModuleProcessingStep                     : loaded 2 times (x 82B)
Class dagger.internal.codegen.bindinggraphvalidation.InjectBindingValidator           : loaded 2 times (x 81B)
Class dagger.internal.codegen.processingstep.AssistedProcessingStep                   : loaded 2 times (x 82B)
Class kotlin.ranges.IntProgression$Companion                                          : loaded 2 times (x 67B)
Class kotlin.jvm.internal.MutablePropertyReference2                                   : loaded 2 times (x 133B)
Class kotlin.reflect.jvm.internal.ReflectProperties$Val                               : loaded 2 times (x 70B)
Class com.google.common.collect.ImmutableListMultimap$Builder                         : loaded 2 times (x 79B)
Class dagger.internal.codegen.writing.MembersInjectorGenerator_Factory                : loaded 2 times (x 78B)
Class org.jetbrains.org.objectweb.asm.SymbolTable                                     : loaded 2 times (x 68B)
Class kotlin.io.FileTreeWalk                                                          : loaded 2 times (x 71B)
Class com.google.common.cache.LocalCache$SoftValueReference                           : loaded 2 times (x 93B)
Class org.gradle.internal.installation.CurrentGradleInstallation                      : loaded 2 times (x 69B)
Class dagger.internal.codegen.validation.AnyBindingMethodValidator                    : loaded 2 times (x 71B)
Class dagger.internal.codegen.base.ComponentAnnotation                                : loaded 2 times (x 72B)
Class dagger.internal.codegen.componentgenerator.ComponentHjarGenerator               : loaded 2 times (x 74B)
Class dagger.internal.codegen.bindinggraphvalidation.InvalidProductionBindingScopeValidator: loaded 2 times (x 81B)
Class org.gradle.api.internal.classpath.ManifestUtil                                  : loaded 2 times (x 67B)
Class [Lcom.google.common.cache.RemovalCause;                                         : loaded 2 times (x 65B)
Class com.google.common.collect.AbstractMultiset$EntrySet                             : loaded 2 times (x 134B)
Class dagger.internal.codegen.model.AutoValue_DaggerProcessingEnv                     : loaded 2 times (x 71B)
Class org.jetbrains.org.objectweb.asm.ModuleWriter                                    : loaded 2 times (x 78B)
Class kotlin.jvm.internal.Ref$BooleanRef                                              : loaded 2 times (x 67B)
Class kotlin.jvm.internal.StringCompanionObject                                       : loaded 2 times (x 67B)
Class org.gradle.util.internal.GUtil                                                  : loaded 2 times (x 67B)
Class org.gradle.internal.classloader.ClassLoaderHierarchy                            : loaded 2 times (x 66B)
Class [Lcom.google.common.base.AbstractIterator$State;                                : loaded 2 times (x 65B)
Class dagger.hilt.processor.internal.earlyentrypoint.KspEarlyEntryPointProcessor      : loaded 2 times (x 85B)
Class dagger.internal.codegen.bindinggraphvalidation.SetMultibindingValidator         : loaded 2 times (x 81B)
Class dagger.internal.codegen.processingstep.MonitoringModuleGenerator                : loaded 2 times (x 74B)
Class com.google.common.io.FileWriteMode                                              : loaded 2 times (x 75B)
Class [Lcom.google.common.collect.MapMakerInternalMap$Segment;                        : loaded 2 times (x 65B)
Class com.google.common.cache.LocalCache$ValueIterator                                : loaded 2 times (x 82B)
Class [Lorg.jetbrains.org.objectweb.asm.Label;                                        : loaded 2 times (x 65B)
Class kotlin.jvm.internal.MutablePropertyReference0                                   : loaded 2 times (x 133B)
Class com.google.common.io.ByteSource                                                 : loaded 2 times (x 80B)
Class com.google.common.util.concurrent.AbstractFuture$SetFuture                      : loaded 2 times (x 71B)
Class kotlin.reflect.jvm.internal.impl.builtins.CompanionObjectMapping                : loaded 2 times (x 67B)
Class dagger.internal.codegen.validation.BindingMethodValidator$ExceptionSuperclass   : loaded 2 times (x 77B)
Class dagger.internal.codegen.validation.BindsInstanceParameterValidator$Validator    : loaded 2 times (x 73B)
Class dagger.internal.codegen.validation.ModuleValidator                              : loaded 2 times (x 68B)
Class com.google.common.collect.AbstractTable                                         : loaded 2 times (x 116B)
Class dagger.internal.codegen.binding.$AutoValue_OptionalBindingDeclaration           : loaded 2 times (x 71B)
Class dagger.internal.codegen.bindinggraphvalidation.DuplicateBindingsValidator       : loaded 2 times (x 81B)
Class kotlin.reflect.jvm.internal.RuntimeTypeMapper                                   : loaded 2 times (x 67B)
Class kotlin.time.DurationUnitKt                                                      : loaded 2 times (x 67B)
Class kotlin.ranges.IntProgressionIterator                                            : loaded 2 times (x 78B)
Class org.objectweb.asm.Context                                                       : loaded 2 times (x 68B)
Class com.google.common.collect.MapMakerInternalMap$1                                 : loaded 2 times (x 79B)
Class com.google.common.io.LineBuffer                                                 : loaded 2 times (x 71B)
Class com.google.common.reflect.Types$TypeVariableImpl                                : loaded 2 times (x 68B)
Class org.gradle.internal.installation.GradleInstallation                             : loaded 2 times (x 71B)
Class dagger.internal.codegen.processingstep.ComponentProcessingStep                  : loaded 2 times (x 82B)
Class org.gradle.internal.classloader.FilteringClassLoader                            : loaded 2 times (x 101B)
Class com.google.common.io.LineReader                                                 : loaded 2 times (x 68B)
Class kotlin.coroutines.jvm.internal.CompletedContinuation                            : loaded 2 times (x 71B)
Class com.google.common.collect.Maps$FilteredKeyMap                                   : loaded 2 times (x 124B)
Class kotlin.sequences.DropTakeSequence                                               : loaded 2 times (x 66B)
Class com.google.common.collect.LexicographicalOrdering                               : loaded 2 times (x 111B)
Class com.google.common.collect.ForwardingCollection                                  : loaded 2 times (x 126B)
Class kotlin.sequences.FlatteningSequence                                             : loaded 2 times (x 71B)
Class jdk.internal.jimage.decompressor.ResourceDecompressor$StringsProvider           : loaded 2 times (x 66B)
Class kotlin.io.TextStreamsKt                                                         : loaded 2 times (x 67B)
Class dagger.hilt.android.processor.internal.customtestapplication.KspCustomTestApplicationProcessor: loaded 2 times (x 85B)
Class [Ldagger.internal.codegen.validation.BindingMethodValidator$ExceptionSuperclass;: loaded 2 times (x 65B)
Class dagger.internal.codegen.writing.ProducerFactoryGenerator_Factory                : loaded 2 times (x 78B)
Class org.jetbrains.kotlin.com.intellij.openapi.diagnostic.DefaultLogger              : loaded 2 times (x 96B)
Class kotlin.io.FileWalkDirection                                                     : loaded 2 times (x 75B)
Class kotlin.ranges.IntProgression                                                    : loaded 2 times (x 77B)
Class com.google.common.collect.Lists$RandomAccessReverseList                         : loaded 2 times (x 196B)

---------------  S Y S T E M  ---------------

OS:
 Windows 11 , 64 bit Build 26100 (10.0.26100.7019)
OS uptime: 4 days 1:17 hours
Hyper-V role detected

CPU: total 12 (initial active 12) (12 cores per cpu, 2 threads per core) family 25 model 80 stepping 0 microcode 0xa50000d, cx8, cmov, fxsr, ht, mmx, 3dnowpref, sse, sse2, sse3, ssse3, sse4a, sse4.1, sse4.2, popcnt, lzcnt, tsc, tscinvbit, avx, avx2, aes, erms, clmul, bmi1, bmi2, adx, sha, fma, vzeroupper, clflush, clflushopt, hv, rdtscp, rdpid, fsrm, f16c, cet_ss
Processor Information for the first 12 processors :
  Max Mhz: 2301, Current Mhz: 2010, Mhz Limit: 2301

Memory: 4k page, system-wide physical 15708M (1035M free)
TotalPageFile size 20708M (AvailPageFile size 25M)
current process WorkingSet (physical memory assigned to process): 1733M, peak: 1733M
current process commit charge ("private bytes"): 1908M, peak: 1912M

vm_info: OpenJDK 64-Bit Server VM (21.0.6+-13368085-b895.109) for windows-amd64 JRE (21.0.6+-13368085-b895.109), built on 2025-04-16T17:01:31Z by "builder" with MS VC++ 16.10 / 16.11 (VS2019)

END.
