#
# There is insufficient memory for the Java Runtime Environment to continue.
# Native memory allocation (mmap) failed to map 1048576 bytes. Error detail: G1 virtual space
# Possible reasons:
#   The system is out of physical RAM or swap space
#   This process is running with CompressedOops enabled, and the Java Heap may be blocking the growth of the native heap
# Possible solutions:
#   Reduce memory load on the system
#   Increase physical memory or swap space
#   Check if swap backing store is full
#   Decrease Java heap size (-Xmx/-Xms)
#   Decrease number of Java threads
#   Decrease Java thread stack sizes (-Xss)
#   Set larger code cache with -XX:ReservedCodeCacheSize=
#   JVM is running with Unscaled Compressed Oops mode in which the Java heap is
#     placed in the first 4GB address space. The Java Heap base address is the
#     maximum limit for the native heap growth. Please use -XX:HeapBaseMinAddress
#     to set the Java Heap base and to place the Java Heap above 4GB virtual address.
# This output file may be truncated or incomplete.
#
#  Out of Memory Error (os_windows.cpp:3898), pid=1860, tid=16412
#
# JRE version: OpenJDK Runtime Environment (21.0.6) (build 21.0.6+-13368085-b895.109)
# Java VM: OpenJDK 64-Bit Server VM (21.0.6+-13368085-b895.109, mixed mode, tiered, compressed oops, compressed class ptrs, g1 gc, windows-amd64)
# No core dump will be written. Minidumps are not enabled by default on client versions of Windows
#

---------------  S U M M A R Y ------------

Command Line: --add-opens=java.base/java.lang=ALL-UNNAMED --add-opens=java.base/java.lang.invoke=ALL-UNNAMED --add-opens=java.base/java.util=ALL-UNNAMED --add-opens=java.prefs/java.util.prefs=ALL-UNNAMED --add-exports=jdk.compiler/com.sun.tools.javac.api=ALL-UNNAMED --add-exports=jdk.compiler/com.sun.tools.javac.util=ALL-UNNAMED --add-opens=java.base/java.util=ALL-UNNAMED --add-opens=java.prefs/java.util.prefs=ALL-UNNAMED --add-opens=java.base/java.nio.charset=ALL-UNNAMED --add-opens=java.base/java.net=ALL-UNNAMED --add-opens=java.base/java.util.concurrent.atomic=ALL-UNNAMED --add-opens=java.xml/javax.xml.namespace=ALL-UNNAMED -Xmx2048m -Dfile.encoding=UTF-8 -Duser.country=US -Duser.language=en -Duser.variant -javaagent:C:\Users\harsh\.gradle\wrapper\dists\gradle-8.11.1-bin\bpt9gzteqjrbo1mjrsomdt32c\gradle-8.11.1\lib\agents\gradle-instrumentation-agent-8.11.1.jar org.gradle.launcher.daemon.bootstrap.GradleDaemon 8.11.1

Host: AMD Ryzen 5 5625U with Radeon Graphics         , 12 cores, 15G,  Windows 11 , 64 bit Build 26100 (10.0.26100.7705)
Time: Tue Feb 17 18:11:33 2026 India Standard Time elapsed time: 283.476472 seconds (0d 0h 4m 43s)

---------------  T H R E A D  ---------------

Current thread (0x00000242a9c201a0):  JavaThread "ForkJoinPool.commonPool-worker-5" daemon [_thread_in_vm, id=16412, stack(0x000000fd94b00000,0x000000fd94c00000) (1024K)]

Stack: [0x000000fd94b00000,0x000000fd94c00000]
Native frames: (J=compiled Java code, j=interpreted, Vv=VM code, C=native code)
V  [jvm.dll+0x6d0639]
V  [jvm.dll+0x85eb03]
V  [jvm.dll+0x86105e]
V  [jvm.dll+0x861743]
V  [jvm.dll+0x27e6e6]
V  [jvm.dll+0x6ccfd5]
V  [jvm.dll+0x6c0a8a]
V  [jvm.dll+0x35537b]
V  [jvm.dll+0x35cfd6]
V  [jvm.dll+0x3aec8b]
V  [jvm.dll+0x3af344]
V  [jvm.dll+0x3aee96]
V  [jvm.dll+0x327e64]
V  [jvm.dll+0x32602f]
V  [jvm.dll+0x6622b0]
V  [jvm.dll+0x23eda2]
V  [jvm.dll+0x8230d7]
V  [jvm.dll+0x72cf67]
C  0x000002429c975d29

The last pc belongs to _new_array_Java (printed below).
Java frames: (J=compiled Java code, j=interpreted, Vv=VM code)
v  ~RuntimeStub::_new_array_Java 0x000002429c975d29
J 8467 c2 java.nio.ByteBuffer.allocate(I)Ljava/nio/ByteBuffer; java.base@21.0.6 (20 bytes) @ 0x000002429cfd1bec [0x000002429cfd19a0+0x000000000000024c]
j  com.android.apksig.internal.apk.ApkSigningBlockUtils$ChunkSupplier.get()Lcom/android/apksig/internal/apk/ApkSigningBlockUtils$ChunkSupplier$Chunk;+99
j  com.android.apksig.internal.apk.ApkSigningBlockUtils$ChunkDigester.run()V+226
j  java.util.concurrent.ForkJoinTask$AdaptedInterruptibleRunnable.compute()Ljava/lang/Object;+4 java.base@21.0.6
j  java.util.concurrent.ForkJoinTask$InterruptibleTask.exec()Z+51 java.base@21.0.6
j  java.util.concurrent.ForkJoinTask.doExec()V+10 java.base@21.0.6
j  java.util.concurrent.ForkJoinPool$WorkQueue.topLevelExec(Ljava/util/concurrent/ForkJoinTask;Ljava/util/concurrent/ForkJoinPool$WorkQueue;I)V+49 java.base@21.0.6
j  java.util.concurrent.ForkJoinPool.scan(Ljava/util/concurrent/ForkJoinPool$WorkQueue;JI)J+245 java.base@21.0.6
j  java.util.concurrent.ForkJoinPool.runWorker(Ljava/util/concurrent/ForkJoinPool$WorkQueue;)V+62 java.base@21.0.6
j  java.util.concurrent.ForkJoinWorkerThread.run()V+31 java.base@21.0.6
v  ~StubRoutines::call_stub 0x000002429c86100d
--------------------------------------------------------------------------------
Decoding CodeBlob, name: _new_array_Java, at  [0x000002429c975d00, 0x000002429c975d70]  112 bytes
[MachCode]
  0x000002429c975d00: 4881 ec28 | 0000 0048 | 896c 2420 | 4989 a798 | 0300 0048 | 8bca 418b | d04d 8bc7 | 49ba 30cf 
  0x000002429c975d20: 9f41 fd7f | 0000 41ff | d20f 1f84 | 0000 0000 | 004d 89a7 | 9803 0000 | 4d89 a7a0 | 0300 0049 
  0x000002429c975d40: 8b87 f003 | 0000 4d89 | a7f0 0300 | 004d 3b67 | 0875 0648 | 83c4 205d | c333 db49 | ba00 0f86 
  0x000002429c975d60: 9c42 0200 | 0048 83c4 | 205d 41ff | e2f4 f4f4 
[/MachCode]
--------------------------------------------------------------------------------


Compiled method (c2) 283523 8467       4       java.nio.ByteBuffer::allocate (20 bytes)
 total in heap  [0x000002429cfd1810,0x000002429cfd1dd8] = 1480
 relocation     [0x000002429cfd1970,0x000002429cfd19a0] = 48
 main code      [0x000002429cfd19a0,0x000002429cfd1c50] = 688
 stub code      [0x000002429cfd1c50,0x000002429cfd1c68] = 24
 metadata       [0x000002429cfd1c68,0x000002429cfd1ce8] = 128
 scopes data    [0x000002429cfd1ce8,0x000002429cfd1d28] = 64
 scopes pcs     [0x000002429cfd1d28,0x000002429cfd1d78] = 80
 dependencies   [0x000002429cfd1d78,0x000002429cfd1da8] = 48
 handler table  [0x000002429cfd1da8,0x000002429cfd1dd8] = 48

[Constant Pool (empty)]

[MachCode]
[Verified Entry Point]
  # {method} {0x00000242ab246e00} 'allocate' '(I)Ljava/nio/ByteBuffer;' in 'java/nio/ByteBuffer'
  # parm0:    rdx       = int
  #           [sp+0x60]  (sp of caller)
  0x000002429cfd19a0: 8984 2400 | 80ff ff55 | 4883 ec50 | 4181 7f20 | 3a00 0000 | 0f85 8a02 | 0000 8954 | 2420 85d2 
  0x000002429cfd19c0: 0f8c 3e02 | 0000 498b | afb8 0100 | 004c 8bd5 | 4983 c238 | 4d3b 97c8 | 0100 000f | 83d1 0100 
  0x000002429cfd19e0: 004d 8997 | b801 0000 | 410f 1882 | 0001 0000 | 48c7 4500 | 0100 0000 

  0x000002429cfd19f8: ;   {metadata('java/nio/HeapByteBuffer')}
  0x000002429cfd19f8: c745 081c | e900 2044 | 8965 0c4c | 8965 104c | 8965 184c | 8965 204c | 8965 284c | 8965 3044 
  0x000002429cfd1a18: 8b5c 2420 | 4181 fb00 | 0010 000f | 87d3 0100 | 0049 63cb | 4181 fb00 | 0010 000f | 879f 0100 
  0x000002429cfd1a38: 004d 8b87 | b801 0000 | 4883 c117 | 4c8b d149 | 83e2 f84d | 8bd8 4d03 | da4d 3b9f | c801 0000 
  0x000002429cfd1a58: 0f83 7a01 | 0000 4d89 | 9fb8 0100 | 0041 0f18 | 8300 0100 | 0049 c700 | 0100 0000 | 410f 1883 
  0x000002429cfd1a78: 4001 0000 

  0x000002429cfd1a7c: ;   {metadata({type array byte})}
  0x000002429cfd1a7c: 41c7 4008 | 4581 0020 | 448b 4c24 | 2045 8948 | 0c41 0f18 | 8380 0100 | 0049 8bf8 | 4883 c710 
  0x000002429cfd1a9c: 48c1 e903 | 4883 c1fe | 4833 c048 | 83f9 087f | 1048 ffc9 | 784f 4889 | 04cf 48ff | c97d f7eb 
  0x000002429cfd1abc: 44c5 fdef | c0e9 0d00 | 0000 c5fe | 7f07 c5fe | 7f47 2048 | 83c7 4048 | 83e9 087d | ed48 83c1 
  0x000002429cfd1adc: 047c 0cc5 | fe7f 0748 | 83c7 2048 | 83e9 0448 | 83c1 047e | 1048 ffc9 | c5f9 d607 | 4883 c708 
  0x000002429cfd1afc: 48ff c97d | f3c7 450c | ffff ffff | 448b 5424 | 2044 8955 | 1c44 8955 | 20c6 452d | 0144 8865 
  0x000002429cfd1b1c: 2e4d 8bd8 | 4489 5d30 | 4d8b d04c | 8bdd 4d33 | d349 c1ea | 144d 85d2 | 7416 49c1 | eb09 48b9 
  0x000002429cfd1b3c: 0000 88a4 | 4202 0000 | 4903 cb80 | 3902 7522 | 4489 6528 | 48c7 4510 | 1000 0000 | 488b c548 
  0x000002429cfd1b5c: 83c4 505d 

  0x000002429cfd1b60: ;   {poll_return}
  0x000002429cfd1b60: 493b a748 | 0400 000f | 87c1 0000 | 00c3 4d8b | 5748 4d8b | 5f58 f083 | 4424 c000 | 8039 0074 
  0x000002429cfd1b80: cb44 8821 | 4d85 d275 | 1a49 8bd7 | 49ba 50ee | 5e41 fd7f | 0000 41ff 

  0x000002429cfd1b98: ;   {other}
  0x000002429cfd1b98: d20f 1f84 | 0000 0000 | 00eb a94b | 894c 13f8 | 4983 c2f8 | 4d89 5748 

  0x000002429cfd1bb0: ;   {metadata('java/nio/HeapByteBuffer')}
  0x000002429cfd1bb0: eb9a 48ba | e048 0700 | 0100 0000 | 8b6c 2420 

  0x000002429cfd1bc0: ;   {runtime_call _new_instance_Java}
  0x000002429cfd1bc0: 6666 90e8 

  0x000002429cfd1bc4: ; ImmutableOopMap {}
                      ;*new {reexecute=0 rethrow=0 return_oop=1}
                      ; - java.nio.ByteBuffer::allocate@9
  0x000002429cfd1bc4: 383e 9aff 

  0x000002429cfd1bc8: ;   {other}
  0x000002429cfd1bc8: 0f1f 8400 | b803 0000 | 488b e8e9 | 3ffe ffff 

  0x000002429cfd1bd8: ;   {metadata({type array byte})}
  0x000002429cfd1bd8: 48ba 280a | 0400 0100 | 0000 448b 

  0x000002429cfd1be4: ;   {runtime_call _new_array_Java}
  0x000002429cfd1be4: 4424 20e8 

  0x000002429cfd1be8: ; ImmutableOopMap {rbp=Oop }
                      ;*newarray {reexecute=0 rethrow=0 return_oop=1}
                      ; - java.nio.HeapByteBuffer::<init>@6
                      ; - java.nio.ByteBuffer::allocate@16
  0x000002429cfd1be8: 1441 9aff 

  0x000002429cfd1bec: ;   {other}
  0x000002429cfd1bec: 0f1f 8400 | dc03 0001 | 4c8b c0e9 | 05ff ffff | 4963 cbe9 | 28fe ffff | ba45 ffff | ff8b 6c24 
  0x000002429cfd1c0c: ;   {runtime_call UncommonTrapBlob}
  0x000002429cfd1c0c: 2066 90e8 

  0x000002429cfd1c10: ; ImmutableOopMap {}
                      ;*ifge {reexecute=1 rethrow=0 return_oop=0}
                      ; - (reexecute) java.nio.ByteBuffer::allocate@1
  0x000002429cfd1c10: ec29 8eff 

  0x000002429cfd1c14: ;   {other}
  0x000002429cfd1c14: 0f1f 8400 | 0404 0002 | 488b d0eb | 0348 8bd0 | 4883 c450 

  0x000002429cfd1c28: ;   {runtime_call _rethrow_Java}
  0x000002429cfd1c28: 5de9 52a5 

  0x000002429cfd1c2c: ;   {internal_word}
  0x000002429cfd1c2c: 9aff 49ba | 601b fd9c | 4202 0000 | 4d89 9760 

  0x000002429cfd1c3c: ;   {runtime_call SafepointBlob}
  0x000002429cfd1c3c: 0400 00e9 | bc3a 8eff 

  0x000002429cfd1c44: ;   {runtime_call StubRoutines (final stubs)}
  0x000002429cfd1c44: e8d7 7e8c | ffe9 6cfd | ffff f4f4 
[Exception Handler]
  0x000002429cfd1c50: ;   {no_reloc}
  0x000002429cfd1c50: e9ab 049a | ffe8 0000 | 0000 4883 

  0x000002429cfd1c5c: ;   {runtime_call DeoptimizationBlob}
  0x000002429cfd1c5c: 2c24 05e9 | 3c2d 8eff | f4f4 f4f4 
[/MachCode]


---------------  P R O C E S S  ---------------

Threads class SMR info:
_java_thread_list=0x00000242bc111670, length=210, elements={
0x00000242921df570, 0x00000242a9de8240, 0x00000242a9de8c90, 0x00000242a9e1bec0,
0x00000242a9e20b10, 0x00000242a9e21560, 0x00000242a9e21fb0, 0x00000242a9e38a40,
0x00000242a9e414f0, 0x00000242a9e47490, 0x00000242aa118e20, 0x00000242b014d8b0,
0x00000242b01ecf00, 0x00000242b01ddda0, 0x00000242b0187e20, 0x00000242b0188a40,
0x00000242b03577d0, 0x00000242b017e070, 0x00000242b017e970, 0x00000242b0277070,
0x00000242b0143490, 0x00000242b0143b20, 0x00000242b0145bf0, 0x00000242b0146280,
0x00000242b0146910, 0x00000242b01441b0, 0x00000242b0144ed0, 0x00000242b0144840,
0x00000242b0145560, 0x00000242b3f65da0, 0x00000242b3f649f0, 0x00000242b3f66ac0,
0x00000242b1971fe0, 0x00000242b1973a20, 0x00000242b1975af0, 0x00000242b1975460,
0x00000242b1972670, 0x00000242b1976180, 0x00000242b1974740, 0x00000242b19740b0,
0x00000242b1972d00, 0x00000242b1976810, 0x00000242b1973390, 0x00000242b1977530,
0x00000242b1978f70, 0x00000242b1979600, 0x00000242b1976ea0, 0x00000242b1978250,
0x00000242b1977bc0, 0x00000242b19788e0, 0x00000242aa448c60, 0x00000242aa447f40,
0x00000242aa4485d0, 0x00000242aa44a010, 0x00000242aa4492f0, 0x00000242aa4478b0,
0x00000242aa449980, 0x00000242aa446b90, 0x00000242aa44a6a0, 0x00000242aa447220,
0x00000242aa44b3c0, 0x00000242aa44e1b0, 0x00000242aa44c770, 0x00000242aa44ce00,
0x00000242aa44c0e0, 0x00000242aa44ad30, 0x00000242b525bcf0, 0x00000242b525afd0,
0x00000242b330c640, 0x00000242b330d360, 0x00000242b5f752c0, 0x00000242b5f76670,
0x00000242b5f731f0, 0x00000242b5f75fe0, 0x00000242b5f76d00, 0x00000242b5f73880,
0x00000242b5f745a0, 0x00000242b5f73f10, 0x00000242b6735df0, 0x00000242b6736480,
0x00000242b6736b10, 0x00000242b67371a0, 0x00000242b6738be0, 0x00000242b673b340,
0x00000242b673a620, 0x00000242b673b9d0, 0x00000242b673c060, 0x00000242b6739900,
0x00000242b673acb0, 0x00000242b6739f90, 0x00000242b673c6f0, 0x00000242b6739270,
0x00000242b673cd80, 0x00000242b330ccd0, 0x00000242b5f71120, 0x00000242b5f6fd70,
0x00000242b5f717b0, 0x00000242b5f70400, 0x00000242b5f70a90, 0x00000242b5f71e40,
0x00000242b5f724d0, 0x00000242b5f72b60, 0x00000242b5f6f6e0, 0x00000242b5f74c30,
0x00000242b5f75950, 0x00000242b6189fe0, 0x00000242b5521b60, 0x00000242b551f400,
0x00000242b55207b0, 0x00000242b5520e40, 0x00000242b55221f0, 0x00000242b55214d0,
0x00000242b551fa90, 0x00000242b551ed70, 0x00000242b5522880, 0x00000242b5522f10,
0x00000242b55235a0, 0x00000242b5520120, 0x00000242b5525670, 0x00000242b5525d00,
0x00000242b55242c0, 0x00000242b5526390, 0x00000242b55270b0, 0x00000242b5526a20,
0x00000242b5523c30, 0x00000242b5524950, 0x00000242b5528460, 0x00000242b5527740,
0x00000242b5527dd0, 0x00000242b5524fe0, 0x00000242b552a530, 0x00000242b5529180,
0x00000242b552bf70, 0x00000242b552abc0, 0x00000242b5528af0, 0x00000242b5529ea0,
0x00000242b552b250, 0x00000242b552c600, 0x00000242b552cc90, 0x00000242b5529810,
0x00000242b552d320, 0x00000242b552d9b0, 0x00000242b552e040, 0x00000242b6185120,
0x00000242b61864d0, 0x00000242b6184a90, 0x00000242b6183d70, 0x00000242b61857b0,
0x00000242b61836e0, 0x00000242b6184400, 0x00000242b6185e40, 0x00000242b6183050,
0x00000242b6189950, 0x00000242b6186b60, 0x00000242b618a670, 0x00000242b61885a0,
0x00000242b61871f0, 0x00000242b6187880, 0x00000242b6188c30, 0x00000242b6187f10,
0x00000242b61892c0, 0x00000242b330b920, 0x00000242b330ac00, 0x00000242b3310150,
0x00000242b330fac0, 0x00000242b330eda0, 0x00000242b330f430, 0x00000242b3310e70,
0x00000242b33107e0, 0x00000242b525a2b0, 0x00000242bc5c22b0, 0x00000242b4ef1d80,
0x00000242b4ef1060, 0x00000242b4ef5890, 0x00000242b4ef3e50, 0x00000242b4ef5f20,
0x00000242b4ef2aa0, 0x00000242b4ef5200, 0x00000242b4ef65b0, 0x00000242b4ef3130,
0x00000242b4ef6c40, 0x00000242b4ef37c0, 0x00000242b4ef7960, 0x00000242b4efa0c0,
0x00000242b4ef7ff0, 0x00000242b4ef8680, 0x00000242b4ef8d10, 0x00000242b4067e60,
0x00000242bc5c7170, 0x00000242bbcd7d80, 0x00000242bbcdb890, 0x00000242bbcdbf20,
0x00000242bbcdc5b0, 0x00000242bbcd9130, 0x00000242bbcddff0, 0x00000242bbce00c0,
0x00000242bbcdd2d0, 0x00000242bbcdd960, 0x00000242bbcdf3a0, 0x00000242b608c9d0,
0x00000242bcd6ed00, 0x00000242bbcd8410, 0x00000242c20575f0, 0x00000242a9c201a0,
0x00000242b5e50c20, 0x00000242bd3fefd0, 0x00000242bd3fe940, 0x00000242b23ca860,
0x00000242aa47f9b0, 0x00000242bd3fdc20
}

Java Threads: ( => current thread )
  0x00000242921df570 JavaThread "main"                              [_thread_blocked, id=19940, stack(0x000000fd86e00000,0x000000fd86f00000) (1024K)]
  0x00000242a9de8240 JavaThread "Reference Handler"          daemon [_thread_blocked, id=8260, stack(0x000000fd87600000,0x000000fd87700000) (1024K)]
  0x00000242a9de8c90 JavaThread "Finalizer"                  daemon [_thread_blocked, id=22472, stack(0x000000fd87700000,0x000000fd87800000) (1024K)]
  0x00000242a9e1bec0 JavaThread "Signal Dispatcher"          daemon [_thread_blocked, id=8964, stack(0x000000fd87800000,0x000000fd87900000) (1024K)]
  0x00000242a9e20b10 JavaThread "Attach Listener"            daemon [_thread_blocked, id=19232, stack(0x000000fd87900000,0x000000fd87a00000) (1024K)]
  0x00000242a9e21560 JavaThread "Service Thread"             daemon [_thread_blocked, id=17596, stack(0x000000fd87a00000,0x000000fd87b00000) (1024K)]
  0x00000242a9e21fb0 JavaThread "Monitor Deflation Thread"   daemon [_thread_blocked, id=1288, stack(0x000000fd87b00000,0x000000fd87c00000) (1024K)]
  0x00000242a9e38a40 JavaThread "C2 CompilerThread0"         daemon [_thread_blocked, id=22960, stack(0x000000fd87c00000,0x000000fd87d00000) (1024K)]
  0x00000242a9e414f0 JavaThread "C1 CompilerThread0"         daemon [_thread_blocked, id=10288, stack(0x000000fd87d00000,0x000000fd87e00000) (1024K)]
  0x00000242a9e47490 JavaThread "Common-Cleaner"             daemon [_thread_blocked, id=392, stack(0x000000fd87e00000,0x000000fd87f00000) (1024K)]
  0x00000242aa118e20 JavaThread "Notification Thread"        daemon [_thread_blocked, id=17804, stack(0x000000fd88000000,0x000000fd88100000) (1024K)]
  0x00000242b014d8b0 JavaThread "Daemon health stats"               [_thread_blocked, id=9372, stack(0x000000fd88600000,0x000000fd88700000) (1024K)]
  0x00000242b01ecf00 JavaThread "Incoming local TCP Connector on port 62812"        [_thread_in_native, id=21016, stack(0x000000fd88700000,0x000000fd88800000) (1024K)]
  0x00000242b01ddda0 JavaThread "Daemon periodic checks"            [_thread_blocked, id=15832, stack(0x000000fd88800000,0x000000fd88900000) (1024K)]
  0x00000242b0187e20 JavaThread "Daemon"                            [_thread_blocked, id=9664, stack(0x000000fd88900000,0x000000fd88a00000) (1024K)]
  0x00000242b0188a40 JavaThread "Handler for socket connection from /127.0.0.1:62812 to /127.0.0.1:62813"        [_thread_in_native, id=8660, stack(0x000000fd88a00000,0x000000fd88b00000) (1024K)]
  0x00000242b03577d0 JavaThread "Cancel handler"                    [_thread_blocked, id=20216, stack(0x000000fd88b00000,0x000000fd88c00000) (1024K)]
  0x00000242b017e070 JavaThread "Daemon worker"                     [_thread_blocked, id=8756, stack(0x000000fd88c00000,0x000000fd88d00000) (1024K)]
  0x00000242b017e970 JavaThread "Asynchronous log dispatcher for DefaultDaemonConnection: socket connection from /127.0.0.1:62812 to /127.0.0.1:62813"        [_thread_blocked, id=5304, stack(0x000000fd88d00000,0x000000fd88e00000) (1024K)]
  0x00000242b0277070 JavaThread "Stdin handler"                     [_thread_blocked, id=19212, stack(0x000000fd88e00000,0x000000fd88f00000) (1024K)]
  0x00000242b0143490 JavaThread "Daemon client event forwarder"        [_thread_blocked, id=14736, stack(0x000000fd88f00000,0x000000fd89000000) (1024K)]
  0x00000242b0143b20 JavaThread "Cache worker for journal cache (C:\Users\harsh\.gradle\caches\journal-1)"        [_thread_blocked, id=10312, stack(0x000000fd88100000,0x000000fd88200000) (1024K)]
  0x00000242b0145bf0 JavaThread "File lock request listener"        [_thread_in_native, id=17560, stack(0x000000fd89600000,0x000000fd89700000) (1024K)]
  0x00000242b0146280 JavaThread "Cache worker for file hash cache (C:\Users\harsh\.gradle\caches\8.11.1\fileHashes)"        [_thread_blocked, id=11952, stack(0x000000fd89700000,0x000000fd89800000) (1024K)]
  0x00000242b0146910 JavaThread "Cache worker for file content cache (C:\Users\harsh\.gradle\caches\8.11.1\fileContent)"        [_thread_blocked, id=15968, stack(0x000000fd89a00000,0x000000fd89b00000) (1024K)]
  0x00000242b01441b0 JavaThread "Cache worker for file hash cache (C:\Users\harsh\AndroidStudioProjects\pairlixM6\pairlix-user-android\.gradle\8.11.1\fileHashes)"        [_thread_blocked, id=22148, stack(0x000000fd89b00000,0x000000fd89c00000) (1024K)]
  0x00000242b0144ed0 JavaThread "Cache worker for Build Output Cleanup Cache (C:\Users\harsh\AndroidStudioProjects\pairlixM6\pairlix-user-android\.gradle\buildOutputCleanup)"        [_thread_blocked, id=22848, stack(0x000000fd89c00000,0x000000fd89d00000) (1024K)]
  0x00000242b0144840 JavaThread "File watcher server"        daemon [_thread_in_native, id=8176, stack(0x000000fd89d00000,0x000000fd89e00000) (1024K)]
  0x00000242b0145560 JavaThread "File watcher consumer"      daemon [_thread_blocked, id=3044, stack(0x000000fd89e00000,0x000000fd89f00000) (1024K)]
  0x00000242b3f65da0 JavaThread "Cache worker for checksums cache (C:\Users\harsh\AndroidStudioProjects\pairlixM6\pairlix-user-android\.gradle\8.11.1\checksums)"        [_thread_blocked, id=21056, stack(0x000000fd89900000,0x000000fd89a00000) (1024K)]
  0x00000242b3f649f0 JavaThread "Cache worker for cache directory md-rule (C:\Users\harsh\.gradle\caches\8.11.1\md-rule)"        [_thread_blocked, id=4016, stack(0x000000fd89f00000,0x000000fd8a000000) (1024K)]
  0x00000242b3f66ac0 JavaThread "Cache worker for cache directory md-supplier (C:\Users\harsh\.gradle\caches\8.11.1\md-supplier)"        [_thread_blocked, id=20124, stack(0x000000fd8a000000,0x000000fd8a100000) (1024K)]
  0x00000242b1971fe0 JavaThread "Unconstrained build operations"        [_thread_blocked, id=21328, stack(0x000000fd8a200000,0x000000fd8a300000) (1024K)]
  0x00000242b1973a20 JavaThread "Unconstrained build operations Thread 2"        [_thread_blocked, id=10524, stack(0x000000fd8a300000,0x000000fd8a400000) (1024K)]
  0x00000242b1975af0 JavaThread "Unconstrained build operations Thread 3"        [_thread_blocked, id=11808, stack(0x000000fd8a400000,0x000000fd8a500000) (1024K)]
  0x00000242b1975460 JavaThread "Unconstrained build operations Thread 4"        [_thread_blocked, id=17988, stack(0x000000fd8a500000,0x000000fd8a600000) (1024K)]
  0x00000242b1972670 JavaThread "Unconstrained build operations Thread 5"        [_thread_blocked, id=12788, stack(0x000000fd8a600000,0x000000fd8a700000) (1024K)]
  0x00000242b1976180 JavaThread "Unconstrained build operations Thread 6"        [_thread_blocked, id=19224, stack(0x000000fd8a700000,0x000000fd8a800000) (1024K)]
  0x00000242b1974740 JavaThread "Unconstrained build operations Thread 7"        [_thread_blocked, id=15436, stack(0x000000fd8a800000,0x000000fd8a900000) (1024K)]
  0x00000242b19740b0 JavaThread "Unconstrained build operations Thread 8"        [_thread_blocked, id=22488, stack(0x000000fd8a900000,0x000000fd8aa00000) (1024K)]
  0x00000242b1972d00 JavaThread "Unconstrained build operations Thread 9"        [_thread_blocked, id=20100, stack(0x000000fd8aa00000,0x000000fd8ab00000) (1024K)]
  0x00000242b1976810 JavaThread "Unconstrained build operations Thread 10"        [_thread_blocked, id=22448, stack(0x000000fd8ab00000,0x000000fd8ac00000) (1024K)]
  0x00000242b1973390 JavaThread "Unconstrained build operations Thread 11"        [_thread_blocked, id=14868, stack(0x000000fd8ac00000,0x000000fd8ad00000) (1024K)]
  0x00000242b1977530 JavaThread "Unconstrained build operations Thread 12"        [_thread_blocked, id=22676, stack(0x000000fd8ad00000,0x000000fd8ae00000) (1024K)]
  0x00000242b1978f70 JavaThread "Unconstrained build operations Thread 13"        [_thread_blocked, id=23112, stack(0x000000fd8ae00000,0x000000fd8af00000) (1024K)]
  0x00000242b1979600 JavaThread "Unconstrained build operations Thread 14"        [_thread_blocked, id=1300, stack(0x000000fd8af00000,0x000000fd8b000000) (1024K)]
  0x00000242b1976ea0 JavaThread "Unconstrained build operations Thread 15"        [_thread_blocked, id=22128, stack(0x000000fd8b000000,0x000000fd8b100000) (1024K)]
  0x00000242b1978250 JavaThread "Unconstrained build operations Thread 16"        [_thread_blocked, id=15128, stack(0x000000fd8b100000,0x000000fd8b200000) (1024K)]
  0x00000242b1977bc0 JavaThread "Unconstrained build operations Thread 17"        [_thread_blocked, id=6836, stack(0x000000fd8b200000,0x000000fd8b300000) (1024K)]
  0x00000242b19788e0 JavaThread "Unconstrained build operations Thread 18"        [_thread_blocked, id=21316, stack(0x000000fd8b300000,0x000000fd8b400000) (1024K)]
  0x00000242aa448c60 JavaThread "Unconstrained build operations Thread 19"        [_thread_blocked, id=23376, stack(0x000000fd8b400000,0x000000fd8b500000) (1024K)]
  0x00000242aa447f40 JavaThread "Unconstrained build operations Thread 20"        [_thread_blocked, id=20532, stack(0x000000fd8b500000,0x000000fd8b600000) (1024K)]
  0x00000242aa4485d0 JavaThread "Unconstrained build operations Thread 21"        [_thread_blocked, id=10000, stack(0x000000fd8b600000,0x000000fd8b700000) (1024K)]
  0x00000242aa44a010 JavaThread "Unconstrained build operations Thread 22"        [_thread_blocked, id=6764, stack(0x000000fd8b700000,0x000000fd8b800000) (1024K)]
  0x00000242aa4492f0 JavaThread "Unconstrained build operations Thread 23"        [_thread_blocked, id=17260, stack(0x000000fd8b800000,0x000000fd8b900000) (1024K)]
  0x00000242aa4478b0 JavaThread "Unconstrained build operations Thread 24"        [_thread_blocked, id=9984, stack(0x000000fd8b900000,0x000000fd8ba00000) (1024K)]
  0x00000242aa449980 JavaThread "Unconstrained build operations Thread 25"        [_thread_blocked, id=7332, stack(0x000000fd8ba00000,0x000000fd8bb00000) (1024K)]
  0x00000242aa446b90 JavaThread "Unconstrained build operations Thread 26"        [_thread_blocked, id=22536, stack(0x000000fd8bb00000,0x000000fd8bc00000) (1024K)]
  0x00000242aa44a6a0 JavaThread "Unconstrained build operations Thread 27"        [_thread_blocked, id=12312, stack(0x000000fd8bc00000,0x000000fd8bd00000) (1024K)]
  0x00000242aa447220 JavaThread "Unconstrained build operations Thread 28"        [_thread_blocked, id=13008, stack(0x000000fd8bd00000,0x000000fd8be00000) (1024K)]
  0x00000242aa44b3c0 JavaThread "Unconstrained build operations Thread 29"        [_thread_blocked, id=13620, stack(0x000000fd8be00000,0x000000fd8bf00000) (1024K)]
  0x00000242aa44e1b0 JavaThread "Unconstrained build operations Thread 30"        [_thread_blocked, id=15792, stack(0x000000fd8bf00000,0x000000fd8c000000) (1024K)]
  0x00000242aa44c770 JavaThread "Unconstrained build operations Thread 31"        [_thread_blocked, id=20728, stack(0x000000fd8c000000,0x000000fd8c100000) (1024K)]
  0x00000242aa44ce00 JavaThread "Unconstrained build operations Thread 32"        [_thread_blocked, id=17676, stack(0x000000fd8c100000,0x000000fd8c200000) (1024K)]
  0x00000242aa44c0e0 JavaThread "Unconstrained build operations Thread 33"        [_thread_blocked, id=14388, stack(0x000000fd8c200000,0x000000fd8c300000) (1024K)]
  0x00000242aa44ad30 JavaThread "build event listener"              [_thread_blocked, id=9024, stack(0x000000fd89800000,0x000000fd89900000) (1024K)]
  0x00000242b525bcf0 JavaThread "Memory manager"                    [_thread_blocked, id=7304, stack(0x000000fd8c300000,0x000000fd8c400000) (1024K)]
  0x00000242b525afd0 JavaThread "build event listener"              [_thread_blocked, id=22616, stack(0x000000fd8c400000,0x000000fd8c500000) (1024K)]
  0x00000242b330c640 JavaThread "pool-3-thread-1"                   [_thread_blocked, id=20396, stack(0x000000fd8c600000,0x000000fd8c700000) (1024K)]
  0x00000242b330d360 JavaThread "build event listener"              [_thread_blocked, id=5996, stack(0x000000fd8c700000,0x000000fd8c800000) (1024K)]
  0x00000242b5f752c0 JavaThread "included builds"                   [_thread_blocked, id=14384, stack(0x000000fd8c800000,0x000000fd8c900000) (1024K)]
  0x00000242b5f76670 JavaThread "Execution worker"                  [_thread_blocked, id=2024, stack(0x000000fd8c900000,0x000000fd8ca00000) (1024K)]
  0x00000242b5f731f0 JavaThread "Execution worker Thread 2"         [_thread_blocked, id=14284, stack(0x000000fd8ca00000,0x000000fd8cb00000) (1024K)]
  0x00000242b5f75fe0 JavaThread "Execution worker Thread 3"         [_thread_blocked, id=5236, stack(0x000000fd8cb00000,0x000000fd8cc00000) (1024K)]
  0x00000242b5f76d00 JavaThread "Execution worker Thread 4"         [_thread_blocked, id=6080, stack(0x000000fd8cc00000,0x000000fd8cd00000) (1024K)]
  0x00000242b5f73880 JavaThread "Execution worker Thread 5"         [_thread_blocked, id=18552, stack(0x000000fd8cd00000,0x000000fd8ce00000) (1024K)]
  0x00000242b5f745a0 JavaThread "Execution worker Thread 6"         [_thread_blocked, id=19644, stack(0x000000fd8ce00000,0x000000fd8cf00000) (1024K)]
  0x00000242b5f73f10 JavaThread "Execution worker Thread 7"         [_thread_blocked, id=1592, stack(0x000000fd8cf00000,0x000000fd8d000000) (1024K)]
  0x00000242b6735df0 JavaThread "Execution worker Thread 8"         [_thread_blocked, id=6128, stack(0x000000fd8d000000,0x000000fd8d100000) (1024K)]
  0x00000242b6736480 JavaThread "Execution worker Thread 9"         [_thread_blocked, id=4716, stack(0x000000fd8d100000,0x000000fd8d200000) (1024K)]
  0x00000242b6736b10 JavaThread "Execution worker Thread 10"        [_thread_blocked, id=21544, stack(0x000000fd8d200000,0x000000fd8d300000) (1024K)]
  0x00000242b67371a0 JavaThread "Execution worker Thread 11"        [_thread_blocked, id=19936, stack(0x000000fd8d300000,0x000000fd8d400000) (1024K)]
  0x00000242b6738be0 JavaThread "Cache worker for execution history cache (C:\Users\harsh\AndroidStudioProjects\pairlixM6\pairlix-user-android\.gradle\8.11.1\executionHistory)"        [_thread_blocked, id=15276, stack(0x000000fd8d400000,0x000000fd8d500000) (1024K)]
  0x00000242b673b340 JavaThread "Unconstrained build operations Thread 34"        [_thread_blocked, id=5808, stack(0x000000fd8d500000,0x000000fd8d600000) (1024K)]
  0x00000242b673a620 JavaThread "Unconstrained build operations Thread 35"        [_thread_blocked, id=21320, stack(0x000000fd8d600000,0x000000fd8d700000) (1024K)]
  0x00000242b673b9d0 JavaThread "Unconstrained build operations Thread 36"        [_thread_blocked, id=13164, stack(0x000000fd8d700000,0x000000fd8d800000) (1024K)]
  0x00000242b673c060 JavaThread "Unconstrained build operations Thread 37"        [_thread_blocked, id=11676, stack(0x000000fd8d800000,0x000000fd8d900000) (1024K)]
  0x00000242b6739900 JavaThread "Unconstrained build operations Thread 38"        [_thread_blocked, id=13720, stack(0x000000fd8d900000,0x000000fd8da00000) (1024K)]
  0x00000242b673acb0 JavaThread "Unconstrained build operations Thread 39"        [_thread_blocked, id=21608, stack(0x000000fd8da00000,0x000000fd8db00000) (1024K)]
  0x00000242b6739f90 JavaThread "Unconstrained build operations Thread 40"        [_thread_blocked, id=8324, stack(0x000000fd8db00000,0x000000fd8dc00000) (1024K)]
  0x00000242b673c6f0 JavaThread "Unconstrained build operations Thread 41"        [_thread_blocked, id=11204, stack(0x000000fd8dc00000,0x000000fd8dd00000) (1024K)]
  0x00000242b6739270 JavaThread "Unconstrained build operations Thread 42"        [_thread_blocked, id=7400, stack(0x000000fd8dd00000,0x000000fd8de00000) (1024K)]
  0x00000242b673cd80 JavaThread "Unconstrained build operations Thread 43"        [_thread_blocked, id=18828, stack(0x000000fd8de00000,0x000000fd8df00000) (1024K)]
  0x00000242b330ccd0 JavaThread "Unconstrained build operations Thread 44"        [_thread_blocked, id=13708, stack(0x000000fd8df00000,0x000000fd8e000000) (1024K)]
  0x00000242b5f71120 JavaThread "Unconstrained build operations Thread 45"        [_thread_blocked, id=12384, stack(0x000000fd8e000000,0x000000fd8e100000) (1024K)]
  0x00000242b5f6fd70 JavaThread "Unconstrained build operations Thread 46"        [_thread_blocked, id=14556, stack(0x000000fd8e100000,0x000000fd8e200000) (1024K)]
  0x00000242b5f717b0 JavaThread "Unconstrained build operations Thread 47"        [_thread_blocked, id=11356, stack(0x000000fd8e200000,0x000000fd8e300000) (1024K)]
  0x00000242b5f70400 JavaThread "Unconstrained build operations Thread 48"        [_thread_blocked, id=20860, stack(0x000000fd8e300000,0x000000fd8e400000) (1024K)]
  0x00000242b5f70a90 JavaThread "Unconstrained build operations Thread 49"        [_thread_blocked, id=10260, stack(0x000000fd8e400000,0x000000fd8e500000) (1024K)]
  0x00000242b5f71e40 JavaThread "Unconstrained build operations Thread 50"        [_thread_blocked, id=19920, stack(0x000000fd8e500000,0x000000fd8e600000) (1024K)]
  0x00000242b5f724d0 JavaThread "Unconstrained build operations Thread 51"        [_thread_blocked, id=8856, stack(0x000000fd8e600000,0x000000fd8e700000) (1024K)]
  0x00000242b5f72b60 JavaThread "Unconstrained build operations Thread 52"        [_thread_blocked, id=22256, stack(0x000000fd8e700000,0x000000fd8e800000) (1024K)]
  0x00000242b5f6f6e0 JavaThread "Unconstrained build operations Thread 53"        [_thread_blocked, id=9104, stack(0x000000fd8e800000,0x000000fd8e900000) (1024K)]
  0x00000242b5f74c30 JavaThread "Unconstrained build operations Thread 54"        [_thread_blocked, id=8076, stack(0x000000fd8e900000,0x000000fd8ea00000) (1024K)]
  0x00000242b5f75950 JavaThread "Unconstrained build operations Thread 55"        [_thread_blocked, id=22352, stack(0x000000fd8ea00000,0x000000fd8eb00000) (1024K)]
  0x00000242b6189fe0 JavaThread "Unconstrained build operations Thread 56"        [_thread_blocked, id=8884, stack(0x000000fd8eb00000,0x000000fd8ec00000) (1024K)]
  0x00000242b5521b60 JavaThread "Unconstrained build operations Thread 57"        [_thread_blocked, id=6256, stack(0x000000fd8ec00000,0x000000fd8ed00000) (1024K)]
  0x00000242b551f400 JavaThread "Unconstrained build operations Thread 58"        [_thread_blocked, id=10104, stack(0x000000fd8ed00000,0x000000fd8ee00000) (1024K)]
  0x00000242b55207b0 JavaThread "Unconstrained build operations Thread 59"        [_thread_blocked, id=11728, stack(0x000000fd8ee00000,0x000000fd8ef00000) (1024K)]
  0x00000242b5520e40 JavaThread "Unconstrained build operations Thread 60"        [_thread_blocked, id=18976, stack(0x000000fd8ef00000,0x000000fd8f000000) (1024K)]
  0x00000242b55221f0 JavaThread "Unconstrained build operations Thread 61"        [_thread_blocked, id=12220, stack(0x000000fd8f000000,0x000000fd8f100000) (1024K)]
  0x00000242b55214d0 JavaThread "Unconstrained build operations Thread 62"        [_thread_blocked, id=13160, stack(0x000000fd8f100000,0x000000fd8f200000) (1024K)]
  0x00000242b551fa90 JavaThread "Unconstrained build operations Thread 63"        [_thread_blocked, id=4472, stack(0x000000fd8f200000,0x000000fd8f300000) (1024K)]
  0x00000242b551ed70 JavaThread "Unconstrained build operations Thread 64"        [_thread_blocked, id=20636, stack(0x000000fd8f300000,0x000000fd8f400000) (1024K)]
  0x00000242b5522880 JavaThread "Unconstrained build operations Thread 65"        [_thread_blocked, id=11236, stack(0x000000fd8f400000,0x000000fd8f500000) (1024K)]
  0x00000242b5522f10 JavaThread "Unconstrained build operations Thread 66"        [_thread_blocked, id=12588, stack(0x000000fd8f500000,0x000000fd8f600000) (1024K)]
  0x00000242b55235a0 JavaThread "Unconstrained build operations Thread 67"        [_thread_blocked, id=20868, stack(0x000000fd8f600000,0x000000fd8f700000) (1024K)]
  0x00000242b5520120 JavaThread "Unconstrained build operations Thread 68"        [_thread_blocked, id=14476, stack(0x000000fd8f700000,0x000000fd8f800000) (1024K)]
  0x00000242b5525670 JavaThread "Unconstrained build operations Thread 69"        [_thread_blocked, id=18164, stack(0x000000fd8f800000,0x000000fd8f900000) (1024K)]
  0x00000242b5525d00 JavaThread "Unconstrained build operations Thread 70"        [_thread_blocked, id=5780, stack(0x000000fd8f900000,0x000000fd8fa00000) (1024K)]
  0x00000242b55242c0 JavaThread "Unconstrained build operations Thread 71"        [_thread_blocked, id=14344, stack(0x000000fd8fa00000,0x000000fd8fb00000) (1024K)]
  0x00000242b5526390 JavaThread "Unconstrained build operations Thread 72"        [_thread_blocked, id=10396, stack(0x000000fd8fb00000,0x000000fd8fc00000) (1024K)]
  0x00000242b55270b0 JavaThread "Unconstrained build operations Thread 73"        [_thread_blocked, id=21616, stack(0x000000fd8fc00000,0x000000fd8fd00000) (1024K)]
  0x00000242b5526a20 JavaThread "Unconstrained build operations Thread 74"        [_thread_blocked, id=22124, stack(0x000000fd8fd00000,0x000000fd8fe00000) (1024K)]
  0x00000242b5523c30 JavaThread "Unconstrained build operations Thread 75"        [_thread_blocked, id=20096, stack(0x000000fd8fe00000,0x000000fd8ff00000) (1024K)]
  0x00000242b5524950 JavaThread "Unconstrained build operations Thread 76"        [_thread_blocked, id=21516, stack(0x000000fd8ff00000,0x000000fd90000000) (1024K)]
  0x00000242b5528460 JavaThread "Unconstrained build operations Thread 77"        [_thread_blocked, id=19152, stack(0x000000fd90000000,0x000000fd90100000) (1024K)]
  0x00000242b5527740 JavaThread "Unconstrained build operations Thread 78"        [_thread_blocked, id=13004, stack(0x000000fd90100000,0x000000fd90200000) (1024K)]
  0x00000242b5527dd0 JavaThread "Unconstrained build operations Thread 79"        [_thread_blocked, id=15072, stack(0x000000fd90200000,0x000000fd90300000) (1024K)]
  0x00000242b5524fe0 JavaThread "Unconstrained build operations Thread 80"        [_thread_blocked, id=12592, stack(0x000000fd90300000,0x000000fd90400000) (1024K)]
  0x00000242b552a530 JavaThread "Unconstrained build operations Thread 81"        [_thread_blocked, id=8808, stack(0x000000fd90400000,0x000000fd90500000) (1024K)]
  0x00000242b5529180 JavaThread "Unconstrained build operations Thread 82"        [_thread_blocked, id=19176, stack(0x000000fd90500000,0x000000fd90600000) (1024K)]
  0x00000242b552bf70 JavaThread "Unconstrained build operations Thread 83"        [_thread_blocked, id=9996, stack(0x000000fd90600000,0x000000fd90700000) (1024K)]
  0x00000242b552abc0 JavaThread "Unconstrained build operations Thread 84"        [_thread_blocked, id=3364, stack(0x000000fd90700000,0x000000fd90800000) (1024K)]
  0x00000242b5528af0 JavaThread "Unconstrained build operations Thread 85"        [_thread_blocked, id=9396, stack(0x000000fd90800000,0x000000fd90900000) (1024K)]
  0x00000242b5529ea0 JavaThread "Unconstrained build operations Thread 86"        [_thread_blocked, id=15640, stack(0x000000fd90900000,0x000000fd90a00000) (1024K)]
  0x00000242b552b250 JavaThread "Unconstrained build operations Thread 87"        [_thread_blocked, id=10160, stack(0x000000fd90a00000,0x000000fd90b00000) (1024K)]
  0x00000242b552c600 JavaThread "Unconstrained build operations Thread 88"        [_thread_blocked, id=13304, stack(0x000000fd90b00000,0x000000fd90c00000) (1024K)]
  0x00000242b552cc90 JavaThread "Unconstrained build operations Thread 89"        [_thread_blocked, id=19964, stack(0x000000fd90c00000,0x000000fd90d00000) (1024K)]
  0x00000242b5529810 JavaThread "Unconstrained build operations Thread 90"        [_thread_blocked, id=22672, stack(0x000000fd90d00000,0x000000fd90e00000) (1024K)]
  0x00000242b552d320 JavaThread "Unconstrained build operations Thread 91"        [_thread_blocked, id=8472, stack(0x000000fd90e00000,0x000000fd90f00000) (1024K)]
  0x00000242b552d9b0 JavaThread "Unconstrained build operations Thread 92"        [_thread_blocked, id=16464, stack(0x000000fd90f00000,0x000000fd91000000) (1024K)]
  0x00000242b552e040 JavaThread "Unconstrained build operations Thread 93"        [_thread_blocked, id=23388, stack(0x000000fd91000000,0x000000fd91100000) (1024K)]
  0x00000242b6185120 JavaThread "Unconstrained build operations Thread 94"        [_thread_blocked, id=1856, stack(0x000000fd91100000,0x000000fd91200000) (1024K)]
  0x00000242b61864d0 JavaThread "Unconstrained build operations Thread 95"        [_thread_blocked, id=23084, stack(0x000000fd91200000,0x000000fd91300000) (1024K)]
  0x00000242b6184a90 JavaThread "Unconstrained build operations Thread 96"        [_thread_blocked, id=23260, stack(0x000000fd91300000,0x000000fd91400000) (1024K)]
  0x00000242b6183d70 JavaThread "Unconstrained build operations Thread 97"        [_thread_blocked, id=17948, stack(0x000000fd91400000,0x000000fd91500000) (1024K)]
  0x00000242b61857b0 JavaThread "Unconstrained build operations Thread 98"        [_thread_blocked, id=20496, stack(0x000000fd91500000,0x000000fd91600000) (1024K)]
  0x00000242b61836e0 JavaThread "Unconstrained build operations Thread 99"        [_thread_blocked, id=17456, stack(0x000000fd91600000,0x000000fd91700000) (1024K)]
  0x00000242b6184400 JavaThread "Unconstrained build operations Thread 100"        [_thread_blocked, id=21904, stack(0x000000fd91700000,0x000000fd91800000) (1024K)]
  0x00000242b6185e40 JavaThread "Unconstrained build operations Thread 101"        [_thread_blocked, id=9528, stack(0x000000fd91800000,0x000000fd91900000) (1024K)]
  0x00000242b6183050 JavaThread "Unconstrained build operations Thread 102"        [_thread_blocked, id=9692, stack(0x000000fd91900000,0x000000fd91a00000) (1024K)]
  0x00000242b6189950 JavaThread "Unconstrained build operations Thread 103"        [_thread_blocked, id=17516, stack(0x000000fd91a00000,0x000000fd91b00000) (1024K)]
  0x00000242b6186b60 JavaThread "Unconstrained build operations Thread 104"        [_thread_blocked, id=21388, stack(0x000000fd91b00000,0x000000fd91c00000) (1024K)]
  0x00000242b618a670 JavaThread "Unconstrained build operations Thread 105"        [_thread_blocked, id=6340, stack(0x000000fd91c00000,0x000000fd91d00000) (1024K)]
  0x00000242b61885a0 JavaThread "Unconstrained build operations Thread 106"        [_thread_blocked, id=3104, stack(0x000000fd91d00000,0x000000fd91e00000) (1024K)]
  0x00000242b61871f0 JavaThread "Unconstrained build operations Thread 107"        [_thread_blocked, id=23240, stack(0x000000fd91e00000,0x000000fd91f00000) (1024K)]
  0x00000242b6187880 JavaThread "Unconstrained build operations Thread 108"        [_thread_blocked, id=21404, stack(0x000000fd91f00000,0x000000fd92000000) (1024K)]
  0x00000242b6188c30 JavaThread "Unconstrained build operations Thread 109"        [_thread_blocked, id=21292, stack(0x000000fd92000000,0x000000fd92100000) (1024K)]
  0x00000242b6187f10 JavaThread "Unconstrained build operations Thread 110"        [_thread_blocked, id=21096, stack(0x000000fd92100000,0x000000fd92200000) (1024K)]
  0x00000242b61892c0 JavaThread "Unconstrained build operations Thread 111"        [_thread_blocked, id=13064, stack(0x000000fd92200000,0x000000fd92300000) (1024K)]
  0x00000242b330b920 JavaThread "Unconstrained build operations Thread 112"        [_thread_blocked, id=12484, stack(0x000000fd92300000,0x000000fd92400000) (1024K)]
  0x00000242b330ac00 JavaThread "Unconstrained build operations Thread 113"        [_thread_blocked, id=20164, stack(0x000000fd92400000,0x000000fd92500000) (1024K)]
  0x00000242b3310150 JavaThread "Unconstrained build operations Thread 114"        [_thread_blocked, id=3568, stack(0x000000fd92500000,0x000000fd92600000) (1024K)]
  0x00000242b330fac0 JavaThread "Unconstrained build operations Thread 115"        [_thread_blocked, id=11556, stack(0x000000fd92600000,0x000000fd92700000) (1024K)]
  0x00000242b330eda0 JavaThread "Unconstrained build operations Thread 116"        [_thread_blocked, id=23184, stack(0x000000fd92700000,0x000000fd92800000) (1024K)]
  0x00000242b330f430 JavaThread "Unconstrained build operations Thread 117"        [_thread_blocked, id=20940, stack(0x000000fd92800000,0x000000fd92900000) (1024K)]
  0x00000242b3310e70 JavaThread "Unconstrained build operations Thread 118"        [_thread_blocked, id=6680, stack(0x000000fd92900000,0x000000fd92a00000) (1024K)]
  0x00000242b33107e0 JavaThread "Unconstrained build operations Thread 119"        [_thread_blocked, id=15468, stack(0x000000fd92a00000,0x000000fd92b00000) (1024K)]
  0x00000242b525a2b0 JavaThread "Unconstrained build operations Thread 120"        [_thread_blocked, id=16732, stack(0x000000fd92b00000,0x000000fd92c00000) (1024K)]
  0x00000242bc5c22b0 JavaThread "WorkerExecutor Queue"              [_thread_blocked, id=20232, stack(0x000000fd8c500000,0x000000fd8c600000) (1024K)]
  0x00000242b4ef1d80 JavaThread "RMI Scheduler(0)"           daemon [_thread_blocked, id=9248, stack(0x000000fd86b00000,0x000000fd86c00000) (1024K)]
  0x00000242b4ef1060 JavaThread "RMI GC Daemon"              daemon [_thread_blocked, id=19112, stack(0x000000fd86d00000,0x000000fd86e00000) (1024K)]
  0x00000242b4ef5890 JavaThread "RMI TCP Accept-0"           daemon [_thread_in_native, id=10748, stack(0x000000fd92c00000,0x000000fd92d00000) (1024K)]
  0x00000242b4ef3e50 JavaThread "RMI Reaper"                        [_thread_blocked, id=17788, stack(0x000000fd92d00000,0x000000fd92e00000) (1024K)]
  0x00000242b4ef5f20 JavaThread "Cache worker for Java compile cache (C:\Users\harsh\.gradle\caches\8.11.1\javaCompile)"        [_thread_blocked, id=8140, stack(0x000000fd93000000,0x000000fd93100000) (1024K)]
  0x00000242b4ef2aa0 JavaThread "Build operations"                  [_thread_blocked, id=17108, stack(0x000000fd93100000,0x000000fd93200000) (1024K)]
  0x00000242b4ef5200 JavaThread "Build operations Thread 2"         [_thread_blocked, id=21468, stack(0x000000fd93200000,0x000000fd93300000) (1024K)]
  0x00000242b4ef65b0 JavaThread "Build operations Thread 3"         [_thread_blocked, id=22884, stack(0x000000fd93300000,0x000000fd93400000) (1024K)]
  0x00000242b4ef3130 JavaThread "Build operations Thread 4"         [_thread_blocked, id=17784, stack(0x000000fd93400000,0x000000fd93500000) (1024K)]
  0x00000242b4ef6c40 JavaThread "Build operations Thread 5"         [_thread_blocked, id=16640, stack(0x000000fd93500000,0x000000fd93600000) (1024K)]
  0x00000242b4ef37c0 JavaThread "Build operations Thread 6"         [_thread_blocked, id=8816, stack(0x000000fd93600000,0x000000fd93700000) (1024K)]
  0x00000242b4ef7960 JavaThread "Build operations Thread 7"         [_thread_blocked, id=3800, stack(0x000000fd93700000,0x000000fd93800000) (1024K)]
  0x00000242b4efa0c0 JavaThread "Build operations Thread 8"         [_thread_blocked, id=21420, stack(0x000000fd93800000,0x000000fd93900000) (1024K)]
  0x00000242b4ef7ff0 JavaThread "Build operations Thread 9"         [_thread_blocked, id=18996, stack(0x000000fd93900000,0x000000fd93a00000) (1024K)]
  0x00000242b4ef8680 JavaThread "Build operations Thread 10"        [_thread_blocked, id=10760, stack(0x000000fd93a00000,0x000000fd93b00000) (1024K)]
  0x00000242b4ef8d10 JavaThread "Build operations Thread 11"        [_thread_blocked, id=5280, stack(0x000000fd93b00000,0x000000fd93c00000) (1024K)]
  0x00000242b4067e60 JavaThread "Build operations Thread 12"        [_thread_blocked, id=21424, stack(0x000000fd92e00000,0x000000fd92f00000) (1024K)]
  0x00000242bc5c7170 JavaThread "WorkerExecutor Queue Thread 2"        [_thread_blocked, id=16348, stack(0x000000fd93c00000,0x000000fd93d00000) (1024K)]
  0x00000242bbcd7d80 JavaThread "WorkerExecutor Queue Thread 3"        [_thread_blocked, id=21280, stack(0x000000fd93d00000,0x000000fd93e00000) (1024K)]
  0x00000242bbcdb890 JavaThread "WorkerExecutor Queue Thread 4"        [_thread_blocked, id=17064, stack(0x000000fd93e00000,0x000000fd93f00000) (1024K)]
  0x00000242bbcdbf20 JavaThread "WorkerExecutor Queue Thread 5"        [_thread_blocked, id=21588, stack(0x000000fd93f00000,0x000000fd94000000) (1024K)]
  0x00000242bbcdc5b0 JavaThread "WorkerExecutor Queue Thread 6"        [_thread_blocked, id=10628, stack(0x000000fd94000000,0x000000fd94100000) (1024K)]
  0x00000242bbcd9130 JavaThread "WorkerExecutor Queue Thread 7"        [_thread_blocked, id=13016, stack(0x000000fd94100000,0x000000fd94200000) (1024K)]
  0x00000242bbcddff0 JavaThread "WorkerExecutor Queue Thread 8"        [_thread_blocked, id=15164, stack(0x000000fd94200000,0x000000fd94300000) (1024K)]
  0x00000242bbce00c0 JavaThread "WorkerExecutor Queue Thread 9"        [_thread_blocked, id=12816, stack(0x000000fd94300000,0x000000fd94400000) (1024K)]
  0x00000242bbcdd2d0 JavaThread "WorkerExecutor Queue Thread 10"        [_thread_blocked, id=3564, stack(0x000000fd94400000,0x000000fd94500000) (1024K)]
  0x00000242bbcdd960 JavaThread "WorkerExecutor Queue Thread 11"        [_thread_blocked, id=12828, stack(0x000000fd94500000,0x000000fd94600000) (1024K)]
  0x00000242bbcdf3a0 JavaThread "WorkerExecutor Queue Thread 12"        [_thread_blocked, id=5168, stack(0x000000fd94600000,0x000000fd94700000) (1024K)]
  0x00000242b608c9d0 JavaThread "ForkJoinPool.commonPool-worker-1" daemon [_thread_blocked, id=14928, stack(0x000000fd8a100000,0x000000fd8a200000) (1024K)]
  0x00000242bcd6ed00 JavaThread "ForkJoinPool.commonPool-worker-2" daemon [_thread_blocked, id=2324, stack(0x000000fd92f00000,0x000000fd93000000) (1024K)]
  0x00000242bbcd8410 JavaThread "ForkJoinPool.commonPool-worker-3" daemon [_thread_blocked, id=15944, stack(0x000000fd94700000,0x000000fd94800000) (1024K)]
  0x00000242c20575f0 JavaThread "ForkJoinPool.commonPool-worker-4" daemon [_thread_blocked, id=16192, stack(0x000000fd94a00000,0x000000fd94b00000) (1024K)]
=>0x00000242a9c201a0 JavaThread "ForkJoinPool.commonPool-worker-5" daemon [_thread_in_vm, id=16412, stack(0x000000fd94b00000,0x000000fd94c00000) (1024K)]
  0x00000242b5e50c20 JavaThread "ForkJoinPool.commonPool-worker-6" daemon [_thread_blocked, id=12892, stack(0x000000fd94c00000,0x000000fd94d00000) (1024K)]
  0x00000242bd3fefd0 JavaThread "ForkJoinPool.commonPool-worker-7" daemon [_thread_blocked, id=17832, stack(0x000000fd94d00000,0x000000fd94e00000) (1024K)]
  0x00000242bd3fe940 JavaThread "ForkJoinPool.commonPool-worker-8" daemon [_thread_blocked, id=15896, stack(0x000000fd94e00000,0x000000fd94f00000) (1024K)]
  0x00000242b23ca860 JavaThread "ForkJoinPool.commonPool-worker-9" daemon [_thread_blocked, id=19348, stack(0x000000fd94f00000,0x000000fd95000000) (1024K)]
  0x00000242aa47f9b0 JavaThread "ForkJoinPool.commonPool-worker-10" daemon [_thread_blocked, id=11588, stack(0x000000fd95000000,0x000000fd95100000) (1024K)]
  0x00000242bd3fdc20 JavaThread "ForkJoinPool.commonPool-worker-11" daemon [_thread_blocked, id=17472, stack(0x000000fd95100000,0x000000fd95200000) (1024K)]
Total: 210

Other Threads:
  0x00000242a9cec300 VMThread "VM Thread"                           [id=16108, stack(0x000000fd87500000,0x000000fd87600000) (1024K)]
  0x00000242a9da0dd0 WatcherThread "VM Periodic Task Thread"        [id=20200, stack(0x000000fd87400000,0x000000fd87500000) (1024K)]
  0x000002428ff5e030 WorkerThread "GC Thread#0"                     [id=21880, stack(0x000000fd86f00000,0x000000fd87000000) (1024K)]
  0x00000242aa4b5bf0 WorkerThread "GC Thread#1"                     [id=13092, stack(0x000000fd88200000,0x000000fd88300000) (1024K)]
  0x00000242aa4b5f90 WorkerThread "GC Thread#2"                     [id=17820, stack(0x000000fd88300000,0x000000fd88400000) (1024K)]
  0x00000242aa4b6330 WorkerThread "GC Thread#3"                     [id=11384, stack(0x000000fd88400000,0x000000fd88500000) (1024K)]
  0x00000242aa430670 WorkerThread "GC Thread#4"                     [id=21640, stack(0x000000fd88500000,0x000000fd88600000) (1024K)]
  0x00000242af47d9c0 WorkerThread "GC Thread#5"                     [id=13756, stack(0x000000fd87f00000,0x000000fd88000000) (1024K)]
  0x00000242b0324ca0 WorkerThread "GC Thread#6"                     [id=20808, stack(0x000000fd89000000,0x000000fd89100000) (1024K)]
  0x00000242b0325040 WorkerThread "GC Thread#7"                     [id=3796, stack(0x000000fd89100000,0x000000fd89200000) (1024K)]
  0x00000242b0317940 WorkerThread "GC Thread#8"                     [id=14312, stack(0x000000fd89200000,0x000000fd89300000) (1024K)]
  0x00000242b03175a0 WorkerThread "GC Thread#9"                     [id=1980, stack(0x000000fd89300000,0x000000fd89400000) (1024K)]
  0x0000024292245bb0 ConcurrentGCThread "G1 Main Marker"            [id=19416, stack(0x000000fd87000000,0x000000fd87100000) (1024K)]
  0x0000024292247400 WorkerThread "G1 Conc#0"                       [id=22512, stack(0x000000fd87100000,0x000000fd87200000) (1024K)]
  0x00000242b0318420 WorkerThread "G1 Conc#1"                       [id=10544, stack(0x000000fd89400000,0x000000fd89500000) (1024K)]
  0x00000242b0317ce0 WorkerThread "G1 Conc#2"                       [id=23164, stack(0x000000fd89500000,0x000000fd89600000) (1024K)]
  0x00000242a9bf6ad0 ConcurrentGCThread "G1 Refine#0"               [id=2600, stack(0x000000fd87200000,0x000000fd87300000) (1024K)]
  0x00000242a9bf8400 ConcurrentGCThread "G1 Service"                [id=18076, stack(0x000000fd87300000,0x000000fd87400000) (1024K)]
Total: 18

Threads with active compile tasks:
Total: 0

VM state: not at safepoint (normal execution)

VM Mutex/Monitor currently owned by a thread:  ([mutex/lock_event])
[0x00007ffd41e7e4a0] Heap_lock - owner thread: 0x00000242a9c201a0

Heap address: 0x0000000080000000, size: 2048 MB, Compressed Oops mode: 32-bit

CDS archive(s) not mapped
Compressed class space mapped at: 0x0000000100000000-0x0000000140000000, reserved size: 1073741824
Narrow klass base: 0x0000000000000000, Narrow klass shift: 3, Narrow klass range: 0x140000000

GC Precious Log:
 CardTable entry size: 512
 Card Set container configuration: InlinePtr #cards 5 size 8 Array Of Cards #cards 12 size 40 Howl #buckets 4 coarsen threshold 1843 Howl Bitmap #cards 512 size 80 coarsen threshold 460 Card regions per heap region 1 cards per card region 2048
 CPUs: 12 total, 12 available
 Memory: 15708M
 Large Page Support: Disabled
 NUMA Support: Disabled
 Compressed Oops: Enabled (32-bit)
 Heap Region Size: 1M
 Heap Min Capacity: 8M
 Heap Initial Capacity: 246M
 Heap Max Capacity: 2G
 Pre-touch: Disabled
 Parallel Workers: 10
 Concurrent Workers: 3
 Concurrent Refinement Workers: 10
 Periodic GC: Disabled

Heap:
 garbage-first heap   total 944128K, used 935646K [0x0000000080000000, 0x0000000100000000)
  region size 1024K, 243 young (248832K), 16 survivors (16384K)
 Metaspace       used 167331K, committed 169856K, reserved 1245184K
  class space    used 22491K, committed 23744K, reserved 1048576K

Heap Regions: E=young(eden), S=young(survivor), O=old, HS=humongous(starts), HC=humongous(continues), CS=collection set, F=free, TAMS=top-at-mark-start, PB=parsable bottom
|   0|0x0000000080000000, 0x0000000080100000, 0x0000000080100000|100%| O|  |TAMS 0x0000000080000000| PB 0x0000000080000000| Untracked 
|   1|0x0000000080100000, 0x0000000080200000, 0x0000000080200000|100%|HS|  |TAMS 0x0000000080100000| PB 0x0000000080100000| Complete 
|   2|0x0000000080200000, 0x0000000080300000, 0x0000000080300000|100%|HC|  |TAMS 0x0000000080200000| PB 0x0000000080200000| Complete 
|   3|0x0000000080300000, 0x0000000080400000, 0x0000000080400000|100%|HC|  |TAMS 0x0000000080300000| PB 0x0000000080300000| Complete 
|   4|0x0000000080400000, 0x0000000080500000, 0x0000000080500000|100%| O|  |TAMS 0x0000000080400000| PB 0x0000000080400000| Untracked 
|   5|0x0000000080500000, 0x0000000080600000, 0x0000000080600000|100%| O|  |TAMS 0x0000000080500000| PB 0x0000000080500000| Untracked 
|   6|0x0000000080600000, 0x0000000080700000, 0x0000000080700000|100%| O|  |TAMS 0x0000000080600000| PB 0x0000000080600000| Untracked 
|   7|0x0000000080700000, 0x0000000080800000, 0x0000000080800000|100%|HS|  |TAMS 0x0000000080700000| PB 0x0000000080700000| Complete 
|   8|0x0000000080800000, 0x0000000080900000, 0x0000000080900000|100%| O|  |TAMS 0x0000000080800000| PB 0x0000000080800000| Untracked 
|   9|0x0000000080900000, 0x0000000080a00000, 0x0000000080a00000|100%| O|  |TAMS 0x0000000080900000| PB 0x0000000080900000| Untracked 
|  10|0x0000000080a00000, 0x0000000080b00000, 0x0000000080b00000|100%| O|  |TAMS 0x0000000080a00000| PB 0x0000000080a00000| Untracked 
|  11|0x0000000080b00000, 0x0000000080c00000, 0x0000000080c00000|100%| O|  |TAMS 0x0000000080b00000| PB 0x0000000080b00000| Untracked 
|  12|0x0000000080c00000, 0x0000000080d00000, 0x0000000080d00000|100%| O|  |TAMS 0x0000000080c00000| PB 0x0000000080c00000| Untracked 
|  13|0x0000000080d00000, 0x0000000080e00000, 0x0000000080e00000|100%| O|  |TAMS 0x0000000080d00000| PB 0x0000000080d00000| Untracked 
|  14|0x0000000080e00000, 0x0000000080f00000, 0x0000000080f00000|100%| O|  |TAMS 0x0000000080e00000| PB 0x0000000080e00000| Untracked 
|  15|0x0000000080f00000, 0x0000000081000000, 0x0000000081000000|100%| O|  |TAMS 0x0000000080f00000| PB 0x0000000080f00000| Untracked 
|  16|0x0000000081000000, 0x0000000081100000, 0x0000000081100000|100%| O|  |TAMS 0x0000000081000000| PB 0x0000000081000000| Untracked 
|  17|0x0000000081100000, 0x0000000081200000, 0x0000000081200000|100%| O|  |TAMS 0x0000000081100000| PB 0x0000000081100000| Untracked 
|  18|0x0000000081200000, 0x0000000081300000, 0x0000000081300000|100%| O|  |TAMS 0x0000000081200000| PB 0x0000000081200000| Untracked 
|  19|0x0000000081300000, 0x0000000081400000, 0x0000000081400000|100%| O|  |TAMS 0x0000000081300000| PB 0x0000000081300000| Untracked 
|  20|0x0000000081400000, 0x0000000081500000, 0x0000000081500000|100%| O|  |TAMS 0x0000000081400000| PB 0x0000000081400000| Untracked 
|  21|0x0000000081500000, 0x0000000081600000, 0x0000000081600000|100%| O|  |TAMS 0x0000000081500000| PB 0x0000000081500000| Untracked 
|  22|0x0000000081600000, 0x0000000081700000, 0x0000000081700000|100%| O|  |TAMS 0x0000000081600000| PB 0x0000000081600000| Untracked 
|  23|0x0000000081700000, 0x0000000081800000, 0x0000000081800000|100%| O|  |TAMS 0x0000000081700000| PB 0x0000000081700000| Untracked 
|  24|0x0000000081800000, 0x0000000081900000, 0x0000000081900000|100%| O|  |TAMS 0x0000000081800000| PB 0x0000000081800000| Untracked 
|  25|0x0000000081900000, 0x0000000081a00000, 0x0000000081a00000|100%| O|  |TAMS 0x0000000081900000| PB 0x0000000081900000| Untracked 
|  26|0x0000000081a00000, 0x0000000081b00000, 0x0000000081b00000|100%| O|  |TAMS 0x0000000081a00000| PB 0x0000000081a00000| Untracked 
|  27|0x0000000081b00000, 0x0000000081c00000, 0x0000000081c00000|100%| O|  |TAMS 0x0000000081b00000| PB 0x0000000081b00000| Untracked 
|  28|0x0000000081c00000, 0x0000000081d00000, 0x0000000081d00000|100%| O|  |TAMS 0x0000000081c00000| PB 0x0000000081c00000| Untracked 
|  29|0x0000000081d00000, 0x0000000081e00000, 0x0000000081e00000|100%| O|  |TAMS 0x0000000081d00000| PB 0x0000000081d00000| Untracked 
|  30|0x0000000081e00000, 0x0000000081f00000, 0x0000000081f00000|100%| O|  |TAMS 0x0000000081e00000| PB 0x0000000081e00000| Untracked 
|  31|0x0000000081f00000, 0x0000000082000000, 0x0000000082000000|100%| O|  |TAMS 0x0000000081f00000| PB 0x0000000081f00000| Untracked 
|  32|0x0000000082000000, 0x0000000082100000, 0x0000000082100000|100%| O|  |TAMS 0x0000000082000000| PB 0x0000000082000000| Untracked 
|  33|0x0000000082100000, 0x0000000082200000, 0x0000000082200000|100%| O|  |TAMS 0x0000000082100000| PB 0x0000000082100000| Untracked 
|  34|0x0000000082200000, 0x0000000082300000, 0x0000000082300000|100%| O|  |TAMS 0x0000000082200000| PB 0x0000000082200000| Untracked 
|  35|0x0000000082300000, 0x0000000082400000, 0x0000000082400000|100%| O|  |TAMS 0x0000000082300000| PB 0x0000000082300000| Untracked 
|  36|0x0000000082400000, 0x0000000082500000, 0x0000000082500000|100%| O|  |TAMS 0x0000000082400000| PB 0x0000000082400000| Untracked 
|  37|0x0000000082500000, 0x0000000082600000, 0x0000000082600000|100%| O|  |TAMS 0x0000000082500000| PB 0x0000000082500000| Untracked 
|  38|0x0000000082600000, 0x0000000082700000, 0x0000000082700000|100%| O|  |TAMS 0x0000000082600000| PB 0x0000000082600000| Untracked 
|  39|0x0000000082700000, 0x0000000082800000, 0x0000000082800000|100%| O|  |TAMS 0x0000000082700000| PB 0x0000000082700000| Untracked 
|  40|0x0000000082800000, 0x0000000082900000, 0x0000000082900000|100%| O|  |TAMS 0x0000000082800000| PB 0x0000000082800000| Untracked 
|  41|0x0000000082900000, 0x0000000082a00000, 0x0000000082a00000|100%| O|  |TAMS 0x0000000082900000| PB 0x0000000082900000| Untracked 
|  42|0x0000000082a00000, 0x0000000082b00000, 0x0000000082b00000|100%| O|  |TAMS 0x0000000082a00000| PB 0x0000000082a00000| Untracked 
|  43|0x0000000082b00000, 0x0000000082c00000, 0x0000000082c00000|100%| O|  |TAMS 0x0000000082b00000| PB 0x0000000082b00000| Untracked 
|  44|0x0000000082c00000, 0x0000000082d00000, 0x0000000082d00000|100%| O|  |TAMS 0x0000000082c00000| PB 0x0000000082c00000| Untracked 
|  45|0x0000000082d00000, 0x0000000082e00000, 0x0000000082e00000|100%| O|  |TAMS 0x0000000082d00000| PB 0x0000000082d00000| Untracked 
|  46|0x0000000082e00000, 0x0000000082f00000, 0x0000000082f00000|100%| O|  |TAMS 0x0000000082e00000| PB 0x0000000082e00000| Untracked 
|  47|0x0000000082f00000, 0x0000000083000000, 0x0000000083000000|100%| O|  |TAMS 0x0000000082f00000| PB 0x0000000082f00000| Untracked 
|  48|0x0000000083000000, 0x0000000083100000, 0x0000000083100000|100%| O|Cm|TAMS 0x0000000083000000| PB 0x0000000083000000| Complete 
|  49|0x0000000083100000, 0x0000000083200000, 0x0000000083200000|100%| O|  |TAMS 0x0000000083100000| PB 0x0000000083100000| Untracked 
|  50|0x0000000083200000, 0x0000000083300000, 0x0000000083300000|100%|HS|  |TAMS 0x0000000083200000| PB 0x0000000083200000| Complete 
|  51|0x0000000083300000, 0x0000000083400000, 0x0000000083400000|100%|HS|  |TAMS 0x0000000083300000| PB 0x0000000083300000| Complete 
|  52|0x0000000083400000, 0x0000000083500000, 0x0000000083500000|100%|HS|  |TAMS 0x0000000083400000| PB 0x0000000083400000| Complete 
|  53|0x0000000083500000, 0x0000000083600000, 0x0000000083600000|100%|HC|  |TAMS 0x0000000083500000| PB 0x0000000083500000| Complete 
|  54|0x0000000083600000, 0x0000000083700000, 0x0000000083700000|100%|HS|  |TAMS 0x0000000083600000| PB 0x0000000083600000| Complete 
|  55|0x0000000083700000, 0x0000000083800000, 0x0000000083800000|100%|HC|  |TAMS 0x0000000083700000| PB 0x0000000083700000| Complete 
|  56|0x0000000083800000, 0x0000000083900000, 0x0000000083900000|100%|HS|  |TAMS 0x0000000083800000| PB 0x0000000083800000| Complete 
|  57|0x0000000083900000, 0x0000000083a00000, 0x0000000083a00000|100%|HS|  |TAMS 0x0000000083900000| PB 0x0000000083900000| Complete 
|  58|0x0000000083a00000, 0x0000000083b00000, 0x0000000083b00000|100%| O|  |TAMS 0x0000000083a00000| PB 0x0000000083a00000| Untracked 
|  59|0x0000000083b00000, 0x0000000083c00000, 0x0000000083c00000|100%| O|  |TAMS 0x0000000083b00000| PB 0x0000000083b00000| Untracked 
|  60|0x0000000083c00000, 0x0000000083d00000, 0x0000000083d00000|100%|HS|  |TAMS 0x0000000083c00000| PB 0x0000000083c00000| Complete 
|  61|0x0000000083d00000, 0x0000000083e00000, 0x0000000083e00000|100%|HS|  |TAMS 0x0000000083d00000| PB 0x0000000083d00000| Complete 
|  62|0x0000000083e00000, 0x0000000083f00000, 0x0000000083f00000|100%| O|  |TAMS 0x0000000083e00000| PB 0x0000000083e00000| Untracked 
|  63|0x0000000083f00000, 0x0000000084000000, 0x0000000084000000|100%| O|  |TAMS 0x0000000083f00000| PB 0x0000000083f00000| Untracked 
|  64|0x0000000084000000, 0x0000000084100000, 0x0000000084100000|100%| O|  |TAMS 0x0000000084000000| PB 0x0000000084000000| Untracked 
|  65|0x0000000084100000, 0x0000000084200000, 0x0000000084200000|100%|HS|  |TAMS 0x0000000084100000| PB 0x0000000084100000| Complete 
|  66|0x0000000084200000, 0x0000000084300000, 0x0000000084300000|100%| O|  |TAMS 0x0000000084200000| PB 0x0000000084200000| Untracked 
|  67|0x0000000084300000, 0x0000000084400000, 0x0000000084400000|100%| O|  |TAMS 0x0000000084300000| PB 0x0000000084300000| Untracked 
|  68|0x0000000084400000, 0x0000000084500000, 0x0000000084500000|100%| O|  |TAMS 0x0000000084400000| PB 0x0000000084400000| Untracked 
|  69|0x0000000084500000, 0x0000000084600000, 0x0000000084600000|100%| O|  |TAMS 0x0000000084500000| PB 0x0000000084500000| Untracked 
|  70|0x0000000084600000, 0x0000000084700000, 0x0000000084700000|100%| O|  |TAMS 0x0000000084600000| PB 0x0000000084600000| Untracked 
|  71|0x0000000084700000, 0x0000000084800000, 0x0000000084800000|100%| O|  |TAMS 0x0000000084700000| PB 0x0000000084700000| Untracked 
|  72|0x0000000084800000, 0x0000000084900000, 0x0000000084900000|100%| O|  |TAMS 0x0000000084800000| PB 0x0000000084800000| Untracked 
|  73|0x0000000084900000, 0x0000000084a00000, 0x0000000084a00000|100%| O|  |TAMS 0x0000000084900000| PB 0x0000000084900000| Untracked 
|  74|0x0000000084a00000, 0x0000000084b00000, 0x0000000084b00000|100%| O|  |TAMS 0x0000000084a00000| PB 0x0000000084a00000| Untracked 
|  75|0x0000000084b00000, 0x0000000084c00000, 0x0000000084c00000|100%| O|  |TAMS 0x0000000084b00000| PB 0x0000000084b00000| Untracked 
|  76|0x0000000084c00000, 0x0000000084d00000, 0x0000000084d00000|100%| O|  |TAMS 0x0000000084c00000| PB 0x0000000084c00000| Untracked 
|  77|0x0000000084d00000, 0x0000000084e00000, 0x0000000084e00000|100%| O|  |TAMS 0x0000000084d00000| PB 0x0000000084d00000| Untracked 
|  78|0x0000000084e00000, 0x0000000084f00000, 0x0000000084f00000|100%| O|  |TAMS 0x0000000084e00000| PB 0x0000000084e00000| Untracked 
|  79|0x0000000084f00000, 0x0000000085000000, 0x0000000085000000|100%| O|  |TAMS 0x0000000084f00000| PB 0x0000000084f00000| Untracked 
|  80|0x0000000085000000, 0x0000000085100000, 0x0000000085100000|100%|HS|  |TAMS 0x0000000085000000| PB 0x0000000085000000| Complete 
|  81|0x0000000085100000, 0x0000000085200000, 0x0000000085200000|100%| O|  |TAMS 0x0000000085100000| PB 0x0000000085100000| Untracked 
|  82|0x0000000085200000, 0x0000000085300000, 0x0000000085300000|100%| O|  |TAMS 0x0000000085200000| PB 0x0000000085200000| Untracked 
|  83|0x0000000085300000, 0x0000000085400000, 0x0000000085400000|100%| O|  |TAMS 0x0000000085300000| PB 0x0000000085300000| Untracked 
|  84|0x0000000085400000, 0x0000000085500000, 0x0000000085500000|100%| O|  |TAMS 0x0000000085400000| PB 0x0000000085400000| Untracked 
|  85|0x0000000085500000, 0x0000000085600000, 0x0000000085600000|100%| O|  |TAMS 0x0000000085500000| PB 0x0000000085500000| Untracked 
|  86|0x0000000085600000, 0x0000000085700000, 0x0000000085700000|100%| O|  |TAMS 0x0000000085600000| PB 0x0000000085600000| Untracked 
|  87|0x0000000085700000, 0x0000000085800000, 0x0000000085800000|100%| O|  |TAMS 0x0000000085700000| PB 0x0000000085700000| Untracked 
|  88|0x0000000085800000, 0x0000000085900000, 0x0000000085900000|100%| O|  |TAMS 0x0000000085800000| PB 0x0000000085800000| Untracked 
|  89|0x0000000085900000, 0x0000000085a00000, 0x0000000085a00000|100%| O|  |TAMS 0x0000000085900000| PB 0x0000000085900000| Untracked 
|  90|0x0000000085a00000, 0x0000000085b00000, 0x0000000085b00000|100%| O|  |TAMS 0x0000000085a00000| PB 0x0000000085a00000| Untracked 
|  91|0x0000000085b00000, 0x0000000085c00000, 0x0000000085c00000|100%| O|  |TAMS 0x0000000085b00000| PB 0x0000000085b00000| Untracked 
|  92|0x0000000085c00000, 0x0000000085d00000, 0x0000000085d00000|100%| O|  |TAMS 0x0000000085c00000| PB 0x0000000085c00000| Untracked 
|  93|0x0000000085d00000, 0x0000000085e00000, 0x0000000085e00000|100%| O|  |TAMS 0x0000000085d00000| PB 0x0000000085d00000| Untracked 
|  94|0x0000000085e00000, 0x0000000085f00000, 0x0000000085f00000|100%| O|  |TAMS 0x0000000085e00000| PB 0x0000000085e00000| Untracked 
|  95|0x0000000085f00000, 0x0000000086000000, 0x0000000086000000|100%| O|  |TAMS 0x0000000085f00000| PB 0x0000000085f00000| Untracked 
|  96|0x0000000086000000, 0x0000000086100000, 0x0000000086100000|100%| O|  |TAMS 0x0000000086000000| PB 0x0000000086000000| Untracked 
|  97|0x0000000086100000, 0x0000000086200000, 0x0000000086200000|100%| O|  |TAMS 0x0000000086100000| PB 0x0000000086100000| Untracked 
|  98|0x0000000086200000, 0x0000000086300000, 0x0000000086300000|100%| O|  |TAMS 0x0000000086200000| PB 0x0000000086200000| Untracked 
|  99|0x0000000086300000, 0x0000000086400000, 0x0000000086400000|100%| O|  |TAMS 0x0000000086300000| PB 0x0000000086300000| Untracked 
| 100|0x0000000086400000, 0x0000000086500000, 0x0000000086500000|100%| O|  |TAMS 0x0000000086400000| PB 0x0000000086400000| Untracked 
| 101|0x0000000086500000, 0x0000000086600000, 0x0000000086600000|100%| O|  |TAMS 0x0000000086500000| PB 0x0000000086500000| Untracked 
| 102|0x0000000086600000, 0x0000000086700000, 0x0000000086700000|100%| O|  |TAMS 0x0000000086600000| PB 0x0000000086600000| Untracked 
| 103|0x0000000086700000, 0x0000000086800000, 0x0000000086800000|100%| O|  |TAMS 0x0000000086700000| PB 0x0000000086700000| Untracked 
| 104|0x0000000086800000, 0x0000000086900000, 0x0000000086900000|100%| O|  |TAMS 0x0000000086800000| PB 0x0000000086800000| Untracked 
| 105|0x0000000086900000, 0x0000000086a00000, 0x0000000086a00000|100%| O|  |TAMS 0x0000000086900000| PB 0x0000000086900000| Untracked 
| 106|0x0000000086a00000, 0x0000000086b00000, 0x0000000086b00000|100%| O|  |TAMS 0x0000000086a00000| PB 0x0000000086a00000| Untracked 
| 107|0x0000000086b00000, 0x0000000086c00000, 0x0000000086c00000|100%| O|  |TAMS 0x0000000086b00000| PB 0x0000000086b00000| Untracked 
| 108|0x0000000086c00000, 0x0000000086d00000, 0x0000000086d00000|100%| O|  |TAMS 0x0000000086c00000| PB 0x0000000086c00000| Untracked 
| 109|0x0000000086d00000, 0x0000000086e00000, 0x0000000086e00000|100%| O|  |TAMS 0x0000000086d00000| PB 0x0000000086d00000| Untracked 
| 110|0x0000000086e00000, 0x0000000086f00000, 0x0000000086f00000|100%| O|  |TAMS 0x0000000086e00000| PB 0x0000000086e00000| Untracked 
| 111|0x0000000086f00000, 0x0000000087000000, 0x0000000087000000|100%| O|  |TAMS 0x0000000086f00000| PB 0x0000000086f00000| Untracked 
| 112|0x0000000087000000, 0x0000000087100000, 0x0000000087100000|100%| O|  |TAMS 0x0000000087000000| PB 0x0000000087000000| Untracked 
| 113|0x0000000087100000, 0x0000000087200000, 0x0000000087200000|100%| O|  |TAMS 0x0000000087100000| PB 0x0000000087100000| Untracked 
| 114|0x0000000087200000, 0x0000000087300000, 0x0000000087300000|100%| O|  |TAMS 0x0000000087200000| PB 0x0000000087200000| Untracked 
| 115|0x0000000087300000, 0x0000000087400000, 0x0000000087400000|100%| O|  |TAMS 0x0000000087300000| PB 0x0000000087300000| Untracked 
| 116|0x0000000087400000, 0x0000000087500000, 0x0000000087500000|100%| O|  |TAMS 0x0000000087400000| PB 0x0000000087400000| Untracked 
| 117|0x0000000087500000, 0x0000000087600000, 0x0000000087600000|100%| O|  |TAMS 0x0000000087500000| PB 0x0000000087500000| Untracked 
| 118|0x0000000087600000, 0x0000000087700000, 0x0000000087700000|100%| O|  |TAMS 0x0000000087600000| PB 0x0000000087600000| Untracked 
| 119|0x0000000087700000, 0x0000000087800000, 0x0000000087800000|100%| O|  |TAMS 0x0000000087700000| PB 0x0000000087700000| Untracked 
| 120|0x0000000087800000, 0x0000000087900000, 0x0000000087900000|100%| O|  |TAMS 0x0000000087800000| PB 0x0000000087800000| Untracked 
| 121|0x0000000087900000, 0x0000000087a00000, 0x0000000087a00000|100%| O|  |TAMS 0x0000000087900000| PB 0x0000000087900000| Untracked 
| 122|0x0000000087a00000, 0x0000000087b00000, 0x0000000087b00000|100%| O|  |TAMS 0x0000000087a00000| PB 0x0000000087a00000| Untracked 
| 123|0x0000000087b00000, 0x0000000087c00000, 0x0000000087c00000|100%| O|  |TAMS 0x0000000087b00000| PB 0x0000000087b00000| Untracked 
| 124|0x0000000087c00000, 0x0000000087d00000, 0x0000000087d00000|100%| O|  |TAMS 0x0000000087c00000| PB 0x0000000087c00000| Untracked 
| 125|0x0000000087d00000, 0x0000000087e00000, 0x0000000087e00000|100%| O|  |TAMS 0x0000000087d00000| PB 0x0000000087d00000| Untracked 
| 126|0x0000000087e00000, 0x0000000087f00000, 0x0000000087f00000|100%| O|  |TAMS 0x0000000087e00000| PB 0x0000000087e00000| Untracked 
| 127|0x0000000087f00000, 0x0000000088000000, 0x0000000088000000|100%| O|  |TAMS 0x0000000087f00000| PB 0x0000000087f00000| Untracked 
| 128|0x0000000088000000, 0x0000000088100000, 0x0000000088100000|100%| O|  |TAMS 0x0000000088000000| PB 0x0000000088000000| Untracked 
| 129|0x0000000088100000, 0x0000000088200000, 0x0000000088200000|100%| O|  |TAMS 0x0000000088100000| PB 0x0000000088100000| Untracked 
| 130|0x0000000088200000, 0x0000000088300000, 0x0000000088300000|100%| O|  |TAMS 0x0000000088200000| PB 0x0000000088200000| Untracked 
| 131|0x0000000088300000, 0x0000000088400000, 0x0000000088400000|100%| O|  |TAMS 0x0000000088300000| PB 0x0000000088300000| Untracked 
| 132|0x0000000088400000, 0x0000000088500000, 0x0000000088500000|100%| O|  |TAMS 0x0000000088400000| PB 0x0000000088400000| Untracked 
| 133|0x0000000088500000, 0x0000000088600000, 0x0000000088600000|100%| O|  |TAMS 0x0000000088500000| PB 0x0000000088500000| Untracked 
| 134|0x0000000088600000, 0x0000000088700000, 0x0000000088700000|100%| O|  |TAMS 0x0000000088600000| PB 0x0000000088600000| Untracked 
| 135|0x0000000088700000, 0x0000000088800000, 0x0000000088800000|100%| O|  |TAMS 0x0000000088700000| PB 0x0000000088700000| Untracked 
| 136|0x0000000088800000, 0x0000000088900000, 0x0000000088900000|100%| O|  |TAMS 0x0000000088800000| PB 0x0000000088800000| Untracked 
| 137|0x0000000088900000, 0x0000000088a00000, 0x0000000088a00000|100%| O|  |TAMS 0x0000000088900000| PB 0x0000000088900000| Untracked 
| 138|0x0000000088a00000, 0x0000000088b00000, 0x0000000088b00000|100%| O|  |TAMS 0x0000000088a00000| PB 0x0000000088a00000| Untracked 
| 139|0x0000000088b00000, 0x0000000088c00000, 0x0000000088c00000|100%| O|  |TAMS 0x0000000088b00000| PB 0x0000000088b00000| Untracked 
| 140|0x0000000088c00000, 0x0000000088d00000, 0x0000000088d00000|100%| O|  |TAMS 0x0000000088c00000| PB 0x0000000088c00000| Untracked 
| 141|0x0000000088d00000, 0x0000000088e00000, 0x0000000088e00000|100%| O|  |TAMS 0x0000000088d00000| PB 0x0000000088d00000| Untracked 
| 142|0x0000000088e00000, 0x0000000088f00000, 0x0000000088f00000|100%| O|  |TAMS 0x0000000088e00000| PB 0x0000000088e00000| Untracked 
| 143|0x0000000088f00000, 0x0000000089000000, 0x0000000089000000|100%| O|  |TAMS 0x0000000088f00000| PB 0x0000000088f00000| Untracked 
| 144|0x0000000089000000, 0x0000000089100000, 0x0000000089100000|100%| O|  |TAMS 0x0000000089000000| PB 0x0000000089000000| Untracked 
| 145|0x0000000089100000, 0x0000000089200000, 0x0000000089200000|100%| O|Cm|TAMS 0x0000000089100000| PB 0x0000000089100000| Complete 
| 146|0x0000000089200000, 0x0000000089300000, 0x0000000089300000|100%| O|  |TAMS 0x0000000089200000| PB 0x0000000089200000| Untracked 
| 147|0x0000000089300000, 0x0000000089400000, 0x0000000089400000|100%| O|  |TAMS 0x0000000089300000| PB 0x0000000089300000| Untracked 
| 148|0x0000000089400000, 0x0000000089500000, 0x0000000089500000|100%| O|  |TAMS 0x0000000089400000| PB 0x0000000089400000| Untracked 
| 149|0x0000000089500000, 0x0000000089600000, 0x0000000089600000|100%| O|  |TAMS 0x0000000089500000| PB 0x0000000089500000| Untracked 
| 150|0x0000000089600000, 0x0000000089700000, 0x0000000089700000|100%| O|  |TAMS 0x0000000089600000| PB 0x0000000089600000| Untracked 
| 151|0x0000000089700000, 0x0000000089800000, 0x0000000089800000|100%| O|  |TAMS 0x0000000089700000| PB 0x0000000089700000| Untracked 
| 152|0x0000000089800000, 0x0000000089900000, 0x0000000089900000|100%| O|  |TAMS 0x0000000089800000| PB 0x0000000089800000| Untracked 
| 153|0x0000000089900000, 0x0000000089a00000, 0x0000000089a00000|100%| O|  |TAMS 0x0000000089900000| PB 0x0000000089900000| Untracked 
| 154|0x0000000089a00000, 0x0000000089b00000, 0x0000000089b00000|100%| O|  |TAMS 0x0000000089a00000| PB 0x0000000089a00000| Untracked 
| 155|0x0000000089b00000, 0x0000000089c00000, 0x0000000089c00000|100%| O|  |TAMS 0x0000000089b00000| PB 0x0000000089b00000| Untracked 
| 156|0x0000000089c00000, 0x0000000089d00000, 0x0000000089d00000|100%| O|  |TAMS 0x0000000089c00000| PB 0x0000000089c00000| Untracked 
| 157|0x0000000089d00000, 0x0000000089e00000, 0x0000000089e00000|100%| O|  |TAMS 0x0000000089d00000| PB 0x0000000089d00000| Untracked 
| 158|0x0000000089e00000, 0x0000000089f00000, 0x0000000089f00000|100%| O|  |TAMS 0x0000000089e00000| PB 0x0000000089e00000| Untracked 
| 159|0x0000000089f00000, 0x000000008a000000, 0x000000008a000000|100%| O|  |TAMS 0x0000000089f00000| PB 0x0000000089f00000| Untracked 
| 160|0x000000008a000000, 0x000000008a100000, 0x000000008a100000|100%| O|  |TAMS 0x000000008a000000| PB 0x000000008a000000| Untracked 
| 161|0x000000008a100000, 0x000000008a200000, 0x000000008a200000|100%| O|  |TAMS 0x000000008a100000| PB 0x000000008a100000| Untracked 
| 162|0x000000008a200000, 0x000000008a300000, 0x000000008a300000|100%| O|  |TAMS 0x000000008a200000| PB 0x000000008a200000| Untracked 
| 163|0x000000008a300000, 0x000000008a400000, 0x000000008a400000|100%| O|  |TAMS 0x000000008a300000| PB 0x000000008a300000| Untracked 
| 164|0x000000008a400000, 0x000000008a500000, 0x000000008a500000|100%| O|  |TAMS 0x000000008a400000| PB 0x000000008a400000| Untracked 
| 165|0x000000008a500000, 0x000000008a600000, 0x000000008a600000|100%| O|  |TAMS 0x000000008a500000| PB 0x000000008a500000| Untracked 
| 166|0x000000008a600000, 0x000000008a700000, 0x000000008a700000|100%| O|  |TAMS 0x000000008a600000| PB 0x000000008a600000| Untracked 
| 167|0x000000008a700000, 0x000000008a800000, 0x000000008a800000|100%| O|  |TAMS 0x000000008a700000| PB 0x000000008a700000| Untracked 
| 168|0x000000008a800000, 0x000000008a900000, 0x000000008a900000|100%| O|  |TAMS 0x000000008a800000| PB 0x000000008a800000| Untracked 
| 169|0x000000008a900000, 0x000000008aa00000, 0x000000008aa00000|100%| O|  |TAMS 0x000000008a900000| PB 0x000000008a900000| Untracked 
| 170|0x000000008aa00000, 0x000000008ab00000, 0x000000008ab00000|100%| O|  |TAMS 0x000000008aa00000| PB 0x000000008aa00000| Untracked 
| 171|0x000000008ab00000, 0x000000008ac00000, 0x000000008ac00000|100%| O|Cm|TAMS 0x000000008ab00000| PB 0x000000008ab00000| Complete 
| 172|0x000000008ac00000, 0x000000008ad00000, 0x000000008ad00000|100%| O|  |TAMS 0x000000008ac00000| PB 0x000000008ac00000| Untracked 
| 173|0x000000008ad00000, 0x000000008ae00000, 0x000000008ae00000|100%| O|  |TAMS 0x000000008ad00000| PB 0x000000008ad00000| Untracked 
| 174|0x000000008ae00000, 0x000000008af00000, 0x000000008af00000|100%| O|  |TAMS 0x000000008ae00000| PB 0x000000008ae00000| Untracked 
| 175|0x000000008af00000, 0x000000008b000000, 0x000000008b000000|100%| O|  |TAMS 0x000000008af00000| PB 0x000000008af00000| Untracked 
| 176|0x000000008b000000, 0x000000008b100000, 0x000000008b100000|100%| O|  |TAMS 0x000000008b000000| PB 0x000000008b000000| Untracked 
| 177|0x000000008b100000, 0x000000008b200000, 0x000000008b200000|100%| O|Cm|TAMS 0x000000008b100000| PB 0x000000008b100000| Complete 
| 178|0x000000008b200000, 0x000000008b300000, 0x000000008b300000|100%| O|Cm|TAMS 0x000000008b200000| PB 0x000000008b200000| Complete 
| 179|0x000000008b300000, 0x000000008b400000, 0x000000008b400000|100%| O|  |TAMS 0x000000008b300000| PB 0x000000008b300000| Untracked 
| 180|0x000000008b400000, 0x000000008b500000, 0x000000008b500000|100%| O|  |TAMS 0x000000008b400000| PB 0x000000008b400000| Untracked 
| 181|0x000000008b500000, 0x000000008b600000, 0x000000008b600000|100%| O|  |TAMS 0x000000008b500000| PB 0x000000008b500000| Untracked 
| 182|0x000000008b600000, 0x000000008b700000, 0x000000008b700000|100%| O|  |TAMS 0x000000008b600000| PB 0x000000008b600000| Untracked 
| 183|0x000000008b700000, 0x000000008b800000, 0x000000008b800000|100%| O|  |TAMS 0x000000008b700000| PB 0x000000008b700000| Untracked 
| 184|0x000000008b800000, 0x000000008b900000, 0x000000008b900000|100%| O|  |TAMS 0x000000008b800000| PB 0x000000008b800000| Untracked 
| 185|0x000000008b900000, 0x000000008ba00000, 0x000000008ba00000|100%| O|  |TAMS 0x000000008b900000| PB 0x000000008b900000| Untracked 
| 186|0x000000008ba00000, 0x000000008bb00000, 0x000000008bb00000|100%| O|  |TAMS 0x000000008ba00000| PB 0x000000008ba00000| Untracked 
| 187|0x000000008bb00000, 0x000000008bc00000, 0x000000008bc00000|100%| O|  |TAMS 0x000000008bb00000| PB 0x000000008bb00000| Untracked 
| 188|0x000000008bc00000, 0x000000008bd00000, 0x000000008bd00000|100%| O|  |TAMS 0x000000008bc00000| PB 0x000000008bc00000| Untracked 
| 189|0x000000008bd00000, 0x000000008be00000, 0x000000008be00000|100%| O|  |TAMS 0x000000008bd00000| PB 0x000000008bd00000| Untracked 
| 190|0x000000008be00000, 0x000000008bf00000, 0x000000008bf00000|100%| O|  |TAMS 0x000000008be00000| PB 0x000000008be00000| Untracked 
| 191|0x000000008bf00000, 0x000000008c000000, 0x000000008c000000|100%| O|  |TAMS 0x000000008bf00000| PB 0x000000008bf00000| Untracked 
| 192|0x000000008c000000, 0x000000008c100000, 0x000000008c100000|100%| O|  |TAMS 0x000000008c000000| PB 0x000000008c000000| Untracked 
| 193|0x000000008c100000, 0x000000008c200000, 0x000000008c200000|100%|HS|  |TAMS 0x000000008c100000| PB 0x000000008c100000| Complete 
| 194|0x000000008c200000, 0x000000008c300000, 0x000000008c300000|100%|HS|  |TAMS 0x000000008c200000| PB 0x000000008c200000| Complete 
| 195|0x000000008c300000, 0x000000008c400000, 0x000000008c400000|100%| O|Cm|TAMS 0x000000008c300000| PB 0x000000008c300000| Complete 
| 196|0x000000008c400000, 0x000000008c500000, 0x000000008c500000|100%|HS|  |TAMS 0x000000008c400000| PB 0x000000008c400000| Complete 
| 197|0x000000008c500000, 0x000000008c600000, 0x000000008c600000|100%| O|  |TAMS 0x000000008c500000| PB 0x000000008c500000| Untracked 
| 198|0x000000008c600000, 0x000000008c700000, 0x000000008c700000|100%| O|Cm|TAMS 0x000000008c600000| PB 0x000000008c600000| Complete 
| 199|0x000000008c700000, 0x000000008c800000, 0x000000008c800000|100%| O|Cm|TAMS 0x000000008c700000| PB 0x000000008c700000| Complete 
| 200|0x000000008c800000, 0x000000008c900000, 0x000000008c900000|100%| O|  |TAMS 0x000000008c800000| PB 0x000000008c800000| Untracked 
| 201|0x000000008c900000, 0x000000008ca00000, 0x000000008ca00000|100%| O|  |TAMS 0x000000008c900000| PB 0x000000008c900000| Untracked 
| 202|0x000000008ca00000, 0x000000008cb00000, 0x000000008cb00000|100%| O|  |TAMS 0x000000008ca00000| PB 0x000000008ca00000| Untracked 
| 203|0x000000008cb00000, 0x000000008cc00000, 0x000000008cc00000|100%| O|Cm|TAMS 0x000000008cb00000| PB 0x000000008cb00000| Complete 
| 204|0x000000008cc00000, 0x000000008cd00000, 0x000000008cd00000|100%| O|  |TAMS 0x000000008cc00000| PB 0x000000008cc00000| Untracked 
| 205|0x000000008cd00000, 0x000000008ce00000, 0x000000008ce00000|100%| O|  |TAMS 0x000000008cd00000| PB 0x000000008cd00000| Untracked 
| 206|0x000000008ce00000, 0x000000008cf00000, 0x000000008cf00000|100%| O|  |TAMS 0x000000008ce00000| PB 0x000000008ce00000| Untracked 
| 207|0x000000008cf00000, 0x000000008d000000, 0x000000008d000000|100%| O|  |TAMS 0x000000008cf00000| PB 0x000000008cf00000| Untracked 
| 208|0x000000008d000000, 0x000000008d0089c0, 0x000000008d100000|  3%| O|  |TAMS 0x000000008d000000| PB 0x000000008d000000| Untracked 
| 209|0x000000008d100000, 0x000000008d200000, 0x000000008d200000|100%|HS|  |TAMS 0x000000008d100000| PB 0x000000008d100000| Complete 
| 210|0x000000008d200000, 0x000000008d300000, 0x000000008d300000|100%|HS|  |TAMS 0x000000008d200000| PB 0x000000008d200000| Complete 
| 211|0x000000008d300000, 0x000000008d400000, 0x000000008d400000|100%| O|Cm|TAMS 0x000000008d300000| PB 0x000000008d300000| Complete 
| 212|0x000000008d400000, 0x000000008d500000, 0x000000008d500000|100%| O|  |TAMS 0x000000008d400000| PB 0x000000008d400000| Untracked 
| 213|0x000000008d500000, 0x000000008d600000, 0x000000008d600000|100%| O|Cm|TAMS 0x000000008d500000| PB 0x000000008d500000| Complete 
| 214|0x000000008d600000, 0x000000008d700000, 0x000000008d700000|100%|HS|  |TAMS 0x000000008d600000| PB 0x000000008d600000| Complete 
| 215|0x000000008d700000, 0x000000008d800000, 0x000000008d800000|100%|HS|  |TAMS 0x000000008d700000| PB 0x000000008d700000| Complete 
| 216|0x000000008d800000, 0x000000008d900000, 0x000000008d900000|100%| O|  |TAMS 0x000000008d800000| PB 0x000000008d800000| Untracked 
| 217|0x000000008d900000, 0x000000008da00000, 0x000000008da00000|100%|HS|  |TAMS 0x000000008d900000| PB 0x000000008d900000| Complete 
| 218|0x000000008da00000, 0x000000008db00000, 0x000000008db00000|100%| O|  |TAMS 0x000000008da00000| PB 0x000000008da00000| Untracked 
| 219|0x000000008db00000, 0x000000008dc00000, 0x000000008dc00000|100%|HS|  |TAMS 0x000000008db00000| PB 0x000000008db00000| Complete 
| 220|0x000000008dc00000, 0x000000008dd00000, 0x000000008dd00000|100%| O|  |TAMS 0x000000008dc00000| PB 0x000000008dc00000| Untracked 
| 221|0x000000008dd00000, 0x000000008de00000, 0x000000008de00000|100%| O|  |TAMS 0x000000008dd00000| PB 0x000000008dd00000| Untracked 
| 222|0x000000008de00000, 0x000000008df00000, 0x000000008df00000|100%| O|  |TAMS 0x000000008de00000| PB 0x000000008de00000| Untracked 
| 223|0x000000008df00000, 0x000000008e000000, 0x000000008e000000|100%| O|  |TAMS 0x000000008df00000| PB 0x000000008df00000| Untracked 
| 224|0x000000008e000000, 0x000000008e100000, 0x000000008e100000|100%| O|  |TAMS 0x000000008e000000| PB 0x000000008e000000| Untracked 
| 225|0x000000008e100000, 0x000000008e200000, 0x000000008e200000|100%| O|  |TAMS 0x000000008e100000| PB 0x000000008e100000| Untracked 
| 226|0x000000008e200000, 0x000000008e300000, 0x000000008e300000|100%|HS|  |TAMS 0x000000008e200000| PB 0x000000008e200000| Complete 
| 227|0x000000008e300000, 0x000000008e400000, 0x000000008e400000|100%| O|  |TAMS 0x000000008e300000| PB 0x000000008e300000| Untracked 
| 228|0x000000008e400000, 0x000000008e500000, 0x000000008e500000|100%| O|  |TAMS 0x000000008e400000| PB 0x000000008e400000| Untracked 
| 229|0x000000008e500000, 0x000000008e600000, 0x000000008e600000|100%| O|  |TAMS 0x000000008e500000| PB 0x000000008e500000| Untracked 
| 230|0x000000008e600000, 0x000000008e700000, 0x000000008e700000|100%| O|  |TAMS 0x000000008e600000| PB 0x000000008e600000| Untracked 
| 231|0x000000008e700000, 0x000000008e800000, 0x000000008e800000|100%|HS|  |TAMS 0x000000008e700000| PB 0x000000008e700000| Complete 
| 232|0x000000008e800000, 0x000000008e900000, 0x000000008e900000|100%| O|  |TAMS 0x000000008e800000| PB 0x000000008e800000| Untracked 
| 233|0x000000008e900000, 0x000000008ea00000, 0x000000008ea00000|100%| O|  |TAMS 0x000000008e900000| PB 0x000000008e900000| Untracked 
| 234|0x000000008ea00000, 0x000000008eb00000, 0x000000008eb00000|100%| O|  |TAMS 0x000000008ea00000| PB 0x000000008ea00000| Untracked 
| 235|0x000000008eb00000, 0x000000008ec00000, 0x000000008ec00000|100%|HS|  |TAMS 0x000000008eb00000| PB 0x000000008eb00000| Complete 
| 236|0x000000008ec00000, 0x000000008ed00000, 0x000000008ed00000|100%| O|  |TAMS 0x000000008ec00000| PB 0x000000008ec00000| Untracked 
| 237|0x000000008ed00000, 0x000000008ee00000, 0x000000008ee00000|100%| O|  |TAMS 0x000000008ed00000| PB 0x000000008ed00000| Untracked 
| 238|0x000000008ee00000, 0x000000008ef00000, 0x000000008ef00000|100%|HS|  |TAMS 0x000000008ee00000| PB 0x000000008ee00000| Complete 
| 239|0x000000008ef00000, 0x000000008f000000, 0x000000008f000000|100%|HC|  |TAMS 0x000000008ef00000| PB 0x000000008ef00000| Complete 
| 240|0x000000008f000000, 0x000000008f100000, 0x000000008f100000|100%|HS|  |TAMS 0x000000008f000000| PB 0x000000008f000000| Complete 
| 241|0x000000008f100000, 0x000000008f200000, 0x000000008f200000|100%|HC|  |TAMS 0x000000008f100000| PB 0x000000008f100000| Complete 
| 242|0x000000008f200000, 0x000000008f300000, 0x000000008f300000|100%|HS|  |TAMS 0x000000008f200000| PB 0x000000008f200000| Complete 
| 243|0x000000008f300000, 0x000000008f400000, 0x000000008f400000|100%|HC|  |TAMS 0x000000008f300000| PB 0x000000008f300000| Complete 
| 244|0x000000008f400000, 0x000000008f500000, 0x000000008f500000|100%|HS|  |TAMS 0x000000008f400000| PB 0x000000008f400000| Complete 
| 245|0x000000008f500000, 0x000000008f600000, 0x000000008f600000|100%| O|  |TAMS 0x000000008f500000| PB 0x000000008f500000| Untracked 
| 246|0x000000008f600000, 0x000000008f700000, 0x000000008f700000|100%| O|  |TAMS 0x000000008f600000| PB 0x000000008f600000| Untracked 
| 247|0x000000008f700000, 0x000000008f800000, 0x000000008f800000|100%| O|  |TAMS 0x000000008f700000| PB 0x000000008f700000| Untracked 
| 248|0x000000008f800000, 0x000000008f900000, 0x000000008f900000|100%|HS|  |TAMS 0x000000008f800000| PB 0x000000008f800000| Complete 
| 249|0x000000008f900000, 0x000000008fa00000, 0x000000008fa00000|100%| O|  |TAMS 0x000000008f900000| PB 0x000000008f900000| Untracked 
| 250|0x000000008fa00000, 0x000000008fb00000, 0x000000008fb00000|100%| O|  |TAMS 0x000000008fa00000| PB 0x000000008fa00000| Untracked 
| 251|0x000000008fb00000, 0x000000008fc00000, 0x000000008fc00000|100%| O|  |TAMS 0x000000008fb00000| PB 0x000000008fb00000| Untracked 
| 252|0x000000008fc00000, 0x000000008fd00000, 0x000000008fd00000|100%| O|  |TAMS 0x000000008fc00000| PB 0x000000008fc00000| Untracked 
| 253|0x000000008fd00000, 0x000000008fe00000, 0x000000008fe00000|100%| O|  |TAMS 0x000000008fd00000| PB 0x000000008fd00000| Untracked 
| 254|0x000000008fe00000, 0x000000008ff00000, 0x000000008ff00000|100%| O|  |TAMS 0x000000008fe00000| PB 0x000000008fe00000| Untracked 
| 255|0x000000008ff00000, 0x0000000090000000, 0x0000000090000000|100%| O|  |TAMS 0x000000008ff00000| PB 0x000000008ff00000| Untracked 
| 256|0x0000000090000000, 0x0000000090100000, 0x0000000090100000|100%|HS|  |TAMS 0x0000000090000000| PB 0x0000000090000000| Complete 
| 257|0x0000000090100000, 0x0000000090200000, 0x0000000090200000|100%|HC|  |TAMS 0x0000000090100000| PB 0x0000000090100000| Complete 
| 258|0x0000000090200000, 0x0000000090300000, 0x0000000090300000|100%| O|  |TAMS 0x0000000090200000| PB 0x0000000090200000| Untracked 
| 259|0x0000000090300000, 0x0000000090400000, 0x0000000090400000|100%| O|  |TAMS 0x0000000090300000| PB 0x0000000090300000| Untracked 
| 260|0x0000000090400000, 0x0000000090500000, 0x0000000090500000|100%| O|  |TAMS 0x0000000090400000| PB 0x0000000090400000| Untracked 
| 261|0x0000000090500000, 0x0000000090600000, 0x0000000090600000|100%| O|  |TAMS 0x0000000090500000| PB 0x0000000090500000| Untracked 
| 262|0x0000000090600000, 0x0000000090700000, 0x0000000090700000|100%| O|Cm|TAMS 0x0000000090600000| PB 0x0000000090600000| Complete 
| 263|0x0000000090700000, 0x0000000090800000, 0x0000000090800000|100%| O|Cm|TAMS 0x0000000090700000| PB 0x0000000090700000| Complete 
| 264|0x0000000090800000, 0x0000000090900000, 0x0000000090900000|100%|HS|  |TAMS 0x0000000090800000| PB 0x0000000090800000| Complete 
| 265|0x0000000090900000, 0x0000000090a00000, 0x0000000090a00000|100%|HC|  |TAMS 0x0000000090900000| PB 0x0000000090900000| Complete 
| 266|0x0000000090a00000, 0x0000000090b00000, 0x0000000090b00000|100%| O|  |TAMS 0x0000000090a00000| PB 0x0000000090a00000| Untracked 
| 267|0x0000000090b00000, 0x0000000090c00000, 0x0000000090c00000|100%|HS|  |TAMS 0x0000000090b00000| PB 0x0000000090b00000| Complete 
| 268|0x0000000090c00000, 0x0000000090d00000, 0x0000000090d00000|100%|HC|  |TAMS 0x0000000090c00000| PB 0x0000000090c00000| Complete 
| 269|0x0000000090d00000, 0x0000000090e00000, 0x0000000090e00000|100%| O|  |TAMS 0x0000000090d00000| PB 0x0000000090d00000| Untracked 
| 270|0x0000000090e00000, 0x0000000090f00000, 0x0000000090f00000|100%|HS|  |TAMS 0x0000000090e00000| PB 0x0000000090e00000| Complete 
| 271|0x0000000090f00000, 0x0000000091000000, 0x0000000091000000|100%|HC|  |TAMS 0x0000000090f00000| PB 0x0000000090f00000| Complete 
| 272|0x0000000091000000, 0x0000000091100000, 0x0000000091100000|100%|HC|  |TAMS 0x0000000091000000| PB 0x0000000091000000| Complete 
| 273|0x0000000091100000, 0x0000000091200000, 0x0000000091200000|100%|HC|  |TAMS 0x0000000091100000| PB 0x0000000091100000| Complete 
| 274|0x0000000091200000, 0x0000000091300000, 0x0000000091300000|100%|HS|  |TAMS 0x0000000091200000| PB 0x0000000091200000| Complete 
| 275|0x0000000091300000, 0x0000000091400000, 0x0000000091400000|100%|HC|  |TAMS 0x0000000091300000| PB 0x0000000091300000| Complete 
| 276|0x0000000091400000, 0x0000000091500000, 0x0000000091500000|100%|HS|  |TAMS 0x0000000091400000| PB 0x0000000091400000| Complete 
| 277|0x0000000091500000, 0x0000000091600000, 0x0000000091600000|100%|HC|  |TAMS 0x0000000091500000| PB 0x0000000091500000| Complete 
| 278|0x0000000091600000, 0x0000000091700000, 0x0000000091700000|100%|HS|  |TAMS 0x0000000091600000| PB 0x0000000091600000| Complete 
| 279|0x0000000091700000, 0x0000000091800000, 0x0000000091800000|100%|HC|  |TAMS 0x0000000091700000| PB 0x0000000091700000| Complete 
| 280|0x0000000091800000, 0x0000000091900000, 0x0000000091900000|100%| O|  |TAMS 0x0000000091800000| PB 0x0000000091800000| Untracked 
| 281|0x0000000091900000, 0x0000000091900000, 0x0000000091a00000|  0%| F|  |TAMS 0x0000000091900000| PB 0x0000000091900000| Untracked 
| 282|0x0000000091a00000, 0x0000000091b00000, 0x0000000091b00000|100%| O|  |TAMS 0x0000000091a00000| PB 0x0000000091a00000| Untracked 
| 283|0x0000000091b00000, 0x0000000091c00000, 0x0000000091c00000|100%|HS|  |TAMS 0x0000000091b00000| PB 0x0000000091b00000| Complete 
| 284|0x0000000091c00000, 0x0000000091d00000, 0x0000000091d00000|100%| O|  |TAMS 0x0000000091c00000| PB 0x0000000091c00000| Untracked 
| 285|0x0000000091d00000, 0x0000000091e00000, 0x0000000091e00000|100%| O|  |TAMS 0x0000000091d00000| PB 0x0000000091d00000| Untracked 
| 286|0x0000000091e00000, 0x0000000091f00000, 0x0000000091f00000|100%| O|  |TAMS 0x0000000091e00000| PB 0x0000000091e00000| Untracked 
| 287|0x0000000091f00000, 0x0000000092000000, 0x0000000092000000|100%| O|  |TAMS 0x0000000091f00000| PB 0x0000000091f00000| Untracked 
| 288|0x0000000092000000, 0x0000000092100000, 0x0000000092100000|100%| O|  |TAMS 0x0000000092000000| PB 0x0000000092000000| Untracked 
| 289|0x0000000092100000, 0x0000000092200000, 0x0000000092200000|100%| O|  |TAMS 0x0000000092100000| PB 0x0000000092100000| Untracked 
| 290|0x0000000092200000, 0x0000000092300000, 0x0000000092300000|100%| O|  |TAMS 0x0000000092200000| PB 0x0000000092200000| Untracked 
| 291|0x0000000092300000, 0x0000000092400000, 0x0000000092400000|100%| O|  |TAMS 0x0000000092300000| PB 0x0000000092300000| Untracked 
| 292|0x0000000092400000, 0x0000000092500000, 0x0000000092500000|100%| O|  |TAMS 0x0000000092400000| PB 0x0000000092400000| Untracked 
| 293|0x0000000092500000, 0x0000000092500000, 0x0000000092600000|  0%| F|  |TAMS 0x0000000092500000| PB 0x0000000092500000| Untracked 
| 294|0x0000000092600000, 0x0000000092700000, 0x0000000092700000|100%| O|  |TAMS 0x0000000092600000| PB 0x0000000092600000| Untracked 
| 295|0x0000000092700000, 0x0000000092800000, 0x0000000092800000|100%| O|  |TAMS 0x0000000092700000| PB 0x0000000092700000| Untracked 
| 296|0x0000000092800000, 0x0000000092900000, 0x0000000092900000|100%| O|  |TAMS 0x0000000092800000| PB 0x0000000092800000| Untracked 
| 297|0x0000000092900000, 0x0000000092a00000, 0x0000000092a00000|100%| O|  |TAMS 0x0000000092900000| PB 0x0000000092900000| Untracked 
| 298|0x0000000092a00000, 0x0000000092b00000, 0x0000000092b00000|100%| O|  |TAMS 0x0000000092a00000| PB 0x0000000092a00000| Untracked 
| 299|0x0000000092b00000, 0x0000000092b00000, 0x0000000092c00000|  0%| F|  |TAMS 0x0000000092b00000| PB 0x0000000092b00000| Untracked 
| 300|0x0000000092c00000, 0x0000000092d00000, 0x0000000092d00000|100%| O|  |TAMS 0x0000000092c00000| PB 0x0000000092c00000| Untracked 
| 301|0x0000000092d00000, 0x0000000092e00000, 0x0000000092e00000|100%|HS|  |TAMS 0x0000000092d00000| PB 0x0000000092d00000| Complete 
| 302|0x0000000092e00000, 0x0000000092f00000, 0x0000000092f00000|100%|HC|  |TAMS 0x0000000092e00000| PB 0x0000000092e00000| Complete 
| 303|0x0000000092f00000, 0x0000000092fc3458, 0x0000000093000000| 76%| S|CS|TAMS 0x0000000092f00000| PB 0x0000000092f00000| Complete 
| 304|0x0000000093000000, 0x0000000093100000, 0x0000000093100000|100%| S|CS|TAMS 0x0000000093000000| PB 0x0000000093000000| Complete 
| 305|0x0000000093100000, 0x0000000093200000, 0x0000000093200000|100%|HS|  |TAMS 0x0000000093100000| PB 0x0000000093100000| Complete 
| 306|0x0000000093200000, 0x0000000093300000, 0x0000000093300000|100%|HC|  |TAMS 0x0000000093200000| PB 0x0000000093200000| Complete 
| 307|0x0000000093300000, 0x0000000093400000, 0x0000000093400000|100%| O|  |TAMS 0x0000000093300000| PB 0x0000000093300000| Untracked 
| 308|0x0000000093400000, 0x0000000093500000, 0x0000000093500000|100%|HS|  |TAMS 0x0000000093400000| PB 0x0000000093400000| Complete 
| 309|0x0000000093500000, 0x0000000093600000, 0x0000000093600000|100%|HC|  |TAMS 0x0000000093500000| PB 0x0000000093500000| Complete 
| 310|0x0000000093600000, 0x0000000093700000, 0x0000000093700000|100%|HC|  |TAMS 0x0000000093600000| PB 0x0000000093600000| Complete 
| 311|0x0000000093700000, 0x0000000093800000, 0x0000000093800000|100%|HC|  |TAMS 0x0000000093700000| PB 0x0000000093700000| Complete 
| 312|0x0000000093800000, 0x0000000093900000, 0x0000000093900000|100%|HC|  |TAMS 0x0000000093800000| PB 0x0000000093800000| Complete 
| 313|0x0000000093900000, 0x0000000093a00000, 0x0000000093a00000|100%|HC|  |TAMS 0x0000000093900000| PB 0x0000000093900000| Complete 
| 314|0x0000000093a00000, 0x0000000093b00000, 0x0000000093b00000|100%|HC|  |TAMS 0x0000000093a00000| PB 0x0000000093a00000| Complete 
| 315|0x0000000093b00000, 0x0000000093b00000, 0x0000000093c00000|  0%| F|  |TAMS 0x0000000093b00000| PB 0x0000000093b00000| Untracked 
| 316|0x0000000093c00000, 0x0000000093d00000, 0x0000000093d00000|100%| O|  |TAMS 0x0000000093c00000| PB 0x0000000093c00000| Untracked 
| 317|0x0000000093d00000, 0x0000000093e00000, 0x0000000093e00000|100%| O|  |TAMS 0x0000000093d00000| PB 0x0000000093d00000| Untracked 
| 318|0x0000000093e00000, 0x0000000093f00000, 0x0000000093f00000|100%|HS|  |TAMS 0x0000000093e00000| PB 0x0000000093e00000| Complete 
| 319|0x0000000093f00000, 0x0000000094000000, 0x0000000094000000|100%|HC|  |TAMS 0x0000000093f00000| PB 0x0000000093f00000| Complete 
| 320|0x0000000094000000, 0x0000000094100000, 0x0000000094100000|100%|HS|  |TAMS 0x0000000094000000| PB 0x0000000094000000| Complete 
| 321|0x0000000094100000, 0x0000000094200000, 0x0000000094200000|100%|HC|  |TAMS 0x0000000094100000| PB 0x0000000094100000| Complete 
| 322|0x0000000094200000, 0x0000000094300000, 0x0000000094300000|100%| O|  |TAMS 0x0000000094200000| PB 0x0000000094200000| Untracked 
| 323|0x0000000094300000, 0x0000000094400000, 0x0000000094400000|100%| O|  |TAMS 0x0000000094300000| PB 0x0000000094300000| Untracked 
| 324|0x0000000094400000, 0x0000000094500000, 0x0000000094500000|100%| O|Cm|TAMS 0x0000000094400000| PB 0x0000000094400000| Complete 
| 325|0x0000000094500000, 0x0000000094600000, 0x0000000094600000|100%| O|  |TAMS 0x0000000094500000| PB 0x0000000094500000| Untracked 
| 326|0x0000000094600000, 0x0000000094600000, 0x0000000094700000|  0%| F|  |TAMS 0x0000000094600000| PB 0x0000000094600000| Untracked 
| 327|0x0000000094700000, 0x0000000094800000, 0x0000000094800000|100%| O|  |TAMS 0x0000000094700000| PB 0x0000000094700000| Untracked 
| 328|0x0000000094800000, 0x0000000094900000, 0x0000000094900000|100%| O|  |TAMS 0x0000000094800000| PB 0x0000000094800000| Untracked 
| 329|0x0000000094900000, 0x0000000094a00000, 0x0000000094a00000|100%| O|  |TAMS 0x0000000094900000| PB 0x0000000094900000| Untracked 
| 330|0x0000000094a00000, 0x0000000094b00000, 0x0000000094b00000|100%| O|  |TAMS 0x0000000094a00000| PB 0x0000000094a00000| Untracked 
| 331|0x0000000094b00000, 0x0000000094c00000, 0x0000000094c00000|100%|HS|  |TAMS 0x0000000094b00000| PB 0x0000000094b00000| Complete 
| 332|0x0000000094c00000, 0x0000000094d00000, 0x0000000094d00000|100%|HC|  |TAMS 0x0000000094c00000| PB 0x0000000094c00000| Complete 
| 333|0x0000000094d00000, 0x0000000094e00000, 0x0000000094e00000|100%|HS|  |TAMS 0x0000000094d00000| PB 0x0000000094d00000| Complete 
| 334|0x0000000094e00000, 0x0000000094f00000, 0x0000000094f00000|100%|HC|  |TAMS 0x0000000094e00000| PB 0x0000000094e00000| Complete 
| 335|0x0000000094f00000, 0x0000000095000000, 0x0000000095000000|100%|HS|  |TAMS 0x0000000094f00000| PB 0x0000000094f00000| Complete 
| 336|0x0000000095000000, 0x0000000095100000, 0x0000000095100000|100%|HC|  |TAMS 0x0000000095000000| PB 0x0000000095000000| Complete 
| 337|0x0000000095100000, 0x0000000095200000, 0x0000000095200000|100%|HS|  |TAMS 0x0000000095100000| PB 0x0000000095100000| Complete 
| 338|0x0000000095200000, 0x0000000095300000, 0x0000000095300000|100%|HC|  |TAMS 0x0000000095200000| PB 0x0000000095200000| Complete 
| 339|0x0000000095300000, 0x0000000095300000, 0x0000000095400000|  0%| F|  |TAMS 0x0000000095300000| PB 0x0000000095300000| Untracked 
| 340|0x0000000095400000, 0x0000000095500000, 0x0000000095500000|100%| S|CS|TAMS 0x0000000095400000| PB 0x0000000095400000| Complete 
| 341|0x0000000095500000, 0x0000000095600000, 0x0000000095600000|100%| S|CS|TAMS 0x0000000095500000| PB 0x0000000095500000| Complete 
| 342|0x0000000095600000, 0x0000000095700000, 0x0000000095700000|100%| S|CS|TAMS 0x0000000095600000| PB 0x0000000095600000| Complete 
| 343|0x0000000095700000, 0x0000000095800000, 0x0000000095800000|100%| S|CS|TAMS 0x0000000095700000| PB 0x0000000095700000| Complete 
| 344|0x0000000095800000, 0x0000000095900000, 0x0000000095900000|100%| S|CS|TAMS 0x0000000095800000| PB 0x0000000095800000| Complete 
| 345|0x0000000095900000, 0x0000000095a00000, 0x0000000095a00000|100%| S|CS|TAMS 0x0000000095900000| PB 0x0000000095900000| Complete 
| 346|0x0000000095a00000, 0x0000000095b00000, 0x0000000095b00000|100%| S|CS|TAMS 0x0000000095a00000| PB 0x0000000095a00000| Complete 
| 347|0x0000000095b00000, 0x0000000095c00000, 0x0000000095c00000|100%| S|CS|TAMS 0x0000000095b00000| PB 0x0000000095b00000| Complete 
| 348|0x0000000095c00000, 0x0000000095d00000, 0x0000000095d00000|100%| S|CS|TAMS 0x0000000095c00000| PB 0x0000000095c00000| Complete 
| 349|0x0000000095d00000, 0x0000000095e00000, 0x0000000095e00000|100%| S|CS|TAMS 0x0000000095d00000| PB 0x0000000095d00000| Complete 
| 350|0x0000000095e00000, 0x0000000095f00000, 0x0000000095f00000|100%| S|CS|TAMS 0x0000000095e00000| PB 0x0000000095e00000| Complete 
| 351|0x0000000095f00000, 0x0000000096000000, 0x0000000096000000|100%| S|CS|TAMS 0x0000000095f00000| PB 0x0000000095f00000| Complete 
| 352|0x0000000096000000, 0x0000000096100000, 0x0000000096100000|100%| S|CS|TAMS 0x0000000096000000| PB 0x0000000096000000| Complete 
| 353|0x0000000096100000, 0x0000000096200000, 0x0000000096200000|100%| S|CS|TAMS 0x0000000096100000| PB 0x0000000096100000| Complete 
| 354|0x0000000096200000, 0x0000000096300000, 0x0000000096300000|100%|HS|  |TAMS 0x0000000096200000| PB 0x0000000096200000| Complete 
| 355|0x0000000096300000, 0x0000000096400000, 0x0000000096400000|100%|HC|  |TAMS 0x0000000096300000| PB 0x0000000096300000| Complete 
| 356|0x0000000096400000, 0x0000000096500000, 0x0000000096500000|100%|HS|  |TAMS 0x0000000096400000| PB 0x0000000096400000| Complete 
| 357|0x0000000096500000, 0x0000000096600000, 0x0000000096600000|100%|HC|  |TAMS 0x0000000096500000| PB 0x0000000096500000| Complete 
| 358|0x0000000096600000, 0x0000000096700000, 0x0000000096700000|100%|HS|  |TAMS 0x0000000096600000| PB 0x0000000096600000| Complete 
| 359|0x0000000096700000, 0x0000000096800000, 0x0000000096800000|100%|HC|  |TAMS 0x0000000096700000| PB 0x0000000096700000| Complete 
| 360|0x0000000096800000, 0x0000000096900000, 0x0000000096900000|100%|HS|  |TAMS 0x0000000096800000| PB 0x0000000096800000| Complete 
| 361|0x0000000096900000, 0x0000000096a00000, 0x0000000096a00000|100%|HC|  |TAMS 0x0000000096900000| PB 0x0000000096900000| Complete 
| 362|0x0000000096a00000, 0x0000000096b00000, 0x0000000096b00000|100%|HS|  |TAMS 0x0000000096a00000| PB 0x0000000096a00000| Complete 
| 363|0x0000000096b00000, 0x0000000096c00000, 0x0000000096c00000|100%|HC|  |TAMS 0x0000000096b00000| PB 0x0000000096b00000| Complete 
| 364|0x0000000096c00000, 0x0000000096d00000, 0x0000000096d00000|100%|HS|  |TAMS 0x0000000096c00000| PB 0x0000000096c00000| Complete 
| 365|0x0000000096d00000, 0x0000000096e00000, 0x0000000096e00000|100%|HC|  |TAMS 0x0000000096d00000| PB 0x0000000096d00000| Complete 
| 366|0x0000000096e00000, 0x0000000096f00000, 0x0000000096f00000|100%|HS|  |TAMS 0x0000000096e00000| PB 0x0000000096e00000| Complete 
| 367|0x0000000096f00000, 0x0000000097000000, 0x0000000097000000|100%|HC|  |TAMS 0x0000000096f00000| PB 0x0000000096f00000| Complete 
| 368|0x0000000097000000, 0x0000000097100000, 0x0000000097100000|100%|HS|  |TAMS 0x0000000097000000| PB 0x0000000097000000| Complete 
| 369|0x0000000097100000, 0x0000000097200000, 0x0000000097200000|100%|HC|  |TAMS 0x0000000097100000| PB 0x0000000097100000| Complete 
| 370|0x0000000097200000, 0x0000000097300000, 0x0000000097300000|100%|HS|  |TAMS 0x0000000097200000| PB 0x0000000097200000| Complete 
| 371|0x0000000097300000, 0x0000000097400000, 0x0000000097400000|100%|HC|  |TAMS 0x0000000097300000| PB 0x0000000097300000| Complete 
| 372|0x0000000097400000, 0x0000000097500000, 0x0000000097500000|100%|HS|  |TAMS 0x0000000097400000| PB 0x0000000097400000| Complete 
| 373|0x0000000097500000, 0x0000000097600000, 0x0000000097600000|100%|HC|  |TAMS 0x0000000097500000| PB 0x0000000097500000| Complete 
| 374|0x0000000097600000, 0x0000000097700000, 0x0000000097700000|100%|HS|  |TAMS 0x0000000097600000| PB 0x0000000097600000| Complete 
| 375|0x0000000097700000, 0x0000000097800000, 0x0000000097800000|100%|HC|  |TAMS 0x0000000097700000| PB 0x0000000097700000| Complete 
| 376|0x0000000097800000, 0x0000000097900000, 0x0000000097900000|100%|HS|  |TAMS 0x0000000097800000| PB 0x0000000097800000| Complete 
| 377|0x0000000097900000, 0x0000000097a00000, 0x0000000097a00000|100%|HC|  |TAMS 0x0000000097900000| PB 0x0000000097900000| Complete 
| 378|0x0000000097a00000, 0x0000000097b00000, 0x0000000097b00000|100%|HS|  |TAMS 0x0000000097a00000| PB 0x0000000097a00000| Complete 
| 379|0x0000000097b00000, 0x0000000097c00000, 0x0000000097c00000|100%|HC|  |TAMS 0x0000000097b00000| PB 0x0000000097b00000| Complete 
| 380|0x0000000097c00000, 0x0000000097d00000, 0x0000000097d00000|100%|HS|  |TAMS 0x0000000097c00000| PB 0x0000000097c00000| Complete 
| 381|0x0000000097d00000, 0x0000000097e00000, 0x0000000097e00000|100%|HC|  |TAMS 0x0000000097d00000| PB 0x0000000097d00000| Complete 
| 382|0x0000000097e00000, 0x0000000097f00000, 0x0000000097f00000|100%|HS|  |TAMS 0x0000000097e00000| PB 0x0000000097e00000| Complete 
| 383|0x0000000097f00000, 0x0000000098000000, 0x0000000098000000|100%|HC|  |TAMS 0x0000000097f00000| PB 0x0000000097f00000| Complete 
| 384|0x0000000098000000, 0x0000000098100000, 0x0000000098100000|100%|HS|  |TAMS 0x0000000098000000| PB 0x0000000098000000| Complete 
| 385|0x0000000098100000, 0x0000000098200000, 0x0000000098200000|100%|HC|  |TAMS 0x0000000098100000| PB 0x0000000098100000| Complete 
| 386|0x0000000098200000, 0x0000000098300000, 0x0000000098300000|100%|HS|  |TAMS 0x0000000098200000| PB 0x0000000098200000| Complete 
| 387|0x0000000098300000, 0x0000000098400000, 0x0000000098400000|100%|HC|  |TAMS 0x0000000098300000| PB 0x0000000098300000| Complete 
| 388|0x0000000098400000, 0x0000000098500000, 0x0000000098500000|100%|HS|  |TAMS 0x0000000098400000| PB 0x0000000098400000| Complete 
| 389|0x0000000098500000, 0x0000000098600000, 0x0000000098600000|100%|HC|  |TAMS 0x0000000098500000| PB 0x0000000098500000| Complete 
| 390|0x0000000098600000, 0x0000000098700000, 0x0000000098700000|100%|HS|  |TAMS 0x0000000098600000| PB 0x0000000098600000| Complete 
| 391|0x0000000098700000, 0x0000000098800000, 0x0000000098800000|100%|HC|  |TAMS 0x0000000098700000| PB 0x0000000098700000| Complete 
| 392|0x0000000098800000, 0x0000000098900000, 0x0000000098900000|100%|HS|  |TAMS 0x0000000098800000| PB 0x0000000098800000| Complete 
| 393|0x0000000098900000, 0x0000000098a00000, 0x0000000098a00000|100%|HC|  |TAMS 0x0000000098900000| PB 0x0000000098900000| Complete 
| 394|0x0000000098a00000, 0x0000000098b00000, 0x0000000098b00000|100%|HS|  |TAMS 0x0000000098a00000| PB 0x0000000098a00000| Complete 
| 395|0x0000000098b00000, 0x0000000098c00000, 0x0000000098c00000|100%|HC|  |TAMS 0x0000000098b00000| PB 0x0000000098b00000| Complete 
| 396|0x0000000098c00000, 0x0000000098d00000, 0x0000000098d00000|100%|HS|  |TAMS 0x0000000098c00000| PB 0x0000000098c00000| Complete 
| 397|0x0000000098d00000, 0x0000000098e00000, 0x0000000098e00000|100%|HC|  |TAMS 0x0000000098d00000| PB 0x0000000098d00000| Complete 
| 398|0x0000000098e00000, 0x0000000098f00000, 0x0000000098f00000|100%|HS|  |TAMS 0x0000000098e00000| PB 0x0000000098e00000| Complete 
| 399|0x0000000098f00000, 0x0000000099000000, 0x0000000099000000|100%|HC|  |TAMS 0x0000000098f00000| PB 0x0000000098f00000| Complete 
| 400|0x0000000099000000, 0x0000000099100000, 0x0000000099100000|100%|HS|  |TAMS 0x0000000099000000| PB 0x0000000099000000| Complete 
| 401|0x0000000099100000, 0x0000000099200000, 0x0000000099200000|100%|HC|  |TAMS 0x0000000099100000| PB 0x0000000099100000| Complete 
| 402|0x0000000099200000, 0x0000000099300000, 0x0000000099300000|100%|HS|  |TAMS 0x0000000099200000| PB 0x0000000099200000| Complete 
| 403|0x0000000099300000, 0x0000000099400000, 0x0000000099400000|100%|HC|  |TAMS 0x0000000099300000| PB 0x0000000099300000| Complete 
| 404|0x0000000099400000, 0x0000000099500000, 0x0000000099500000|100%|HS|  |TAMS 0x0000000099400000| PB 0x0000000099400000| Complete 
| 405|0x0000000099500000, 0x0000000099600000, 0x0000000099600000|100%|HC|  |TAMS 0x0000000099500000| PB 0x0000000099500000| Complete 
| 406|0x0000000099600000, 0x0000000099700000, 0x0000000099700000|100%|HS|  |TAMS 0x0000000099600000| PB 0x0000000099600000| Complete 
| 407|0x0000000099700000, 0x0000000099800000, 0x0000000099800000|100%|HC|  |TAMS 0x0000000099700000| PB 0x0000000099700000| Complete 
| 408|0x0000000099800000, 0x0000000099900000, 0x0000000099900000|100%|HS|  |TAMS 0x0000000099800000| PB 0x0000000099800000| Complete 
| 409|0x0000000099900000, 0x0000000099a00000, 0x0000000099a00000|100%|HC|  |TAMS 0x0000000099900000| PB 0x0000000099900000| Complete 
| 410|0x0000000099a00000, 0x0000000099b00000, 0x0000000099b00000|100%|HS|  |TAMS 0x0000000099a00000| PB 0x0000000099a00000| Complete 
| 411|0x0000000099b00000, 0x0000000099c00000, 0x0000000099c00000|100%|HC|  |TAMS 0x0000000099b00000| PB 0x0000000099b00000| Complete 
| 412|0x0000000099c00000, 0x0000000099d00000, 0x0000000099d00000|100%|HS|  |TAMS 0x0000000099c00000| PB 0x0000000099c00000| Complete 
| 413|0x0000000099d00000, 0x0000000099e00000, 0x0000000099e00000|100%|HC|  |TAMS 0x0000000099d00000| PB 0x0000000099d00000| Complete 
| 414|0x0000000099e00000, 0x0000000099f00000, 0x0000000099f00000|100%|HS|  |TAMS 0x0000000099e00000| PB 0x0000000099e00000| Complete 
| 415|0x0000000099f00000, 0x000000009a000000, 0x000000009a000000|100%|HC|  |TAMS 0x0000000099f00000| PB 0x0000000099f00000| Complete 
| 416|0x000000009a000000, 0x000000009a100000, 0x000000009a100000|100%|HS|  |TAMS 0x000000009a000000| PB 0x000000009a000000| Complete 
| 417|0x000000009a100000, 0x000000009a200000, 0x000000009a200000|100%|HC|  |TAMS 0x000000009a100000| PB 0x000000009a100000| Complete 
| 418|0x000000009a200000, 0x000000009a300000, 0x000000009a300000|100%|HS|  |TAMS 0x000000009a200000| PB 0x000000009a200000| Complete 
| 419|0x000000009a300000, 0x000000009a400000, 0x000000009a400000|100%|HC|  |TAMS 0x000000009a300000| PB 0x000000009a300000| Complete 
| 420|0x000000009a400000, 0x000000009a500000, 0x000000009a500000|100%|HS|  |TAMS 0x000000009a400000| PB 0x000000009a400000| Complete 
| 421|0x000000009a500000, 0x000000009a600000, 0x000000009a600000|100%|HC|  |TAMS 0x000000009a500000| PB 0x000000009a500000| Complete 
| 422|0x000000009a600000, 0x000000009a700000, 0x000000009a700000|100%|HS|  |TAMS 0x000000009a600000| PB 0x000000009a600000| Complete 
| 423|0x000000009a700000, 0x000000009a800000, 0x000000009a800000|100%|HC|  |TAMS 0x000000009a700000| PB 0x000000009a700000| Complete 
| 424|0x000000009a800000, 0x000000009a900000, 0x000000009a900000|100%|HS|  |TAMS 0x000000009a800000| PB 0x000000009a800000| Complete 
| 425|0x000000009a900000, 0x000000009aa00000, 0x000000009aa00000|100%|HC|  |TAMS 0x000000009a900000| PB 0x000000009a900000| Complete 
| 426|0x000000009aa00000, 0x000000009ab00000, 0x000000009ab00000|100%|HS|  |TAMS 0x000000009aa00000| PB 0x000000009aa00000| Complete 
| 427|0x000000009ab00000, 0x000000009ac00000, 0x000000009ac00000|100%|HC|  |TAMS 0x000000009ab00000| PB 0x000000009ab00000| Complete 
| 428|0x000000009ac00000, 0x000000009ad00000, 0x000000009ad00000|100%|HS|  |TAMS 0x000000009ac00000| PB 0x000000009ac00000| Complete 
| 429|0x000000009ad00000, 0x000000009ae00000, 0x000000009ae00000|100%|HC|  |TAMS 0x000000009ad00000| PB 0x000000009ad00000| Complete 
| 430|0x000000009ae00000, 0x000000009af00000, 0x000000009af00000|100%|HS|  |TAMS 0x000000009ae00000| PB 0x000000009ae00000| Complete 
| 431|0x000000009af00000, 0x000000009b000000, 0x000000009b000000|100%|HC|  |TAMS 0x000000009af00000| PB 0x000000009af00000| Complete 
| 432|0x000000009b000000, 0x000000009b100000, 0x000000009b100000|100%|HS|  |TAMS 0x000000009b000000| PB 0x000000009b000000| Complete 
| 433|0x000000009b100000, 0x000000009b200000, 0x000000009b200000|100%|HC|  |TAMS 0x000000009b100000| PB 0x000000009b100000| Complete 
| 434|0x000000009b200000, 0x000000009b300000, 0x000000009b300000|100%|HS|  |TAMS 0x000000009b200000| PB 0x000000009b200000| Complete 
| 435|0x000000009b300000, 0x000000009b400000, 0x000000009b400000|100%|HC|  |TAMS 0x000000009b300000| PB 0x000000009b300000| Complete 
| 436|0x000000009b400000, 0x000000009b500000, 0x000000009b500000|100%|HS|  |TAMS 0x000000009b400000| PB 0x000000009b400000| Complete 
| 437|0x000000009b500000, 0x000000009b600000, 0x000000009b600000|100%|HC|  |TAMS 0x000000009b500000| PB 0x000000009b500000| Complete 
| 438|0x000000009b600000, 0x000000009b700000, 0x000000009b700000|100%|HS|  |TAMS 0x000000009b600000| PB 0x000000009b600000| Complete 
| 439|0x000000009b700000, 0x000000009b800000, 0x000000009b800000|100%|HC|  |TAMS 0x000000009b700000| PB 0x000000009b700000| Complete 
| 440|0x000000009b800000, 0x000000009b900000, 0x000000009b900000|100%|HS|  |TAMS 0x000000009b800000| PB 0x000000009b800000| Complete 
| 441|0x000000009b900000, 0x000000009ba00000, 0x000000009ba00000|100%|HC|  |TAMS 0x000000009b900000| PB 0x000000009b900000| Complete 
| 442|0x000000009ba00000, 0x000000009bb00000, 0x000000009bb00000|100%|HS|  |TAMS 0x000000009ba00000| PB 0x000000009ba00000| Complete 
| 443|0x000000009bb00000, 0x000000009bc00000, 0x000000009bc00000|100%|HC|  |TAMS 0x000000009bb00000| PB 0x000000009bb00000| Complete 
| 444|0x000000009bc00000, 0x000000009bd00000, 0x000000009bd00000|100%|HS|  |TAMS 0x000000009bc00000| PB 0x000000009bc00000| Complete 
| 445|0x000000009bd00000, 0x000000009be00000, 0x000000009be00000|100%|HC|  |TAMS 0x000000009bd00000| PB 0x000000009bd00000| Complete 
| 446|0x000000009be00000, 0x000000009bf00000, 0x000000009bf00000|100%|HS|  |TAMS 0x000000009be00000| PB 0x000000009be00000| Complete 
| 447|0x000000009bf00000, 0x000000009c000000, 0x000000009c000000|100%|HC|  |TAMS 0x000000009bf00000| PB 0x000000009bf00000| Complete 
| 448|0x000000009c000000, 0x000000009c100000, 0x000000009c100000|100%|HS|  |TAMS 0x000000009c000000| PB 0x000000009c000000| Complete 
| 449|0x000000009c100000, 0x000000009c200000, 0x000000009c200000|100%|HC|  |TAMS 0x000000009c100000| PB 0x000000009c100000| Complete 
| 450|0x000000009c200000, 0x000000009c300000, 0x000000009c300000|100%|HS|  |TAMS 0x000000009c200000| PB 0x000000009c200000| Complete 
| 451|0x000000009c300000, 0x000000009c400000, 0x000000009c400000|100%|HC|  |TAMS 0x000000009c300000| PB 0x000000009c300000| Complete 
| 452|0x000000009c400000, 0x000000009c500000, 0x000000009c500000|100%|HS|  |TAMS 0x000000009c400000| PB 0x000000009c400000| Complete 
| 453|0x000000009c500000, 0x000000009c600000, 0x000000009c600000|100%|HC|  |TAMS 0x000000009c500000| PB 0x000000009c500000| Complete 
| 454|0x000000009c600000, 0x000000009c700000, 0x000000009c700000|100%|HS|  |TAMS 0x000000009c600000| PB 0x000000009c600000| Complete 
| 455|0x000000009c700000, 0x000000009c800000, 0x000000009c800000|100%|HC|  |TAMS 0x000000009c700000| PB 0x000000009c700000| Complete 
| 456|0x000000009c800000, 0x000000009c900000, 0x000000009c900000|100%|HS|  |TAMS 0x000000009c800000| PB 0x000000009c800000| Complete 
| 457|0x000000009c900000, 0x000000009ca00000, 0x000000009ca00000|100%|HC|  |TAMS 0x000000009c900000| PB 0x000000009c900000| Complete 
| 458|0x000000009ca00000, 0x000000009cb00000, 0x000000009cb00000|100%|HS|  |TAMS 0x000000009ca00000| PB 0x000000009ca00000| Complete 
| 459|0x000000009cb00000, 0x000000009cc00000, 0x000000009cc00000|100%|HC|  |TAMS 0x000000009cb00000| PB 0x000000009cb00000| Complete 
| 460|0x000000009cc00000, 0x000000009cd00000, 0x000000009cd00000|100%|HS|  |TAMS 0x000000009cc00000| PB 0x000000009cc00000| Complete 
| 461|0x000000009cd00000, 0x000000009ce00000, 0x000000009ce00000|100%|HC|  |TAMS 0x000000009cd00000| PB 0x000000009cd00000| Complete 
| 462|0x000000009ce00000, 0x000000009cf00000, 0x000000009cf00000|100%|HS|  |TAMS 0x000000009ce00000| PB 0x000000009ce00000| Complete 
| 463|0x000000009cf00000, 0x000000009d000000, 0x000000009d000000|100%|HC|  |TAMS 0x000000009cf00000| PB 0x000000009cf00000| Complete 
| 464|0x000000009d000000, 0x000000009d100000, 0x000000009d100000|100%|HS|  |TAMS 0x000000009d000000| PB 0x000000009d000000| Complete 
| 465|0x000000009d100000, 0x000000009d200000, 0x000000009d200000|100%|HC|  |TAMS 0x000000009d100000| PB 0x000000009d100000| Complete 
| 466|0x000000009d200000, 0x000000009d300000, 0x000000009d300000|100%|HS|  |TAMS 0x000000009d200000| PB 0x000000009d200000| Complete 
| 467|0x000000009d300000, 0x000000009d400000, 0x000000009d400000|100%|HC|  |TAMS 0x000000009d300000| PB 0x000000009d300000| Complete 
| 468|0x000000009d400000, 0x000000009d500000, 0x000000009d500000|100%|HS|  |TAMS 0x000000009d400000| PB 0x000000009d400000| Complete 
| 469|0x000000009d500000, 0x000000009d600000, 0x000000009d600000|100%|HC|  |TAMS 0x000000009d500000| PB 0x000000009d500000| Complete 
| 470|0x000000009d600000, 0x000000009d700000, 0x000000009d700000|100%|HS|  |TAMS 0x000000009d600000| PB 0x000000009d600000| Complete 
| 471|0x000000009d700000, 0x000000009d800000, 0x000000009d800000|100%|HC|  |TAMS 0x000000009d700000| PB 0x000000009d700000| Complete 
| 472|0x000000009d800000, 0x000000009d900000, 0x000000009d900000|100%|HS|  |TAMS 0x000000009d800000| PB 0x000000009d800000| Complete 
| 473|0x000000009d900000, 0x000000009da00000, 0x000000009da00000|100%|HC|  |TAMS 0x000000009d900000| PB 0x000000009d900000| Complete 
| 474|0x000000009da00000, 0x000000009db00000, 0x000000009db00000|100%|HS|  |TAMS 0x000000009da00000| PB 0x000000009da00000| Complete 
| 475|0x000000009db00000, 0x000000009dc00000, 0x000000009dc00000|100%|HC|  |TAMS 0x000000009db00000| PB 0x000000009db00000| Complete 
| 476|0x000000009dc00000, 0x000000009dcebb48, 0x000000009dd00000| 92%| E|  |TAMS 0x000000009dc00000| PB 0x000000009dc00000| Complete 
| 477|0x000000009dd00000, 0x000000009de00000, 0x000000009de00000|100%| E|CS|TAMS 0x000000009dd00000| PB 0x000000009dd00000| Complete 
| 478|0x000000009de00000, 0x000000009df00000, 0x000000009df00000|100%| E|CS|TAMS 0x000000009de00000| PB 0x000000009de00000| Complete 
| 479|0x000000009df00000, 0x000000009e000000, 0x000000009e000000|100%| E|CS|TAMS 0x000000009df00000| PB 0x000000009df00000| Complete 
| 480|0x000000009e000000, 0x000000009e100000, 0x000000009e100000|100%| E|CS|TAMS 0x000000009e000000| PB 0x000000009e000000| Complete 
| 481|0x000000009e100000, 0x000000009e200000, 0x000000009e200000|100%| E|CS|TAMS 0x000000009e100000| PB 0x000000009e100000| Complete 
| 482|0x000000009e200000, 0x000000009e300000, 0x000000009e300000|100%| E|CS|TAMS 0x000000009e200000| PB 0x000000009e200000| Complete 
| 483|0x000000009e300000, 0x000000009e400000, 0x000000009e400000|100%| E|CS|TAMS 0x000000009e300000| PB 0x000000009e300000| Complete 
| 484|0x000000009e400000, 0x000000009e500000, 0x000000009e500000|100%| E|CS|TAMS 0x000000009e400000| PB 0x000000009e400000| Complete 
| 485|0x000000009e500000, 0x000000009e600000, 0x000000009e600000|100%| E|CS|TAMS 0x000000009e500000| PB 0x000000009e500000| Complete 
| 486|0x000000009e600000, 0x000000009e700000, 0x000000009e700000|100%| E|CS|TAMS 0x000000009e600000| PB 0x000000009e600000| Complete 
| 487|0x000000009e700000, 0x000000009e800000, 0x000000009e800000|100%| E|CS|TAMS 0x000000009e700000| PB 0x000000009e700000| Complete 
| 488|0x000000009e800000, 0x000000009e900000, 0x000000009e900000|100%| E|CS|TAMS 0x000000009e800000| PB 0x000000009e800000| Complete 
| 489|0x000000009e900000, 0x000000009ea00000, 0x000000009ea00000|100%| E|CS|TAMS 0x000000009e900000| PB 0x000000009e900000| Complete 
| 490|0x000000009ea00000, 0x000000009eb00000, 0x000000009eb00000|100%| E|CS|TAMS 0x000000009ea00000| PB 0x000000009ea00000| Complete 
| 491|0x000000009eb00000, 0x000000009ec00000, 0x000000009ec00000|100%| E|CS|TAMS 0x000000009eb00000| PB 0x000000009eb00000| Complete 
| 492|0x000000009ec00000, 0x000000009ed00000, 0x000000009ed00000|100%| E|CS|TAMS 0x000000009ec00000| PB 0x000000009ec00000| Complete 
| 493|0x000000009ed00000, 0x000000009ee00000, 0x000000009ee00000|100%| E|CS|TAMS 0x000000009ed00000| PB 0x000000009ed00000| Complete 
| 494|0x000000009ee00000, 0x000000009ef00000, 0x000000009ef00000|100%| E|CS|TAMS 0x000000009ee00000| PB 0x000000009ee00000| Complete 
| 495|0x000000009ef00000, 0x000000009f000000, 0x000000009f000000|100%| E|CS|TAMS 0x000000009ef00000| PB 0x000000009ef00000| Complete 
| 496|0x000000009f000000, 0x000000009f100000, 0x000000009f100000|100%| E|CS|TAMS 0x000000009f000000| PB 0x000000009f000000| Complete 
| 497|0x000000009f100000, 0x000000009f200000, 0x000000009f200000|100%| E|CS|TAMS 0x000000009f100000| PB 0x000000009f100000| Complete 
| 498|0x000000009f200000, 0x000000009f300000, 0x000000009f300000|100%| E|CS|TAMS 0x000000009f200000| PB 0x000000009f200000| Complete 
| 499|0x000000009f300000, 0x000000009f400000, 0x000000009f400000|100%| E|CS|TAMS 0x000000009f300000| PB 0x000000009f300000| Complete 
| 500|0x000000009f400000, 0x000000009f500000, 0x000000009f500000|100%| E|CS|TAMS 0x000000009f400000| PB 0x000000009f400000| Complete 
| 501|0x000000009f500000, 0x000000009f600000, 0x000000009f600000|100%| E|CS|TAMS 0x000000009f500000| PB 0x000000009f500000| Complete 
| 502|0x000000009f600000, 0x000000009f700000, 0x000000009f700000|100%| E|CS|TAMS 0x000000009f600000| PB 0x000000009f600000| Complete 
| 503|0x000000009f700000, 0x000000009f800000, 0x000000009f800000|100%| E|CS|TAMS 0x000000009f700000| PB 0x000000009f700000| Complete 
| 504|0x000000009f800000, 0x000000009f900000, 0x000000009f900000|100%| E|CS|TAMS 0x000000009f800000| PB 0x000000009f800000| Complete 
| 505|0x000000009f900000, 0x000000009fa00000, 0x000000009fa00000|100%| E|CS|TAMS 0x000000009f900000| PB 0x000000009f900000| Complete 
| 506|0x000000009fa00000, 0x000000009fb00000, 0x000000009fb00000|100%| E|CS|TAMS 0x000000009fa00000| PB 0x000000009fa00000| Complete 
| 507|0x000000009fb00000, 0x000000009fc00000, 0x000000009fc00000|100%| E|CS|TAMS 0x000000009fb00000| PB 0x000000009fb00000| Complete 
| 508|0x000000009fc00000, 0x000000009fd00000, 0x000000009fd00000|100%| E|CS|TAMS 0x000000009fc00000| PB 0x000000009fc00000| Complete 
| 509|0x000000009fd00000, 0x000000009fe00000, 0x000000009fe00000|100%| E|CS|TAMS 0x000000009fd00000| PB 0x000000009fd00000| Complete 
| 510|0x000000009fe00000, 0x000000009ff00000, 0x000000009ff00000|100%| E|CS|TAMS 0x000000009fe00000| PB 0x000000009fe00000| Complete 
| 511|0x000000009ff00000, 0x00000000a0000000, 0x00000000a0000000|100%| E|CS|TAMS 0x000000009ff00000| PB 0x000000009ff00000| Complete 
| 512|0x00000000a0000000, 0x00000000a0100000, 0x00000000a0100000|100%| E|CS|TAMS 0x00000000a0000000| PB 0x00000000a0000000| Complete 
| 513|0x00000000a0100000, 0x00000000a0200000, 0x00000000a0200000|100%| E|CS|TAMS 0x00000000a0100000| PB 0x00000000a0100000| Complete 
| 514|0x00000000a0200000, 0x00000000a0300000, 0x00000000a0300000|100%| E|CS|TAMS 0x00000000a0200000| PB 0x00000000a0200000| Complete 
| 515|0x00000000a0300000, 0x00000000a0400000, 0x00000000a0400000|100%| E|CS|TAMS 0x00000000a0300000| PB 0x00000000a0300000| Complete 
| 516|0x00000000a0400000, 0x00000000a0500000, 0x00000000a0500000|100%| E|CS|TAMS 0x00000000a0400000| PB 0x00000000a0400000| Complete 
| 517|0x00000000a0500000, 0x00000000a0600000, 0x00000000a0600000|100%| E|CS|TAMS 0x00000000a0500000| PB 0x00000000a0500000| Complete 
| 518|0x00000000a0600000, 0x00000000a0700000, 0x00000000a0700000|100%| E|CS|TAMS 0x00000000a0600000| PB 0x00000000a0600000| Complete 
| 519|0x00000000a0700000, 0x00000000a0800000, 0x00000000a0800000|100%| E|CS|TAMS 0x00000000a0700000| PB 0x00000000a0700000| Complete 
| 520|0x00000000a0800000, 0x00000000a0900000, 0x00000000a0900000|100%| E|CS|TAMS 0x00000000a0800000| PB 0x00000000a0800000| Complete 
| 521|0x00000000a0900000, 0x00000000a0a00000, 0x00000000a0a00000|100%| E|CS|TAMS 0x00000000a0900000| PB 0x00000000a0900000| Complete 
| 522|0x00000000a0a00000, 0x00000000a0b00000, 0x00000000a0b00000|100%| E|CS|TAMS 0x00000000a0a00000| PB 0x00000000a0a00000| Complete 
| 523|0x00000000a0b00000, 0x00000000a0c00000, 0x00000000a0c00000|100%| E|CS|TAMS 0x00000000a0b00000| PB 0x00000000a0b00000| Complete 
| 524|0x00000000a0c00000, 0x00000000a0d00000, 0x00000000a0d00000|100%| E|CS|TAMS 0x00000000a0c00000| PB 0x00000000a0c00000| Complete 
| 525|0x00000000a0d00000, 0x00000000a0e00000, 0x00000000a0e00000|100%| E|CS|TAMS 0x00000000a0d00000| PB 0x00000000a0d00000| Complete 
| 526|0x00000000a0e00000, 0x00000000a0f00000, 0x00000000a0f00000|100%| E|CS|TAMS 0x00000000a0e00000| PB 0x00000000a0e00000| Complete 
| 527|0x00000000a0f00000, 0x00000000a1000000, 0x00000000a1000000|100%| E|CS|TAMS 0x00000000a0f00000| PB 0x00000000a0f00000| Complete 
| 528|0x00000000a1000000, 0x00000000a1100000, 0x00000000a1100000|100%| E|CS|TAMS 0x00000000a1000000| PB 0x00000000a1000000| Complete 
| 529|0x00000000a1100000, 0x00000000a1200000, 0x00000000a1200000|100%| E|  |TAMS 0x00000000a1100000| PB 0x00000000a1100000| Complete 
| 530|0x00000000a1200000, 0x00000000a1300000, 0x00000000a1300000|100%| E|CS|TAMS 0x00000000a1200000| PB 0x00000000a1200000| Complete 
| 531|0x00000000a1300000, 0x00000000a1400000, 0x00000000a1400000|100%| E|CS|TAMS 0x00000000a1300000| PB 0x00000000a1300000| Complete 
| 532|0x00000000a1400000, 0x00000000a1500000, 0x00000000a1500000|100%| E|CS|TAMS 0x00000000a1400000| PB 0x00000000a1400000| Complete 
| 533|0x00000000a1500000, 0x00000000a1600000, 0x00000000a1600000|100%| E|CS|TAMS 0x00000000a1500000| PB 0x00000000a1500000| Complete 
| 534|0x00000000a1600000, 0x00000000a1700000, 0x00000000a1700000|100%| E|CS|TAMS 0x00000000a1600000| PB 0x00000000a1600000| Complete 
| 535|0x00000000a1700000, 0x00000000a1800000, 0x00000000a1800000|100%| E|CS|TAMS 0x00000000a1700000| PB 0x00000000a1700000| Complete 
| 536|0x00000000a1800000, 0x00000000a1900000, 0x00000000a1900000|100%| E|CS|TAMS 0x00000000a1800000| PB 0x00000000a1800000| Complete 
| 537|0x00000000a1900000, 0x00000000a1a00000, 0x00000000a1a00000|100%| E|CS|TAMS 0x00000000a1900000| PB 0x00000000a1900000| Complete 
| 538|0x00000000a1a00000, 0x00000000a1b00000, 0x00000000a1b00000|100%| E|CS|TAMS 0x00000000a1a00000| PB 0x00000000a1a00000| Complete 
| 539|0x00000000a1b00000, 0x00000000a1c00000, 0x00000000a1c00000|100%| E|CS|TAMS 0x00000000a1b00000| PB 0x00000000a1b00000| Complete 
| 540|0x00000000a1c00000, 0x00000000a1d00000, 0x00000000a1d00000|100%| E|CS|TAMS 0x00000000a1c00000| PB 0x00000000a1c00000| Complete 
| 541|0x00000000a1d00000, 0x00000000a1e00000, 0x00000000a1e00000|100%| E|CS|TAMS 0x00000000a1d00000| PB 0x00000000a1d00000| Complete 
| 542|0x00000000a1e00000, 0x00000000a1f00000, 0x00000000a1f00000|100%| E|CS|TAMS 0x00000000a1e00000| PB 0x00000000a1e00000| Complete 
| 543|0x00000000a1f00000, 0x00000000a2000000, 0x00000000a2000000|100%| E|CS|TAMS 0x00000000a1f00000| PB 0x00000000a1f00000| Complete 
| 544|0x00000000a2000000, 0x00000000a2100000, 0x00000000a2100000|100%| E|CS|TAMS 0x00000000a2000000| PB 0x00000000a2000000| Complete 
| 545|0x00000000a2100000, 0x00000000a2200000, 0x00000000a2200000|100%| E|CS|TAMS 0x00000000a2100000| PB 0x00000000a2100000| Complete 
| 546|0x00000000a2200000, 0x00000000a2300000, 0x00000000a2300000|100%| E|CS|TAMS 0x00000000a2200000| PB 0x00000000a2200000| Complete 
| 547|0x00000000a2300000, 0x00000000a2400000, 0x00000000a2400000|100%| E|CS|TAMS 0x00000000a2300000| PB 0x00000000a2300000| Complete 
| 548|0x00000000a2400000, 0x00000000a2500000, 0x00000000a2500000|100%| E|CS|TAMS 0x00000000a2400000| PB 0x00000000a2400000| Complete 
| 549|0x00000000a2500000, 0x00000000a2600000, 0x00000000a2600000|100%| E|CS|TAMS 0x00000000a2500000| PB 0x00000000a2500000| Complete 
| 550|0x00000000a2600000, 0x00000000a2700000, 0x00000000a2700000|100%| E|CS|TAMS 0x00000000a2600000| PB 0x00000000a2600000| Complete 
| 551|0x00000000a2700000, 0x00000000a2800000, 0x00000000a2800000|100%| E|CS|TAMS 0x00000000a2700000| PB 0x00000000a2700000| Complete 
| 552|0x00000000a2800000, 0x00000000a2900000, 0x00000000a2900000|100%| E|CS|TAMS 0x00000000a2800000| PB 0x00000000a2800000| Complete 
| 553|0x00000000a2900000, 0x00000000a2a00000, 0x00000000a2a00000|100%| E|CS|TAMS 0x00000000a2900000| PB 0x00000000a2900000| Complete 
| 554|0x00000000a2a00000, 0x00000000a2b00000, 0x00000000a2b00000|100%| E|CS|TAMS 0x00000000a2a00000| PB 0x00000000a2a00000| Complete 
| 555|0x00000000a2b00000, 0x00000000a2c00000, 0x00000000a2c00000|100%| E|CS|TAMS 0x00000000a2b00000| PB 0x00000000a2b00000| Complete 
| 556|0x00000000a2c00000, 0x00000000a2d00000, 0x00000000a2d00000|100%| E|CS|TAMS 0x00000000a2c00000| PB 0x00000000a2c00000| Complete 
| 557|0x00000000a2d00000, 0x00000000a2e00000, 0x00000000a2e00000|100%| E|CS|TAMS 0x00000000a2d00000| PB 0x00000000a2d00000| Complete 
| 558|0x00000000a2e00000, 0x00000000a2f00000, 0x00000000a2f00000|100%| E|CS|TAMS 0x00000000a2e00000| PB 0x00000000a2e00000| Complete 
| 559|0x00000000a2f00000, 0x00000000a3000000, 0x00000000a3000000|100%| E|CS|TAMS 0x00000000a2f00000| PB 0x00000000a2f00000| Complete 
| 560|0x00000000a3000000, 0x00000000a3100000, 0x00000000a3100000|100%| E|CS|TAMS 0x00000000a3000000| PB 0x00000000a3000000| Complete 
| 561|0x00000000a3100000, 0x00000000a3200000, 0x00000000a3200000|100%| E|CS|TAMS 0x00000000a3100000| PB 0x00000000a3100000| Complete 
| 562|0x00000000a3200000, 0x00000000a3300000, 0x00000000a3300000|100%| E|CS|TAMS 0x00000000a3200000| PB 0x00000000a3200000| Complete 
| 563|0x00000000a3300000, 0x00000000a3400000, 0x00000000a3400000|100%| E|CS|TAMS 0x00000000a3300000| PB 0x00000000a3300000| Complete 
| 564|0x00000000a3400000, 0x00000000a3500000, 0x00000000a3500000|100%| E|CS|TAMS 0x00000000a3400000| PB 0x00000000a3400000| Complete 
| 565|0x00000000a3500000, 0x00000000a3600000, 0x00000000a3600000|100%| E|CS|TAMS 0x00000000a3500000| PB 0x00000000a3500000| Complete 
| 566|0x00000000a3600000, 0x00000000a3700000, 0x00000000a3700000|100%| E|CS|TAMS 0x00000000a3600000| PB 0x00000000a3600000| Complete 
| 567|0x00000000a3700000, 0x00000000a3800000, 0x00000000a3800000|100%| E|CS|TAMS 0x00000000a3700000| PB 0x00000000a3700000| Complete 
| 568|0x00000000a3800000, 0x00000000a3900000, 0x00000000a3900000|100%| E|CS|TAMS 0x00000000a3800000| PB 0x00000000a3800000| Complete 
| 569|0x00000000a3900000, 0x00000000a3a00000, 0x00000000a3a00000|100%| E|CS|TAMS 0x00000000a3900000| PB 0x00000000a3900000| Complete 
| 570|0x00000000a3a00000, 0x00000000a3b00000, 0x00000000a3b00000|100%| E|CS|TAMS 0x00000000a3a00000| PB 0x00000000a3a00000| Complete 
| 571|0x00000000a3b00000, 0x00000000a3c00000, 0x00000000a3c00000|100%| E|CS|TAMS 0x00000000a3b00000| PB 0x00000000a3b00000| Complete 
| 572|0x00000000a3c00000, 0x00000000a3d00000, 0x00000000a3d00000|100%| E|CS|TAMS 0x00000000a3c00000| PB 0x00000000a3c00000| Complete 
| 573|0x00000000a3d00000, 0x00000000a3e00000, 0x00000000a3e00000|100%| E|CS|TAMS 0x00000000a3d00000| PB 0x00000000a3d00000| Complete 
| 574|0x00000000a3e00000, 0x00000000a3f00000, 0x00000000a3f00000|100%| E|CS|TAMS 0x00000000a3e00000| PB 0x00000000a3e00000| Complete 
| 575|0x00000000a3f00000, 0x00000000a4000000, 0x00000000a4000000|100%| E|CS|TAMS 0x00000000a3f00000| PB 0x00000000a3f00000| Complete 
| 576|0x00000000a4000000, 0x00000000a4100000, 0x00000000a4100000|100%| E|CS|TAMS 0x00000000a4000000| PB 0x00000000a4000000| Complete 
| 577|0x00000000a4100000, 0x00000000a4200000, 0x00000000a4200000|100%| E|CS|TAMS 0x00000000a4100000| PB 0x00000000a4100000| Complete 
| 578|0x00000000a4200000, 0x00000000a4300000, 0x00000000a4300000|100%| E|CS|TAMS 0x00000000a4200000| PB 0x00000000a4200000| Complete 
| 579|0x00000000a4300000, 0x00000000a4400000, 0x00000000a4400000|100%| E|CS|TAMS 0x00000000a4300000| PB 0x00000000a4300000| Complete 
| 580|0x00000000a4400000, 0x00000000a4500000, 0x00000000a4500000|100%| E|CS|TAMS 0x00000000a4400000| PB 0x00000000a4400000| Complete 
| 581|0x00000000a4500000, 0x00000000a4600000, 0x00000000a4600000|100%| E|CS|TAMS 0x00000000a4500000| PB 0x00000000a4500000| Complete 
| 582|0x00000000a4600000, 0x00000000a4700000, 0x00000000a4700000|100%| E|CS|TAMS 0x00000000a4600000| PB 0x00000000a4600000| Complete 
| 583|0x00000000a4700000, 0x00000000a4800000, 0x00000000a4800000|100%| E|CS|TAMS 0x00000000a4700000| PB 0x00000000a4700000| Complete 
| 584|0x00000000a4800000, 0x00000000a4900000, 0x00000000a4900000|100%| E|CS|TAMS 0x00000000a4800000| PB 0x00000000a4800000| Complete 
| 585|0x00000000a4900000, 0x00000000a4a00000, 0x00000000a4a00000|100%| E|CS|TAMS 0x00000000a4900000| PB 0x00000000a4900000| Complete 
| 586|0x00000000a4a00000, 0x00000000a4b00000, 0x00000000a4b00000|100%| E|CS|TAMS 0x00000000a4a00000| PB 0x00000000a4a00000| Complete 
| 587|0x00000000a4b00000, 0x00000000a4c00000, 0x00000000a4c00000|100%| E|CS|TAMS 0x00000000a4b00000| PB 0x00000000a4b00000| Complete 
| 588|0x00000000a4c00000, 0x00000000a4d00000, 0x00000000a4d00000|100%| E|CS|TAMS 0x00000000a4c00000| PB 0x00000000a4c00000| Complete 
| 589|0x00000000a4d00000, 0x00000000a4e00000, 0x00000000a4e00000|100%| E|CS|TAMS 0x00000000a4d00000| PB 0x00000000a4d00000| Complete 
| 590|0x00000000a4e00000, 0x00000000a4f00000, 0x00000000a4f00000|100%| E|CS|TAMS 0x00000000a4e00000| PB 0x00000000a4e00000| Complete 
| 591|0x00000000a4f00000, 0x00000000a5000000, 0x00000000a5000000|100%| E|CS|TAMS 0x00000000a4f00000| PB 0x00000000a4f00000| Complete 
| 592|0x00000000a5000000, 0x00000000a5100000, 0x00000000a5100000|100%| E|CS|TAMS 0x00000000a5000000| PB 0x00000000a5000000| Complete 
| 593|0x00000000a5100000, 0x00000000a5200000, 0x00000000a5200000|100%| E|CS|TAMS 0x00000000a5100000| PB 0x00000000a5100000| Complete 
| 594|0x00000000a5200000, 0x00000000a5300000, 0x00000000a5300000|100%| E|CS|TAMS 0x00000000a5200000| PB 0x00000000a5200000| Complete 
| 595|0x00000000a5300000, 0x00000000a5400000, 0x00000000a5400000|100%| E|CS|TAMS 0x00000000a5300000| PB 0x00000000a5300000| Complete 
| 596|0x00000000a5400000, 0x00000000a5500000, 0x00000000a5500000|100%| E|CS|TAMS 0x00000000a5400000| PB 0x00000000a5400000| Complete 
| 597|0x00000000a5500000, 0x00000000a5600000, 0x00000000a5600000|100%| E|CS|TAMS 0x00000000a5500000| PB 0x00000000a5500000| Complete 
| 598|0x00000000a5600000, 0x00000000a5700000, 0x00000000a5700000|100%| E|CS|TAMS 0x00000000a5600000| PB 0x00000000a5600000| Complete 
| 599|0x00000000a5700000, 0x00000000a5800000, 0x00000000a5800000|100%| E|CS|TAMS 0x00000000a5700000| PB 0x00000000a5700000| Complete 
| 600|0x00000000a5800000, 0x00000000a5900000, 0x00000000a5900000|100%| E|CS|TAMS 0x00000000a5800000| PB 0x00000000a5800000| Complete 
| 601|0x00000000a5900000, 0x00000000a5a00000, 0x00000000a5a00000|100%| E|CS|TAMS 0x00000000a5900000| PB 0x00000000a5900000| Complete 
| 602|0x00000000a5a00000, 0x00000000a5b00000, 0x00000000a5b00000|100%| E|CS|TAMS 0x00000000a5a00000| PB 0x00000000a5a00000| Complete 
| 603|0x00000000a5b00000, 0x00000000a5c00000, 0x00000000a5c00000|100%| E|CS|TAMS 0x00000000a5b00000| PB 0x00000000a5b00000| Complete 
| 604|0x00000000a5c00000, 0x00000000a5d00000, 0x00000000a5d00000|100%| E|CS|TAMS 0x00000000a5c00000| PB 0x00000000a5c00000| Complete 
| 605|0x00000000a5d00000, 0x00000000a5e00000, 0x00000000a5e00000|100%| E|CS|TAMS 0x00000000a5d00000| PB 0x00000000a5d00000| Complete 
| 606|0x00000000a5e00000, 0x00000000a5f00000, 0x00000000a5f00000|100%| E|CS|TAMS 0x00000000a5e00000| PB 0x00000000a5e00000| Complete 
| 607|0x00000000a5f00000, 0x00000000a6000000, 0x00000000a6000000|100%| E|CS|TAMS 0x00000000a5f00000| PB 0x00000000a5f00000| Complete 
| 608|0x00000000a6000000, 0x00000000a6100000, 0x00000000a6100000|100%| E|CS|TAMS 0x00000000a6000000| PB 0x00000000a6000000| Complete 
| 609|0x00000000a6100000, 0x00000000a6200000, 0x00000000a6200000|100%| E|CS|TAMS 0x00000000a6100000| PB 0x00000000a6100000| Complete 
| 610|0x00000000a6200000, 0x00000000a6300000, 0x00000000a6300000|100%| E|CS|TAMS 0x00000000a6200000| PB 0x00000000a6200000| Complete 
| 611|0x00000000a6300000, 0x00000000a6400000, 0x00000000a6400000|100%| E|CS|TAMS 0x00000000a6300000| PB 0x00000000a6300000| Complete 
| 612|0x00000000a6400000, 0x00000000a6500000, 0x00000000a6500000|100%| E|CS|TAMS 0x00000000a6400000| PB 0x00000000a6400000| Complete 
| 613|0x00000000a6500000, 0x00000000a6600000, 0x00000000a6600000|100%| E|CS|TAMS 0x00000000a6500000| PB 0x00000000a6500000| Complete 
| 614|0x00000000a6600000, 0x00000000a6700000, 0x00000000a6700000|100%| E|CS|TAMS 0x00000000a6600000| PB 0x00000000a6600000| Complete 
| 615|0x00000000a6700000, 0x00000000a6800000, 0x00000000a6800000|100%| E|CS|TAMS 0x00000000a6700000| PB 0x00000000a6700000| Complete 
| 616|0x00000000a6800000, 0x00000000a6900000, 0x00000000a6900000|100%| E|CS|TAMS 0x00000000a6800000| PB 0x00000000a6800000| Complete 
| 617|0x00000000a6900000, 0x00000000a6a00000, 0x00000000a6a00000|100%| E|CS|TAMS 0x00000000a6900000| PB 0x00000000a6900000| Complete 
| 618|0x00000000a6a00000, 0x00000000a6b00000, 0x00000000a6b00000|100%| E|CS|TAMS 0x00000000a6a00000| PB 0x00000000a6a00000| Complete 
| 619|0x00000000a6b00000, 0x00000000a6c00000, 0x00000000a6c00000|100%| E|CS|TAMS 0x00000000a6b00000| PB 0x00000000a6b00000| Complete 
| 620|0x00000000a6c00000, 0x00000000a6d00000, 0x00000000a6d00000|100%| E|CS|TAMS 0x00000000a6c00000| PB 0x00000000a6c00000| Complete 
| 621|0x00000000a6d00000, 0x00000000a6e00000, 0x00000000a6e00000|100%| E|CS|TAMS 0x00000000a6d00000| PB 0x00000000a6d00000| Complete 
| 622|0x00000000a6e00000, 0x00000000a6f00000, 0x00000000a6f00000|100%| E|CS|TAMS 0x00000000a6e00000| PB 0x00000000a6e00000| Complete 
| 623|0x00000000a6f00000, 0x00000000a7000000, 0x00000000a7000000|100%| E|CS|TAMS 0x00000000a6f00000| PB 0x00000000a6f00000| Complete 
| 624|0x00000000a7000000, 0x00000000a7100000, 0x00000000a7100000|100%| E|CS|TAMS 0x00000000a7000000| PB 0x00000000a7000000| Complete 
| 625|0x00000000a7100000, 0x00000000a7200000, 0x00000000a7200000|100%| E|CS|TAMS 0x00000000a7100000| PB 0x00000000a7100000| Complete 
| 626|0x00000000a7200000, 0x00000000a7300000, 0x00000000a7300000|100%| E|CS|TAMS 0x00000000a7200000| PB 0x00000000a7200000| Complete 
| 627|0x00000000a7300000, 0x00000000a7400000, 0x00000000a7400000|100%| E|CS|TAMS 0x00000000a7300000| PB 0x00000000a7300000| Complete 
| 628|0x00000000a7400000, 0x00000000a7500000, 0x00000000a7500000|100%| E|CS|TAMS 0x00000000a7400000| PB 0x00000000a7400000| Complete 
| 629|0x00000000a7500000, 0x00000000a7600000, 0x00000000a7600000|100%| E|CS|TAMS 0x00000000a7500000| PB 0x00000000a7500000| Complete 
| 630|0x00000000a7600000, 0x00000000a7700000, 0x00000000a7700000|100%| E|CS|TAMS 0x00000000a7600000| PB 0x00000000a7600000| Complete 
| 631|0x00000000a7700000, 0x00000000a7800000, 0x00000000a7800000|100%| E|CS|TAMS 0x00000000a7700000| PB 0x00000000a7700000| Complete 
| 632|0x00000000a7800000, 0x00000000a7900000, 0x00000000a7900000|100%| E|CS|TAMS 0x00000000a7800000| PB 0x00000000a7800000| Complete 
| 633|0x00000000a7900000, 0x00000000a7a00000, 0x00000000a7a00000|100%| E|CS|TAMS 0x00000000a7900000| PB 0x00000000a7900000| Complete 
| 634|0x00000000a7a00000, 0x00000000a7b00000, 0x00000000a7b00000|100%| E|CS|TAMS 0x00000000a7a00000| PB 0x00000000a7a00000| Complete 
| 635|0x00000000a7b00000, 0x00000000a7c00000, 0x00000000a7c00000|100%| E|CS|TAMS 0x00000000a7b00000| PB 0x00000000a7b00000| Complete 
| 636|0x00000000a7c00000, 0x00000000a7d00000, 0x00000000a7d00000|100%| E|CS|TAMS 0x00000000a7c00000| PB 0x00000000a7c00000| Complete 
| 637|0x00000000a7d00000, 0x00000000a7e00000, 0x00000000a7e00000|100%| E|CS|TAMS 0x00000000a7d00000| PB 0x00000000a7d00000| Complete 
| 638|0x00000000a7e00000, 0x00000000a7f00000, 0x00000000a7f00000|100%| E|CS|TAMS 0x00000000a7e00000| PB 0x00000000a7e00000| Complete 
| 639|0x00000000a7f00000, 0x00000000a8000000, 0x00000000a8000000|100%| E|CS|TAMS 0x00000000a7f00000| PB 0x00000000a7f00000| Complete 
| 640|0x00000000a8000000, 0x00000000a8100000, 0x00000000a8100000|100%| E|CS|TAMS 0x00000000a8000000| PB 0x00000000a8000000| Complete 
| 641|0x00000000a8100000, 0x00000000a8200000, 0x00000000a8200000|100%| E|CS|TAMS 0x00000000a8100000| PB 0x00000000a8100000| Complete 
| 642|0x00000000a8200000, 0x00000000a8300000, 0x00000000a8300000|100%| E|CS|TAMS 0x00000000a8200000| PB 0x00000000a8200000| Complete 
| 643|0x00000000a8300000, 0x00000000a8400000, 0x00000000a8400000|100%| E|CS|TAMS 0x00000000a8300000| PB 0x00000000a8300000| Complete 
| 644|0x00000000a8400000, 0x00000000a8500000, 0x00000000a8500000|100%| E|CS|TAMS 0x00000000a8400000| PB 0x00000000a8400000| Complete 
| 645|0x00000000a8500000, 0x00000000a8600000, 0x00000000a8600000|100%| E|CS|TAMS 0x00000000a8500000| PB 0x00000000a8500000| Complete 
| 646|0x00000000a8600000, 0x00000000a8700000, 0x00000000a8700000|100%| E|CS|TAMS 0x00000000a8600000| PB 0x00000000a8600000| Complete 
| 647|0x00000000a8700000, 0x00000000a8800000, 0x00000000a8800000|100%| E|CS|TAMS 0x00000000a8700000| PB 0x00000000a8700000| Complete 
| 648|0x00000000a8800000, 0x00000000a8900000, 0x00000000a8900000|100%| E|CS|TAMS 0x00000000a8800000| PB 0x00000000a8800000| Complete 
| 649|0x00000000a8900000, 0x00000000a8a00000, 0x00000000a8a00000|100%| E|CS|TAMS 0x00000000a8900000| PB 0x00000000a8900000| Complete 
| 650|0x00000000a8a00000, 0x00000000a8b00000, 0x00000000a8b00000|100%| E|CS|TAMS 0x00000000a8a00000| PB 0x00000000a8a00000| Complete 
| 651|0x00000000a8b00000, 0x00000000a8c00000, 0x00000000a8c00000|100%| E|CS|TAMS 0x00000000a8b00000| PB 0x00000000a8b00000| Complete 
| 652|0x00000000a8c00000, 0x00000000a8d00000, 0x00000000a8d00000|100%| E|CS|TAMS 0x00000000a8c00000| PB 0x00000000a8c00000| Complete 
| 653|0x00000000a8d00000, 0x00000000a8e00000, 0x00000000a8e00000|100%| E|CS|TAMS 0x00000000a8d00000| PB 0x00000000a8d00000| Complete 
| 654|0x00000000a8e00000, 0x00000000a8f00000, 0x00000000a8f00000|100%| E|CS|TAMS 0x00000000a8e00000| PB 0x00000000a8e00000| Complete 
| 655|0x00000000a8f00000, 0x00000000a9000000, 0x00000000a9000000|100%| E|CS|TAMS 0x00000000a8f00000| PB 0x00000000a8f00000| Complete 
| 656|0x00000000a9000000, 0x00000000a9100000, 0x00000000a9100000|100%| E|CS|TAMS 0x00000000a9000000| PB 0x00000000a9000000| Complete 
| 657|0x00000000a9100000, 0x00000000a9200000, 0x00000000a9200000|100%| E|CS|TAMS 0x00000000a9100000| PB 0x00000000a9100000| Complete 
| 658|0x00000000a9200000, 0x00000000a9300000, 0x00000000a9300000|100%| E|CS|TAMS 0x00000000a9200000| PB 0x00000000a9200000| Complete 
| 659|0x00000000a9300000, 0x00000000a9400000, 0x00000000a9400000|100%| E|CS|TAMS 0x00000000a9300000| PB 0x00000000a9300000| Complete 
| 660|0x00000000a9400000, 0x00000000a9500000, 0x00000000a9500000|100%| E|CS|TAMS 0x00000000a9400000| PB 0x00000000a9400000| Complete 
| 661|0x00000000a9500000, 0x00000000a9600000, 0x00000000a9600000|100%| E|CS|TAMS 0x00000000a9500000| PB 0x00000000a9500000| Complete 
| 662|0x00000000a9600000, 0x00000000a9700000, 0x00000000a9700000|100%| E|CS|TAMS 0x00000000a9600000| PB 0x00000000a9600000| Complete 
| 663|0x00000000a9700000, 0x00000000a9800000, 0x00000000a9800000|100%| E|CS|TAMS 0x00000000a9700000| PB 0x00000000a9700000| Complete 
| 664|0x00000000a9800000, 0x00000000a9900000, 0x00000000a9900000|100%| E|CS|TAMS 0x00000000a9800000| PB 0x00000000a9800000| Complete 
| 665|0x00000000a9900000, 0x00000000a9a00000, 0x00000000a9a00000|100%| E|CS|TAMS 0x00000000a9900000| PB 0x00000000a9900000| Complete 
| 666|0x00000000a9a00000, 0x00000000a9b00000, 0x00000000a9b00000|100%| E|CS|TAMS 0x00000000a9a00000| PB 0x00000000a9a00000| Complete 
| 667|0x00000000a9b00000, 0x00000000a9c00000, 0x00000000a9c00000|100%| E|CS|TAMS 0x00000000a9b00000| PB 0x00000000a9b00000| Complete 
| 668|0x00000000a9c00000, 0x00000000a9d00000, 0x00000000a9d00000|100%| E|CS|TAMS 0x00000000a9c00000| PB 0x00000000a9c00000| Complete 
| 669|0x00000000a9d00000, 0x00000000a9e00000, 0x00000000a9e00000|100%| E|CS|TAMS 0x00000000a9d00000| PB 0x00000000a9d00000| Complete 
| 670|0x00000000a9e00000, 0x00000000a9f00000, 0x00000000a9f00000|100%| E|CS|TAMS 0x00000000a9e00000| PB 0x00000000a9e00000| Complete 
| 671|0x00000000a9f00000, 0x00000000aa000000, 0x00000000aa000000|100%| E|CS|TAMS 0x00000000a9f00000| PB 0x00000000a9f00000| Complete 
| 672|0x00000000aa000000, 0x00000000aa100000, 0x00000000aa100000|100%| E|CS|TAMS 0x00000000aa000000| PB 0x00000000aa000000| Complete 
| 673|0x00000000aa100000, 0x00000000aa200000, 0x00000000aa200000|100%| E|CS|TAMS 0x00000000aa100000| PB 0x00000000aa100000| Complete 
| 674|0x00000000aa200000, 0x00000000aa300000, 0x00000000aa300000|100%| E|CS|TAMS 0x00000000aa200000| PB 0x00000000aa200000| Complete 
| 675|0x00000000aa300000, 0x00000000aa400000, 0x00000000aa400000|100%| E|CS|TAMS 0x00000000aa300000| PB 0x00000000aa300000| Complete 
| 676|0x00000000aa400000, 0x00000000aa500000, 0x00000000aa500000|100%| E|CS|TAMS 0x00000000aa400000| PB 0x00000000aa400000| Complete 
| 677|0x00000000aa500000, 0x00000000aa600000, 0x00000000aa600000|100%| E|CS|TAMS 0x00000000aa500000| PB 0x00000000aa500000| Complete 
| 678|0x00000000aa600000, 0x00000000aa700000, 0x00000000aa700000|100%| E|CS|TAMS 0x00000000aa600000| PB 0x00000000aa600000| Complete 
| 679|0x00000000aa700000, 0x00000000aa800000, 0x00000000aa800000|100%| E|CS|TAMS 0x00000000aa700000| PB 0x00000000aa700000| Complete 
| 680|0x00000000aa800000, 0x00000000aa900000, 0x00000000aa900000|100%| E|CS|TAMS 0x00000000aa800000| PB 0x00000000aa800000| Complete 
| 681|0x00000000aa900000, 0x00000000aaa00000, 0x00000000aaa00000|100%| E|CS|TAMS 0x00000000aa900000| PB 0x00000000aa900000| Complete 
| 682|0x00000000aaa00000, 0x00000000aab00000, 0x00000000aab00000|100%| E|CS|TAMS 0x00000000aaa00000| PB 0x00000000aaa00000| Complete 
| 683|0x00000000aab00000, 0x00000000aac00000, 0x00000000aac00000|100%| E|CS|TAMS 0x00000000aab00000| PB 0x00000000aab00000| Complete 
| 684|0x00000000aac00000, 0x00000000aad00000, 0x00000000aad00000|100%| E|CS|TAMS 0x00000000aac00000| PB 0x00000000aac00000| Complete 
| 685|0x00000000aad00000, 0x00000000aae00000, 0x00000000aae00000|100%| E|CS|TAMS 0x00000000aad00000| PB 0x00000000aad00000| Complete 
| 686|0x00000000aae00000, 0x00000000aaf00000, 0x00000000aaf00000|100%| E|CS|TAMS 0x00000000aae00000| PB 0x00000000aae00000| Complete 
| 687|0x00000000aaf00000, 0x00000000ab000000, 0x00000000ab000000|100%| E|CS|TAMS 0x00000000aaf00000| PB 0x00000000aaf00000| Complete 
| 688|0x00000000ab000000, 0x00000000ab100000, 0x00000000ab100000|100%| E|CS|TAMS 0x00000000ab000000| PB 0x00000000ab000000| Complete 
| 689|0x00000000ab100000, 0x00000000ab200000, 0x00000000ab200000|100%|HS|  |TAMS 0x00000000ab100000| PB 0x00000000ab100000| Complete 
| 690|0x00000000ab200000, 0x00000000ab300000, 0x00000000ab300000|100%|HC|  |TAMS 0x00000000ab200000| PB 0x00000000ab200000| Complete 
| 691|0x00000000ab300000, 0x00000000ab400000, 0x00000000ab400000|100%|HS|  |TAMS 0x00000000ab300000| PB 0x00000000ab300000| Complete 
| 692|0x00000000ab400000, 0x00000000ab500000, 0x00000000ab500000|100%|HC|  |TAMS 0x00000000ab400000| PB 0x00000000ab400000| Complete 
| 693|0x00000000ab500000, 0x00000000ab600000, 0x00000000ab600000|100%|HS|  |TAMS 0x00000000ab500000| PB 0x00000000ab500000| Complete 
| 694|0x00000000ab600000, 0x00000000ab700000, 0x00000000ab700000|100%|HC|  |TAMS 0x00000000ab600000| PB 0x00000000ab600000| Complete 
| 695|0x00000000ab700000, 0x00000000ab800000, 0x00000000ab800000|100%|HS|  |TAMS 0x00000000ab700000| PB 0x00000000ab700000| Complete 
| 696|0x00000000ab800000, 0x00000000ab900000, 0x00000000ab900000|100%|HC|  |TAMS 0x00000000ab800000| PB 0x00000000ab800000| Complete 
| 697|0x00000000ab900000, 0x00000000aba00000, 0x00000000aba00000|100%|HS|  |TAMS 0x00000000ab900000| PB 0x00000000ab900000| Complete 
| 698|0x00000000aba00000, 0x00000000abb00000, 0x00000000abb00000|100%|HC|  |TAMS 0x00000000aba00000| PB 0x00000000aba00000| Complete 
| 699|0x00000000abb00000, 0x00000000abc00000, 0x00000000abc00000|100%|HS|  |TAMS 0x00000000abb00000| PB 0x00000000abb00000| Complete 
| 700|0x00000000abc00000, 0x00000000abd00000, 0x00000000abd00000|100%|HC|  |TAMS 0x00000000abc00000| PB 0x00000000abc00000| Complete 
| 701|0x00000000abd00000, 0x00000000abe00000, 0x00000000abe00000|100%|HS|  |TAMS 0x00000000abd00000| PB 0x00000000abd00000| Complete 
| 702|0x00000000abe00000, 0x00000000abf00000, 0x00000000abf00000|100%|HC|  |TAMS 0x00000000abe00000| PB 0x00000000abe00000| Complete 
| 703|0x00000000abf00000, 0x00000000ac000000, 0x00000000ac000000|100%|HS|  |TAMS 0x00000000abf00000| PB 0x00000000abf00000| Complete 
| 704|0x00000000ac000000, 0x00000000ac100000, 0x00000000ac100000|100%|HC|  |TAMS 0x00000000ac000000| PB 0x00000000ac000000| Complete 
| 705|0x00000000ac100000, 0x00000000ac200000, 0x00000000ac200000|100%|HS|  |TAMS 0x00000000ac100000| PB 0x00000000ac100000| Complete 
| 706|0x00000000ac200000, 0x00000000ac300000, 0x00000000ac300000|100%|HC|  |TAMS 0x00000000ac200000| PB 0x00000000ac200000| Complete 
| 707|0x00000000ac300000, 0x00000000ac400000, 0x00000000ac400000|100%|HS|  |TAMS 0x00000000ac300000| PB 0x00000000ac300000| Complete 
| 708|0x00000000ac400000, 0x00000000ac500000, 0x00000000ac500000|100%|HC|  |TAMS 0x00000000ac400000| PB 0x00000000ac400000| Complete 
| 709|0x00000000ac500000, 0x00000000ac600000, 0x00000000ac600000|100%|HS|  |TAMS 0x00000000ac500000| PB 0x00000000ac500000| Complete 
| 710|0x00000000ac600000, 0x00000000ac700000, 0x00000000ac700000|100%|HC|  |TAMS 0x00000000ac600000| PB 0x00000000ac600000| Complete 
| 711|0x00000000ac700000, 0x00000000ac800000, 0x00000000ac800000|100%|HS|  |TAMS 0x00000000ac700000| PB 0x00000000ac700000| Complete 
| 712|0x00000000ac800000, 0x00000000ac900000, 0x00000000ac900000|100%|HC|  |TAMS 0x00000000ac800000| PB 0x00000000ac800000| Complete 
| 713|0x00000000ac900000, 0x00000000aca00000, 0x00000000aca00000|100%|HS|  |TAMS 0x00000000ac900000| PB 0x00000000ac900000| Complete 
| 714|0x00000000aca00000, 0x00000000acb00000, 0x00000000acb00000|100%|HC|  |TAMS 0x00000000aca00000| PB 0x00000000aca00000| Complete 
| 715|0x00000000acb00000, 0x00000000acc00000, 0x00000000acc00000|100%|HS|  |TAMS 0x00000000acb00000| PB 0x00000000acb00000| Complete 
| 716|0x00000000acc00000, 0x00000000acd00000, 0x00000000acd00000|100%|HC|  |TAMS 0x00000000acc00000| PB 0x00000000acc00000| Complete 
| 717|0x00000000acd00000, 0x00000000ace00000, 0x00000000ace00000|100%|HS|  |TAMS 0x00000000acd00000| PB 0x00000000acd00000| Complete 
| 718|0x00000000ace00000, 0x00000000acf00000, 0x00000000acf00000|100%|HC|  |TAMS 0x00000000ace00000| PB 0x00000000ace00000| Complete 
| 719|0x00000000acf00000, 0x00000000ad000000, 0x00000000ad000000|100%|HS|  |TAMS 0x00000000acf00000| PB 0x00000000acf00000| Complete 
| 720|0x00000000ad000000, 0x00000000ad100000, 0x00000000ad100000|100%|HC|  |TAMS 0x00000000ad000000| PB 0x00000000ad000000| Complete 
| 721|0x00000000ad100000, 0x00000000ad200000, 0x00000000ad200000|100%|HS|  |TAMS 0x00000000ad100000| PB 0x00000000ad100000| Complete 
| 722|0x00000000ad200000, 0x00000000ad300000, 0x00000000ad300000|100%|HC|  |TAMS 0x00000000ad200000| PB 0x00000000ad200000| Complete 
| 723|0x00000000ad300000, 0x00000000ad400000, 0x00000000ad400000|100%|HS|  |TAMS 0x00000000ad300000| PB 0x00000000ad300000| Complete 
| 724|0x00000000ad400000, 0x00000000ad500000, 0x00000000ad500000|100%|HC|  |TAMS 0x00000000ad400000| PB 0x00000000ad400000| Complete 
| 725|0x00000000ad500000, 0x00000000ad600000, 0x00000000ad600000|100%|HS|  |TAMS 0x00000000ad500000| PB 0x00000000ad500000| Complete 
| 726|0x00000000ad600000, 0x00000000ad700000, 0x00000000ad700000|100%|HC|  |TAMS 0x00000000ad600000| PB 0x00000000ad600000| Complete 
| 727|0x00000000ad700000, 0x00000000ad800000, 0x00000000ad800000|100%|HS|  |TAMS 0x00000000ad700000| PB 0x00000000ad700000| Complete 
| 728|0x00000000ad800000, 0x00000000ad900000, 0x00000000ad900000|100%|HC|  |TAMS 0x00000000ad800000| PB 0x00000000ad800000| Complete 
| 729|0x00000000ad900000, 0x00000000ada00000, 0x00000000ada00000|100%|HS|  |TAMS 0x00000000ad900000| PB 0x00000000ad900000| Complete 
| 730|0x00000000ada00000, 0x00000000adb00000, 0x00000000adb00000|100%|HC|  |TAMS 0x00000000ada00000| PB 0x00000000ada00000| Complete 
| 731|0x00000000adb00000, 0x00000000adc00000, 0x00000000adc00000|100%|HS|  |TAMS 0x00000000adb00000| PB 0x00000000adb00000| Complete 
| 732|0x00000000adc00000, 0x00000000add00000, 0x00000000add00000|100%|HC|  |TAMS 0x00000000adc00000| PB 0x00000000adc00000| Complete 
| 733|0x00000000add00000, 0x00000000ade00000, 0x00000000ade00000|100%|HS|  |TAMS 0x00000000add00000| PB 0x00000000add00000| Complete 
| 734|0x00000000ade00000, 0x00000000adf00000, 0x00000000adf00000|100%|HC|  |TAMS 0x00000000ade00000| PB 0x00000000ade00000| Complete 
| 735|0x00000000adf00000, 0x00000000ae000000, 0x00000000ae000000|100%|HS|  |TAMS 0x00000000adf00000| PB 0x00000000adf00000| Complete 
| 736|0x00000000ae000000, 0x00000000ae100000, 0x00000000ae100000|100%|HC|  |TAMS 0x00000000ae000000| PB 0x00000000ae000000| Complete 
| 737|0x00000000ae100000, 0x00000000ae200000, 0x00000000ae200000|100%|HS|  |TAMS 0x00000000ae100000| PB 0x00000000ae100000| Complete 
| 738|0x00000000ae200000, 0x00000000ae300000, 0x00000000ae300000|100%|HC|  |TAMS 0x00000000ae200000| PB 0x00000000ae200000| Complete 
| 739|0x00000000ae300000, 0x00000000ae400000, 0x00000000ae400000|100%|HS|  |TAMS 0x00000000ae300000| PB 0x00000000ae300000| Complete 
| 740|0x00000000ae400000, 0x00000000ae500000, 0x00000000ae500000|100%|HC|  |TAMS 0x00000000ae400000| PB 0x00000000ae400000| Complete 
| 741|0x00000000ae500000, 0x00000000ae600000, 0x00000000ae600000|100%|HS|  |TAMS 0x00000000ae500000| PB 0x00000000ae500000| Complete 
| 742|0x00000000ae600000, 0x00000000ae700000, 0x00000000ae700000|100%|HC|  |TAMS 0x00000000ae600000| PB 0x00000000ae600000| Complete 
| 743|0x00000000ae700000, 0x00000000ae800000, 0x00000000ae800000|100%|HS|  |TAMS 0x00000000ae700000| PB 0x00000000ae700000| Complete 
| 744|0x00000000ae800000, 0x00000000ae900000, 0x00000000ae900000|100%|HC|  |TAMS 0x00000000ae800000| PB 0x00000000ae800000| Complete 
| 745|0x00000000ae900000, 0x00000000aea00000, 0x00000000aea00000|100%|HS|  |TAMS 0x00000000ae900000| PB 0x00000000ae900000| Complete 
| 746|0x00000000aea00000, 0x00000000aeb00000, 0x00000000aeb00000|100%|HC|  |TAMS 0x00000000aea00000| PB 0x00000000aea00000| Complete 
| 747|0x00000000aeb00000, 0x00000000aec00000, 0x00000000aec00000|100%|HS|  |TAMS 0x00000000aeb00000| PB 0x00000000aeb00000| Complete 
| 748|0x00000000aec00000, 0x00000000aed00000, 0x00000000aed00000|100%|HC|  |TAMS 0x00000000aec00000| PB 0x00000000aec00000| Complete 
| 749|0x00000000aed00000, 0x00000000aee00000, 0x00000000aee00000|100%|HS|  |TAMS 0x00000000aed00000| PB 0x00000000aed00000| Complete 
| 750|0x00000000aee00000, 0x00000000aef00000, 0x00000000aef00000|100%|HC|  |TAMS 0x00000000aee00000| PB 0x00000000aee00000| Complete 
| 751|0x00000000aef00000, 0x00000000af000000, 0x00000000af000000|100%|HS|  |TAMS 0x00000000aef00000| PB 0x00000000aef00000| Complete 
| 752|0x00000000af000000, 0x00000000af100000, 0x00000000af100000|100%|HC|  |TAMS 0x00000000af000000| PB 0x00000000af000000| Complete 
| 753|0x00000000af100000, 0x00000000af200000, 0x00000000af200000|100%|HS|  |TAMS 0x00000000af100000| PB 0x00000000af100000| Complete 
| 754|0x00000000af200000, 0x00000000af300000, 0x00000000af300000|100%|HC|  |TAMS 0x00000000af200000| PB 0x00000000af200000| Complete 
| 755|0x00000000af300000, 0x00000000af400000, 0x00000000af400000|100%|HS|  |TAMS 0x00000000af300000| PB 0x00000000af300000| Complete 
| 756|0x00000000af400000, 0x00000000af500000, 0x00000000af500000|100%|HC|  |TAMS 0x00000000af400000| PB 0x00000000af400000| Complete 
| 757|0x00000000af500000, 0x00000000af600000, 0x00000000af600000|100%|HS|  |TAMS 0x00000000af500000| PB 0x00000000af500000| Complete 
| 758|0x00000000af600000, 0x00000000af700000, 0x00000000af700000|100%|HC|  |TAMS 0x00000000af600000| PB 0x00000000af600000| Complete 
| 759|0x00000000af700000, 0x00000000af800000, 0x00000000af800000|100%|HS|  |TAMS 0x00000000af700000| PB 0x00000000af700000| Complete 
| 760|0x00000000af800000, 0x00000000af900000, 0x00000000af900000|100%|HC|  |TAMS 0x00000000af800000| PB 0x00000000af800000| Complete 
| 761|0x00000000af900000, 0x00000000afa00000, 0x00000000afa00000|100%|HS|  |TAMS 0x00000000af900000| PB 0x00000000af900000| Complete 
| 762|0x00000000afa00000, 0x00000000afb00000, 0x00000000afb00000|100%|HC|  |TAMS 0x00000000afa00000| PB 0x00000000afa00000| Complete 
| 763|0x00000000afb00000, 0x00000000afc00000, 0x00000000afc00000|100%|HS|  |TAMS 0x00000000afb00000| PB 0x00000000afb00000| Complete 
| 764|0x00000000afc00000, 0x00000000afd00000, 0x00000000afd00000|100%|HC|  |TAMS 0x00000000afc00000| PB 0x00000000afc00000| Complete 
| 765|0x00000000afd00000, 0x00000000afe00000, 0x00000000afe00000|100%|HS|  |TAMS 0x00000000afd00000| PB 0x00000000afd00000| Complete 
| 766|0x00000000afe00000, 0x00000000aff00000, 0x00000000aff00000|100%|HC|  |TAMS 0x00000000afe00000| PB 0x00000000afe00000| Complete 
| 767|0x00000000aff00000, 0x00000000b0000000, 0x00000000b0000000|100%|HS|  |TAMS 0x00000000aff00000| PB 0x00000000aff00000| Complete 
| 768|0x00000000b0000000, 0x00000000b0100000, 0x00000000b0100000|100%|HC|  |TAMS 0x00000000b0000000| PB 0x00000000b0000000| Complete 
| 769|0x00000000b0100000, 0x00000000b0200000, 0x00000000b0200000|100%|HS|  |TAMS 0x00000000b0100000| PB 0x00000000b0100000| Complete 
| 770|0x00000000b0200000, 0x00000000b0300000, 0x00000000b0300000|100%|HC|  |TAMS 0x00000000b0200000| PB 0x00000000b0200000| Complete 
| 771|0x00000000b0300000, 0x00000000b0400000, 0x00000000b0400000|100%|HS|  |TAMS 0x00000000b0300000| PB 0x00000000b0300000| Complete 
| 772|0x00000000b0400000, 0x00000000b0500000, 0x00000000b0500000|100%|HC|  |TAMS 0x00000000b0400000| PB 0x00000000b0400000| Complete 
| 773|0x00000000b0500000, 0x00000000b0600000, 0x00000000b0600000|100%|HS|  |TAMS 0x00000000b0500000| PB 0x00000000b0500000| Complete 
| 774|0x00000000b0600000, 0x00000000b0700000, 0x00000000b0700000|100%|HC|  |TAMS 0x00000000b0600000| PB 0x00000000b0600000| Complete 
| 775|0x00000000b0700000, 0x00000000b0800000, 0x00000000b0800000|100%|HS|  |TAMS 0x00000000b0700000| PB 0x00000000b0700000| Complete 
| 776|0x00000000b0800000, 0x00000000b0900000, 0x00000000b0900000|100%|HC|  |TAMS 0x00000000b0800000| PB 0x00000000b0800000| Complete 
| 777|0x00000000b0900000, 0x00000000b0a00000, 0x00000000b0a00000|100%|HS|  |TAMS 0x00000000b0900000| PB 0x00000000b0900000| Complete 
| 778|0x00000000b0a00000, 0x00000000b0b00000, 0x00000000b0b00000|100%|HC|  |TAMS 0x00000000b0a00000| PB 0x00000000b0a00000| Complete 
| 779|0x00000000b0b00000, 0x00000000b0c00000, 0x00000000b0c00000|100%|HS|  |TAMS 0x00000000b0b00000| PB 0x00000000b0b00000| Complete 
| 780|0x00000000b0c00000, 0x00000000b0d00000, 0x00000000b0d00000|100%|HC|  |TAMS 0x00000000b0c00000| PB 0x00000000b0c00000| Complete 
| 781|0x00000000b0d00000, 0x00000000b0e00000, 0x00000000b0e00000|100%|HS|  |TAMS 0x00000000b0d00000| PB 0x00000000b0d00000| Complete 
| 782|0x00000000b0e00000, 0x00000000b0f00000, 0x00000000b0f00000|100%|HC|  |TAMS 0x00000000b0e00000| PB 0x00000000b0e00000| Complete 
| 783|0x00000000b0f00000, 0x00000000b1000000, 0x00000000b1000000|100%|HS|  |TAMS 0x00000000b0f00000| PB 0x00000000b0f00000| Complete 
| 784|0x00000000b1000000, 0x00000000b1100000, 0x00000000b1100000|100%|HC|  |TAMS 0x00000000b1000000| PB 0x00000000b1000000| Complete 
| 785|0x00000000b1100000, 0x00000000b1200000, 0x00000000b1200000|100%|HS|  |TAMS 0x00000000b1100000| PB 0x00000000b1100000| Complete 
| 786|0x00000000b1200000, 0x00000000b1300000, 0x00000000b1300000|100%|HC|  |TAMS 0x00000000b1200000| PB 0x00000000b1200000| Complete 
| 787|0x00000000b1300000, 0x00000000b1400000, 0x00000000b1400000|100%|HS|  |TAMS 0x00000000b1300000| PB 0x00000000b1300000| Complete 
| 788|0x00000000b1400000, 0x00000000b1500000, 0x00000000b1500000|100%|HC|  |TAMS 0x00000000b1400000| PB 0x00000000b1400000| Complete 
| 789|0x00000000b1500000, 0x00000000b1600000, 0x00000000b1600000|100%|HS|  |TAMS 0x00000000b1500000| PB 0x00000000b1500000| Complete 
| 790|0x00000000b1600000, 0x00000000b1700000, 0x00000000b1700000|100%|HC|  |TAMS 0x00000000b1600000| PB 0x00000000b1600000| Complete 
| 791|0x00000000b1700000, 0x00000000b1800000, 0x00000000b1800000|100%|HS|  |TAMS 0x00000000b1700000| PB 0x00000000b1700000| Complete 
| 792|0x00000000b1800000, 0x00000000b1900000, 0x00000000b1900000|100%|HC|  |TAMS 0x00000000b1800000| PB 0x00000000b1800000| Complete 
| 793|0x00000000b1900000, 0x00000000b1a00000, 0x00000000b1a00000|100%|HS|  |TAMS 0x00000000b1900000| PB 0x00000000b1900000| Complete 
| 794|0x00000000b1a00000, 0x00000000b1b00000, 0x00000000b1b00000|100%|HC|  |TAMS 0x00000000b1a00000| PB 0x00000000b1a00000| Complete 
| 795|0x00000000b1b00000, 0x00000000b1c00000, 0x00000000b1c00000|100%|HS|  |TAMS 0x00000000b1b00000| PB 0x00000000b1b00000| Complete 
| 796|0x00000000b1c00000, 0x00000000b1d00000, 0x00000000b1d00000|100%|HC|  |TAMS 0x00000000b1c00000| PB 0x00000000b1c00000| Complete 
| 797|0x00000000b1d00000, 0x00000000b1e00000, 0x00000000b1e00000|100%|HS|  |TAMS 0x00000000b1d00000| PB 0x00000000b1d00000| Complete 
| 798|0x00000000b1e00000, 0x00000000b1f00000, 0x00000000b1f00000|100%|HC|  |TAMS 0x00000000b1e00000| PB 0x00000000b1e00000| Complete 
| 799|0x00000000b1f00000, 0x00000000b2000000, 0x00000000b2000000|100%|HS|  |TAMS 0x00000000b1f00000| PB 0x00000000b1f00000| Complete 
| 800|0x00000000b2000000, 0x00000000b2100000, 0x00000000b2100000|100%|HC|  |TAMS 0x00000000b2000000| PB 0x00000000b2000000| Complete 
| 801|0x00000000b2100000, 0x00000000b2200000, 0x00000000b2200000|100%|HS|  |TAMS 0x00000000b2100000| PB 0x00000000b2100000| Complete 
| 802|0x00000000b2200000, 0x00000000b2300000, 0x00000000b2300000|100%|HC|  |TAMS 0x00000000b2200000| PB 0x00000000b2200000| Complete 
| 803|0x00000000b2300000, 0x00000000b2400000, 0x00000000b2400000|100%|HS|  |TAMS 0x00000000b2300000| PB 0x00000000b2300000| Complete 
| 804|0x00000000b2400000, 0x00000000b2500000, 0x00000000b2500000|100%|HC|  |TAMS 0x00000000b2400000| PB 0x00000000b2400000| Complete 
| 805|0x00000000b2500000, 0x00000000b2600000, 0x00000000b2600000|100%|HS|  |TAMS 0x00000000b2500000| PB 0x00000000b2500000| Complete 
| 806|0x00000000b2600000, 0x00000000b2700000, 0x00000000b2700000|100%|HC|  |TAMS 0x00000000b2600000| PB 0x00000000b2600000| Complete 
| 807|0x00000000b2700000, 0x00000000b2800000, 0x00000000b2800000|100%|HS|  |TAMS 0x00000000b2700000| PB 0x00000000b2700000| Complete 
| 808|0x00000000b2800000, 0x00000000b2900000, 0x00000000b2900000|100%|HC|  |TAMS 0x00000000b2800000| PB 0x00000000b2800000| Complete 
| 809|0x00000000b2900000, 0x00000000b2a00000, 0x00000000b2a00000|100%|HS|  |TAMS 0x00000000b2900000| PB 0x00000000b2900000| Complete 
| 810|0x00000000b2a00000, 0x00000000b2b00000, 0x00000000b2b00000|100%|HC|  |TAMS 0x00000000b2a00000| PB 0x00000000b2a00000| Complete 
| 811|0x00000000b2b00000, 0x00000000b2c00000, 0x00000000b2c00000|100%|HS|  |TAMS 0x00000000b2b00000| PB 0x00000000b2b00000| Complete 
| 812|0x00000000b2c00000, 0x00000000b2d00000, 0x00000000b2d00000|100%|HC|  |TAMS 0x00000000b2c00000| PB 0x00000000b2c00000| Complete 
| 813|0x00000000b2d00000, 0x00000000b2e00000, 0x00000000b2e00000|100%|HS|  |TAMS 0x00000000b2d00000| PB 0x00000000b2d00000| Complete 
| 814|0x00000000b2e00000, 0x00000000b2f00000, 0x00000000b2f00000|100%|HC|  |TAMS 0x00000000b2e00000| PB 0x00000000b2e00000| Complete 
| 815|0x00000000b2f00000, 0x00000000b3000000, 0x00000000b3000000|100%|HS|  |TAMS 0x00000000b2f00000| PB 0x00000000b2f00000| Complete 
| 816|0x00000000b3000000, 0x00000000b3100000, 0x00000000b3100000|100%|HC|  |TAMS 0x00000000b3000000| PB 0x00000000b3000000| Complete 
| 817|0x00000000b3100000, 0x00000000b3200000, 0x00000000b3200000|100%|HS|  |TAMS 0x00000000b3100000| PB 0x00000000b3100000| Complete 
| 818|0x00000000b3200000, 0x00000000b3300000, 0x00000000b3300000|100%|HC|  |TAMS 0x00000000b3200000| PB 0x00000000b3200000| Complete 
| 819|0x00000000b3300000, 0x00000000b3400000, 0x00000000b3400000|100%|HS|  |TAMS 0x00000000b3300000| PB 0x00000000b3300000| Complete 
| 820|0x00000000b3400000, 0x00000000b3500000, 0x00000000b3500000|100%|HC|  |TAMS 0x00000000b3400000| PB 0x00000000b3400000| Complete 
| 821|0x00000000b3500000, 0x00000000b3600000, 0x00000000b3600000|100%|HS|  |TAMS 0x00000000b3500000| PB 0x00000000b3500000| Complete 
| 822|0x00000000b3600000, 0x00000000b3700000, 0x00000000b3700000|100%|HC|  |TAMS 0x00000000b3600000| PB 0x00000000b3600000| Complete 
| 823|0x00000000b3700000, 0x00000000b3800000, 0x00000000b3800000|100%|HS|  |TAMS 0x00000000b3700000| PB 0x00000000b3700000| Complete 
| 824|0x00000000b3800000, 0x00000000b3900000, 0x00000000b3900000|100%|HC|  |TAMS 0x00000000b3800000| PB 0x00000000b3800000| Complete 
| 825|0x00000000b3900000, 0x00000000b3a00000, 0x00000000b3a00000|100%|HS|  |TAMS 0x00000000b3900000| PB 0x00000000b3900000| Complete 
| 826|0x00000000b3a00000, 0x00000000b3b00000, 0x00000000b3b00000|100%|HC|  |TAMS 0x00000000b3a00000| PB 0x00000000b3a00000| Complete 
| 827|0x00000000b3b00000, 0x00000000b3c00000, 0x00000000b3c00000|100%|HS|  |TAMS 0x00000000b3b00000| PB 0x00000000b3b00000| Complete 
| 828|0x00000000b3c00000, 0x00000000b3d00000, 0x00000000b3d00000|100%|HC|  |TAMS 0x00000000b3c00000| PB 0x00000000b3c00000| Complete 
| 829|0x00000000b3d00000, 0x00000000b3e00000, 0x00000000b3e00000|100%|HS|  |TAMS 0x00000000b3d00000| PB 0x00000000b3d00000| Complete 
| 830|0x00000000b3e00000, 0x00000000b3f00000, 0x00000000b3f00000|100%|HC|  |TAMS 0x00000000b3e00000| PB 0x00000000b3e00000| Complete 
| 831|0x00000000b3f00000, 0x00000000b4000000, 0x00000000b4000000|100%|HS|  |TAMS 0x00000000b3f00000| PB 0x00000000b3f00000| Complete 
| 832|0x00000000b4000000, 0x00000000b4100000, 0x00000000b4100000|100%|HC|  |TAMS 0x00000000b4000000| PB 0x00000000b4000000| Complete 
| 833|0x00000000b4100000, 0x00000000b4200000, 0x00000000b4200000|100%|HS|  |TAMS 0x00000000b4100000| PB 0x00000000b4100000| Complete 
| 834|0x00000000b4200000, 0x00000000b4300000, 0x00000000b4300000|100%|HC|  |TAMS 0x00000000b4200000| PB 0x00000000b4200000| Complete 
| 835|0x00000000b4300000, 0x00000000b4400000, 0x00000000b4400000|100%|HS|  |TAMS 0x00000000b4300000| PB 0x00000000b4300000| Complete 
| 836|0x00000000b4400000, 0x00000000b4500000, 0x00000000b4500000|100%|HC|  |TAMS 0x00000000b4400000| PB 0x00000000b4400000| Complete 
| 837|0x00000000b4500000, 0x00000000b4600000, 0x00000000b4600000|100%|HS|  |TAMS 0x00000000b4500000| PB 0x00000000b4500000| Complete 
| 838|0x00000000b4600000, 0x00000000b4700000, 0x00000000b4700000|100%|HC|  |TAMS 0x00000000b4600000| PB 0x00000000b4600000| Complete 
| 839|0x00000000b4700000, 0x00000000b4800000, 0x00000000b4800000|100%|HS|  |TAMS 0x00000000b4700000| PB 0x00000000b4700000| Complete 
| 840|0x00000000b4800000, 0x00000000b4900000, 0x00000000b4900000|100%|HC|  |TAMS 0x00000000b4800000| PB 0x00000000b4800000| Complete 
| 841|0x00000000b4900000, 0x00000000b4a00000, 0x00000000b4a00000|100%|HS|  |TAMS 0x00000000b4900000| PB 0x00000000b4900000| Complete 
| 842|0x00000000b4a00000, 0x00000000b4b00000, 0x00000000b4b00000|100%|HC|  |TAMS 0x00000000b4a00000| PB 0x00000000b4a00000| Complete 
| 843|0x00000000b4b00000, 0x00000000b4c00000, 0x00000000b4c00000|100%|HS|  |TAMS 0x00000000b4b00000| PB 0x00000000b4b00000| Complete 
| 844|0x00000000b4c00000, 0x00000000b4d00000, 0x00000000b4d00000|100%|HC|  |TAMS 0x00000000b4c00000| PB 0x00000000b4c00000| Complete 
| 845|0x00000000b4d00000, 0x00000000b4e00000, 0x00000000b4e00000|100%|HS|  |TAMS 0x00000000b4d00000| PB 0x00000000b4d00000| Complete 
| 846|0x00000000b4e00000, 0x00000000b4f00000, 0x00000000b4f00000|100%|HC|  |TAMS 0x00000000b4e00000| PB 0x00000000b4e00000| Complete 
| 847|0x00000000b4f00000, 0x00000000b5000000, 0x00000000b5000000|100%|HS|  |TAMS 0x00000000b4f00000| PB 0x00000000b4f00000| Complete 
| 848|0x00000000b5000000, 0x00000000b5100000, 0x00000000b5100000|100%|HC|  |TAMS 0x00000000b5000000| PB 0x00000000b5000000| Complete 
| 849|0x00000000b5100000, 0x00000000b5200000, 0x00000000b5200000|100%|HS|  |TAMS 0x00000000b5100000| PB 0x00000000b5100000| Complete 
| 850|0x00000000b5200000, 0x00000000b5300000, 0x00000000b5300000|100%|HC|  |TAMS 0x00000000b5200000| PB 0x00000000b5200000| Complete 
| 851|0x00000000b5300000, 0x00000000b5400000, 0x00000000b5400000|100%|HS|  |TAMS 0x00000000b5300000| PB 0x00000000b5300000| Complete 
| 852|0x00000000b5400000, 0x00000000b5500000, 0x00000000b5500000|100%|HC|  |TAMS 0x00000000b5400000| PB 0x00000000b5400000| Complete 
| 853|0x00000000b5500000, 0x00000000b5600000, 0x00000000b5600000|100%|HS|  |TAMS 0x00000000b5500000| PB 0x00000000b5500000| Complete 
| 854|0x00000000b5600000, 0x00000000b5700000, 0x00000000b5700000|100%|HC|  |TAMS 0x00000000b5600000| PB 0x00000000b5600000| Complete 
| 855|0x00000000b5700000, 0x00000000b5800000, 0x00000000b5800000|100%|HS|  |TAMS 0x00000000b5700000| PB 0x00000000b5700000| Complete 
| 856|0x00000000b5800000, 0x00000000b5900000, 0x00000000b5900000|100%|HC|  |TAMS 0x00000000b5800000| PB 0x00000000b5800000| Complete 
| 857|0x00000000b5900000, 0x00000000b5a00000, 0x00000000b5a00000|100%|HS|  |TAMS 0x00000000b5900000| PB 0x00000000b5900000| Complete 
| 858|0x00000000b5a00000, 0x00000000b5b00000, 0x00000000b5b00000|100%|HC|  |TAMS 0x00000000b5a00000| PB 0x00000000b5a00000| Complete 
| 859|0x00000000b5b00000, 0x00000000b5c00000, 0x00000000b5c00000|100%|HS|  |TAMS 0x00000000b5b00000| PB 0x00000000b5b00000| Complete 
| 860|0x00000000b5c00000, 0x00000000b5d00000, 0x00000000b5d00000|100%|HC|  |TAMS 0x00000000b5c00000| PB 0x00000000b5c00000| Complete 
| 861|0x00000000b5d00000, 0x00000000b5e00000, 0x00000000b5e00000|100%|HS|  |TAMS 0x00000000b5d00000| PB 0x00000000b5d00000| Complete 
| 862|0x00000000b5e00000, 0x00000000b5f00000, 0x00000000b5f00000|100%|HC|  |TAMS 0x00000000b5e00000| PB 0x00000000b5e00000| Complete 
| 863|0x00000000b5f00000, 0x00000000b6000000, 0x00000000b6000000|100%|HS|  |TAMS 0x00000000b5f00000| PB 0x00000000b5f00000| Complete 
| 864|0x00000000b6000000, 0x00000000b6100000, 0x00000000b6100000|100%|HC|  |TAMS 0x00000000b6000000| PB 0x00000000b6000000| Complete 
| 865|0x00000000b6100000, 0x00000000b6200000, 0x00000000b6200000|100%|HS|  |TAMS 0x00000000b6100000| PB 0x00000000b6100000| Complete 
| 866|0x00000000b6200000, 0x00000000b6300000, 0x00000000b6300000|100%|HC|  |TAMS 0x00000000b6200000| PB 0x00000000b6200000| Complete 
| 867|0x00000000b6300000, 0x00000000b6400000, 0x00000000b6400000|100%|HS|  |TAMS 0x00000000b6300000| PB 0x00000000b6300000| Complete 
| 868|0x00000000b6400000, 0x00000000b6500000, 0x00000000b6500000|100%|HC|  |TAMS 0x00000000b6400000| PB 0x00000000b6400000| Complete 
| 869|0x00000000b6500000, 0x00000000b6600000, 0x00000000b6600000|100%|HS|  |TAMS 0x00000000b6500000| PB 0x00000000b6500000| Complete 
| 870|0x00000000b6600000, 0x00000000b6700000, 0x00000000b6700000|100%|HC|  |TAMS 0x00000000b6600000| PB 0x00000000b6600000| Complete 
| 871|0x00000000b6700000, 0x00000000b6800000, 0x00000000b6800000|100%|HS|  |TAMS 0x00000000b6700000| PB 0x00000000b6700000| Complete 
| 872|0x00000000b6800000, 0x00000000b6900000, 0x00000000b6900000|100%|HC|  |TAMS 0x00000000b6800000| PB 0x00000000b6800000| Complete 
| 873|0x00000000b6900000, 0x00000000b6a00000, 0x00000000b6a00000|100%|HS|  |TAMS 0x00000000b6900000| PB 0x00000000b6900000| Complete 
| 874|0x00000000b6a00000, 0x00000000b6b00000, 0x00000000b6b00000|100%|HC|  |TAMS 0x00000000b6a00000| PB 0x00000000b6a00000| Complete 
| 875|0x00000000b6b00000, 0x00000000b6c00000, 0x00000000b6c00000|100%|HS|  |TAMS 0x00000000b6b00000| PB 0x00000000b6b00000| Complete 
| 876|0x00000000b6c00000, 0x00000000b6d00000, 0x00000000b6d00000|100%|HC|  |TAMS 0x00000000b6c00000| PB 0x00000000b6c00000| Complete 
| 877|0x00000000b6d00000, 0x00000000b6e00000, 0x00000000b6e00000|100%|HS|  |TAMS 0x00000000b6d00000| PB 0x00000000b6d00000| Complete 
| 878|0x00000000b6e00000, 0x00000000b6f00000, 0x00000000b6f00000|100%|HC|  |TAMS 0x00000000b6e00000| PB 0x00000000b6e00000| Complete 
| 879|0x00000000b6f00000, 0x00000000b7000000, 0x00000000b7000000|100%|HS|  |TAMS 0x00000000b6f00000| PB 0x00000000b6f00000| Complete 
| 880|0x00000000b7000000, 0x00000000b7100000, 0x00000000b7100000|100%|HC|  |TAMS 0x00000000b7000000| PB 0x00000000b7000000| Complete 
| 881|0x00000000b7100000, 0x00000000b7200000, 0x00000000b7200000|100%|HS|  |TAMS 0x00000000b7100000| PB 0x00000000b7100000| Complete 
| 882|0x00000000b7200000, 0x00000000b7300000, 0x00000000b7300000|100%|HC|  |TAMS 0x00000000b7200000| PB 0x00000000b7200000| Complete 
| 883|0x00000000b7300000, 0x00000000b7400000, 0x00000000b7400000|100%|HS|  |TAMS 0x00000000b7300000| PB 0x00000000b7300000| Complete 
| 884|0x00000000b7400000, 0x00000000b7500000, 0x00000000b7500000|100%|HC|  |TAMS 0x00000000b7400000| PB 0x00000000b7400000| Complete 
| 885|0x00000000b7500000, 0x00000000b7600000, 0x00000000b7600000|100%|HS|  |TAMS 0x00000000b7500000| PB 0x00000000b7500000| Complete 
| 886|0x00000000b7600000, 0x00000000b7700000, 0x00000000b7700000|100%|HC|  |TAMS 0x00000000b7600000| PB 0x00000000b7600000| Complete 
| 887|0x00000000b7700000, 0x00000000b7800000, 0x00000000b7800000|100%|HS|  |TAMS 0x00000000b7700000| PB 0x00000000b7700000| Complete 
| 888|0x00000000b7800000, 0x00000000b7900000, 0x00000000b7900000|100%|HC|  |TAMS 0x00000000b7800000| PB 0x00000000b7800000| Complete 
| 889|0x00000000b7900000, 0x00000000b7a00000, 0x00000000b7a00000|100%|HS|  |TAMS 0x00000000b7900000| PB 0x00000000b7900000| Complete 
| 890|0x00000000b7a00000, 0x00000000b7b00000, 0x00000000b7b00000|100%|HC|  |TAMS 0x00000000b7a00000| PB 0x00000000b7a00000| Complete 
| 891|0x00000000b7b00000, 0x00000000b7c00000, 0x00000000b7c00000|100%|HS|  |TAMS 0x00000000b7b00000| PB 0x00000000b7b00000| Complete 
| 892|0x00000000b7c00000, 0x00000000b7d00000, 0x00000000b7d00000|100%|HC|  |TAMS 0x00000000b7c00000| PB 0x00000000b7c00000| Complete 
| 893|0x00000000b7d00000, 0x00000000b7e00000, 0x00000000b7e00000|100%|HS|  |TAMS 0x00000000b7d00000| PB 0x00000000b7d00000| Complete 
| 894|0x00000000b7e00000, 0x00000000b7f00000, 0x00000000b7f00000|100%|HC|  |TAMS 0x00000000b7e00000| PB 0x00000000b7e00000| Complete 
| 895|0x00000000b7f00000, 0x00000000b8000000, 0x00000000b8000000|100%|HS|  |TAMS 0x00000000b7f00000| PB 0x00000000b7f00000| Complete 
| 896|0x00000000b8000000, 0x00000000b8100000, 0x00000000b8100000|100%|HC|  |TAMS 0x00000000b8000000| PB 0x00000000b8000000| Complete 
| 897|0x00000000b8100000, 0x00000000b8200000, 0x00000000b8200000|100%|HS|  |TAMS 0x00000000b8100000| PB 0x00000000b8100000| Complete 
| 898|0x00000000b8200000, 0x00000000b8300000, 0x00000000b8300000|100%|HC|  |TAMS 0x00000000b8200000| PB 0x00000000b8200000| Complete 
| 899|0x00000000b8300000, 0x00000000b8400000, 0x00000000b8400000|100%|HS|  |TAMS 0x00000000b8300000| PB 0x00000000b8300000| Complete 
| 900|0x00000000b8400000, 0x00000000b8500000, 0x00000000b8500000|100%|HC|  |TAMS 0x00000000b8400000| PB 0x00000000b8400000| Complete 
| 901|0x00000000b8500000, 0x00000000b8600000, 0x00000000b8600000|100%|HS|  |TAMS 0x00000000b8500000| PB 0x00000000b8500000| Complete 
| 902|0x00000000b8600000, 0x00000000b8700000, 0x00000000b8700000|100%|HC|  |TAMS 0x00000000b8600000| PB 0x00000000b8600000| Complete 
| 903|0x00000000b8700000, 0x00000000b8700000, 0x00000000b8800000|  0%| F|  |TAMS 0x00000000b8700000| PB 0x00000000b8700000| Untracked 
|2030|0x00000000fee00000, 0x00000000fef00000, 0x00000000fef00000|100%| E|CS|TAMS 0x00000000fee00000| PB 0x00000000fee00000| Complete 
|2031|0x00000000fef00000, 0x00000000ff000000, 0x00000000ff000000|100%| E|CS|TAMS 0x00000000fef00000| PB 0x00000000fef00000| Complete 
|2032|0x00000000ff000000, 0x00000000ff100000, 0x00000000ff100000|100%| E|CS|TAMS 0x00000000ff000000| PB 0x00000000ff000000| Complete 
|2033|0x00000000ff100000, 0x00000000ff200000, 0x00000000ff200000|100%| E|CS|TAMS 0x00000000ff100000| PB 0x00000000ff100000| Complete 
|2034|0x00000000ff200000, 0x00000000ff300000, 0x00000000ff300000|100%| E|CS|TAMS 0x00000000ff200000| PB 0x00000000ff200000| Complete 
|2035|0x00000000ff300000, 0x00000000ff400000, 0x00000000ff400000|100%| E|CS|TAMS 0x00000000ff300000| PB 0x00000000ff300000| Complete 
|2036|0x00000000ff400000, 0x00000000ff500000, 0x00000000ff500000|100%| E|CS|TAMS 0x00000000ff400000| PB 0x00000000ff400000| Complete 
|2037|0x00000000ff500000, 0x00000000ff600000, 0x00000000ff600000|100%| E|CS|TAMS 0x00000000ff500000| PB 0x00000000ff500000| Complete 
|2038|0x00000000ff600000, 0x00000000ff700000, 0x00000000ff700000|100%| O|  |TAMS 0x00000000ff600000| PB 0x00000000ff600000| Untracked 
|2039|0x00000000ff700000, 0x00000000ff800000, 0x00000000ff800000|100%| O|  |TAMS 0x00000000ff700000| PB 0x00000000ff700000| Untracked 
|2040|0x00000000ff800000, 0x00000000ff900000, 0x00000000ff900000|100%| O|  |TAMS 0x00000000ff800000| PB 0x00000000ff800000| Untracked 
|2041|0x00000000ff900000, 0x00000000ffa00000, 0x00000000ffa00000|100%| E|CS|TAMS 0x00000000ff900000| PB 0x00000000ff900000| Complete 
|2042|0x00000000ffa00000, 0x00000000ffb00000, 0x00000000ffb00000|100%| E|CS|TAMS 0x00000000ffa00000| PB 0x00000000ffa00000| Complete 
|2043|0x00000000ffb00000, 0x00000000ffc00000, 0x00000000ffc00000|100%| E|CS|TAMS 0x00000000ffb00000| PB 0x00000000ffb00000| Complete 
|2044|0x00000000ffc00000, 0x00000000ffd00000, 0x00000000ffd00000|100%| E|CS|TAMS 0x00000000ffc00000| PB 0x00000000ffc00000| Complete 
|2045|0x00000000ffd00000, 0x00000000ffe00000, 0x00000000ffe00000|100%| E|CS|TAMS 0x00000000ffd00000| PB 0x00000000ffd00000| Complete 
|2046|0x00000000ffe00000, 0x00000000fff00000, 0x00000000fff00000|100%| E|CS|TAMS 0x00000000ffe00000| PB 0x00000000ffe00000| Complete 
|2047|0x00000000fff00000, 0x0000000100000000, 0x0000000100000000|100%| O|  |TAMS 0x00000000fff00000| PB 0x00000000fff00000| Untracked 

Card table byte_map: [0x00000242a4c80000,0x00000242a5080000] _byte_map_base: 0x00000242a4880000

Marking Bits: (CMBitMap*) 0x000002428ff5e640
 Bits: [0x00000242a5080000, 0x00000242a7080000)

Polling page: 0x00000242919a0000

Metaspace:

Usage:
  Non-class:    141.44 MB used.
      Class:     21.96 MB used.
       Both:    163.41 MB used.

Virtual space:
  Non-class space:      192.00 MB reserved,     142.69 MB ( 74%) committed,  3 nodes.
      Class space:        1.00 GB reserved,      23.19 MB (  2%) committed,  1 nodes.
             Both:        1.19 GB reserved,     165.88 MB ( 14%) committed. 

Chunk freelists:
   Non-Class:  17.05 MB
       Class:  8.62 MB
        Both:  25.67 MB

MaxMetaspaceSize: unlimited
CompressedClassSpaceSize: 1.00 GB
Initial GC threshold: 21.00 MB
Current GC threshold: 270.00 MB
CDS: off
 - commit_granule_bytes: 65536.
 - commit_granule_words: 8192.
 - virtual_space_node_default_size: 8388608.
 - enlarge_chunks_in_place: 1.
 - use_allocation_guard: 0.


Internal statistics:

num_allocs_failed_limit: 9.
num_arena_births: 4890.
num_arena_deaths: 56.
num_vsnodes_births: 4.
num_vsnodes_deaths: 0.
num_space_committed: 2894.
num_space_uncommitted: 61.
num_chunks_returned_to_freelist: 660.
num_chunks_taken_from_freelist: 12620.
num_chunk_merges: 279.
num_chunk_splits: 8485.
num_chunks_enlarged: 5706.
num_inconsistent_stats: 0.

CodeHeap 'non-profiled nmethods': size=120000Kb used=16081Kb max_used=16081Kb free=103918Kb
 bounds [0x000002429ce00000, 0x000002429ddc0000, 0x00000242a4330000]
CodeHeap 'profiled nmethods': size=120000Kb used=36571Kb max_used=36571Kb free=83428Kb
 bounds [0x0000024295330000, 0x00000242976f0000, 0x000002429c860000]
CodeHeap 'non-nmethods': size=5760Kb used=3053Kb max_used=3138Kb free=2706Kb
 bounds [0x000002429c860000, 0x000002429cb80000, 0x000002429ce00000]
 total_blobs=17073 nmethods=15951 adapters=1025
 compilation: enabled
              stopped_count=0, restarted_count=0
 full_count=0

Compilation events (20 events):
Event: 278.284 Thread 0x00000242a9e38a40 32460       4       sun.nio.ch.FileChannelImpl::beginBlocking (12 bytes)
Event: 278.290 Thread 0x00000242a9e38a40 nmethod 32460 0x000002429ddb0b10 code [0x000002429ddb0cc0, 0x000002429ddb11e8]
Event: 278.302 Thread 0x00000242a9e414f0 32461   !   3       com.android.apksig.internal.util.FileChannelDataSource::size (27 bytes)
Event: 278.303 Thread 0x00000242a9e414f0 nmethod 32461 0x00000242976e7d10 code [0x00000242976e7ee0, 0x00000242976e80f8]
Event: 278.317 Thread 0x00000242a9e414f0 32462       1       com.android.apksig.internal.apk.ApkSigningBlockUtils$ChunkSupplier$Chunk::access$600 (5 bytes)
Event: 278.317 Thread 0x00000242a9e414f0 nmethod 32462 0x000002429ddb1410 code [0x000002429ddb15a0, 0x000002429ddb1650]
Event: 278.317 Thread 0x00000242a9e414f0 32463       1       com.android.apksig.internal.apk.ApkSigningBlockUtils$ChunkSupplier$Chunk::access$700 (5 bytes)
Event: 278.317 Thread 0x00000242a9e414f0 nmethod 32463 0x000002429ddb1710 code [0x000002429ddb18a0, 0x000002429ddb1950]
Event: 278.318 Thread 0x00000242a9e414f0 32464       1       com.android.apksig.internal.apk.ApkSigningBlockUtils$ChunkDigests::access$400 (5 bytes)
Event: 278.318 Thread 0x00000242a9e414f0 nmethod 32464 0x000002429ddb1a10 code [0x000002429ddb1ba0, 0x000002429ddb1c50]
Event: 278.318 Thread 0x00000242a9e414f0 32465       1       com.android.apksig.internal.apk.ApkSigningBlockUtils$ChunkSupplier$Chunk::access$800 (5 bytes)
Event: 278.318 Thread 0x00000242a9e414f0 nmethod 32465 0x000002429ddb1d10 code [0x000002429ddb1ea0, 0x000002429ddb1f50]
Event: 280.453 Thread 0x00000242a9e38a40 32466   !   4       sun.nio.ch.FileChannelImpl::read (288 bytes)
Event: 282.476 Thread 0x00000242a9e38a40 nmethod 32466 0x000002429ddb2010 code [0x000002429ddb22a0, 0x000002429ddb3558]
Event: 282.476 Thread 0x00000242a9e38a40 32467       4       org.gradle.internal.logging.slf4j.BuildOperationAwareLogger::isDebugEnabled (8 bytes)
Event: 282.478 Thread 0x00000242a9e38a40 nmethod 32467 0x000002429ddb4190 code [0x000002429ddb4320, 0x000002429ddb4448]
Event: 283.388 Thread 0x00000242a9e414f0 32468       3       java.util.concurrent.LinkedBlockingDeque::remove (5 bytes)
Event: 283.389 Thread 0x00000242a9e414f0 nmethod 32468 0x00000242976e8210 code [0x00000242976e8480, 0x00000242976e8f58]
Event: 283.389 Thread 0x00000242a9e414f0 32469       3       java.util.concurrent.LinkedBlockingDeque::removeFirst (19 bytes)
Event: 283.390 Thread 0x00000242a9e414f0 nmethod 32469 0x00000242976e9390 code [0x00000242976e9600, 0x00000242976ea068]

GC Heap History (20 events):
Event: 263.850 GC heap before
{Heap before GC invocations=107 (full 0):
 garbage-first heap   total 723968K, used 656160K [0x0000000080000000, 0x0000000100000000)
  region size 1024K, 334 young (342016K), 14 survivors (14336K)
 Metaspace       used 162818K, committed 165376K, reserved 1245184K
  class space    used 22003K, committed 23296K, reserved 1048576K
}
Event: 263.869 GC heap after
{Heap after GC invocations=108 (full 0):
 garbage-first heap   total 723968K, used 336349K [0x0000000080000000, 0x0000000100000000)
  region size 1024K, 21 young (21504K), 21 survivors (21504K)
 Metaspace       used 162818K, committed 165376K, reserved 1245184K
  class space    used 22003K, committed 23296K, reserved 1048576K
}
Event: 264.582 GC heap before
{Heap before GC invocations=108 (full 0):
 garbage-first heap   total 723968K, used 665053K [0x0000000080000000, 0x0000000100000000)
  region size 1024K, 342 young (350208K), 21 survivors (21504K)
 Metaspace       used 162902K, committed 165440K, reserved 1245184K
  class space    used 22005K, committed 23296K, reserved 1048576K
}
Event: 264.605 GC heap after
{Heap after GC invocations=109 (full 0):
 garbage-first heap   total 723968K, used 324271K [0x0000000080000000, 0x0000000100000000)
  region size 1024K, 14 young (14336K), 14 survivors (14336K)
 Metaspace       used 162902K, committed 165440K, reserved 1245184K
  class space    used 22005K, committed 23296K, reserved 1048576K
}
Event: 265.774 GC heap before
{Heap before GC invocations=109 (full 0):
 garbage-first heap   total 723968K, used 672431K [0x0000000080000000, 0x0000000100000000)
  region size 1024K, 354 young (362496K), 14 survivors (14336K)
 Metaspace       used 162960K, committed 165504K, reserved 1245184K
  class space    used 22018K, committed 23296K, reserved 1048576K
}
Event: 265.787 GC heap after
{Heap after GC invocations=110 (full 0):
 garbage-first heap   total 723968K, used 324398K [0x0000000080000000, 0x0000000100000000)
  region size 1024K, 14 young (14336K), 14 survivors (14336K)
 Metaspace       used 162960K, committed 165504K, reserved 1245184K
  class space    used 22018K, committed 23296K, reserved 1048576K
}
Event: 266.753 GC heap before
{Heap before GC invocations=111 (full 0):
 garbage-first heap   total 723968K, used 672558K [0x0000000080000000, 0x0000000100000000)
  region size 1024K, 354 young (362496K), 14 survivors (14336K)
 Metaspace       used 163082K, committed 165568K, reserved 1245184K
  class space    used 22035K, committed 23296K, reserved 1048576K
}
Event: 266.769 GC heap after
{Heap after GC invocations=112 (full 0):
 garbage-first heap   total 723968K, used 329687K [0x0000000080000000, 0x0000000100000000)
  region size 1024K, 19 young (19456K), 19 survivors (19456K)
 Metaspace       used 163082K, committed 165568K, reserved 1245184K
  class space    used 22035K, committed 23296K, reserved 1048576K
}
Event: 267.598 GC heap before
{Heap before GC invocations=112 (full 0):
 garbage-first heap   total 723968K, used 667607K [0x0000000080000000, 0x0000000100000000)
  region size 1024K, 349 young (357376K), 19 survivors (19456K)
 Metaspace       used 163373K, committed 165824K, reserved 1245184K
  class space    used 22045K, committed 23296K, reserved 1048576K
}
Event: 267.615 GC heap after
{Heap after GC invocations=113 (full 0):
 garbage-first heap   total 723968K, used 317846K [0x0000000080000000, 0x0000000100000000)
  region size 1024K, 17 young (17408K), 17 survivors (17408K)
 Metaspace       used 163373K, committed 165824K, reserved 1245184K
  class space    used 22045K, committed 23296K, reserved 1048576K
}
Event: 268.080 GC heap before
{Heap before GC invocations=113 (full 0):
 garbage-first heap   total 723968K, used 467350K [0x0000000080000000, 0x0000000100000000)
  region size 1024K, 164 young (167936K), 17 survivors (17408K)
 Metaspace       used 163382K, committed 165888K, reserved 1245184K
  class space    used 22045K, committed 23296K, reserved 1048576K
}
Event: 268.094 GC heap after
{Heap after GC invocations=114 (full 0):
 garbage-first heap   total 723968K, used 318592K [0x0000000080000000, 0x0000000100000000)
  region size 1024K, 18 young (18432K), 18 survivors (18432K)
 Metaspace       used 163382K, committed 165888K, reserved 1245184K
  class space    used 22045K, committed 23296K, reserved 1048576K
}
Event: 269.262 GC heap before
{Heap before GC invocations=115 (full 0):
 garbage-first heap   total 723968K, used 668800K [0x0000000080000000, 0x0000000100000000)
  region size 1024K, 359 young (367616K), 18 survivors (18432K)
 Metaspace       used 163388K, committed 165888K, reserved 1245184K
  class space    used 22045K, committed 23296K, reserved 1048576K
}
Event: 269.281 GC heap after
{Heap after GC invocations=116 (full 0):
 garbage-first heap   total 723968K, used 326981K [0x0000000080000000, 0x0000000100000000)
  region size 1024K, 26 young (26624K), 26 survivors (26624K)
 Metaspace       used 163388K, committed 165888K, reserved 1245184K
  class space    used 22045K, committed 23296K, reserved 1048576K
}
Event: 269.937 GC heap before
{Heap before GC invocations=116 (full 0):
 garbage-first heap   total 723968K, used 659781K [0x0000000080000000, 0x0000000100000000)
  region size 1024K, 351 young (359424K), 26 survivors (26624K)
 Metaspace       used 163390K, committed 165888K, reserved 1245184K
  class space    used 22045K, committed 23296K, reserved 1048576K
}
Event: 269.954 GC heap after
{Heap after GC invocations=117 (full 0):
 garbage-first heap   total 723968K, used 313815K [0x0000000080000000, 0x0000000100000000)
  region size 1024K, 20 young (20480K), 20 survivors (20480K)
 Metaspace       used 163390K, committed 165888K, reserved 1245184K
  class space    used 22045K, committed 23296K, reserved 1048576K
}
Event: 270.849 GC heap before
{Heap before GC invocations=117 (full 0):
 garbage-first heap   total 723968K, used 665047K [0x0000000080000000, 0x0000000100000000)
  region size 1024K, 363 young (371712K), 20 survivors (20480K)
 Metaspace       used 163396K, committed 165888K, reserved 1245184K
  class space    used 22045K, committed 23296K, reserved 1048576K
}
Event: 270.862 GC heap after
{Heap after GC invocations=118 (full 0):
 garbage-first heap   total 723968K, used 311063K [0x0000000080000000, 0x0000000100000000)
  region size 1024K, 17 young (17408K), 17 survivors (17408K)
 Metaspace       used 163396K, committed 165888K, reserved 1245184K
  class space    used 22045K, committed 23296K, reserved 1048576K
}
Event: 273.603 GC heap before
{Heap before GC invocations=119 (full 0):
 garbage-first heap   total 723968K, used 673559K [0x0000000080000000, 0x0000000100000000)
  region size 1024K, 366 young (374784K), 17 survivors (17408K)
 Metaspace       used 163967K, committed 166528K, reserved 1245184K
  class space    used 22080K, committed 23360K, reserved 1048576K
}
Event: 273.619 GC heap after
{Heap after GC invocations=120 (full 0):
 garbage-first heap   total 723968K, used 311087K [0x0000000080000000, 0x0000000100000000)
  region size 1024K, 16 young (16384K), 16 survivors (16384K)
 Metaspace       used 163967K, committed 166528K, reserved 1245184K
  class space    used 22080K, committed 23360K, reserved 1048576K
}

Dll operation events (3 events):
Event: 0.019 Loaded shared library C:\Users\harsh\AppData\Local\Programs\Android Studio\jbr\bin\java.dll
Event: 0.033 Loaded shared library C:\Users\harsh\AppData\Local\Programs\Android Studio\jbr\bin\zip.dll
Event: 1.456 Loaded shared library C:\Users\harsh\AppData\Local\Programs\Android Studio\jbr\bin\verify.dll

Deoptimization events (20 events):
Event: 278.049 Thread 0x00000242bd3fefd0 Uncommon trap: trap_request=0xffffff45 fr.pc=0x000002429cfb66f0 relative=0x0000000000000230
Event: 278.049 Thread 0x00000242bd3fefd0 Uncommon trap: reason=unstable_if action=reinterpret pc=0x000002429cfb66f0 method=java.lang.ThreadLocal.get(Ljava/lang/Thread;)Ljava/lang/Object; @ 7 c2
Event: 278.049 Thread 0x00000242bd3fefd0 DEOPT PACKING pc=0x000002429cfb66f0 sp=0x000000fd94dfebc0
Event: 278.049 Thread 0x00000242b5e50c20 Uncommon trap: trap_request=0xffffff45 fr.pc=0x000002429cfb66f0 relative=0x0000000000000230
Event: 278.049 Thread 0x00000242b5e50c20 Uncommon trap: reason=unstable_if action=reinterpret pc=0x000002429cfb66f0 method=java.lang.ThreadLocal.get(Ljava/lang/Thread;)Ljava/lang/Object; @ 7 c2
Event: 278.049 Thread 0x00000242b5e50c20 DEOPT PACKING pc=0x000002429cfb66f0 sp=0x000000fd94cfe8a0
Event: 278.049 Thread 0x00000242bd3fefd0 DEOPT UNPACKING pc=0x000002429c8b46a2 sp=0x000000fd94dfe9c8 mode 2
Event: 278.049 Thread 0x00000242b5e50c20 DEOPT UNPACKING pc=0x000002429c8b46a2 sp=0x000000fd94cfe6a8 mode 2
Event: 278.049 Thread 0x00000242a9c201a0 Uncommon trap: trap_request=0xffffff45 fr.pc=0x000002429d240ee4 relative=0x0000000000000124
Event: 278.049 Thread 0x00000242a9c201a0 Uncommon trap: reason=unstable_if action=reinterpret pc=0x000002429d240ee4 method=java.lang.ThreadLocal.get(Ljava/lang/Thread;)Ljava/lang/Object; @ 7 c2
Event: 278.049 Thread 0x00000242a9c201a0 DEOPT PACKING pc=0x000002429d240ee4 sp=0x000000fd94bfea00
Event: 278.049 Thread 0x00000242c20575f0 Uncommon trap: trap_request=0xffffff45 fr.pc=0x000002429d240ee4 relative=0x0000000000000124
Event: 278.049 Thread 0x00000242c20575f0 Uncommon trap: reason=unstable_if action=reinterpret pc=0x000002429d240ee4 method=java.lang.ThreadLocal.get(Ljava/lang/Thread;)Ljava/lang/Object; @ 7 c2
Event: 278.049 Thread 0x00000242c20575f0 DEOPT PACKING pc=0x000002429d240ee4 sp=0x000000fd94afea30
Event: 278.049 Thread 0x00000242a9c201a0 DEOPT UNPACKING pc=0x000002429c8b46a2 sp=0x000000fd94bfe930 mode 2
Event: 278.049 Thread 0x00000242c20575f0 DEOPT UNPACKING pc=0x000002429c8b46a2 sp=0x000000fd94afe960 mode 2
Event: 278.049 Thread 0x00000242bcd6ed00 Uncommon trap: trap_request=0xffffff45 fr.pc=0x000002429d0ca1e4 relative=0x0000000000000124
Event: 278.049 Thread 0x00000242bcd6ed00 Uncommon trap: reason=unstable_if action=reinterpret pc=0x000002429d0ca1e4 method=java.lang.ThreadLocal.get(Ljava/lang/Thread;)Ljava/lang/Object; @ 7 c2
Event: 278.049 Thread 0x00000242bcd6ed00 DEOPT PACKING pc=0x000002429d0ca1e4 sp=0x000000fd92ffebf0
Event: 278.049 Thread 0x00000242bcd6ed00 DEOPT UNPACKING pc=0x000002429c8b46a2 sp=0x000000fd92ffeb98 mode 2

Classes loaded (20 events):
Event: 278.044 Loading class java/util/concurrent/ForkJoinPool$DefaultForkJoinWorkerThreadFactory$1
Event: 278.044 Loading class java/util/concurrent/ForkJoinPool$DefaultForkJoinWorkerThreadFactory$1 done
Event: 278.053 Loading class java/util/zip/Deflater
Event: 278.054 Loading class java/util/zip/Deflater done
Event: 278.055 Loading class java/util/zip/Deflater$DeflaterZStreamRef
Event: 278.055 Loading class java/util/zip/Deflater$DeflaterZStreamRef done
Event: 278.063 Loading class java/util/concurrent/CountedCompleter
Event: 278.063 Loading class java/util/concurrent/CountedCompleter done
Event: 278.143 Loading class java/nio/BufferOverflowException
Event: 278.143 Loading class java/nio/BufferOverflowException done
Event: 278.146 Loading class java/security/DigestException
Event: 278.146 Loading class java/security/DigestException done
Event: 278.147 Loading class java/security/InvalidAlgorithmParameterException
Event: 278.147 Loading class java/security/InvalidAlgorithmParameterException done
Event: 278.150 Loading class java/security/spec/InvalidKeySpecException
Event: 278.150 Loading class java/security/spec/InvalidKeySpecException done
Event: 278.160 Loading class java/security/spec/MGF1ParameterSpec
Event: 278.160 Loading class java/security/spec/MGF1ParameterSpec done
Event: 278.165 Loading class java/util/concurrent/ForkJoinTask$AdaptedInterruptibleRunnable
Event: 278.165 Loading class java/util/concurrent/ForkJoinTask$AdaptedInterruptibleRunnable done

Classes unloaded (20 events):
Event: 258.430 Thread 0x00000242a9cec300 Unloading class 0x0000000101718c00 'java/lang/invoke/LambdaForm$DMH+0x0000000101718c00'
Event: 258.430 Thread 0x00000242a9cec300 Unloading class 0x0000000101718400 'java/lang/invoke/LambdaForm$DMH+0x0000000101718400'
Event: 258.430 Thread 0x00000242a9cec300 Unloading class 0x00000001016d8400 'java/lang/invoke/LambdaForm$DMH+0x00000001016d8400'
Event: 258.430 Thread 0x00000242a9cec300 Unloading class 0x00000001016d8000 'java/lang/invoke/LambdaForm$DMH+0x00000001016d8000'
Event: 258.430 Thread 0x00000242a9cec300 Unloading class 0x00000001016d5c00 'java/lang/invoke/LambdaForm$DMH+0x00000001016d5c00'
Event: 258.430 Thread 0x00000242a9cec300 Unloading class 0x00000001016d5400 'java/lang/invoke/LambdaForm$DMH+0x00000001016d5400'
Event: 258.430 Thread 0x00000242a9cec300 Unloading class 0x00000001016d4800 'java/lang/invoke/LambdaForm$DMH+0x00000001016d4800'
Event: 258.430 Thread 0x00000242a9cec300 Unloading class 0x00000001016d5000 'java/lang/invoke/LambdaForm$DMH+0x00000001016d5000'
Event: 258.430 Thread 0x00000242a9cec300 Unloading class 0x00000001016d4c00 'java/lang/invoke/LambdaForm$DMH+0x00000001016d4c00'
Event: 258.430 Thread 0x00000242a9cec300 Unloading class 0x00000001016d4400 'java/lang/invoke/LambdaForm$DMH+0x00000001016d4400'
Event: 258.430 Thread 0x00000242a9cec300 Unloading class 0x0000000101671000 'java/lang/invoke/LambdaForm$DMH+0x0000000101671000'
Event: 258.430 Thread 0x00000242a9cec300 Unloading class 0x0000000101670c00 'java/lang/invoke/LambdaForm$DMH+0x0000000101670c00'
Event: 258.430 Thread 0x00000242a9cec300 Unloading class 0x0000000101670400 'java/lang/invoke/LambdaForm$DMH+0x0000000101670400'
Event: 258.430 Thread 0x00000242a9cec300 Unloading class 0x0000000101670800 'java/lang/invoke/LambdaForm$DMH+0x0000000101670800'
Event: 258.430 Thread 0x00000242a9cec300 Unloading class 0x00000001015f5000 'java/lang/invoke/LambdaForm$DMH+0x00000001015f5000'
Event: 258.430 Thread 0x00000242a9cec300 Unloading class 0x00000001015f4400 'java/lang/invoke/LambdaForm$DMH+0x00000001015f4400'
Event: 258.430 Thread 0x00000242a9cec300 Unloading class 0x00000001015f4800 'java/lang/invoke/LambdaForm$DMH+0x00000001015f4800'
Event: 258.430 Thread 0x00000242a9cec300 Unloading class 0x00000001015f4c00 'java/lang/invoke/LambdaForm$DMH+0x00000001015f4c00'
Event: 258.430 Thread 0x00000242a9cec300 Unloading class 0x00000001015f5400 'java/lang/invoke/LambdaForm$DMH+0x00000001015f5400'
Event: 259.957 Thread 0x00000242a9cec300 Unloading class 0x0000000101488000 'java/lang/invoke/LambdaForm$DMH+0x0000000101488000'

Classes redefined (0 events):
No events

Internal exceptions (20 events):
Event: 274.311 Thread 0x00000242bbcdd960 Exception <a 'sun/nio/fs/WindowsException'{0x00000000a84a3f90}> (0x00000000a84a3f90) 
thrown [s\src\hotspot\share\prims\jni.cpp, line 535]
Event: 274.833 Thread 0x00000242bbcdd2d0 Exception <a 'sun/nio/fs/WindowsException'{0x00000000a70f65f8}> (0x00000000a70f65f8) 
thrown [s\src\hotspot\share\prims\jni.cpp, line 535]
Event: 274.956 Thread 0x00000242bbcddff0 Exception <a 'sun/nio/fs/WindowsException'{0x00000000a6ab92a8}> (0x00000000a6ab92a8) 
thrown [s\src\hotspot\share\prims\jni.cpp, line 535]
Event: 275.623 Thread 0x00000242bbce00c0 Exception <a 'sun/nio/fs/WindowsException'{0x00000000a45f1590}> (0x00000000a45f1590) 
thrown [s\src\hotspot\share\prims\jni.cpp, line 535]
Event: 276.775 Thread 0x00000242bc5c7170 Implicit null exception at 0x000002429d77fcf9 to 0x000002429d780660
Event: 276.888 Thread 0x00000242bc5c7170 Exception <a 'sun/nio/fs/WindowsException'{0x00000000a010a480}> (0x00000000a010a480) 
thrown [s\src\hotspot\share\prims\jni.cpp, line 535]
Event: 277.544 Thread 0x00000242b5f76670 Exception <a 'java/lang/NoSuchMethodError'{0x000000009f115278}: static Lcom/android/build/api/variant/impl/SerializableApplicationMultiOutputHandler;.<clinit>()V> (0x000000009f115278) 
thrown [s\src\hotspot\share\prims\jni.cpp, line 1139]
Event: 277.545 Thread 0x00000242b5f76670 Exception <a 'java/lang/NoSuchMethodError'{0x000000009f12b360}: static Lcom/android/build/api/variant/impl/VariantOutputImpl$SerializedForm;.<clinit>()V> (0x000000009f12b360) 
thrown [s\src\hotspot\share\prims\jni.cpp, line 1139]
Event: 277.546 Thread 0x00000242b5f76670 Exception <a 'java/lang/NoSuchMethodError'{0x000000009f140528}: static Lcom/android/build/api/variant/impl/VariantOutputConfigurationImpl;.<clinit>()V> (0x000000009f140528) 
thrown [s\src\hotspot\share\prims\jni.cpp, line 1139]
Event: 277.655 Thread 0x00000242bbcdbf20 Exception <a 'sun/nio/fs/WindowsException'{0x000000009ed5a808}> (0x000000009ed5a808) 
thrown [s\src\hotspot\share\prims\jni.cpp, line 535]
Event: 277.713 Thread 0x00000242bbcdbf20 Exception <a 'java/lang/NoSuchMethodError'{0x000000009ec304f8}: 'java.lang.Object java.lang.invoke.DirectMethodHandle$Holder.newInvokeSpecial(java.lang.Object, java.lang.Object, java.lang.Object, java.lang.Object, java.lang.Object, int, java.lang.Object)'> (0x000000009ec304f8) 
thrown [s\src\hotspot\share\interpreter\linkResolver.cpp, line 784]
Event: 277.713 Thread 0x00000242bbcdbf20 Exception <a 'java/lang/NoSuchMethodError'{0x000000009ec37e80}: 'java.lang.Object java.lang.invoke.Invokers$Holder.linkToTargetMethod(java.lang.Object, java.lang.Object, java.lang.Object, java.lang.Object, int, java.lang.Object, java.lang.Object)'> (0x000000009ec37e80) 
thrown [s\src\hotspot\share\interpreter\linkResolver.cpp, line 784]
Event: 277.745 Thread 0x00000242bbcdbf20 Exception <a 'java/lang/NoSuchMethodError'{0x000000009ecc7170}: 'java.lang.Object java.lang.invoke.DirectMethodHandle$Holder.newInvokeSpecial(java.lang.Object, java.lang.Object, java.lang.Object, java.lang.Object, java.lang.Object, java.lang.Object, java.lang.Object, int)'> (0x000000009ecc7170) 
thrown [s\src\hotspot\share\interpreter\linkResolver.cpp, line 784]
Event: 277.746 Thread 0x00000242bbcdbf20 Exception <a 'java/lang/NoSuchMethodError'{0x000000009eccb960}: 'java.lang.Object java.lang.invoke.DirectMethodHandle$Holder.invokeSpecial(java.lang.Object, java.lang.Object, java.lang.Object, java.lang.Object, java.lang.Object, java.lang.Object, java.lang.Object, java.lang.Object, int)'> (0x000000009eccb960) 
thrown [s\src\hotspot\share\interpreter\linkResolver.cpp, line 784]
Event: 277.746 Thread 0x00000242bbcdbf20 Exception <a 'java/lang/NoSuchMethodError'{0x000000009eccfb68}: 'java.lang.Object java.lang.invoke.Invokers$Holder.linkToTargetMethod(java.lang.Object, java.lang.Object, java.lang.Object, java.lang.Object, java.lang.Object, java.lang.Object, int, java.lang.Object)'> (0x000000009eccfb68) 
thrown [s\src\hotspot\share\interpreter\linkResolver.cpp, line 784]
Event: 278.049 Thread 0x00000242bd3fefd0 Implicit null exception at 0x000002429cfb64ec to 0x000002429cfb66e0
Event: 278.049 Thread 0x00000242b5e50c20 Implicit null exception at 0x000002429cfb64ec to 0x000002429cfb66e0
Event: 278.049 Thread 0x00000242a9c201a0 Implicit null exception at 0x000002429d240e0b to 0x000002429d240ecc
Event: 278.049 Thread 0x00000242c20575f0 Implicit null exception at 0x000002429d240e0b to 0x000002429d240ecc
Event: 278.049 Thread 0x00000242bcd6ed00 Implicit null exception at 0x000002429d0ca107 to 0x000002429d0ca1cc

ZGC Phase Switch (0 events):
No events

VM Operations (20 events):
Event: 275.813 Executing VM operation: Cleanup
Event: 275.813 Executing VM operation: Cleanup done
Event: 276.813 Executing VM operation: Cleanup
Event: 276.814 Executing VM operation: Cleanup done
Event: 277.214 Executing VM operation: HandshakeAllThreads (Deoptimize)
Event: 277.214 Executing VM operation: HandshakeAllThreads (Deoptimize) done
Event: 277.534 Executing VM operation: ICBufferFull
Event: 277.535 Executing VM operation: ICBufferFull done
Event: 277.648 Executing VM operation: HandshakeAllThreads (Deoptimize)
Event: 277.648 Executing VM operation: HandshakeAllThreads (Deoptimize) done
Event: 277.665 Executing VM operation: HandshakeAllThreads (Deoptimize)
Event: 277.666 Executing VM operation: HandshakeAllThreads (Deoptimize) done
Event: 277.668 Executing VM operation: HandshakeAllThreads (Deoptimize)
Event: 277.668 Executing VM operation: HandshakeAllThreads (Deoptimize) done
Event: 277.717 Executing VM operation: HandshakeAllThreads (Deoptimize)
Event: 277.717 Executing VM operation: HandshakeAllThreads (Deoptimize) done
Event: 278.717 Executing VM operation: Cleanup
Event: 279.432 Executing VM operation: Cleanup done
Event: 281.432 Executing VM operation: Cleanup
Event: 281.460 Executing VM operation: Cleanup done

Memory protections (0 events):
No events

Nmethod flushes (20 events):
Event: 271.186 Thread 0x00000242a9cec300 flushing  nmethod 0x0000024296863810
Event: 271.186 Thread 0x00000242a9cec300 flushing  nmethod 0x0000024296898310
Event: 271.186 Thread 0x00000242a9cec300 flushing  nmethod 0x0000024296898c90
Event: 271.186 Thread 0x00000242a9cec300 flushing  nmethod 0x000002429689bb90
Event: 271.186 Thread 0x00000242a9cec300 flushing  nmethod 0x000002429689cb90
Event: 271.186 Thread 0x00000242a9cec300 flushing  nmethod 0x000002429689df10
Event: 271.186 Thread 0x00000242a9cec300 flushing  nmethod 0x000002429689f310
Event: 271.186 Thread 0x00000242a9cec300 flushing  nmethod 0x00000242968a0290
Event: 271.186 Thread 0x00000242a9cec300 flushing  nmethod 0x00000242968a0a10
Event: 271.186 Thread 0x00000242a9cec300 flushing  nmethod 0x00000242968a1c10
Event: 271.186 Thread 0x00000242a9cec300 flushing  nmethod 0x00000242968a2f90
Event: 271.186 Thread 0x00000242a9cec300 flushing  nmethod 0x00000242968a3790
Event: 271.186 Thread 0x00000242a9cec300 flushing  nmethod 0x0000024296aef510
Event: 271.186 Thread 0x00000242a9cec300 flushing  nmethod 0x0000024296b2cf90
Event: 271.186 Thread 0x00000242a9cec300 flushing  nmethod 0x0000024296b2d590
Event: 271.186 Thread 0x00000242a9cec300 flushing  nmethod 0x0000024296be6310
Event: 271.186 Thread 0x00000242a9cec300 flushing  nmethod 0x0000024296be6890
Event: 271.186 Thread 0x00000242a9cec300 flushing  nmethod 0x0000024296c5f490
Event: 271.186 Thread 0x00000242a9cec300 flushing osr nmethod 0x0000024296c67810
Event: 271.186 Thread 0x00000242a9cec300 flushing  nmethod 0x00000242973c5890

Events (20 events):
Event: 272.673 Thread 0x00000242bc723ce0 Thread exited: 0x00000242bc723ce0
Event: 272.853 Thread 0x00000242b4ef2410 Thread exited: 0x00000242b4ef2410
Event: 273.021 Thread 0x00000242a9e414f0 Thread added: 0x00000242bc723610
Event: 273.662 Thread 0x00000242bc723610 Thread exited: 0x00000242bc723610
Event: 273.787 Thread 0x00000242a9e414f0 Thread added: 0x00000242bc723610
Event: 276.393 Thread 0x00000242bc723610 Thread exited: 0x00000242bc723610
Event: 276.412 Thread 0x00000242a9e414f0 Thread added: 0x00000242bb311b90
Event: 277.968 Thread 0x00000242bb311b90 Thread exited: 0x00000242bb311b90
Event: 278.045 Thread 0x00000242bbcdbf20 Thread added: 0x00000242b608c9d0
Event: 278.046 Thread 0x00000242b608c9d0 Thread added: 0x00000242bcd6ed00
Event: 278.046 Thread 0x00000242bcd6ed00 Thread added: 0x00000242bbcd8410
Event: 278.047 Thread 0x00000242bbcd8410 Thread added: 0x00000242c20575f0
Event: 278.047 Thread 0x00000242c20575f0 Thread added: 0x00000242a9c201a0
Event: 278.047 Thread 0x00000242a9c201a0 Thread added: 0x00000242b5e50c20
Event: 278.048 Thread 0x00000242b5e50c20 Thread added: 0x00000242bd3fefd0
Event: 278.166 Thread 0x00000242b5e50c20 Thread added: 0x00000242bd3fe940
Event: 278.167 Thread 0x00000242bd3fe940 Thread added: 0x00000242b23ca860
Event: 278.168 Thread 0x00000242b23ca860 Thread added: 0x00000242aa47f9b0
Event: 278.168 Thread 0x00000242aa47f9b0 Thread added: 0x00000242bd3fdc20
Event: 278.182 Thread 0x00000242b5fa88a0 Thread exited: 0x00000242b5fa88a0


Dynamic libraries:
0x00007ff6c6ff0000 - 0x00007ff6c6ffa000 	C:\Users\harsh\AppData\Local\Programs\Android Studio\jbr\bin\java.exe
0x00007ffd9a9a0000 - 0x00007ffd9ac08000 	C:\Windows\SYSTEM32\ntdll.dll
0x00007ffd98b00000 - 0x00007ffd98bc9000 	C:\Windows\System32\KERNEL32.DLL
0x00007ffd975f0000 - 0x00007ffd979e1000 	C:\Windows\System32\KERNELBASE.dll
0x00007ffd97470000 - 0x00007ffd975bb000 	C:\Windows\System32\ucrtbase.dll
0x00007ffd4b450000 - 0x00007ffd4b46b000 	C:\Users\harsh\AppData\Local\Programs\Android Studio\jbr\bin\VCRUNTIME140.dll
0x00007ffd8a920000 - 0x00007ffd8a938000 	C:\Users\harsh\AppData\Local\Programs\Android Studio\jbr\bin\jli.dll
0x00007ffd98740000 - 0x00007ffd98906000 	C:\Windows\System32\USER32.dll
0x00007ffd862d0000 - 0x00007ffd86563000 	C:\Windows\WinSxS\amd64_microsoft.windows.common-controls_6595b64144ccf1df_6.0.26100.7824_none_3e0870b2e3345462\COMCTL32.dll
0x00007ffd975c0000 - 0x00007ffd975e7000 	C:\Windows\System32\win32u.dll
0x00007ffd9a4f0000 - 0x00007ffd9a599000 	C:\Windows\System32\msvcrt.dll
0x00007ffd98d60000 - 0x00007ffd98d8b000 	C:\Windows\System32\GDI32.dll
0x00007ffd97280000 - 0x00007ffd973ab000 	C:\Windows\System32\gdi32full.dll
0x00007ffd979f0000 - 0x00007ffd97a93000 	C:\Windows\System32\msvcp_win.dll
0x00007ffd98920000 - 0x00007ffd98951000 	C:\Windows\System32\IMM32.DLL
0x00007ffd7ad80000 - 0x00007ffd7ad8c000 	C:\Users\harsh\AppData\Local\Programs\Android Studio\jbr\bin\vcruntime140_1.dll
0x00007ffd57630000 - 0x00007ffd576bd000 	C:\Users\harsh\AppData\Local\Programs\Android Studio\jbr\bin\msvcp140.dll
0x00007ffd412d0000 - 0x00007ffd41f5b000 	C:\Users\harsh\AppData\Local\Programs\Android Studio\jbr\bin\server\jvm.dll
0x00007ffd98960000 - 0x00007ffd98a14000 	C:\Windows\System32\ADVAPI32.dll
0x00007ffd99570000 - 0x00007ffd99616000 	C:\Windows\System32\sechost.dll
0x00007ffd9a840000 - 0x00007ffd9a958000 	C:\Windows\System32\RPCRT4.dll
0x00007ffd9a5a0000 - 0x00007ffd9a614000 	C:\Windows\System32\WS2_32.dll
0x00007ffd970e0000 - 0x00007ffd9713e000 	C:\Windows\SYSTEM32\POWRPROF.dll
0x00007ffd918a0000 - 0x00007ffd918d5000 	C:\Windows\SYSTEM32\WINMM.dll
0x00007ffd918e0000 - 0x00007ffd918eb000 	C:\Windows\SYSTEM32\VERSION.dll
0x00007ffd970c0000 - 0x00007ffd970d4000 	C:\Windows\SYSTEM32\UMPDC.dll
0x00007ffd96020000 - 0x00007ffd9603b000 	C:\Windows\SYSTEM32\kernel.appcore.dll
0x00007ffd7a0e0000 - 0x00007ffd7a0ea000 	C:\Users\harsh\AppData\Local\Programs\Android Studio\jbr\bin\jimage.dll
0x00007ffd8cab0000 - 0x00007ffd8ccf2000 	C:\Windows\SYSTEM32\DBGHELP.DLL
0x00007ffd98e10000 - 0x00007ffd99196000 	C:\Windows\System32\combase.dll
0x00007ffd99490000 - 0x00007ffd99567000 	C:\Windows\System32\OLEAUT32.dll
0x00007ffd85cd0000 - 0x00007ffd85d0b000 	C:\Windows\SYSTEM32\dbgcore.DLL
0x00007ffd98510000 - 0x00007ffd985b5000 	C:\Windows\System32\bcryptPrimitives.dll
0x00007ffd8b090000 - 0x00007ffd8b09e000 	C:\Users\harsh\AppData\Local\Programs\Android Studio\jbr\bin\instrument.dll
0x00007ffd4b430000 - 0x00007ffd4b450000 	C:\Users\harsh\AppData\Local\Programs\Android Studio\jbr\bin\java.dll
0x00007ffd4b410000 - 0x00007ffd4b428000 	C:\Users\harsh\AppData\Local\Programs\Android Studio\jbr\bin\zip.dll
0x00007ffd99d80000 - 0x00007ffd9a4d2000 	C:\Windows\System32\SHELL32.dll
0x00007ffd97aa0000 - 0x00007ffd97c0a000 	C:\Windows\System32\wintypes.dll
0x00007ffd97c10000 - 0x00007ffd98473000 	C:\Windows\System32\windows.storage.dll
0x00007ffd99ab0000 - 0x00007ffd99ba6000 	C:\Windows\System32\SHCORE.dll
0x00007ffd98d90000 - 0x00007ffd98df7000 	C:\Windows\System32\shlwapi.dll
0x00007ffd971a0000 - 0x00007ffd971c9000 	C:\Windows\SYSTEM32\profapi.dll
0x00007ffd79e30000 - 0x00007ffd79e40000 	C:\Users\harsh\AppData\Local\Programs\Android Studio\jbr\bin\net.dll
0x00007ffd8ed00000 - 0x00007ffd8ee27000 	C:\Windows\SYSTEM32\WINHTTP.dll
0x00007ffd96590000 - 0x00007ffd965fb000 	C:\Windows\system32\mswsock.dll
0x00007ffd4b2e0000 - 0x00007ffd4b2f6000 	C:\Users\harsh\AppData\Local\Programs\Android Studio\jbr\bin\nio.dll
0x00007ffd8a970000 - 0x00007ffd8a980000 	C:\Users\harsh\AppData\Local\Programs\Android Studio\jbr\bin\verify.dll
0x00007ffd7f3d0000 - 0x00007ffd7f3f7000 	C:\Users\harsh\.gradle\native\c067742578af261105cb4f569cf0c3c89f3d7b1fecec35dd04571415982c5e48\windows-amd64\native-platform.dll
0x00007ffd56870000 - 0x00007ffd569b4000 	C:\Users\harsh\.gradle\native\100fb08df4bc3b14c8652ba06237920a3bd2aa13389f12d3474272988ae205f9\windows-amd64\native-platform-file-events.dll
0x00007ffd6f510000 - 0x00007ffd6f519000 	C:\Users\harsh\AppData\Local\Programs\Android Studio\jbr\bin\management.dll
0x00007ffd4f190000 - 0x00007ffd4f19b000 	C:\Users\harsh\AppData\Local\Programs\Android Studio\jbr\bin\management_ext.dll
0x00007ffd98e00000 - 0x00007ffd98e08000 	C:\Windows\System32\PSAPI.DLL
0x00007ffd96860000 - 0x00007ffd9687b000 	C:\Windows\SYSTEM32\CRYPTSP.dll
0x00007ffd95f80000 - 0x00007ffd95fb9000 	C:\Windows\system32\rsaenh.dll
0x00007ffd96640000 - 0x00007ffd9666b000 	C:\Windows\SYSTEM32\USERENV.dll
0x00007ffd97170000 - 0x00007ffd9719a000 	C:\Windows\SYSTEM32\bcrypt.dll
0x00007ffd96880000 - 0x00007ffd9688c000 	C:\Windows\SYSTEM32\CRYPTBASE.dll
0x00007ffd95a20000 - 0x00007ffd95a54000 	C:\Windows\SYSTEM32\IPHLPAPI.DLL
0x00007ffd9a4e0000 - 0x00007ffd9a4ea000 	C:\Windows\System32\NSI.dll
0x00007ffd70370000 - 0x00007ffd70379000 	C:\Users\harsh\AppData\Local\Programs\Android Studio\jbr\bin\extnet.dll
0x00007ffd74720000 - 0x00007ffd74728000 	C:\Windows\system32\wshunix.dll
0x00007ffd8b030000 - 0x00007ffd8b037000 	C:\Users\harsh\AppData\Local\Programs\Android Studio\jbr\bin\rmi.dll
0x00007ffd96140000 - 0x00007ffd96176000 	C:\Windows\SYSTEM32\ntmarta.dll

dbghelp: loaded successfully - version: 4.0.5 - missing functions: none
symbol engine: initialized successfully - sym options: 0x614 - pdb path: .;C:\Users\harsh\AppData\Local\Programs\Android Studio\jbr\bin;C:\Windows\SYSTEM32;C:\Windows\WinSxS\amd64_microsoft.windows.common-controls_6595b64144ccf1df_6.0.26100.7824_none_3e0870b2e3345462;C:\Users\harsh\AppData\Local\Programs\Android Studio\jbr\bin\server;C:\Users\harsh\.gradle\native\c067742578af261105cb4f569cf0c3c89f3d7b1fecec35dd04571415982c5e48\windows-amd64;C:\Users\harsh\.gradle\native\100fb08df4bc3b14c8652ba06237920a3bd2aa13389f12d3474272988ae205f9\windows-amd64

VM Arguments:
jvm_args: --add-opens=java.base/java.lang=ALL-UNNAMED --add-opens=java.base/java.lang.invoke=ALL-UNNAMED --add-opens=java.base/java.util=ALL-UNNAMED --add-opens=java.prefs/java.util.prefs=ALL-UNNAMED --add-exports=jdk.compiler/com.sun.tools.javac.api=ALL-UNNAMED --add-exports=jdk.compiler/com.sun.tools.javac.util=ALL-UNNAMED --add-opens=java.base/java.util=ALL-UNNAMED --add-opens=java.prefs/java.util.prefs=ALL-UNNAMED --add-opens=java.base/java.nio.charset=ALL-UNNAMED --add-opens=java.base/java.net=ALL-UNNAMED --add-opens=java.base/java.util.concurrent.atomic=ALL-UNNAMED --add-opens=java.xml/javax.xml.namespace=ALL-UNNAMED -Xmx2048m -Dfile.encoding=UTF-8 -Duser.country=US -Duser.language=en -Duser.variant -javaagent:C:\Users\harsh\.gradle\wrapper\dists\gradle-8.11.1-bin\bpt9gzteqjrbo1mjrsomdt32c\gradle-8.11.1\lib\agents\gradle-instrumentation-agent-8.11.1.jar 
java_command: org.gradle.launcher.daemon.bootstrap.GradleDaemon 8.11.1
java_class_path (initial): C:\Users\harsh\.gradle\wrapper\dists\gradle-8.11.1-bin\bpt9gzteqjrbo1mjrsomdt32c\gradle-8.11.1\lib\gradle-daemon-main-8.11.1.jar
Launcher Type: SUN_STANDARD

[Global flags]
     intx CICompilerCount                          = 4                                         {product} {ergonomic}
     uint ConcGCThreads                            = 3                                         {product} {ergonomic}
     uint G1ConcRefinementThreads                  = 10                                        {product} {ergonomic}
   size_t G1HeapRegionSize                         = 1048576                                   {product} {ergonomic}
    uintx GCDrainStackTargetSize                   = 64                                        {product} {ergonomic}
   size_t InitialHeapSize                          = 257949696                                 {product} {ergonomic}
   size_t MarkStackSize                            = 4194304                                   {product} {ergonomic}
   size_t MaxHeapSize                              = 2147483648                                {product} {command line}
   size_t MaxNewSize                               = 1287651328                                {product} {ergonomic}
   size_t MinHeapDeltaBytes                        = 1048576                                   {product} {ergonomic}
   size_t MinHeapSize                              = 8388608                                   {product} {ergonomic}
    uintx NonNMethodCodeHeapSize                   = 5839372                                {pd product} {ergonomic}
    uintx NonProfiledCodeHeapSize                  = 122909434                              {pd product} {ergonomic}
    uintx ProfiledCodeHeapSize                     = 122909434                              {pd product} {ergonomic}
    uintx ReservedCodeCacheSize                    = 251658240                              {pd product} {ergonomic}
     bool SegmentedCodeCache                       = true                                      {product} {ergonomic}
   size_t SoftMaxHeapSize                          = 2147483648                             {manageable} {ergonomic}
     bool UseCompressedOops                        = true                           {product lp64_product} {ergonomic}
     bool UseG1GC                                  = true                                      {product} {ergonomic}
     bool UseLargePagesIndividualAllocation        = false                                  {pd product} {ergonomic}

Logging:
Log output configuration:
 #0: stdout all=warning uptime,level,tags foldmultilines=false
 #1: stderr all=off uptime,level,tags foldmultilines=false

Environment Variables:
PATH=D:\oracle\product\10.2.0\db_1\bin;C:\Program Files\Common Files\Oracle\Java\javapath;C:\Windows\system32;C:\Windows;C:\Windows\System32\Wbem;C:\Windows\System32\WindowsPowerShell\v1.0\;C:\Windows\System32\OpenSSH\;C:\ProgramData\chocolatey\bin;C:\Program Files\Java\jdk-23\bin;C:\Program Files\Git\cmd;D:\flutter\bin;C:\Users\harsh\AppData\Local\Microsoft\WindowsApps;C:\Users\harsh\AppData\Local\Programs\Microsoft VS Code\bin;C:\Users\harsh\AppData\Roaming\Python\Python313\Scripts;C:\Users\harsh\AppData\Local\JetBrains\Toolbox\scripts;
USERNAME=harsh
OS=Windows_NT
PROCESSOR_IDENTIFIER=AMD64 Family 25 Model 80 Stepping 0, AuthenticAMD
TMP=C:\Users\harsh\AppData\Local\Temp
TEMP=C:\Users\harsh\AppData\Local\Temp




Periodic native trim disabled

JNI global refs:
JNI global refs: 28, weak refs: 0

JNI global refs memory usage: 835, weak refs: 833

Process memory usage:
Resident Set Size: 1172812K (7% of 16085060K total physical memory with 1302212K free physical memory)

OOME stack traces (most recent first):
Classloader memory used:
Loader org.gradle.internal.classloader.VisitableURLClassLoader$InstrumentingVisitableURLClassLoader: 64552K
Loader org.gradle.internal.classloader.VisitableURLClassLoader                         : 46383K
Loader bootstrap                                                                       : 32228K
Loader org.gradle.initialization.MixInLegacyTypesClassLoader                           : 12984K
Loader jdk.internal.loader.ClassLoaders$AppClassLoader                                 : 9239K
Loader jdk.internal.loader.ClassLoaders$PlatformClassLoader                            : 908K
Loader jdk.internal.reflect.DelegatingClassLoader                                      : 656K
Loader org.gradle.internal.classloader.VisitableURLClassLoader                         : 329K
Loader org.codehaus.groovy.runtime.callsite.CallSiteClassLoader                        : 48808B

Classes loaded by more than one classloader:
Class Program                                                                         : loaded 5 times (x 68B)
Class Build_gradle                                                                    : loaded 3 times (x 126B)
Class Build_gradle$1                                                                  : loaded 3 times (x 70B)
Class org.gradle.internal.classloader.FilteringClassLoader                            : loaded 2 times (x 101B)
Class com.google.common.collect.SortedSetMultimap                                     : loaded 2 times (x 66B)
Class [Lcom.google.common.base.AbstractIterator$State;                                : loaded 2 times (x 65B)
Class com.google.common.base.CharMatcher$IsEither                                     : loaded 2 times (x 107B)
Class org.gradle.internal.classloader.ClassLoaderHierarchy                            : loaded 2 times (x 66B)
Class com.google.common.collect.AbstractMapBasedMultimap$WrappedCollection            : loaded 2 times (x 120B)
Class com.google.common.collect.ImmutableEnumSet                                      : loaded 2 times (x 142B)
Class com.google.common.util.concurrent.ExecutionError                                : loaded 2 times (x 78B)
Class com.google.common.collect.ImmutableList$1                                       : loaded 2 times (x 93B)
Class org.gradle.api.internal.classpath.ManifestUtil                                  : loaded 2 times (x 67B)
Class com.google.common.io.ByteArrayDataOutput                                        : loaded 2 times (x 66B)
Class com.google.common.collect.RegularImmutableMap                                   : loaded 2 times (x 117B)
Class com.google.common.collect.ImmutableMap$MapViewOfValuesAsSingletonSets           : loaded 2 times (x 122B)
Class [Lorg.objectweb.asm.Symbol;                                                     : loaded 2 times (x 65B)
Class org.objectweb.asm.ClassVisitor                                                  : loaded 2 times (x 84B)
Class com.google.common.collect.UnmodifiableListIterator                              : loaded 2 times (x 91B)
Class com.google.common.base.Platform$JdkPatternCompiler                              : loaded 2 times (x 71B)
Class org.objectweb.asm.MethodTooLargeException                                       : loaded 2 times (x 79B)
Class [Lcom.google.common.cache.CacheBuilder$OneWeigher;                              : loaded 2 times (x 65B)
Class com.google.common.base.Suppliers                                                : loaded 2 times (x 67B)
Class org.gradle.internal.classloader.DefaultClassLoaderFactory                       : loaded 2 times (x 78B)
Class [Lcom.google.common.collect.AbstractIterator$State;                             : loaded 2 times (x 65B)
Class com.google.common.base.CharMatcher$None                                         : loaded 2 times (x 108B)
Class org.gradle.internal.classloader.ClassLoaderVisitor                              : loaded 2 times (x 72B)
Class [Lcom.google.common.collect.ImmutableMapEntry;                                  : loaded 2 times (x 65B)
Class org.gradle.api.internal.classpath.EffectiveClassPath                            : loaded 2 times (x 86B)
Class [Lorg.apache.commons.io.StandardLineSeparator;                                  : loaded 2 times (x 65B)
Class org.apache.commons.io.output.StringBuilderWriter                                : loaded 2 times (x 96B)
Class com.google.common.collect.ImmutableRangeSet                                     : loaded 2 times (x 111B)
Class com.google.common.collect.ListMultimap                                          : loaded 2 times (x 66B)
Class com.google.common.collect.ImmutableEnumMap                                      : loaded 2 times (x 122B)
Class com.google.common.collect.ImmutableSet$SerializedForm                           : loaded 2 times (x 69B)
Class com.google.common.collect.Sets$1                                                : loaded 2 times (x 135B)
Class org.objectweb.asm.AnnotationVisitor                                             : loaded 2 times (x 74B)
Class com.google.common.base.Splitter                                                 : loaded 2 times (x 68B)
Class org.gradle.api.internal.DefaultClassPathProvider                                : loaded 2 times (x 72B)
Class com.google.common.collect.Maps$ViewCachingAbstractMap                           : loaded 2 times (x 121B)
Class [Lcom.google.common.base.Function;                                              : loaded 2 times (x 65B)
Class com.google.common.collect.Sets$2                                                : loaded 2 times (x 135B)
Class [Lorg.gradle.api.internal.ClassPathProvider;                                    : loaded 2 times (x 65B)
Class org.gradle.api.internal.ClassPathProvider                                       : loaded 2 times (x 66B)
Class [Lorg.objectweb.asm.AnnotationVisitor;                                          : loaded 2 times (x 65B)
Class com.google.common.collect.Sets$3                                                : loaded 2 times (x 135B)
Class com.google.common.util.concurrent.AbstractFuture$SafeAtomicHelper               : loaded 2 times (x 75B)
Class com.google.common.cache.LocalCache$LocalLoadingCache                            : loaded 2 times (x 130B)
Class com.google.common.base.AbstractIterator$State                                   : loaded 2 times (x 75B)
Class org.gradle.internal.service.UnknownServiceException                             : loaded 2 times (x 79B)
Class com.google.common.io.ByteArrayDataInput                                         : loaded 2 times (x 66B)
Class com.google.common.collect.Sets$4                                                : loaded 2 times (x 135B)
Class org.objectweb.asm.ModuleVisitor                                                 : loaded 2 times (x 77B)
Class com.google.common.cache.LocalCache$Strength$1                                   : loaded 2 times (x 77B)
Class com.google.common.collect.Collections2$FilteredCollection                       : loaded 2 times (x 115B)
Class org.apache.commons.io.output.QueueOutputStream                                  : loaded 2 times (x 83B)
Class com.google.common.util.concurrent.SettableFuture                                : loaded 2 times (x 110B)
Class com.google.common.cache.LocalCache$Strength$2                                   : loaded 2 times (x 77B)
Class com.google.common.collect.TransformedIterator                                   : loaded 2 times (x 76B)
Class [Lcom.google.common.collect.Maps$EntryFunction;                                 : loaded 2 times (x 65B)
Class org.objectweb.asm.Handle                                                        : loaded 2 times (x 68B)
Class com.google.common.io.ByteStreams                                                : loaded 2 times (x 67B)
Class com.google.common.cache.LocalCache$Strength$3                                   : loaded 2 times (x 77B)
Class com.google.common.collect.MapDifference                                         : loaded 2 times (x 66B)
Class com.google.common.base.Splitter$1                                               : loaded 2 times (x 73B)
Class org.objectweb.asm.FieldWriter                                                   : loaded 2 times (x 74B)
Class com.google.common.cache.CacheBuilder$NullListener                               : loaded 2 times (x 78B)
Class org.gradle.internal.classpath.TransformedClassPath                              : loaded 2 times (x 92B)
Class org.gradle.internal.classloader.InstrumentingClassLoader                        : loaded 2 times (x 66B)
Class com.google.common.collect.Maps$IteratorBasedAbstractMap$1                       : loaded 2 times (x 134B)
Class org.apache.commons.io.output.UnsynchronizedByteArrayOutputStream                : loaded 2 times (x 98B)
Class com.google.common.collect.ImmutableRangeSet$AsSet                               : loaded 2 times (x 296B)
Class com.google.common.cache.CacheLoader$FunctionToCacheLoader                       : loaded 2 times (x 71B)
Class com.google.common.collect.Iterators$ArrayItr                                    : loaded 2 times (x 93B)
Class com.google.common.collect.ImmutableCollection$Builder                           : loaded 2 times (x 72B)
Class org.apache.commons.io.output.ByteArrayOutputStream                              : loaded 2 times (x 98B)
Class com.google.common.base.Joiner                                                   : loaded 2 times (x 75B)
Class com.google.common.base.MoreObjects                                              : loaded 2 times (x 67B)
Class [Lorg.objectweb.asm.Attribute;                                                  : loaded 2 times (x 65B)
Class com.google.common.collect.Platform                                              : loaded 2 times (x 67B)
Class [Lorg.objectweb.asm.Type;                                                       : loaded 2 times (x 65B)
Class com.google.common.collect.UnmodifiableIterator                                  : loaded 2 times (x 76B)
Class org.gradle.internal.service.ServiceLocator                                      : loaded 2 times (x 66B)
Class com.google.common.collect.HashBiMap$BiEntry                                     : loaded 2 times (x 79B)
Class com.google.common.base.Ascii                                                    : loaded 2 times (x 67B)
Class com.google.common.collect.SingletonImmutableBiMap                               : loaded 2 times (x 139B)
Class com.google.common.cache.LocalCache$1                                            : loaded 2 times (x 85B)
Class com.google.common.collect.AbstractMapEntry                                      : loaded 2 times (x 77B)
Class com.google.common.collect.AbstractSetMultimap                                   : loaded 2 times (x 170B)
Class com.google.common.collect.Sets$ImprovedAbstractSet                              : loaded 2 times (x 131B)
Class com.google.common.collect.ImmutableList$Builder                                 : loaded 2 times (x 73B)
Class com.google.common.collect.AbstractMultimap                                      : loaded 2 times (x 119B)
Class com.google.common.cache.LocalCache$2                                            : loaded 2 times (x 138B)
Class com.google.common.collect.ImmutableRangeSet$1                                   : loaded 2 times (x 206B)
Class com.google.common.util.concurrent.AbstractFuture$UnsafeAtomicHelper$1           : loaded 2 times (x 72B)
Class com.google.common.collect.RegularImmutableAsList                                : loaded 2 times (x 213B)
Class com.google.common.base.Optional                                                 : loaded 2 times (x 76B)
Class com.google.common.collect.Range                                                 : loaded 2 times (x 83B)
Class com.google.common.util.concurrent.AbstractFuture$Trusted                        : loaded 2 times (x 66B)
Class com.google.common.collect.Iterators                                             : loaded 2 times (x 67B)
Class com.google.common.util.concurrent.UncheckedExecutionException                   : loaded 2 times (x 78B)
Class com.google.common.collect.Lists$StringAsImmutableList                           : loaded 2 times (x 203B)
Class org.gradle.kotlin.dsl.VersionCatalogAccessorsKt                                 : loaded 2 times (x 67B)
Class org.gradle.internal.InternalTransformer                                         : loaded 2 times (x 66B)
Class com.google.common.collect.AbstractMapBasedMultimap$KeySet$1                     : loaded 2 times (x 78B)
Class org.objectweb.asm.ClassWriter                                                   : loaded 2 times (x 102B)
Class com.google.common.cache.CacheLoader$UnsupportedLoadingOperationException        : loaded 2 times (x 78B)
Class com.google.common.base.CharMatcher$And                                          : loaded 2 times (x 108B)
Class org.gradle.internal.classloader.ClasspathUtil$1                                 : loaded 2 times (x 72B)
Class com.google.common.collect.FluentIterable$1                                      : loaded 2 times (x 77B)
Class com.google.common.base.Objects                                                  : loaded 2 times (x 67B)
Class org.objectweb.asm.FieldVisitor                                                  : loaded 2 times (x 73B)
Class com.google.common.collect.IndexedImmutableSet                                   : loaded 2 times (x 148B)
Class com.google.common.collect.ImmutableMap$1                                        : loaded 2 times (x 77B)
Class com.google.common.collect.BiMap                                                 : loaded 2 times (x 66B)
Class org.gradle.api.internal.classpath.DefaultModuleRegistry$DefaultModule           : loaded 2 times (x 82B)
Class com.google.common.collect.FluentIterable$2                                      : loaded 2 times (x 77B)
Class com.google.common.collect.RegularImmutableMap$KeySet                            : loaded 2 times (x 148B)
Class com.google.common.primitives.Ints                                               : loaded 2 times (x 67B)
Class com.google.common.collect.AbstractIterator                                      : loaded 2 times (x 78B)
Class com.google.common.collect.FluentIterable$3                                      : loaded 2 times (x 77B)
Class com.google.common.collect.Multiset                                              : loaded 2 times (x 66B)
Class com.google.common.collect.ArrayListMultimapGwtSerializationDependencies         : loaded 2 times (x 168B)
Class com.google.common.math.MathPreconditions                                        : loaded 2 times (x 67B)
Class com.google.common.collect.ObjectArrays                                          : loaded 2 times (x 67B)
Class com.google.common.collect.AbstractIndexedListIterator                           : loaded 2 times (x 92B)
Class org.apache.commons.io.output.NullOutputStream                                   : loaded 2 times (x 81B)
Class com.google.common.collect.ImmutableMapEntrySet                                  : loaded 2 times (x 148B)
Class org.gradle.api.internal.classpath.Module                                        : loaded 2 times (x 66B)
Class com.google.common.cache.Weigher                                                 : loaded 2 times (x 66B)
Class org.gradle.api.internal.classpath.UnknownModuleException                        : loaded 2 times (x 78B)
Class com.google.common.base.Stopwatch                                                : loaded 2 times (x 68B)
Class com.google.common.cache.LocalCache$Strength                                     : loaded 2 times (x 77B)
Class com.google.common.cache.Cache                                                   : loaded 2 times (x 66B)
Class com.google.common.util.concurrent.AbstractFuture$Cancellation                   : loaded 2 times (x 68B)
Class com.google.common.collect.ImmutableMap$Builder                                  : loaded 2 times (x 78B)
Class com.google.common.base.NullnessCasts                                            : loaded 2 times (x 67B)
Class com.google.common.collect.Maps$EntryFunction$1                                  : loaded 2 times (x 87B)
Class com.google.common.base.Present                                                  : loaded 2 times (x 77B)
Class com.google.common.collect.AbstractMapBasedMultimap$WrappedCollection$WrappedIterator: loaded 2 times (x 80B)
Class com.google.common.cache.RemovalListener                                         : loaded 2 times (x 66B)
Class org.gradle.api.internal.DefaultClassPathRegistry                                : loaded 2 times (x 72B)
Class com.google.common.collect.Maps$EntryFunction$2                                  : loaded 2 times (x 87B)
Class com.google.common.primitives.IntsMethodsForWeb                                  : loaded 2 times (x 67B)
Class com.google.common.collect.Multimap                                              : loaded 2 times (x 66B)
Class org.gradle.api.internal.ClassPathRegistry                                       : loaded 2 times (x 66B)
Class org.gradle.internal.classpath.DefaultClassPath$ImmutableUniqueList              : loaded 2 times (x 195B)
Class com.google.common.base.ExtraObjectsMethodsForWeb                                : loaded 2 times (x 67B)
Class org.apache.commons.io.IOUtils                                                   : loaded 2 times (x 67B)
Class com.google.common.base.Equivalence$Identity                                     : loaded 2 times (x 78B)
Class com.google.common.cache.CacheBuilder                                            : loaded 2 times (x 68B)
Class com.google.common.collect.SingletonImmutableList                                : loaded 2 times (x 203B)
Class Settings_gradle$1                                                               : loaded 2 times (x 71B)
Class org.gradle.internal.classpath.ClassPath                                         : loaded 2 times (x 66B)
Class org.gradle.api.UncheckedIOException                                             : loaded 2 times (x 78B)
Class com.google.common.collect.ImmutableList$ReverseImmutableList                    : loaded 2 times (x 205B)
Class com.google.common.base.JdkPattern                                               : loaded 2 times (x 71B)
Class org.objectweb.asm.SymbolTable$Entry                                             : loaded 2 times (x 70B)
Class com.google.common.util.concurrent.AbstractFuture$AtomicHelper                   : loaded 2 times (x 74B)
Class org.objectweb.asm.Edge                                                          : loaded 2 times (x 68B)
Class com.google.common.base.Suppliers$SupplierOfInstance                             : loaded 2 times (x 75B)
Class com.google.common.collect.Iterators$1                                           : loaded 2 times (x 77B)
Class com.google.common.cache.LocalCache$ComputingValueReference                      : loaded 2 times (x 92B)
Class com.google.common.collect.SingletonImmutableSet                                 : loaded 2 times (x 142B)
Class com.google.common.collect.ImmutableMap$IteratorBasedImmutableMap                : loaded 2 times (x 122B)
Class com.google.common.cache.LocalCache$Segment                                      : loaded 2 times (x 150B)
Class com.google.common.collect.SortedIterable                                        : loaded 2 times (x 66B)
Class com.google.common.collect.AbstractListMultimap                                  : loaded 2 times (x 168B)
Class [Lorg.objectweb.asm.SymbolTable$Entry;                                          : loaded 2 times (x 65B)
Class com.google.common.cache.CacheLoader                                             : loaded 2 times (x 70B)
Class com.google.common.collect.Iterators$4                                           : loaded 2 times (x 78B)
Class com.google.common.collect.ImmutableBiMap                                        : loaded 2 times (x 139B)
Class org.gradle.internal.installation.GradleInstallation$1                           : loaded 2 times (x 71B)
Class org.gradle.api.internal.classpath.ModuleRegistry                                : loaded 2 times (x 66B)
Class org.apache.commons.io.output.NullWriter                                         : loaded 2 times (x 95B)
Class com.google.common.util.concurrent.internal.InternalFutureFailureAccess          : loaded 2 times (x 68B)
Class com.google.common.collect.Iterators$5                                           : loaded 2 times (x 78B)
Class com.google.common.collect.ImmutableSet$JdkBackedSetBuilderImpl                  : loaded 2 times (x 72B)
Class com.google.common.base.Splitter$SplittingIterator                               : loaded 2 times (x 80B)
Class com.google.common.collect.Iterators$6                                           : loaded 2 times (x 77B)
Class com.google.common.collect.HashBiMap$Inverse                                     : loaded 2 times (x 138B)
Class com.google.common.util.concurrent.AbstractFuture$UnsafeAtomicHelper             : loaded 2 times (x 74B)
Class com.google.common.cache.LocalCache$LocalManualCache$1                           : loaded 2 times (x 71B)
Class com.google.common.base.CharMatcher$ForPredicate                                 : loaded 2 times (x 108B)
Class com.google.common.collect.Multimaps$CustomSetMultimap                           : loaded 2 times (x 174B)
Class com.google.common.collect.ImmutableCollection                                   : loaded 2 times (x 121B)
Class com.google.common.base.CharMatcher$AnyOf                                        : loaded 2 times (x 108B)
Class org.gradle.api.internal.classpath.DefaultModuleRegistry                         : loaded 2 times (x 82B)
Class com.google.common.util.concurrent.ListenableFuture                              : loaded 2 times (x 66B)
Class com.google.common.cache.ReferenceEntry                                          : loaded 2 times (x 66B)
Class com.google.common.base.Converter                                                : loaded 2 times (x 86B)
Class com.google.common.collect.ImmutableSet$CachingAsList                            : loaded 2 times (x 144B)
Class com.google.common.collect.Lists                                                 : loaded 2 times (x 67B)
Class com.google.common.collect.AbstractMapBasedMultimap                              : loaded 2 times (x 135B)
Class com.google.common.util.concurrent.AbstractFuture                                : loaded 2 times (x 102B)
Class com.google.common.base.FunctionalEquivalence                                    : loaded 2 times (x 79B)
Class com.google.common.collect.Iterators$9                                           : loaded 2 times (x 77B)
Class com.google.common.collect.ImmutableAsList                                       : loaded 2 times (x 205B)
Class org.objectweb.asm.RecordComponentVisitor                                        : loaded 2 times (x 73B)
Class com.google.common.cache.CacheLoader$SupplierToCacheLoader                       : loaded 2 times (x 71B)
Class com.google.common.collect.Maps$EntryTransformer                                 : loaded 2 times (x 66B)
Class org.gradle.internal.service.ServiceLookupException                              : loaded 2 times (x 78B)
Class com.google.common.collect.Lists$ReverseList                                     : loaded 2 times (x 196B)
Class com.google.common.collect.ImmutableSortedSet                                    : loaded 2 times (x 296B)
Class [Lcom.google.common.cache.LocalCache$EntryFactory;                              : loaded 2 times (x 65B)
Class org.gradle.internal.classloader.ClassLoaderFactory                              : loaded 2 times (x 66B)
Class org.apache.commons.io.CloseableURLConnection                                    : loaded 2 times (x 112B)
Class com.google.common.cache.LocalCache$LocalManualCache                             : loaded 2 times (x 95B)
Class com.google.common.base.CharMatcher$IsNot                                        : loaded 2 times (x 107B)
Class com.google.common.base.CommonPattern                                            : loaded 2 times (x 70B)
Class org.gradle.internal.service.CachingServiceLocator                               : loaded 2 times (x 78B)
Class com.google.common.collect.AbstractMapBasedMultimap$KeySet                       : loaded 2 times (x 133B)
Class com.google.common.collect.RegularImmutableSortedSet                             : loaded 2 times (x 296B)
Class com.google.common.math.IntMath                                                  : loaded 2 times (x 67B)
Class [Lcom.google.common.collect.HashBiMap$BiEntry;                                  : loaded 2 times (x 65B)
Class com.google.common.collect.ImmutableMapEntry                                     : loaded 2 times (x 81B)
Class com.google.common.base.Predicates                                               : loaded 2 times (x 67B)
Class com.google.common.base.Equivalence                                              : loaded 2 times (x 78B)
Class com.google.common.base.Function                                                 : loaded 2 times (x 66B)
Class com.google.common.collect.ImmutableMapEntry$NonTerminalImmutableMapEntry        : loaded 2 times (x 81B)
Class org.apache.commons.io.output.AbstractByteArrayOutputStream                      : loaded 2 times (x 98B)
Class com.google.common.collect.IndexedImmutableSet$1                                 : loaded 2 times (x 209B)
Class com.google.common.cache.CacheBuilder$OneWeigher                                 : loaded 2 times (x 78B)
Class com.google.common.collect.RegularImmutableList                                  : loaded 2 times (x 209B)
Class com.google.common.collect.Maps$EntryFunction                                    : loaded 2 times (x 87B)
Class org.gradle.internal.classloader.ClasspathUtil                                   : loaded 2 times (x 67B)
Class com.google.common.base.Charsets                                                 : loaded 2 times (x 67B)
Class com.google.common.util.concurrent.Uninterruptibles                              : loaded 2 times (x 67B)
Class com.google.common.collect.AbstractMapBasedMultimap$WrappedSet                   : loaded 2 times (x 138B)
Class com.google.common.collect.Maps                                                  : loaded 2 times (x 67B)
Class org.gradle.api.specs.Spec                                                       : loaded 2 times (x 66B)
Class [Lcom.google.common.collect.ImmutableEntry;                                     : loaded 2 times (x 65B)
Class com.google.common.collect.Sets$3$1                                              : loaded 2 times (x 78B)
Class com.google.common.cache.LocalCache$LoadingValueReference                        : loaded 2 times (x 92B)
Class com.google.common.base.Absent                                                   : loaded 2 times (x 76B)
Class com.google.common.base.Platform                                                 : loaded 2 times (x 67B)
Class [Lorg.objectweb.asm.AnnotationWriter;                                           : loaded 2 times (x 65B)
Class com.google.common.collect.Maps$8                                                : loaded 2 times (x 78B)
Class com.google.common.base.Predicates$CompositionPredicate                          : loaded 2 times (x 84B)
Class com.google.common.collect.Lists$ReverseList$1                                   : loaded 2 times (x 95B)
Class com.google.common.collect.ImmutableRangeSet$Builder                             : loaded 2 times (x 73B)
Class com.google.common.collect.Sets$SetView                                          : loaded 2 times (x 134B)
Class com.google.common.cache.LocalCache$StrongValueReference                         : loaded 2 times (x 86B)
Class com.google.common.util.concurrent.AbstractFuture$SynchronizedHelper             : loaded 2 times (x 74B)
Class org.objectweb.asm.Type                                                          : loaded 2 times (x 68B)
Class org.gradle.internal.classloader.VisitableURLClassLoader$InstrumentingVisitableURLClassLoader: loaded 2 times (x 119B)
Class org.objectweb.asm.ByteVector                                                    : loaded 2 times (x 75B)
Class [Lcom.google.common.cache.CacheBuilder$NullListener;                            : loaded 2 times (x 65B)
Class com.google.common.math.IntMath$1                                                : loaded 2 times (x 67B)
Class org.gradle.internal.classloader.VisitableURLClassLoader$Spec                    : loaded 2 times (x 70B)
Class org.gradle.internal.classpath.DefaultClassPath                                  : loaded 2 times (x 86B)
Class org.objectweb.asm.Symbol                                                        : loaded 2 times (x 69B)
Class com.google.common.base.AbstractIterator                                         : loaded 2 times (x 76B)
Class com.google.common.collect.Sets$FilteredSet                                      : loaded 2 times (x 133B)
Class com.google.common.io.Closer                                                     : loaded 2 times (x 74B)
Class com.google.common.base.CharMatcher$Ascii                                        : loaded 2 times (x 108B)
Class com.google.common.collect.RegularImmutableMap$Values                            : loaded 2 times (x 203B)
Class com.google.common.collect.ImmutableSet                                          : loaded 2 times (x 141B)
Class com.google.common.base.CharMatcher$BitSetMatcher                                : loaded 2 times (x 108B)
Class org.gradle.internal.classloader.ClassLoaderSpec                                 : loaded 2 times (x 67B)
Class org.objectweb.asm.AnnotationWriter                                              : loaded 2 times (x 75B)
Class com.google.common.cache.CacheStats                                              : loaded 2 times (x 67B)
Class com.google.common.io.Closer$Suppressor                                          : loaded 2 times (x 66B)
Class org.objectweb.asm.RecordComponentWriter                                         : loaded 2 times (x 74B)
Class com.google.common.util.concurrent.AbstractFuture$Listener                       : loaded 2 times (x 68B)
Class com.google.common.base.CharMatcher$Or                                           : loaded 2 times (x 108B)
Class Settings_gradle$1$1                                                             : loaded 2 times (x 71B)
Class [Lorg.objectweb.asm.Label;                                                      : loaded 2 times (x 65B)
Class org.objectweb.asm.Attribute                                                     : loaded 2 times (x 73B)
Class com.google.common.base.Supplier                                                 : loaded 2 times (x 66B)
Class org.gradle.internal.classloader.VisitableURLClassLoader                         : loaded 2 times (x 113B)
Class com.google.common.collect.ImmutableList$SerializedForm                          : loaded 2 times (x 69B)
Class com.google.common.util.concurrent.AbstractFuture$Waiter                         : loaded 2 times (x 68B)
Class Settings_gradle                                                                 : loaded 2 times (x 124B)
Class org.gradle.internal.Cast                                                        : loaded 2 times (x 67B)
Class org.gradle.api.Action                                                           : loaded 2 times (x 66B)
Class com.google.common.collect.HashBiMap                                             : loaded 2 times (x 139B)
Class com.google.common.base.Strings                                                  : loaded 2 times (x 67B)
Class com.google.common.collect.Sets                                                  : loaded 2 times (x 67B)
Class org.objectweb.asm.Handler                                                       : loaded 2 times (x 68B)
Class com.google.common.base.Ticker                                                   : loaded 2 times (x 68B)
Class com.google.common.base.CharMatcher$FastMatcher                                  : loaded 2 times (x 107B)
Class [Lcom.google.common.cache.LocalCache$Segment;                                   : loaded 2 times (x 65B)
Class [Lcom.google.common.cache.LocalCache$Strength;                                  : loaded 2 times (x 65B)
Class com.google.common.cache.CacheBuilder$1                                          : loaded 2 times (x 81B)
Class com.google.common.collect.ImmutableMap                                          : loaded 2 times (x 116B)
Class com.google.common.base.Predicate                                                : loaded 2 times (x 66B)
Class org.gradle.internal.classpath.DefaultClassPath$ImmutableUniqueList$Builder      : loaded 2 times (x 71B)
Class com.google.common.collect.AbstractRangeSet                                      : loaded 2 times (x 110B)
Class com.google.common.cache.LocalCache                                              : loaded 2 times (x 183B)
Class com.google.common.cache.CacheBuilder$2                                          : loaded 2 times (x 75B)
Class com.google.common.base.CharMatcher$NegatedFastMatcher                           : loaded 2 times (x 109B)
Class com.google.common.collect.ArrayListMultimap                                     : loaded 2 times (x 168B)
Class com.google.common.cache.CacheBuilder$3                                          : loaded 2 times (x 68B)
Class [Lcom.google.common.collect.AbstractMapEntry;                                   : loaded 2 times (x 65B)
Class com.google.common.collect.ImmutableEntry                                        : loaded 2 times (x 78B)
Class org.gradle.api.GradleException                                                  : loaded 2 times (x 78B)
Class com.google.common.base.Suppliers$MemoizingSupplier                              : loaded 2 times (x 75B)
Class org.apache.commons.io.StandardLineSeparator                                     : loaded 2 times (x 75B)
Class com.google.common.collect.CollectPreconditions                                  : loaded 2 times (x 67B)
Class com.google.common.collect.Maps$AbstractFilteredMap                              : loaded 2 times (x 123B)
Class com.google.common.collect.SortedMapDifference                                   : loaded 2 times (x 66B)
Class com.google.common.cache.LocalCache$EntryFactory                                 : loaded 2 times (x 79B)
Class com.google.common.collect.Iterables$5                                           : loaded 2 times (x 77B)
Class com.google.common.cache.LocalCache$AbstractReferenceEntry                       : loaded 2 times (x 103B)
Class com.google.common.base.Splitter$1$1                                             : loaded 2 times (x 82B)
Class org.gradle.internal.IoActions                                                   : loaded 2 times (x 67B)
Class com.google.common.collect.ImmutableRangeSet$ComplementRanges                    : loaded 2 times (x 203B)
Class org.objectweb.asm.SymbolTable                                                   : loaded 2 times (x 68B)
Class com.google.common.cache.CacheLoader$InvalidCacheLoadException                   : loaded 2 times (x 78B)
Class com.google.common.collect.ImmutableSet$RegularSetBuilderImpl                    : loaded 2 times (x 73B)
Class org.gradle.internal.classloader.SystemClassLoaderSpec                           : loaded 2 times (x 67B)
Class com.google.common.collect.FluentIterable                                        : loaded 2 times (x 77B)
Class com.google.common.cache.LocalCache$StrongEntry                                  : loaded 2 times (x 104B)
Class com.google.common.util.concurrent.AbstractFuture$TrustedFuture                  : loaded 2 times (x 110B)
Class com.google.common.cache.LoadingCache                                            : loaded 2 times (x 66B)
Class com.google.common.base.Suppliers$NonSerializableMemoizingSupplier               : loaded 2 times (x 75B)
Class com.google.common.io.ByteStreams$LimitedInputStream                             : loaded 2 times (x 88B)
Class org.objectweb.asm.MethodWriter                                                  : loaded 2 times (x 102B)
Class [Lcom.google.common.cache.Weigher;                                              : loaded 2 times (x 65B)
Class com.google.common.collect.RegularImmutableMap$BucketOverflowException           : loaded 2 times (x 78B)
Class com.google.common.collect.AbstractIterator$State                                : loaded 2 times (x 75B)
Class com.google.common.collect.RegularImmutableBiMap                                 : loaded 2 times (x 145B)
Class com.google.common.cache.LocalCache$ValueReference                               : loaded 2 times (x 66B)
Class com.google.common.base.CharMatcher$Negated                                      : loaded 2 times (x 109B)
Class com.google.common.base.CharMatcher$Is                                           : loaded 2 times (x 107B)
Class com.google.common.hash.PrimitiveSink                                            : loaded 2 times (x 66B)
Class com.google.common.base.PatternCompiler                                          : loaded 2 times (x 66B)
Class com.google.common.util.concurrent.AbstractFuture$Failure                        : loaded 2 times (x 68B)
Class com.google.common.base.Equivalence$Equals                                       : loaded 2 times (x 78B)
Class com.google.common.collect.Hashing                                               : loaded 2 times (x 67B)
Class com.google.common.base.Preconditions                                            : loaded 2 times (x 67B)
Class com.google.common.base.Joiner$1                                                 : loaded 2 times (x 76B)
Class org.objectweb.asm.Label                                                         : loaded 2 times (x 69B)
Class org.objectweb.asm.CurrentFrame                                                  : loaded 2 times (x 69B)
Class org.objectweb.asm.ClassTooLargeException                                        : loaded 2 times (x 79B)
Class com.google.common.collect.PeekingIterator                                       : loaded 2 times (x 66B)
Class com.google.common.base.CharMatcher                                              : loaded 2 times (x 107B)
Class com.google.common.collect.Maps$IteratorBasedAbstractMap                         : loaded 2 times (x 121B)
Class com.google.common.collect.RangeGwtSerializationDependencies                     : loaded 2 times (x 67B)
Class com.google.common.base.Joiner$2                                                 : loaded 2 times (x 75B)
Class org.objectweb.asm.Frame                                                         : loaded 2 times (x 69B)
Class org.objectweb.asm.MethodVisitor                                                 : loaded 2 times (x 101B)
Class com.google.common.cache.LocalCache$EntryFactory$1                               : loaded 2 times (x 79B)
Class [Lcom.google.common.cache.RemovalListener;                                      : loaded 2 times (x 65B)
Class com.google.common.base.CharMatcher$NamedFastMatcher                             : loaded 2 times (x 108B)
Class com.google.common.base.CharMatcher$1                                            : loaded 2 times (x 109B)
Class com.google.common.collect.RangeSet                                              : loaded 2 times (x 66B)
Class com.google.common.cache.LocalCache$EntryFactory$2                               : loaded 2 times (x 79B)
Class org.gradle.api.internal.classpath.GlobalCacheRootsProvider                      : loaded 2 times (x 66B)
Class com.google.common.collect.Multimaps                                             : loaded 2 times (x 67B)
Class com.google.common.collect.CollectCollectors                                     : loaded 2 times (x 67B)
Class org.objectweb.asm.ModuleWriter                                                  : loaded 2 times (x 78B)
Class com.google.common.cache.LocalCache$EntryFactory$3                               : loaded 2 times (x 79B)
Class com.google.common.base.Ticker$1                                                 : loaded 2 times (x 68B)
Class com.google.common.collect.Maps$BiMapConverter                                   : loaded 2 times (x 86B)
Class com.google.common.collect.ImmutableMapEntrySet$RegularEntrySet                  : loaded 2 times (x 148B)
Class com.google.common.collect.SetMultimap                                           : loaded 2 times (x 66B)
Class com.google.common.cache.LocalCache$EntryFactory$4                               : loaded 2 times (x 79B)
Class com.google.common.collect.ImmutableSet$Builder                                  : loaded 2 times (x 81B)
Class com.google.common.base.CharMatcher$InRange                                      : loaded 2 times (x 107B)
Class Settings_gradle$1$1$1                                                           : loaded 2 times (x 71B)
Class com.google.common.io.ByteStreams$1                                              : loaded 2 times (x 81B)
Class com.google.common.cache.LocalCache$EntryFactory$5                               : loaded 2 times (x 79B)
Class com.google.common.base.PairwiseEquivalence                                      : loaded 2 times (x 79B)
Class org.apache.commons.io.output.AppendableWriter                                   : loaded 2 times (x 96B)
Class com.google.common.cache.LocalCache$EntryFactory$6                               : loaded 2 times (x 79B)
Class org.gradle.internal.installation.CurrentGradleInstallationLocator               : loaded 2 times (x 67B)
Class org.objectweb.asm.ClassReader                                                   : loaded 2 times (x 90B)
Class org.apache.commons.io.output.ThresholdingOutputStream                           : loaded 2 times (x 91B)
Class com.google.common.collect.Maps$KeySet                                           : loaded 2 times (x 133B)
Class com.google.common.cache.LocalCache$EntryFactory$7                               : loaded 2 times (x 79B)
Class com.google.common.collect.ImmutableSet$EmptySetBuilderImpl                      : loaded 2 times (x 72B)
Class com.google.common.collect.ImmutableList                                         : loaded 2 times (x 202B)
Class org.gradle.internal.service.DefaultServiceLocator                               : loaded 2 times (x 79B)
Class com.google.common.collect.Maps$EntrySet                                         : loaded 2 times (x 132B)
Class com.google.common.cache.LocalCache$EntryFactory$8                               : loaded 2 times (x 79B)
Class com.google.common.collect.ImmutableSet$SetBuilderImpl                           : loaded 2 times (x 72B)
Class org.gradle.internal.installation.CurrentGradleInstallation                      : loaded 2 times (x 69B)
Class org.objectweb.asm.Opcodes                                                       : loaded 2 times (x 66B)
Class com.google.common.cache.CacheLoader$1                                           : loaded 2 times (x 71B)
Class com.google.common.collect.ForwardingObject                                      : loaded 2 times (x 68B)
Class com.google.common.collect.ImmutableList$SubList                                 : loaded 2 times (x 205B)
Class org.gradle.util.internal.GUtil                                                  : loaded 2 times (x 67B)
Class com.google.common.util.concurrent.AbstractFuture$SetFuture                      : loaded 2 times (x 71B)
Class com.google.common.cache.AbstractCache$StatsCounter                              : loaded 2 times (x 66B)
Class org.objectweb.asm.Context                                                       : loaded 2 times (x 68B)
Class com.google.common.collect.Iterators$MergingIterator                             : loaded 2 times (x 77B)
Class com.google.common.collect.RegularImmutableSet                                   : loaded 2 times (x 145B)
Class org.gradle.internal.installation.GradleInstallation                             : loaded 2 times (x 71B)
Class com.google.common.collect.Iterables                                             : loaded 2 times (x 67B)
Class com.google.common.base.Splitter$Strategy                                        : loaded 2 times (x 66B)
Class com.google.common.collect.Lists$RandomAccessReverseList                         : loaded 2 times (x 196B)

---------------  S Y S T E M  ---------------

OS:
 Windows 11 , 64 bit Build 26100 (10.0.26100.7705)
OS uptime: 5 days 21:49 hours
Hyper-V role detected

CPU: total 12 (initial active 12) (12 cores per cpu, 2 threads per core) family 25 model 80 stepping 0 microcode 0xa50000d, cx8, cmov, fxsr, ht, mmx, 3dnowpref, sse, sse2, sse3, ssse3, sse4a, sse4.1, sse4.2, popcnt, lzcnt, tsc, tscinvbit, avx, avx2, aes, erms, clmul, bmi1, bmi2, adx, sha, fma, vzeroupper, clflush, clflushopt, hv, rdtscp, rdpid, fsrm, f16c, cet_ss
Processor Information for the first 12 processors :
  Max Mhz: 2301, Current Mhz: 2010, Mhz Limit: 2301

Memory: 4k page, system-wide physical 15708M (1271M free)
TotalPageFile size 20708M (AvailPageFile size 5M)
current process WorkingSet (physical memory assigned to process): 1149M, peak: 1186M
current process commit charge ("private bytes"): 1430M, peak: 1430M

vm_info: OpenJDK 64-Bit Server VM (21.0.6+-13368085-b895.109) for windows-amd64 JRE (21.0.6+-13368085-b895.109), built on 2025-04-16T17:01:31Z by "builder" with MS VC++ 16.10 / 16.11 (VS2019)

END.
