#
# There is insufficient memory for the Java Runtime Environment to continue.
# Native memory allocation (malloc) failed to allocate 1593296 bytes. Error detail: Chunk::new
# Possible reasons:
#   The system is out of physical RAM or swap space
#   This process is running with CompressedOops enabled, and the Java Heap may be blocking the growth of the native heap
# Possible solutions:
#   Reduce memory load on the system
#   Increase physical memory or swap space
#   Check if swap backing store is full
#   Decrease Java heap size (-Xmx/-Xms)
#   Decrease number of Java threads
#   Decrease Java thread stack sizes (-Xss)
#   Set larger code cache with -XX:ReservedCodeCacheSize=
#   JVM is running with Unscaled Compressed Oops mode in which the Java heap is
#     placed in the first 4GB address space. The Java Heap base address is the
#     maximum limit for the native heap growth. Please use -XX:HeapBaseMinAddress
#     to set the Java Heap base and to place the Java Heap above 4GB virtual address.
# This output file may be truncated or incomplete.
#
#  Out of Memory Error (arena.cpp:168), pid=17872, tid=12792
#
# JRE version: OpenJDK Runtime Environment (21.0.6) (build 21.0.6+-13368085-b895.109)
# Java VM: OpenJDK 64-Bit Server VM (21.0.6+-13368085-b895.109, mixed mode, tiered, compressed oops, compressed class ptrs, g1 gc, windows-amd64)
# No core dump will be written. Minidumps are not enabled by default on client versions of Windows
#

---------------  S U M M A R Y ------------

Command Line: --add-opens=java.base/java.lang=ALL-UNNAMED --add-opens=java.base/java.lang.invoke=ALL-UNNAMED --add-opens=java.base/java.util=ALL-UNNAMED --add-opens=java.prefs/java.util.prefs=ALL-UNNAMED --add-exports=jdk.compiler/com.sun.tools.javac.api=ALL-UNNAMED --add-exports=jdk.compiler/com.sun.tools.javac.util=ALL-UNNAMED --add-opens=java.base/java.util=ALL-UNNAMED --add-opens=java.prefs/java.util.prefs=ALL-UNNAMED --add-opens=java.base/java.nio.charset=ALL-UNNAMED --add-opens=java.base/java.net=ALL-UNNAMED --add-opens=java.base/java.util.concurrent.atomic=ALL-UNNAMED --add-opens=java.xml/javax.xml.namespace=ALL-UNNAMED -Xmx2048m -Dfile.encoding=UTF-8 -Duser.country=US -Duser.language=en -Duser.variant -javaagent:C:\Users\harsh\.gradle\wrapper\dists\gradle-8.11.1-bin\bpt9gzteqjrbo1mjrsomdt32c\gradle-8.11.1\lib\agents\gradle-instrumentation-agent-8.11.1.jar org.gradle.launcher.daemon.bootstrap.GradleDaemon 8.11.1

Host: AMD Ryzen 5 5625U with Radeon Graphics         , 12 cores, 15G,  Windows 11 , 64 bit Build 26100 (10.0.26100.7309)
Time: Wed Jan 14 15:36:33 2026 India Standard Time elapsed time: 18750.079760 seconds (0d 5h 12m 30s)

---------------  T H R E A D  ---------------

Current thread (0x000001f180698b30):  JavaThread "C2 CompilerThread1" daemon [_thread_in_native, id=12792, stack(0x000000e51f000000,0x000000e51f100000) (1024K)]


Current CompileTask:
C2:18750079 247845       4       com.android.tools.r8.dex.L::a (333 bytes)

Stack: [0x000000e51f000000,0x000000e51f100000]
Native frames: (J=compiled Java code, j=interpreted, Vv=VM code, C=native code)
V  [jvm.dll+0x6d0639]
V  [jvm.dll+0x85eb03]
V  [jvm.dll+0x86105e]
V  [jvm.dll+0x861743]
V  [jvm.dll+0x27e6e6]
V  [jvm.dll+0xbff6d]
V  [jvm.dll+0xc04a3]
V  [jvm.dll+0x3b6171]
V  [jvm.dll+0x3820c7]
V  [jvm.dll+0x38153a]
V  [jvm.dll+0x247c82]
V  [jvm.dll+0x247251]
V  [jvm.dll+0x1c5f04]
V  [jvm.dll+0x2569ac]
V  [jvm.dll+0x254ef6]
V  [jvm.dll+0x3f0e96]
V  [jvm.dll+0x806ed8]
V  [jvm.dll+0x6cef0d]
C  [ucrtbase.dll+0x37b0]
C  [KERNEL32.DLL+0x2e8d7]
C  [ntdll.dll+0x8c53c]


---------------  P R O C E S S  ---------------

Threads class SMR info:
_java_thread_list=0x000001f190224030, length=272, elements={
0x000001f1d423e710, 0x000001f1ebe971f0, 0x000001f1ebe75b10, 0x000001f1ebec0ff0,
0x000001f1ebec1a40, 0x000001f1ebec3400, 0x000001f1ebe7f2a0, 0x000001f1ebe822e0,
0x000001f1ebe9f4c0, 0x000001f1ebd13230, 0x000001f1ec2ea510, 0x000001f1f2372650,
0x000001f1f21cb7b0, 0x000001f1f22d2b60, 0x000001f1f2510d00, 0x000001f1f2511a20,
0x000001f1f250ffe0, 0x000001f1f2512dd0, 0x000001f1f25120b0, 0x000001f1f4fd6580,
0x000001f1f4d9f5a0, 0x000001f1f3db8d40, 0x000001f1fd692ab0, 0x000001f1fc73b010,
0x000001f1fc739c60, 0x000001f1fc73eb20, 0x000001f1fc73bd30, 0x000001f1f3db6c70,
0x000001f1f3dbc850, 0x000001f1fe5e5a60, 0x000001f1f53a9650, 0x000001f1fe2498b0,
0x000001f19170ac50, 0x000001f1897d58d0, 0x000001f189cc2370, 0x000001f191709210,
0x000001f192b56820, 0x000001f192dda0a0, 0x000001f18a068570, 0x000001f189c0ca90,
0x000001f180311450, 0x000001f1fe5ec9f0, 0x000001f180310730, 0x000001f1fe5e8ee0,
0x000001f19170d3b0, 0x000001f1ff792410, 0x000001f19170f480, 0x000001f1febef820,
0x000001f193b6ee60, 0x000001f1fe4e1fb0, 0x000001f1ff7909d0, 0x000001f19422a600,
0x000001f1904c5830, 0x000001f1917101a0, 0x000001f180313bb0, 0x000001f1904bef30,
0x000001f1904c4480, 0x000001f194223d00, 0x000001f18aa002e0, 0x000001f191a27fe0,
0x000001f1904bfc50, 0x000001f18aa05830, 0x000001f194226460, 0x000001f192ddbae0,
0x000001f1899feda0, 0x000001f18ad246f0, 0x000001f18ae25000, 0x000001f18030fa10,
0x000001f1916575e0, 0x000001f1926e2ac0, 0x000001f1916547f0, 0x000001f1fd692420,
0x000001f194a90590, 0x000001f1926e4500, 0x000001f1f6193ea0, 0x000001f191a24b60,
0x000001f1926e5220, 0x000001f180d1de90, 0x000001f194a88f70, 0x000001f1fd69adf0,
0x000001f18a2d36b0, 0x000001f18ae27df0, 0x000001f190378e40, 0x000001f1fd695210,
0x000001f1fefeb730, 0x000001f1904c1690, 0x000001f18aa01d20, 0x000001f1904c4b10,
0x000001f1904c0970, 0x000001f1904ce200, 0x000001f19170c690, 0x000001f18a069fb0,
0x000001f18a2d2990, 0x000001f1926df640, 0x000001f18a064a60, 0x000001f192ddd520,
0x000001f1ff790340, 0x000001f1febec3a0, 0x000001f1904c5ec0, 0x000001f1904c6be0,
0x000001f1904c1d20, 0x000001f1904bf5c0, 0x000001f1904c23b0, 0x000001f1ff791d80,
0x000001f1ff791060, 0x000001f1ff793130, 0x000001f1ff792aa0, 0x000001f1ff7916f0,
0x000001f1ff7937c0, 0x000001f18a2d3d40, 0x000001f18a2d3020, 0x000001f194b722f0,
0x000001f194b74a50, 0x000001f194b72980, 0x000001f1fe4dca60, 0x000001f1fe4dd780,
0x000001f1fe4deb30, 0x000001f1fe4e0570, 0x000001f1fe4dde10, 0x000001f1fe4df850,
0x000001f1fe4dd0f0, 0x000001f1fe4dfee0, 0x000001f1904c2a40, 0x000001f1904c30d0,
0x000001f1904c3760, 0x000001f1904c02e0, 0x000001f1904c51a0, 0x000001f1904c6550,
0x000001f1904c7270, 0x000001f1904c3df0, 0x000001f1904ca060, 0x000001f1904c8620,
0x000001f1904cb410, 0x000001f1904c9340, 0x000001f1904c99d0, 0x000001f1fe5e74a0,
0x000001f1fe5e53d0, 0x000001f1fe5e6780, 0x000001f18aa023b0, 0x000001f18a9fef30,
0x000001f18aa02a40, 0x000001f18aa01000, 0x000001f18aa00970, 0x000001f18aa01690,
0x000001f18a9ff5c0, 0x000001f18aa030d0, 0x000001f194225740, 0x000001f194224390,
0x000001f194228530, 0x000001f18a9ffc50, 0x000001f194228bc0, 0x000001f194229250,
0x000001f194225dd0, 0x000001f194229f70, 0x000001f191a244d0, 0x000001f191a23120,
0x000001f191a21050, 0x000001f191a216e0, 0x000001f191a265a0, 0x000001f191a25880,
0x000001f191a251f0, 0x000001f1fe4e4080, 0x000001f1fe4e0c00, 0x000001f1fe4e1290,
0x000001f1fe4e2640, 0x000001f1fe4e3360, 0x000001f1fe4e1920, 0x000001f18a4c1900,
0x000001f18a4c1270, 0x000001f18a4bfec0, 0x000001f18a4bf1a0, 0x000001f18a4be480,
0x000001f18a4beb10, 0x000001f1fe5e7b30, 0x000001f1fe5e8850, 0x000001f1fe5e81c0,
0x000001f1fe5e9570, 0x000001f18a2d08c0, 0x000001f191a23e40, 0x000001f191a209c0,
0x000001f191a22400, 0x000001f180d1ebb0, 0x000001f180d1e520, 0x000001f194226af0,
0x000001f194227180, 0x000001f191a237b0, 0x000001f191a25f10, 0x000001f191a22a90,
0x000001f191a26c30, 0x000001f191a272c0, 0x000001f191a27950, 0x000001f1febeb680,
0x000001f1febeaff0, 0x000001f1febe9c40, 0x000001f18aa03df0, 0x000001f191d0c030,
0x000001f18a4c0550, 0x000001f189c0d120, 0x000001f189c0d7b0, 0x000001f189c0de40,
0x000001f18aa04b10, 0x000001f18aa06550, 0x000001f1f6192af0, 0x000001f1f6193810,
0x000001f1febea2d0, 0x000001f1febebd10, 0x000001f1f6194530, 0x000001f1897d4bb0,
0x000001f1897d5240, 0x000001f1897d3e90, 0x000001f18a2d0f50, 0x000001f1fe5efe70,
0x000001f1897d5f60, 0x000001f19422ac90, 0x000001f191d0cd50, 0x000001f189a00150,
0x000001f1fefe6870, 0x000001f1febe95b0, 0x000001f1899ffac0, 0x000001f1899fe710,
0x000001f1f6194bc0, 0x000001f1f6195250, 0x000001f194227ea0, 0x000001f194227810,
0x000001f1f6191dd0, 0x000001f1f61958e0, 0x000001f189c0b050, 0x000001f189c0c400,
0x000001f1fefe54c0, 0x000001f1fefe6f00, 0x000001f189cc5160, 0x000001f189cc4440,
0x000001f1fefe7590, 0x000001f1fefe4e30, 0x000001f1febe8f20, 0x000001f1f6192460,
0x000001f1febeca30, 0x000001f19422b320, 0x000001f1897d65f0, 0x000001f1febed0c0,
0x000001f18a2d15e0, 0x000001f1897d3170, 0x000001f180698b30, 0x000001f1fefe5b50,
0x000001f193b6d420, 0x000001f180696250, 0x000001f1f6195f70, 0x000001f189cc1ce0,
0x000001f1904c7f90, 0x000001f1904cc7c0, 0x000001f1904cbaa0, 0x000001f1904cad80,
0x000001f18a2516e0, 0x000001f18a24f610, 0x000001f18a2ecef0, 0x000001f192ddadc0,
0x000001f1899dbf50, 0x000001f1899db230, 0x000001f1899dd300, 0x000001f1899de020,
0x000001f1899daba0, 0x000001f1899db8c0, 0x000001f1899dc5e0, 0x000001f1899dcc70,
0x000001f19381d6a0, 0x000001f1950d2de0, 0x000001f1950d2750, 0x000001f1950d3470,
0x000001f1950cfff0, 0x000001f194a8b6d0, 0x000001f1fe5e60f0, 0x000001f192ddb450
}

Java Threads: ( => current thread )
  0x000001f1d423e710 JavaThread "main"                              [_thread_blocked, id=12968, stack(0x000000e50ec00000,0x000000e50ed00000) (1024K)]
  0x000001f1ebe971f0 JavaThread "Reference Handler"          daemon [_thread_blocked, id=20944, stack(0x000000e50f400000,0x000000e50f500000) (1024K)]
  0x000001f1ebe75b10 JavaThread "Finalizer"                  daemon [_thread_blocked, id=8492, stack(0x000000e50f500000,0x000000e50f600000) (1024K)]
  0x000001f1ebec0ff0 JavaThread "Signal Dispatcher"          daemon [_thread_blocked, id=14868, stack(0x000000e50f600000,0x000000e50f700000) (1024K)]
  0x000001f1ebec1a40 JavaThread "Attach Listener"            daemon [_thread_blocked, id=21064, stack(0x000000e50f700000,0x000000e50f800000) (1024K)]
  0x000001f1ebec3400 JavaThread "Service Thread"             daemon [_thread_blocked, id=9976, stack(0x000000e50f800000,0x000000e50f900000) (1024K)]
  0x000001f1ebe7f2a0 JavaThread "Monitor Deflation Thread"   daemon [_thread_blocked, id=2132, stack(0x000000e50f900000,0x000000e50fa00000) (1024K)]
  0x000001f1ebe822e0 JavaThread "C2 CompilerThread0"         daemon [_thread_blocked, id=8524, stack(0x000000e50fa00000,0x000000e50fb00000) (1024K)]
  0x000001f1ebe9f4c0 JavaThread "C1 CompilerThread0"         daemon [_thread_blocked, id=21052, stack(0x000000e50fb00000,0x000000e50fc00000) (1024K)]
  0x000001f1ebd13230 JavaThread "Common-Cleaner"             daemon [_thread_blocked, id=19744, stack(0x000000e50fc00000,0x000000e50fd00000) (1024K)]
  0x000001f1ec2ea510 JavaThread "Notification Thread"        daemon [_thread_blocked, id=19072, stack(0x000000e50fd00000,0x000000e50fe00000) (1024K)]
  0x000001f1f2372650 JavaThread "Daemon health stats"               [_thread_blocked, id=20188, stack(0x000000e510600000,0x000000e510700000) (1024K)]
  0x000001f1f21cb7b0 JavaThread "Incoming local TCP Connector on port 57455"        [_thread_in_native, id=20244, stack(0x000000e50ff00000,0x000000e510000000) (1024K)]
  0x000001f1f22d2b60 JavaThread "Daemon periodic checks"            [_thread_blocked, id=7372, stack(0x000000e510700000,0x000000e510800000) (1024K)]
  0x000001f1f2510d00 JavaThread "Cache worker for journal cache (C:\Users\harsh\.gradle\caches\journal-1)"        [_thread_blocked, id=20388, stack(0x000000e511400000,0x000000e511500000) (1024K)]
  0x000001f1f2511a20 JavaThread "File lock request listener"        [_thread_in_native, id=15604, stack(0x000000e511500000,0x000000e511600000) (1024K)]
  0x000001f1f250ffe0 JavaThread "Cache worker for file hash cache (C:\Users\harsh\.gradle\caches\8.11.1\fileHashes)"        [_thread_blocked, id=10716, stack(0x000000e50fe00000,0x000000e50ff00000) (1024K)]
  0x000001f1f2512dd0 JavaThread "Cache worker for file content cache (C:\Users\harsh\.gradle\caches\8.11.1\fileContent)"        [_thread_blocked, id=20072, stack(0x000000e511800000,0x000000e511900000) (1024K)]
  0x000001f1f25120b0 JavaThread "File watcher server"        daemon [_thread_blocked, id=13284, stack(0x000000e511b00000,0x000000e511c00000) (1024K)]
  0x000001f1f4fd6580 JavaThread "File watcher consumer"      daemon [_thread_blocked, id=8196, stack(0x000000e511c00000,0x000000e511d00000) (1024K)]
  0x000001f1f4d9f5a0 JavaThread "Memory manager"                    [_thread_blocked, id=22068, stack(0x000000e514100000,0x000000e514200000) (1024K)]
  0x000001f1f3db8d40 JavaThread "pool-3-thread-1"                   [_thread_blocked, id=8452, stack(0x000000e514400000,0x000000e514500000) (1024K)]
  0x000001f1fd692ab0 JavaThread "pool-8-thread-1"                   [_thread_blocked, id=7300, stack(0x000000e513500000,0x000000e513600000) (1024K)]
  0x000001f1fc73b010 JavaThread "Periodic tasks thread"      daemon [_thread_blocked, id=19628, stack(0x000000e517c00000,0x000000e517d00000) (1024K)]
  0x000001f1fc739c60 JavaThread "ApplicationImpl pooled thread 1" daemon [_thread_blocked, id=12512, stack(0x000000e517d00000,0x000000e517e00000) (1024K)]
  0x000001f1fc73eb20 JavaThread "Java2D Disposer"            daemon [_thread_blocked, id=9916, stack(0x000000e511700000,0x000000e511800000) (1024K)]
  0x000001f1fc73bd30 JavaThread "AWT-Windows"                daemon [_thread_in_native, id=7044, stack(0x000000e518300000,0x000000e518400000) (1024K)]
  0x000001f1f3db6c70 JavaThread "RMI Scheduler(0)"           daemon [_thread_blocked, id=20696, stack(0x000000e518200000,0x000000e518300000) (1024K)]
  0x000001f1f3dbc850 JavaThread "RMI TCP Accept-0"           daemon [_thread_in_native, id=19540, stack(0x000000e519600000,0x000000e519700000) (1024K)]
  0x000001f1fe5e5a60 JavaThread "Cache worker for Java compile cache (C:\Users\harsh\.gradle\caches\8.11.1\javaCompile)"        [_thread_blocked, id=20828, stack(0x000000e517f00000,0x000000e518000000) (1024K)]
  0x000001f1f53a9650 JavaThread "pool-13-thread-1"                  [_thread_blocked, id=5976, stack(0x000000e513b00000,0x000000e513c00000) (1024K)]
  0x000001f1fe2498b0 JavaThread "pool-17-thread-1"                  [_thread_blocked, id=17508, stack(0x000000e513a00000,0x000000e513b00000) (1024K)]
  0x000001f19170ac50 JavaThread "pool-21-thread-1"                  [_thread_blocked, id=22460, stack(0x000000e513700000,0x000000e513800000) (1024K)]
  0x000001f1897d58d0 JavaThread "pool-26-thread-1"                  [_thread_blocked, id=21564, stack(0x000000e513800000,0x000000e513900000) (1024K)]
  0x000001f189cc2370 JavaThread "pool-30-thread-1"                  [_thread_blocked, id=18008, stack(0x000000e513f00000,0x000000e514000000) (1024K)]
  0x000001f191709210 JavaThread "pool-34-thread-1"                  [_thread_blocked, id=12860, stack(0x000000e513d00000,0x000000e513e00000) (1024K)]
  0x000001f192b56820 JavaThread "pool-38-thread-1"                  [_thread_blocked, id=7308, stack(0x000000e514300000,0x000000e514400000) (1024K)]
  0x000001f192dda0a0 JavaThread "pool-42-thread-1"                  [_thread_blocked, id=7456, stack(0x000000e513600000,0x000000e513700000) (1024K)]
  0x000001f18a068570 JavaThread "pool-46-thread-1"                  [_thread_blocked, id=20644, stack(0x000000e513e00000,0x000000e513f00000) (1024K)]
  0x000001f189c0ca90 JavaThread "pool-49-thread-1"                  [_thread_blocked, id=21632, stack(0x000000e514500000,0x000000e514600000) (1024K)]
  0x000001f180311450 JavaThread "pool-53-thread-1"                  [_thread_blocked, id=8216, stack(0x000000e514000000,0x000000e514100000) (1024K)]
  0x000001f1fe5ec9f0 JavaThread "pool-57-thread-1"                  [_thread_blocked, id=10628, stack(0x000000e514200000,0x000000e514300000) (1024K)]
  0x000001f180310730 JavaThread "pool-61-thread-1"                  [_thread_blocked, id=16076, stack(0x000000e514700000,0x000000e514800000) (1024K)]
  0x000001f1fe5e8ee0 JavaThread "pool-65-thread-1"                  [_thread_blocked, id=14936, stack(0x000000e514a00000,0x000000e514b00000) (1024K)]
  0x000001f19170d3b0 JavaThread "pool-69-thread-1"                  [_thread_blocked, id=22072, stack(0x000000e514b00000,0x000000e514c00000) (1024K)]
  0x000001f1ff792410 JavaThread "pool-73-thread-1"                  [_thread_blocked, id=13592, stack(0x000000e514800000,0x000000e514900000) (1024K)]
  0x000001f19170f480 JavaThread "pool-77-thread-1"                  [_thread_blocked, id=10360, stack(0x000000e514d00000,0x000000e514e00000) (1024K)]
  0x000001f1febef820 JavaThread "pool-81-thread-1"                  [_thread_blocked, id=5556, stack(0x000000e514600000,0x000000e514700000) (1024K)]
  0x000001f193b6ee60 JavaThread "pool-85-thread-1"                  [_thread_blocked, id=11112, stack(0x000000e514f00000,0x000000e515000000) (1024K)]
  0x000001f1fe4e1fb0 JavaThread "pool-89-thread-1"                  [_thread_blocked, id=18564, stack(0x000000e513c00000,0x000000e513d00000) (1024K)]
  0x000001f1ff7909d0 JavaThread "pool-92-thread-1"                  [_thread_blocked, id=8428, stack(0x000000e514e00000,0x000000e514f00000) (1024K)]
  0x000001f19422a600 JavaThread "pool-96-thread-1"                  [_thread_blocked, id=14792, stack(0x000000e514900000,0x000000e514a00000) (1024K)]
  0x000001f1904c5830 JavaThread "pool-100-thread-1"                 [_thread_blocked, id=8348, stack(0x000000e514c00000,0x000000e514d00000) (1024K)]
  0x000001f1917101a0 JavaThread "pool-104-thread-1"                 [_thread_blocked, id=19740, stack(0x000000e515100000,0x000000e515200000) (1024K)]
  0x000001f180313bb0 JavaThread "pool-108-thread-1"                 [_thread_blocked, id=7616, stack(0x000000e513900000,0x000000e513a00000) (1024K)]
  0x000001f1904bef30 JavaThread "pool-112-thread-1"                 [_thread_blocked, id=16160, stack(0x000000e515300000,0x000000e515400000) (1024K)]
  0x000001f1904c4480 JavaThread "pool-116-thread-1"                 [_thread_blocked, id=21500, stack(0x000000e515400000,0x000000e515500000) (1024K)]
  0x000001f194223d00 JavaThread "pool-120-thread-1"                 [_thread_blocked, id=14520, stack(0x000000e515500000,0x000000e515600000) (1024K)]
  0x000001f18aa002e0 JavaThread "pool-124-thread-1"                 [_thread_blocked, id=15712, stack(0x000000e515200000,0x000000e515300000) (1024K)]
  0x000001f191a27fe0 JavaThread "pool-127-thread-1"                 [_thread_blocked, id=8920, stack(0x000000e515800000,0x000000e515900000) (1024K)]
  0x000001f1904bfc50 JavaThread "pool-131-thread-1"                 [_thread_blocked, id=9436, stack(0x000000e515000000,0x000000e515100000) (1024K)]
  0x000001f18aa05830 JavaThread "pool-135-thread-1"                 [_thread_blocked, id=10664, stack(0x000000e515700000,0x000000e515800000) (1024K)]
  0x000001f194226460 JavaThread "pool-138-thread-1"                 [_thread_blocked, id=17604, stack(0x000000e515900000,0x000000e515a00000) (1024K)]
  0x000001f192ddbae0 JavaThread "pool-142-thread-1"                 [_thread_blocked, id=9088, stack(0x000000e515600000,0x000000e515700000) (1024K)]
  0x000001f1899feda0 JavaThread "pool-146-thread-1"                 [_thread_blocked, id=22372, stack(0x000000e515a00000,0x000000e515b00000) (1024K)]
  0x000001f18ad246f0 JavaThread "pool-149-thread-1"                 [_thread_blocked, id=17020, stack(0x000000e515b00000,0x000000e515c00000) (1024K)]
  0x000001f18ae25000 JavaThread "pool-153-thread-1"                 [_thread_blocked, id=14780, stack(0x000000e513400000,0x000000e513500000) (1024K)]
  0x000001f18030fa10 JavaThread "pool-157-thread-1"                 [_thread_blocked, id=20272, stack(0x000000e515e00000,0x000000e515f00000) (1024K)]
  0x000001f1916575e0 JavaThread "pool-160-thread-1"                 [_thread_blocked, id=6068, stack(0x000000e515d00000,0x000000e515e00000) (1024K)]
  0x000001f1926e2ac0 JavaThread "pool-164-thread-1"                 [_thread_blocked, id=1824, stack(0x000000e516100000,0x000000e516200000) (1024K)]
  0x000001f1916547f0 JavaThread "pool-168-thread-1"                 [_thread_blocked, id=15832, stack(0x000000e516000000,0x000000e516100000) (1024K)]
  0x000001f1fd692420 JavaThread "pool-172-thread-1"                 [_thread_blocked, id=7396, stack(0x000000e516400000,0x000000e516500000) (1024K)]
  0x000001f194a90590 JavaThread "pool-175-thread-1"                 [_thread_blocked, id=2156, stack(0x000000e516500000,0x000000e516600000) (1024K)]
  0x000001f1926e4500 JavaThread "pool-178-thread-1"                 [_thread_blocked, id=3356, stack(0x000000e516700000,0x000000e516800000) (1024K)]
  0x000001f1f6193ea0 JavaThread "pool-182-thread-1"                 [_thread_blocked, id=16424, stack(0x000000e515f00000,0x000000e516000000) (1024K)]
  0x000001f191a24b60 JavaThread "pool-186-thread-1"                 [_thread_blocked, id=13112, stack(0x000000e516200000,0x000000e516300000) (1024K)]
  0x000001f1926e5220 JavaThread "pool-190-thread-1"                 [_thread_blocked, id=7776, stack(0x000000e515c00000,0x000000e515d00000) (1024K)]
  0x000001f180d1de90 JavaThread "pool-194-thread-1"                 [_thread_blocked, id=18396, stack(0x000000e516800000,0x000000e516900000) (1024K)]
  0x000001f194a88f70 JavaThread "pool-198-thread-1"                 [_thread_blocked, id=2904, stack(0x000000e516b00000,0x000000e516c00000) (1024K)]
  0x000001f1fd69adf0 JavaThread "pool-202-thread-1"                 [_thread_blocked, id=20888, stack(0x000000e516600000,0x000000e516700000) (1024K)]
  0x000001f18a2d36b0 JavaThread "pool-206-thread-1"                 [_thread_blocked, id=21864, stack(0x000000e516c00000,0x000000e516d00000) (1024K)]
  0x000001f18ae27df0 JavaThread "pool-210-thread-1"                 [_thread_blocked, id=7636, stack(0x000000e516900000,0x000000e516a00000) (1024K)]
  0x000001f190378e40 JavaThread "pool-213-thread-1"                 [_thread_blocked, id=22228, stack(0x000000e516e00000,0x000000e516f00000) (1024K)]
  0x000001f1fd695210 JavaThread "pool-217-thread-1"                 [_thread_blocked, id=14100, stack(0x000000e516a00000,0x000000e516b00000) (1024K)]
  0x000001f1fefeb730 JavaThread "pool-221-thread-1"                 [_thread_blocked, id=11396, stack(0x000000e516d00000,0x000000e516e00000) (1024K)]
  0x000001f1904c1690 JavaThread "pool-225-thread-1"                 [_thread_blocked, id=9252, stack(0x000000e516f00000,0x000000e517000000) (1024K)]
  0x000001f18aa01d20 JavaThread "pool-229-thread-1"                 [_thread_blocked, id=15624, stack(0x000000e517000000,0x000000e517100000) (1024K)]
  0x000001f1904c4b10 JavaThread "pool-233-thread-1"                 [_thread_blocked, id=14200, stack(0x000000e517100000,0x000000e517200000) (1024K)]
  0x000001f1904c0970 JavaThread "pool-236-thread-1"                 [_thread_blocked, id=22284, stack(0x000000e516300000,0x000000e516400000) (1024K)]
  0x000001f1904ce200 JavaThread "pool-239-thread-1"                 [_thread_blocked, id=10160, stack(0x000000e517400000,0x000000e517500000) (1024K)]
  0x000001f19170c690 JavaThread "pool-243-thread-1"                 [_thread_blocked, id=22212, stack(0x000000e517500000,0x000000e517600000) (1024K)]
  0x000001f18a069fb0 JavaThread "RMI GC Daemon"              daemon [_thread_blocked, id=15980, stack(0x000000e51d200000,0x000000e51d300000) (1024K)]
  0x000001f18a2d2990 JavaThread "RMI Reaper"                        [_thread_blocked, id=19316, stack(0x000000e51d300000,0x000000e51d400000) (1024K)]
  0x000001f1926df640 JavaThread "pool-246-thread-1"                 [_thread_blocked, id=19340, stack(0x000000e517800000,0x000000e517900000) (1024K)]
  0x000001f18a064a60 JavaThread "pool-249-thread-1"                 [_thread_blocked, id=11400, stack(0x000000e517600000,0x000000e517700000) (1024K)]
  0x000001f192ddd520 JavaThread "pool-252-thread-1"                 [_thread_blocked, id=13236, stack(0x000000e517b00000,0x000000e517c00000) (1024K)]
  0x000001f1ff790340 JavaThread "Daemon Thread 41"                  [_thread_blocked, id=17220, stack(0x000000e50e900000,0x000000e50ea00000) (1024K)]
  0x000001f1febec3a0 JavaThread "Daemon worker Thread 41"           [_thread_blocked, id=9508, stack(0x000000e510b00000,0x000000e510c00000) (1024K)]
  0x000001f1904c5ec0 JavaThread "pool-255-thread-1"                 [_thread_blocked, id=1320, stack(0x000000e517e00000,0x000000e517f00000) (1024K)]
  0x000001f1904c6be0 JavaThread "included builds"                   [_thread_blocked, id=20452, stack(0x000000e518100000,0x000000e518200000) (1024K)]
  0x000001f1904c1d20 JavaThread "VFS cleanup Thread 46"             [_thread_blocked, id=12932, stack(0x000000e510c00000,0x000000e510d00000) (1024K)]
  0x000001f1904bf5c0 JavaThread "Handler for socket connection from /127.0.0.1:57455 to /127.0.0.1:52609"        [_thread_in_native, id=12268, stack(0x000000e510800000,0x000000e510900000) (1024K)]
  0x000001f1904c23b0 JavaThread "Cancel handler"                    [_thread_blocked, id=20304, stack(0x000000e510900000,0x000000e510a00000) (1024K)]
  0x000001f1ff791d80 JavaThread "Asynchronous log dispatcher for DefaultDaemonConnection: socket connection from /127.0.0.1:57455 to /127.0.0.1:52609"        [_thread_blocked, id=7208, stack(0x000000e510d00000,0x000000e510e00000) (1024K)]
  0x000001f1ff791060 JavaThread "Stdin handler"                     [_thread_blocked, id=15620, stack(0x000000e510e00000,0x000000e510f00000) (1024K)]
  0x000001f1ff793130 JavaThread "Daemon client event forwarder"        [_thread_blocked, id=18656, stack(0x000000e511600000,0x000000e511700000) (1024K)]
  0x000001f1ff792aa0 JavaThread "Cache worker for file hash cache (C:\Users\harsh\AndroidStudioProjects\PairlixDating\.gradle\8.11.1\fileHashes)"        [_thread_blocked, id=4916, stack(0x000000e511d00000,0x000000e511e00000) (1024K)]
  0x000001f1ff7916f0 JavaThread "Cache worker for Build Output Cleanup Cache (C:\Users\harsh\AndroidStudioProjects\PairlixDating\.gradle\buildOutputCleanup)"        [_thread_blocked, id=19388, stack(0x000000e511e00000,0x000000e511f00000) (1024K)]
  0x000001f1ff7937c0 JavaThread "Cache worker for checksums cache (C:\Users\harsh\AndroidStudioProjects\PairlixDating\.gradle\8.11.1\checksums)"        [_thread_blocked, id=4016, stack(0x000000e511f00000,0x000000e512000000) (1024K)]
  0x000001f18a2d3d40 JavaThread "Cache worker for cache directory md-rule (C:\Users\harsh\.gradle\caches\8.11.1\md-rule)"        [_thread_blocked, id=12596, stack(0x000000e512000000,0x000000e512100000) (1024K)]
  0x000001f18a2d3020 JavaThread "Cache worker for cache directory md-supplier (C:\Users\harsh\.gradle\caches\8.11.1\md-supplier)"        [_thread_blocked, id=12740, stack(0x000000e512100000,0x000000e512200000) (1024K)]
  0x000001f194b722f0 JavaThread "Unconstrained build operations"        [_thread_blocked, id=18184, stack(0x000000e512200000,0x000000e512300000) (1024K)]
  0x000001f194b74a50 JavaThread "Unconstrained build operations Thread 2"        [_thread_blocked, id=2588, stack(0x000000e512300000,0x000000e512400000) (1024K)]
  0x000001f194b72980 JavaThread "Unconstrained build operations Thread 3"        [_thread_blocked, id=7180, stack(0x000000e512400000,0x000000e512500000) (1024K)]
  0x000001f1fe4dca60 JavaThread "Unconstrained build operations Thread 4"        [_thread_blocked, id=7564, stack(0x000000e512500000,0x000000e512600000) (1024K)]
  0x000001f1fe4dd780 JavaThread "Unconstrained build operations Thread 5"        [_thread_blocked, id=18112, stack(0x000000e512600000,0x000000e512700000) (1024K)]
  0x000001f1fe4deb30 JavaThread "Unconstrained build operations Thread 6"        [_thread_blocked, id=19508, stack(0x000000e512700000,0x000000e512800000) (1024K)]
  0x000001f1fe4e0570 JavaThread "Unconstrained build operations Thread 7"        [_thread_blocked, id=19920, stack(0x000000e512800000,0x000000e512900000) (1024K)]
  0x000001f1fe4dde10 JavaThread "Unconstrained build operations Thread 8"        [_thread_blocked, id=15580, stack(0x000000e512900000,0x000000e512a00000) (1024K)]
  0x000001f1fe4df850 JavaThread "Unconstrained build operations Thread 9"        [_thread_blocked, id=20104, stack(0x000000e512a00000,0x000000e512b00000) (1024K)]
  0x000001f1fe4dd0f0 JavaThread "Unconstrained build operations Thread 10"        [_thread_blocked, id=22408, stack(0x000000e512b00000,0x000000e512c00000) (1024K)]
  0x000001f1fe4dfee0 JavaThread "Unconstrained build operations Thread 11"        [_thread_blocked, id=21740, stack(0x000000e512c00000,0x000000e512d00000) (1024K)]
  0x000001f1904c2a40 JavaThread "Unconstrained build operations Thread 12"        [_thread_blocked, id=17664, stack(0x000000e512d00000,0x000000e512e00000) (1024K)]
  0x000001f1904c30d0 JavaThread "Unconstrained build operations Thread 13"        [_thread_blocked, id=9308, stack(0x000000e512e00000,0x000000e512f00000) (1024K)]
  0x000001f1904c3760 JavaThread "Unconstrained build operations Thread 14"        [_thread_blocked, id=22272, stack(0x000000e512f00000,0x000000e513000000) (1024K)]
  0x000001f1904c02e0 JavaThread "Unconstrained build operations Thread 15"        [_thread_blocked, id=15676, stack(0x000000e513000000,0x000000e513100000) (1024K)]
  0x000001f1904c51a0 JavaThread "Unconstrained build operations Thread 16"        [_thread_blocked, id=21168, stack(0x000000e513100000,0x000000e513200000) (1024K)]
  0x000001f1904c6550 JavaThread "Unconstrained build operations Thread 17"        [_thread_blocked, id=1980, stack(0x000000e513200000,0x000000e513300000) (1024K)]
  0x000001f1904c7270 JavaThread "Unconstrained build operations Thread 18"        [_thread_blocked, id=5748, stack(0x000000e513300000,0x000000e513400000) (1024K)]
  0x000001f1904c3df0 JavaThread "Unconstrained build operations Thread 19"        [_thread_blocked, id=18308, stack(0x000000e517200000,0x000000e517300000) (1024K)]
  0x000001f1904ca060 JavaThread "Unconstrained build operations Thread 20"        [_thread_blocked, id=17756, stack(0x000000e517300000,0x000000e517400000) (1024K)]
  0x000001f1904c8620 JavaThread "Unconstrained build operations Thread 21"        [_thread_blocked, id=19032, stack(0x000000e517700000,0x000000e517800000) (1024K)]
  0x000001f1904cb410 JavaThread "Unconstrained build operations Thread 22"        [_thread_blocked, id=11848, stack(0x000000e517900000,0x000000e517a00000) (1024K)]
  0x000001f1904c9340 JavaThread "build event listener"              [_thread_blocked, id=18532, stack(0x000000e517a00000,0x000000e517b00000) (1024K)]
  0x000001f1904c99d0 JavaThread "build event listener"              [_thread_blocked, id=16284, stack(0x000000e518000000,0x000000e518100000) (1024K)]
  0x000001f1fe5e74a0 JavaThread "pool-258-thread-1"                 [_thread_blocked, id=6676, stack(0x000000e518400000,0x000000e518500000) (1024K)]
  0x000001f1fe5e53d0 JavaThread "build event listener"              [_thread_blocked, id=11952, stack(0x000000e518500000,0x000000e518600000) (1024K)]
  0x000001f1fe5e6780 JavaThread "included builds"                   [_thread_blocked, id=21920, stack(0x000000e518600000,0x000000e518700000) (1024K)]
  0x000001f18aa023b0 JavaThread "Execution worker"                  [_thread_blocked, id=15696, stack(0x000000e518700000,0x000000e518800000) (1024K)]
  0x000001f18a9fef30 JavaThread "Execution worker Thread 2"         [_thread_blocked, id=19252, stack(0x000000e518800000,0x000000e518900000) (1024K)]
  0x000001f18aa02a40 JavaThread "Execution worker Thread 3"         [_thread_blocked, id=10356, stack(0x000000e518900000,0x000000e518a00000) (1024K)]
  0x000001f18aa01000 JavaThread "Execution worker Thread 4"         [_thread_blocked, id=15728, stack(0x000000e518a00000,0x000000e518b00000) (1024K)]
  0x000001f18aa00970 JavaThread "Execution worker Thread 5"         [_thread_blocked, id=21944, stack(0x000000e518b00000,0x000000e518c00000) (1024K)]
  0x000001f18aa01690 JavaThread "Execution worker Thread 6"         [_thread_blocked, id=16908, stack(0x000000e518c00000,0x000000e518d00000) (1024K)]
  0x000001f18a9ff5c0 JavaThread "Execution worker Thread 7"         [_thread_blocked, id=3156, stack(0x000000e518d00000,0x000000e518e00000) (1024K)]
  0x000001f18aa030d0 JavaThread "Execution worker Thread 8"         [_thread_blocked, id=21548, stack(0x000000e518e00000,0x000000e518f00000) (1024K)]
  0x000001f194225740 JavaThread "Execution worker Thread 9"         [_thread_blocked, id=21940, stack(0x000000e518f00000,0x000000e519000000) (1024K)]
  0x000001f194224390 JavaThread "Execution worker Thread 10"        [_thread_blocked, id=1352, stack(0x000000e519000000,0x000000e519100000) (1024K)]
  0x000001f194228530 JavaThread "Execution worker Thread 11"        [_thread_blocked, id=18228, stack(0x000000e519100000,0x000000e519200000) (1024K)]
  0x000001f18a9ffc50 JavaThread "Cache worker for execution history cache (C:\Users\harsh\AndroidStudioProjects\PairlixDating\.gradle\8.11.1\executionHistory)"        [_thread_blocked, id=6024, stack(0x000000e519200000,0x000000e519300000) (1024K)]
  0x000001f194228bc0 JavaThread "Unconstrained build operations Thread 23"        [_thread_blocked, id=13368, stack(0x000000e519300000,0x000000e519400000) (1024K)]
  0x000001f194229250 JavaThread "Unconstrained build operations Thread 24"        [_thread_blocked, id=17652, stack(0x000000e519400000,0x000000e519500000) (1024K)]
  0x000001f194225dd0 JavaThread "Unconstrained build operations Thread 25"        [_thread_blocked, id=18500, stack(0x000000e519500000,0x000000e519600000) (1024K)]
  0x000001f194229f70 JavaThread "Unconstrained build operations Thread 26"        [_thread_blocked, id=11420, stack(0x000000e519700000,0x000000e519800000) (1024K)]
  0x000001f191a244d0 JavaThread "Unconstrained build operations Thread 27"        [_thread_blocked, id=6404, stack(0x000000e519800000,0x000000e519900000) (1024K)]
  0x000001f191a23120 JavaThread "Unconstrained build operations Thread 28"        [_thread_blocked, id=6128, stack(0x000000e519900000,0x000000e519a00000) (1024K)]
  0x000001f191a21050 JavaThread "Unconstrained build operations Thread 29"        [_thread_blocked, id=20948, stack(0x000000e519a00000,0x000000e519b00000) (1024K)]
  0x000001f191a216e0 JavaThread "Unconstrained build operations Thread 30"        [_thread_blocked, id=14676, stack(0x000000e519b00000,0x000000e519c00000) (1024K)]
  0x000001f191a265a0 JavaThread "Unconstrained build operations Thread 31"        [_thread_blocked, id=20092, stack(0x000000e519c00000,0x000000e519d00000) (1024K)]
  0x000001f191a25880 JavaThread "Unconstrained build operations Thread 32"        [_thread_blocked, id=22188, stack(0x000000e519d00000,0x000000e519e00000) (1024K)]
  0x000001f191a251f0 JavaThread "Unconstrained build operations Thread 33"        [_thread_blocked, id=6052, stack(0x000000e519e00000,0x000000e519f00000) (1024K)]
  0x000001f1fe4e4080 JavaThread "Unconstrained build operations Thread 34"        [_thread_blocked, id=18576, stack(0x000000e519f00000,0x000000e51a000000) (1024K)]
  0x000001f1fe4e0c00 JavaThread "Unconstrained build operations Thread 35"        [_thread_blocked, id=3200, stack(0x000000e51a000000,0x000000e51a100000) (1024K)]
  0x000001f1fe4e1290 JavaThread "Unconstrained build operations Thread 36"        [_thread_blocked, id=16540, stack(0x000000e51a100000,0x000000e51a200000) (1024K)]
  0x000001f1fe4e2640 JavaThread "Unconstrained build operations Thread 37"        [_thread_blocked, id=16500, stack(0x000000e51a200000,0x000000e51a300000) (1024K)]
  0x000001f1fe4e3360 JavaThread "Unconstrained build operations Thread 38"        [_thread_blocked, id=2500, stack(0x000000e51a300000,0x000000e51a400000) (1024K)]
  0x000001f1fe4e1920 JavaThread "Unconstrained build operations Thread 39"        [_thread_blocked, id=21388, stack(0x000000e51a400000,0x000000e51a500000) (1024K)]
  0x000001f18a4c1900 JavaThread "Unconstrained build operations Thread 40"        [_thread_blocked, id=13164, stack(0x000000e51a500000,0x000000e51a600000) (1024K)]
  0x000001f18a4c1270 JavaThread "Unconstrained build operations Thread 41"        [_thread_blocked, id=8680, stack(0x000000e51a600000,0x000000e51a700000) (1024K)]
  0x000001f18a4bfec0 JavaThread "Unconstrained build operations Thread 42"        [_thread_blocked, id=11388, stack(0x000000e51a700000,0x000000e51a800000) (1024K)]
  0x000001f18a4bf1a0 JavaThread "Unconstrained build operations Thread 43"        [_thread_blocked, id=2632, stack(0x000000e51a800000,0x000000e51a900000) (1024K)]
  0x000001f18a4be480 JavaThread "Unconstrained build operations Thread 44"        [_thread_blocked, id=7640, stack(0x000000e51a900000,0x000000e51aa00000) (1024K)]
  0x000001f18a4beb10 JavaThread "WorkerExecutor Queue"              [_thread_blocked, id=2740, stack(0x000000e51aa00000,0x000000e51ab00000) (1024K)]
  0x000001f1fe5e7b30 JavaThread "WorkerExecutor Queue Thread 3"        [_thread_blocked, id=18980, stack(0x000000e51ac00000,0x000000e51ad00000) (1024K)]
  0x000001f1fe5e8850 JavaThread "WorkerExecutor Queue Thread 4"        [_thread_blocked, id=8288, stack(0x000000e51ad00000,0x000000e51ae00000) (1024K)]
  0x000001f1fe5e81c0 JavaThread "WorkerExecutor Queue Thread 5"        [_thread_blocked, id=19372, stack(0x000000e51ae00000,0x000000e51af00000) (1024K)]
  0x000001f1fe5e9570 JavaThread "WorkerExecutor Queue Thread 6"        [_thread_in_native, id=14840, stack(0x000000e51af00000,0x000000e51b000000) (1024K)]
  0x000001f18a2d08c0 JavaThread "WorkerExecutor Queue Thread 7"        [_thread_blocked, id=13016, stack(0x000000e51b000000,0x000000e51b100000) (1024K)]
  0x000001f191a23e40 JavaThread "WorkerExecutor Queue Thread 8"        [_thread_blocked, id=5872, stack(0x000000e51b100000,0x000000e51b200000) (1024K)]
  0x000001f191a209c0 JavaThread "WorkerExecutor Queue Thread 9"        [_thread_blocked, id=10284, stack(0x000000e51b200000,0x000000e51b300000) (1024K)]
  0x000001f191a22400 JavaThread "WorkerExecutor Queue Thread 10"        [_thread_blocked, id=19980, stack(0x000000e51b300000,0x000000e51b400000) (1024K)]
  0x000001f180d1ebb0 JavaThread "WorkerExecutor Queue Thread 11"        [_thread_blocked, id=11448, stack(0x000000e51b400000,0x000000e51b500000) (1024K)]
  0x000001f180d1e520 JavaThread "WorkerExecutor Queue Thread 12"        [_thread_blocked, id=8504, stack(0x000000e51b500000,0x000000e51b600000) (1024K)]
  0x000001f194226af0 JavaThread "Unconstrained build operations Thread 45"        [_thread_blocked, id=1304, stack(0x000000e51b600000,0x000000e51b700000) (1024K)]
  0x000001f194227180 JavaThread "Unconstrained build operations Thread 46"        [_thread_blocked, id=12244, stack(0x000000e51b700000,0x000000e51b800000) (1024K)]
  0x000001f191a237b0 JavaThread "Unconstrained build operations Thread 47"        [_thread_blocked, id=19276, stack(0x000000e51b800000,0x000000e51b900000) (1024K)]
  0x000001f191a25f10 JavaThread "Unconstrained build operations Thread 48"        [_thread_blocked, id=9264, stack(0x000000e51b900000,0x000000e51ba00000) (1024K)]
  0x000001f191a22a90 JavaThread "Unconstrained build operations Thread 49"        [_thread_blocked, id=12724, stack(0x000000e51ba00000,0x000000e51bb00000) (1024K)]
  0x000001f191a26c30 JavaThread "Unconstrained build operations Thread 50"        [_thread_blocked, id=9016, stack(0x000000e51bb00000,0x000000e51bc00000) (1024K)]
  0x000001f191a272c0 JavaThread "Unconstrained build operations Thread 51"        [_thread_blocked, id=16156, stack(0x000000e51bc00000,0x000000e51bd00000) (1024K)]
  0x000001f191a27950 JavaThread "Unconstrained build operations Thread 52"        [_thread_blocked, id=11024, stack(0x000000e51bd00000,0x000000e51be00000) (1024K)]
  0x000001f1febeb680 JavaThread "Unconstrained build operations Thread 53"        [_thread_blocked, id=13572, stack(0x000000e51be00000,0x000000e51bf00000) (1024K)]
  0x000001f1febeaff0 JavaThread "Unconstrained build operations Thread 54"        [_thread_blocked, id=3100, stack(0x000000e51bf00000,0x000000e51c000000) (1024K)]
  0x000001f1febe9c40 JavaThread "Unconstrained build operations Thread 55"        [_thread_blocked, id=16268, stack(0x000000e51c000000,0x000000e51c100000) (1024K)]
  0x000001f18aa03df0 JavaThread "WorkerExecutor Queue Thread 13"        [_thread_blocked, id=14384, stack(0x000000e51c100000,0x000000e51c200000) (1024K)]
  0x000001f191d0c030 JavaThread "Unconstrained build operations Thread 56"        [_thread_blocked, id=16168, stack(0x000000e51c200000,0x000000e51c300000) (1024K)]
  0x000001f18a4c0550 JavaThread "Unconstrained build operations Thread 57"        [_thread_blocked, id=16240, stack(0x000000e51c300000,0x000000e51c400000) (1024K)]
  0x000001f189c0d120 JavaThread "Unconstrained build operations Thread 58"        [_thread_blocked, id=10332, stack(0x000000e51c400000,0x000000e51c500000) (1024K)]
  0x000001f189c0d7b0 JavaThread "Unconstrained build operations Thread 59"        [_thread_blocked, id=11996, stack(0x000000e51c500000,0x000000e51c600000) (1024K)]
  0x000001f189c0de40 JavaThread "Unconstrained build operations Thread 60"        [_thread_blocked, id=20840, stack(0x000000e51c600000,0x000000e51c700000) (1024K)]
  0x000001f18aa04b10 JavaThread "Unconstrained build operations Thread 61"        [_thread_blocked, id=13660, stack(0x000000e51c700000,0x000000e51c800000) (1024K)]
  0x000001f18aa06550 JavaThread "Unconstrained build operations Thread 62"        [_thread_blocked, id=18032, stack(0x000000e51c800000,0x000000e51c900000) (1024K)]
  0x000001f1f6192af0 JavaThread "Unconstrained build operations Thread 63"        [_thread_blocked, id=7756, stack(0x000000e51c900000,0x000000e51ca00000) (1024K)]
  0x000001f1f6193810 JavaThread "Unconstrained build operations Thread 64"        [_thread_blocked, id=21652, stack(0x000000e51ca00000,0x000000e51cb00000) (1024K)]
  0x000001f1febea2d0 JavaThread "Unconstrained build operations Thread 65"        [_thread_blocked, id=10312, stack(0x000000e51cb00000,0x000000e51cc00000) (1024K)]
  0x000001f1febebd10 JavaThread "Unconstrained build operations Thread 66"        [_thread_blocked, id=14360, stack(0x000000e51cc00000,0x000000e51cd00000) (1024K)]
  0x000001f1f6194530 JavaThread "Unconstrained build operations Thread 67"        [_thread_blocked, id=21008, stack(0x000000e51cd00000,0x000000e51ce00000) (1024K)]
  0x000001f1897d4bb0 JavaThread "pool-259-thread-1"                 [_thread_blocked, id=21780, stack(0x000000e51ce00000,0x000000e51cf00000) (1024K)]
  0x000001f1897d5240 JavaThread "stderr"                            [_thread_in_native, id=19308, stack(0x000000e51cf00000,0x000000e51d000000) (1024K)]
  0x000001f1897d3e90 JavaThread "stdout"                            [_thread_in_native, id=14148, stack(0x000000e51d000000,0x000000e51d100000) (1024K)]
  0x000001f18a2d0f50 JavaThread "Exec process"                      [_thread_blocked, id=18372, stack(0x000000e50ea00000,0x000000e50eb00000) (1024K)]
  0x000001f1fe5efe70 JavaThread "Exec process Thread 3"             [_thread_blocked, id=5328, stack(0x000000e51d100000,0x000000e51d200000) (1024K)]
  0x000001f1897d5f60 JavaThread "Exec process Thread 2"             [_thread_blocked, id=6016, stack(0x000000e51d400000,0x000000e51d500000) (1024K)]
  0x000001f19422ac90 JavaThread "Exec process Thread 4"             [_thread_blocked, id=19948, stack(0x000000e51d500000,0x000000e51d600000) (1024K)]
  0x000001f191d0cd50 JavaThread "Exec process Thread 5"             [_thread_blocked, id=22312, stack(0x000000e51d600000,0x000000e51d700000) (1024K)]
  0x000001f189a00150 JavaThread "Exec process Thread 7"             [_thread_blocked, id=1656, stack(0x000000e51d700000,0x000000e51d800000) (1024K)]
  0x000001f1fefe6870 JavaThread "Exec process Thread 8"             [_thread_blocked, id=12660, stack(0x000000e51d800000,0x000000e51d900000) (1024K)]
  0x000001f1febe95b0 JavaThread "Exec process Thread 6"             [_thread_blocked, id=21644, stack(0x000000e51d900000,0x000000e51da00000) (1024K)]
  0x000001f1899ffac0 JavaThread "Exec process Thread 9"             [_thread_blocked, id=15488, stack(0x000000e51da00000,0x000000e51db00000) (1024K)]
  0x000001f1899fe710 JavaThread "Exec process Thread 10"            [_thread_blocked, id=16304, stack(0x000000e51db00000,0x000000e51dc00000) (1024K)]
  0x000001f1f6194bc0 JavaThread "Exec process Thread 11"            [_thread_blocked, id=18100, stack(0x000000e51dc00000,0x000000e51dd00000) (1024K)]
  0x000001f1f6195250 JavaThread "Exec process Thread 12"            [_thread_blocked, id=3660, stack(0x000000e51dd00000,0x000000e51de00000) (1024K)]
  0x000001f194227ea0 JavaThread "Exec process Thread 13"            [_thread_blocked, id=12008, stack(0x000000e51de00000,0x000000e51df00000) (1024K)]
  0x000001f194227810 JavaThread "Exec process Thread 14"            [_thread_blocked, id=16936, stack(0x000000e51df00000,0x000000e51e000000) (1024K)]
  0x000001f1f6191dd0 JavaThread "Exec process Thread 15"            [_thread_blocked, id=18444, stack(0x000000e51e000000,0x000000e51e100000) (1024K)]
  0x000001f1f61958e0 JavaThread "Exec process Thread 16"            [_thread_blocked, id=16060, stack(0x000000e51e100000,0x000000e51e200000) (1024K)]
  0x000001f189c0b050 JavaThread "Exec process Thread 17"            [_thread_blocked, id=4932, stack(0x000000e51e200000,0x000000e51e300000) (1024K)]
  0x000001f189c0c400 JavaThread "Exec process Thread 18"            [_thread_blocked, id=16724, stack(0x000000e51e300000,0x000000e51e400000) (1024K)]
  0x000001f1fefe54c0 JavaThread "Exec process Thread 19"            [_thread_blocked, id=1256, stack(0x000000e51e400000,0x000000e51e500000) (1024K)]
  0x000001f1fefe6f00 JavaThread "Exec process Thread 20"            [_thread_blocked, id=12440, stack(0x000000e51e500000,0x000000e51e600000) (1024K)]
  0x000001f189cc5160 JavaThread "Exec process Thread 21"            [_thread_blocked, id=18648, stack(0x000000e51e600000,0x000000e51e700000) (1024K)]
  0x000001f189cc4440 JavaThread "Exec process Thread 22"            [_thread_blocked, id=1640, stack(0x000000e51e700000,0x000000e51e800000) (1024K)]
  0x000001f1fefe7590 JavaThread "Exec process Thread 23"            [_thread_blocked, id=22392, stack(0x000000e51ea00000,0x000000e51eb00000) (1024K)]
  0x000001f1fefe4e30 JavaThread "Exec process Thread 24"            [_thread_blocked, id=10004, stack(0x000000e51eb00000,0x000000e51ec00000) (1024K)]
  0x000001f1febe8f20 JavaThread "ForkJoinPool-1-worker-1"    daemon [_thread_blocked, id=16904, stack(0x000000e511900000,0x000000e511a00000) (1024K)]
  0x000001f1f6192460 JavaThread "ForkJoinPool-1-worker-2"    daemon [_thread_blocked, id=7056, stack(0x000000e511a00000,0x000000e511b00000) (1024K)]
  0x000001f1febeca30 JavaThread "ForkJoinPool-1-worker-3"    daemon [_thread_blocked, id=22116, stack(0x000000e51ab00000,0x000000e51ac00000) (1024K)]
  0x000001f19422b320 JavaThread "ForkJoinPool-1-worker-4"    daemon [_thread_blocked, id=3716, stack(0x000000e51ec00000,0x000000e51ed00000) (1024K)]
  0x000001f1897d65f0 JavaThread "ForkJoinPool-1-worker-5"    daemon [_thread_blocked, id=13204, stack(0x000000e51ed00000,0x000000e51ee00000) (1024K)]
  0x000001f1febed0c0 JavaThread "ForkJoinPool-1-worker-6"    daemon [_thread_blocked, id=2776, stack(0x000000e51ee00000,0x000000e51ef00000) (1024K)]
  0x000001f18a2d15e0 JavaThread "ForkJoinPool-1-worker-7"    daemon [_thread_blocked, id=12020, stack(0x000000e51ef00000,0x000000e51f000000) (1024K)]
  0x000001f1897d3170 JavaThread "ForkJoinPool-1-worker-8"    daemon [_thread_blocked, id=15496, stack(0x000000e51f100000,0x000000e51f200000) (1024K)]
=>0x000001f180698b30 JavaThread "C2 CompilerThread1"         daemon [_thread_in_native, id=12792, stack(0x000000e51f000000,0x000000e51f100000) (1024K)]
  0x000001f1fefe5b50 JavaThread "ForkJoinPool-1-worker-9"    daemon [_thread_blocked, id=20604, stack(0x000000e51f300000,0x000000e51f400000) (1024K)]
  0x000001f193b6d420 JavaThread "ForkJoinPool-1-worker-10"   daemon [_thread_blocked, id=9488, stack(0x000000e51f400000,0x000000e51f500000) (1024K)]
  0x000001f180696250 JavaThread "C2 CompilerThread2"         daemon [_thread_blocked, id=3376, stack(0x000000e51f200000,0x000000e51f300000) (1024K)]
  0x000001f1f6195f70 JavaThread "ForkJoinPool-1-worker-11"   daemon [_thread_blocked, id=18256, stack(0x000000e51f500000,0x000000e51f600000) (1024K)]
  0x000001f189cc1ce0 JavaThread "ForkJoinPool-1-worker-12"   daemon [_thread_blocked, id=19284, stack(0x000000e51f600000,0x000000e51f700000) (1024K)]
  0x000001f1904c7f90 JavaThread "Unconstrained build operations Thread 68"        [_thread_blocked, id=6036, stack(0x000000e51f700000,0x000000e51f800000) (1024K)]
  0x000001f1904cc7c0 JavaThread "Unconstrained build operations Thread 69"        [_thread_blocked, id=3784, stack(0x000000e51f800000,0x000000e51f900000) (1024K)]
  0x000001f1904cbaa0 JavaThread "Unconstrained build operations Thread 70"        [_thread_blocked, id=5296, stack(0x000000e51f900000,0x000000e51fa00000) (1024K)]
  0x000001f1904cad80 JavaThread "Unconstrained build operations Thread 71"        [_thread_blocked, id=19544, stack(0x000000e51fa00000,0x000000e51fb00000) (1024K)]
  0x000001f18a2516e0 JavaThread "ForkJoinPool.commonPool-worker-382" daemon [_thread_blocked, id=2140, stack(0x000000e51fb00000,0x000000e51fc00000) (1024K)]
  0x000001f18a24f610 JavaThread "ForkJoinPool.commonPool-worker-383" daemon [_thread_blocked, id=18584, stack(0x000000e51fc00000,0x000000e51fd00000) (1024K)]
  0x000001f18a2ecef0 JavaThread "ForkJoinPool.commonPool-worker-384" daemon [_thread_blocked, id=1476, stack(0x000000e51fd00000,0x000000e51fe00000) (1024K)]
  0x000001f192ddadc0 JavaThread "Unconstrained build operations Thread 72"        [_thread_blocked, id=10212, stack(0x000000e51fe00000,0x000000e51ff00000) (1024K)]
  0x000001f1899dbf50 JavaThread "Unconstrained build operations Thread 73"        [_thread_blocked, id=16596, stack(0x000000e51ff00000,0x000000e520000000) (1024K)]
  0x000001f1899db230 JavaThread "Unconstrained build operations Thread 74"        [_thread_blocked, id=9740, stack(0x000000e520000000,0x000000e520100000) (1024K)]
  0x000001f1899dd300 JavaThread "Unconstrained build operations Thread 75"        [_thread_blocked, id=12184, stack(0x000000e520100000,0x000000e520200000) (1024K)]
  0x000001f1899de020 JavaThread "Unconstrained build operations Thread 76"        [_thread_blocked, id=21248, stack(0x000000e520200000,0x000000e520300000) (1024K)]
  0x000001f1899daba0 JavaThread "Unconstrained build operations Thread 77"        [_thread_blocked, id=1436, stack(0x000000e520300000,0x000000e520400000) (1024K)]
  0x000001f1899db8c0 JavaThread "Unconstrained build operations Thread 78"        [_thread_blocked, id=13124, stack(0x000000e520400000,0x000000e520500000) (1024K)]
  0x000001f1899dc5e0 JavaThread "Unconstrained build operations Thread 79"        [_thread_blocked, id=5560, stack(0x000000e520500000,0x000000e520600000) (1024K)]
  0x000001f1899dcc70 JavaThread "Unconstrained build operations Thread 80"        [_thread_blocked, id=9928, stack(0x000000e520600000,0x000000e520700000) (1024K)]
  0x000001f19381d6a0 JavaThread "Unconstrained build operations Thread 81"        [_thread_blocked, id=18260, stack(0x000000e520700000,0x000000e520800000) (1024K)]
  0x000001f1950d2de0 JavaThread "Unconstrained build operations Thread 82"        [_thread_blocked, id=11568, stack(0x000000e520800000,0x000000e520900000) (1024K)]
  0x000001f1950d2750 JavaThread "Unconstrained build operations Thread 83"        [_thread_blocked, id=1516, stack(0x000000e520900000,0x000000e520a00000) (1024K)]
  0x000001f1950d3470 JavaThread "Unconstrained build operations Thread 84"        [_thread_blocked, id=18092, stack(0x000000e520a00000,0x000000e520b00000) (1024K)]
  0x000001f1950cfff0 JavaThread "Unconstrained build operations Thread 85"        [_thread_blocked, id=19564, stack(0x000000e520b00000,0x000000e520c00000) (1024K)]
  0x000001f194a8b6d0 JavaThread "RMI RenewClean-[127.0.0.1:17747,org.jetbrains.kotlin.daemon.common.LoopbackNetworkInterface$ClientLoopbackSocketFactory@e0e687d]" daemon [_thread_blocked, id=3432, stack(0x000000e520c00000,0x000000e520d00000) (1024K)]
  0x000001f1fe5e60f0 JavaThread "RMI TCP Connection(267)-127.0.0.1" daemon [_thread_in_native, id=9968, stack(0x000000e520d00000,0x000000e520e00000) (1024K)]
  0x000001f192ddb450 JavaThread "RMI TCP Connection(268)-127.0.0.1" daemon [_thread_in_native, id=10636, stack(0x000000e520e00000,0x000000e520f00000) (1024K)]
Total: 272

Other Threads:
  0x000001f1ebd75da0 VMThread "VM Thread"                           [id=6244, stack(0x000000e50f300000,0x000000e50f400000) (1024K)]
  0x000001f1ebe119e0 WatcherThread "VM Periodic Task Thread"        [id=21036, stack(0x000000e50f200000,0x000000e50f300000) (1024K)]
  0x000001f1d4295e30 WorkerThread "GC Thread#0"                     [id=9012, stack(0x000000e50ed00000,0x000000e50ee00000) (1024K)]
  0x000001f1ec7382d0 WorkerThread "GC Thread#1"                     [id=15160, stack(0x000000e510000000,0x000000e510100000) (1024K)]
  0x000001f1ec85c8b0 WorkerThread "GC Thread#2"                     [id=19912, stack(0x000000e510100000,0x000000e510200000) (1024K)]
  0x000001f1ec71dc60 WorkerThread "GC Thread#3"                     [id=5888, stack(0x000000e510200000,0x000000e510300000) (1024K)]
  0x000001f1ec738a70 WorkerThread "GC Thread#4"                     [id=10868, stack(0x000000e510300000,0x000000e510400000) (1024K)]
  0x000001f1f2191d00 WorkerThread "GC Thread#5"                     [id=12428, stack(0x000000e510400000,0x000000e510500000) (1024K)]
  0x000001f1f21920a0 WorkerThread "GC Thread#6"                     [id=13596, stack(0x000000e510500000,0x000000e510600000) (1024K)]
  0x000001f1f22016f0 WorkerThread "GC Thread#7"                     [id=3712, stack(0x000000e510f00000,0x000000e511000000) (1024K)]
  0x000001f1f2200c10 WorkerThread "GC Thread#8"                     [id=1492, stack(0x000000e511000000,0x000000e511100000) (1024K)]
  0x000001f1f2202570 WorkerThread "GC Thread#9"                     [id=2268, stack(0x000000e511100000,0x000000e511200000) (1024K)]
  0x000001f1d42a7b60 ConcurrentGCThread "G1 Main Marker"            [id=19048, stack(0x000000e50ee00000,0x000000e50ef00000) (1024K)]
  0x000001f1d42a8570 WorkerThread "G1 Conc#0"                       [id=5308, stack(0x000000e50ef00000,0x000000e50f000000) (1024K)]
  0x000001f1f2201a90 WorkerThread "G1 Conc#1"                       [id=19944, stack(0x000000e511200000,0x000000e511300000) (1024K)]
  0x000001f1f2201e30 WorkerThread "G1 Conc#2"                       [id=7072, stack(0x000000e511300000,0x000000e511400000) (1024K)]
  0x000001f1ebc69ae0 ConcurrentGCThread "G1 Refine#0"               [id=20180, stack(0x000000e50f000000,0x000000e50f100000) (1024K)]
  0x000001f1ebc6b410 ConcurrentGCThread "G1 Service"                [id=21040, stack(0x000000e50f100000,0x000000e50f200000) (1024K)]
Total: 18

Threads with active compile tasks:
C2 CompilerThread0  18750148 247890 %     4       com.android.tools.r8.dex.L::a @ 3048 (3910 bytes)
C2 CompilerThread1  18750148 247845       4       com.android.tools.r8.dex.L::a (333 bytes)
C2 CompilerThread2  18750148 247857       4       com.android.tools.r8.dex.L$$Lambda/0x0000000101d14c08::accept (12 bytes)
Total: 3

VM state: at safepoint (normal execution)

VM Mutex/Monitor currently owned by a thread:  ([mutex/lock_event])
[0x00007ff80aeee3a0] Threads_lock - owner thread: 0x000001f1ebd75da0
[0x00007ff80aeee4a0] Heap_lock - owner thread: 0x000001f1d42a7b60

Heap address: 0x0000000080000000, size: 2048 MB, Compressed Oops mode: 32-bit

CDS archive(s) not mapped
Compressed class space mapped at: 0x0000000100000000-0x0000000140000000, reserved size: 1073741824
Narrow klass base: 0x0000000000000000, Narrow klass shift: 3, Narrow klass range: 0x140000000

GC Precious Log:
 CardTable entry size: 512
 Card Set container configuration: InlinePtr #cards 5 size 8 Array Of Cards #cards 12 size 40 Howl #buckets 4 coarsen threshold 1843 Howl Bitmap #cards 512 size 80 coarsen threshold 460 Card regions per heap region 1 cards per card region 2048
 CPUs: 12 total, 12 available
 Memory: 15708M
 Large Page Support: Disabled
 NUMA Support: Disabled
 Compressed Oops: Enabled (32-bit)
 Heap Region Size: 1M
 Heap Min Capacity: 8M
 Heap Initial Capacity: 246M
 Heap Max Capacity: 2G
 Pre-touch: Disabled
 Parallel Workers: 10
 Concurrent Workers: 3
 Concurrent Refinement Workers: 10
 Periodic GC: Disabled

Heap:
 garbage-first heap   total 1829888K, used 1438854K [0x0000000080000000, 0x0000000100000000)
  region size 1024K, 58 young (59392K), 11 survivors (11264K)
 Metaspace       used 287800K, committed 290112K, reserved 1376256K
  class space    used 33476K, committed 34688K, reserved 1048576K

Heap Regions: E=young(eden), S=young(survivor), O=old, HS=humongous(starts), HC=humongous(continues), CS=collection set, F=free, TAMS=top-at-mark-start, PB=parsable bottom
|   0|0x0000000080000000, 0x00000000800fffe0, 0x0000000080100000| 99%| O|  |TAMS 0x00000000800fffe0| PB 0x00000000800fffe0| Untracked 
|   1|0x0000000080100000, 0x0000000080200000, 0x0000000080200000|100%|HS|  |TAMS 0x0000000080200000| PB 0x0000000080100000| Complete 
|   2|0x0000000080200000, 0x0000000080300000, 0x0000000080300000|100%|HC|  |TAMS 0x0000000080300000| PB 0x0000000080200000| Complete 
|   3|0x0000000080300000, 0x0000000080400000, 0x0000000080400000|100%|HC|  |TAMS 0x0000000080400000| PB 0x0000000080300000| Complete 
|   4|0x0000000080400000, 0x00000000804ffff0, 0x0000000080500000| 99%| O|  |TAMS 0x00000000804ffff0| PB 0x00000000804ffff0| Untracked 
|   5|0x0000000080500000, 0x0000000080600000, 0x0000000080600000|100%| O|  |TAMS 0x0000000080600000| PB 0x0000000080600000| Untracked 
|   6|0x0000000080600000, 0x00000000806ffff8, 0x0000000080700000| 99%| O|  |TAMS 0x00000000806ffff8| PB 0x00000000806ffff8| Untracked 
|   7|0x0000000080700000, 0x0000000080800000, 0x0000000080800000|100%|HS|  |TAMS 0x0000000080800000| PB 0x0000000080700000| Complete 
|   8|0x0000000080800000, 0x0000000080900000, 0x0000000080900000|100%| O|  |TAMS 0x0000000080900000| PB 0x0000000080900000| Untracked 
|   9|0x0000000080900000, 0x0000000080a00000, 0x0000000080a00000|100%| O|  |TAMS 0x0000000080a00000| PB 0x0000000080a00000| Untracked 
|  10|0x0000000080a00000, 0x0000000080b00000, 0x0000000080b00000|100%| O|  |TAMS 0x0000000080b00000| PB 0x0000000080b00000| Untracked 
|  11|0x0000000080b00000, 0x0000000080c00000, 0x0000000080c00000|100%| O|  |TAMS 0x0000000080c00000| PB 0x0000000080c00000| Untracked 
|  12|0x0000000080c00000, 0x0000000080cffa78, 0x0000000080d00000| 99%| O|  |TAMS 0x0000000080cffa78| PB 0x0000000080cffa78| Untracked 
|  13|0x0000000080d00000, 0x0000000080dffff0, 0x0000000080e00000| 99%| O|  |TAMS 0x0000000080dffff0| PB 0x0000000080dffff0| Untracked 
|  14|0x0000000080e00000, 0x0000000080f00000, 0x0000000080f00000|100%| O|  |TAMS 0x0000000080f00000| PB 0x0000000080f00000| Untracked 
|  15|0x0000000080f00000, 0x0000000081000000, 0x0000000081000000|100%| O|  |TAMS 0x0000000081000000| PB 0x0000000081000000| Untracked 
|  16|0x0000000081000000, 0x00000000810ffff8, 0x0000000081100000| 99%| O|  |TAMS 0x00000000810ffff8| PB 0x00000000810ffff8| Untracked 
|  17|0x0000000081100000, 0x00000000811ffff8, 0x0000000081200000| 99%| O|  |TAMS 0x00000000811ffff8| PB 0x00000000811ffff8| Untracked 
|  18|0x0000000081200000, 0x00000000812ffff8, 0x0000000081300000| 99%| O|  |TAMS 0x00000000812ffff8| PB 0x00000000812ffff8| Untracked 
|  19|0x0000000081300000, 0x00000000813ffff8, 0x0000000081400000| 99%| O|  |TAMS 0x00000000813ffff8| PB 0x00000000813ffff8| Untracked 
|  20|0x0000000081400000, 0x00000000814ec278, 0x0000000081500000| 92%| O|  |TAMS 0x00000000814ec278| PB 0x00000000814ec278| Untracked 
|  21|0x0000000081500000, 0x00000000815fffb8, 0x0000000081600000| 99%| O|  |TAMS 0x00000000815fffb8| PB 0x00000000815fffb8| Untracked 
|  22|0x0000000081600000, 0x00000000816fffd8, 0x0000000081700000| 99%| O|  |TAMS 0x00000000816fffd8| PB 0x00000000816fffd8| Untracked 
|  23|0x0000000081700000, 0x00000000817ffff0, 0x0000000081800000| 99%| O|  |TAMS 0x00000000817ffff0| PB 0x00000000817ffff0| Untracked 
|  24|0x0000000081800000, 0x00000000818fffe8, 0x0000000081900000| 99%| O|  |TAMS 0x00000000818fffe8| PB 0x00000000818fffe8| Untracked 
|  25|0x0000000081900000, 0x0000000081a00000, 0x0000000081a00000|100%| O|  |TAMS 0x0000000081a00000| PB 0x0000000081a00000| Untracked 
|  26|0x0000000081a00000, 0x0000000081affff8, 0x0000000081b00000| 99%| O|  |TAMS 0x0000000081affff8| PB 0x0000000081affff8| Untracked 
|  27|0x0000000081b00000, 0x0000000081bffff0, 0x0000000081c00000| 99%| O|  |TAMS 0x0000000081bffff0| PB 0x0000000081bffff0| Untracked 
|  28|0x0000000081c00000, 0x0000000081cffff0, 0x0000000081d00000| 99%| O|  |TAMS 0x0000000081cffff0| PB 0x0000000081cffff0| Untracked 
|  29|0x0000000081d00000, 0x0000000081dffff8, 0x0000000081e00000| 99%| O|  |TAMS 0x0000000081dffff8| PB 0x0000000081dffff8| Untracked 
|  30|0x0000000081e00000, 0x0000000081ede768, 0x0000000081f00000| 86%| O|  |TAMS 0x0000000081ede768| PB 0x0000000081ede768| Updating 
|  31|0x0000000081f00000, 0x0000000081fffff8, 0x0000000082000000| 99%| O|  |TAMS 0x0000000081fffff8| PB 0x0000000081fffff8| Untracked 
|  32|0x0000000082000000, 0x00000000820ffff8, 0x0000000082100000| 99%| O|  |TAMS 0x00000000820ffff8| PB 0x00000000820ffff8| Untracked 
|  33|0x0000000082100000, 0x0000000082200000, 0x0000000082200000|100%| O|  |TAMS 0x0000000082200000| PB 0x0000000082200000| Untracked 
|  34|0x0000000082200000, 0x0000000082300000, 0x0000000082300000|100%| O|  |TAMS 0x0000000082300000| PB 0x0000000082300000| Untracked 
|  35|0x0000000082300000, 0x00000000823ffff0, 0x0000000082400000| 99%| O|  |TAMS 0x00000000823ffff0| PB 0x00000000823ffff0| Untracked 
|  36|0x0000000082400000, 0x00000000824c50f8, 0x0000000082500000| 76%| O|  |TAMS 0x00000000824c50f8| PB 0x00000000824c50f8| Updating 
|  37|0x0000000082500000, 0x00000000825ffff0, 0x0000000082600000| 99%| O|  |TAMS 0x00000000825ffff0| PB 0x00000000825ffff0| Untracked 
|  38|0x0000000082600000, 0x0000000082700000, 0x0000000082700000|100%| O|  |TAMS 0x0000000082700000| PB 0x0000000082700000| Untracked 
|  39|0x0000000082700000, 0x0000000082800000, 0x0000000082800000|100%| O|  |TAMS 0x0000000082800000| PB 0x0000000082800000| Untracked 
|  40|0x0000000082800000, 0x00000000828fffe0, 0x0000000082900000| 99%| O|  |TAMS 0x00000000828fffe0| PB 0x00000000828fffe0| Untracked 
|  41|0x0000000082900000, 0x00000000829ffff8, 0x0000000082a00000| 99%| O|  |TAMS 0x00000000829ffff8| PB 0x00000000829ffff8| Untracked 
|  42|0x0000000082a00000, 0x0000000082afffe8, 0x0000000082b00000| 99%| O|  |TAMS 0x0000000082afffe8| PB 0x0000000082afffe8| Untracked 
|  43|0x0000000082b00000, 0x0000000082bffff8, 0x0000000082c00000| 99%| O|  |TAMS 0x0000000082bffff8| PB 0x0000000082bffff8| Untracked 
|  44|0x0000000082c00000, 0x0000000082d00000, 0x0000000082d00000|100%| O|  |TAMS 0x0000000082d00000| PB 0x0000000082d00000| Untracked 
|  45|0x0000000082d00000, 0x0000000082dffff8, 0x0000000082e00000| 99%| O|  |TAMS 0x0000000082dffff8| PB 0x0000000082dffff8| Untracked 
|  46|0x0000000082e00000, 0x0000000082f00000, 0x0000000082f00000|100%| O|  |TAMS 0x0000000082f00000| PB 0x0000000082f00000| Untracked 
|  47|0x0000000082f00000, 0x0000000082ffff98, 0x0000000083000000| 99%| O|  |TAMS 0x0000000082ffff98| PB 0x0000000082ffff98| Untracked 
|  48|0x0000000083000000, 0x00000000830ffff0, 0x0000000083100000| 99%| O|  |TAMS 0x00000000830ffff0| PB 0x00000000830ffff0| Updating 
|  49|0x0000000083100000, 0x00000000831ffff8, 0x0000000083200000| 99%| O|  |TAMS 0x00000000831ffff8| PB 0x00000000831ffff8| Untracked 
|  50|0x0000000083200000, 0x0000000083300000, 0x0000000083300000|100%|HS|  |TAMS 0x0000000083300000| PB 0x0000000083200000| Complete 
|  51|0x0000000083300000, 0x0000000083400000, 0x0000000083400000|100%|HS|  |TAMS 0x0000000083400000| PB 0x0000000083300000| Complete 
|  52|0x0000000083400000, 0x0000000083500000, 0x0000000083500000|100%|HS|  |TAMS 0x0000000083500000| PB 0x0000000083400000| Complete 
|  53|0x0000000083500000, 0x0000000083600000, 0x0000000083600000|100%|HC|  |TAMS 0x0000000083600000| PB 0x0000000083500000| Complete 
|  54|0x0000000083600000, 0x0000000083700000, 0x0000000083700000|100%|HS|  |TAMS 0x0000000083700000| PB 0x0000000083600000| Complete 
|  55|0x0000000083700000, 0x0000000083800000, 0x0000000083800000|100%|HC|  |TAMS 0x0000000083800000| PB 0x0000000083700000| Complete 
|  56|0x0000000083800000, 0x0000000083900000, 0x0000000083900000|100%|HS|  |TAMS 0x0000000083900000| PB 0x0000000083800000| Complete 
|  57|0x0000000083900000, 0x0000000083a00000, 0x0000000083a00000|100%|HS|  |TAMS 0x0000000083a00000| PB 0x0000000083900000| Complete 
|  58|0x0000000083a00000, 0x0000000083affff8, 0x0000000083b00000| 99%| O|  |TAMS 0x0000000083affff8| PB 0x0000000083affff8| Untracked 
|  59|0x0000000083b00000, 0x0000000083c00000, 0x0000000083c00000|100%|HS|  |TAMS 0x0000000083c00000| PB 0x0000000083b00000| Complete 
|  60|0x0000000083c00000, 0x0000000083d00000, 0x0000000083d00000|100%|HS|  |TAMS 0x0000000083d00000| PB 0x0000000083c00000| Complete 
|  61|0x0000000083d00000, 0x0000000083df84b0, 0x0000000083e00000| 96%| O|  |TAMS 0x0000000083df84b0| PB 0x0000000083df84b0| Updating 
|  62|0x0000000083e00000, 0x0000000083effff0, 0x0000000083f00000| 99%| O|  |TAMS 0x0000000083effff0| PB 0x0000000083effff0| Untracked 
|  63|0x0000000083f00000, 0x0000000084000000, 0x0000000084000000|100%|HS|  |TAMS 0x0000000084000000| PB 0x0000000083f00000| Complete 
|  64|0x0000000084000000, 0x00000000840fffe8, 0x0000000084100000| 99%| O|  |TAMS 0x00000000840fffe8| PB 0x00000000840fffe8| Untracked 
|  65|0x0000000084100000, 0x00000000841ffff0, 0x0000000084200000| 99%| O|  |TAMS 0x00000000841ffff0| PB 0x00000000841ffff0| Untracked 
|  66|0x0000000084200000, 0x00000000842ffff8, 0x0000000084300000| 99%| O|  |TAMS 0x00000000842ffff8| PB 0x00000000842ffff8| Untracked 
|  67|0x0000000084300000, 0x00000000843ffff8, 0x0000000084400000| 99%| O|  |TAMS 0x00000000843ffff8| PB 0x00000000843ffff8| Untracked 
|  68|0x0000000084400000, 0x00000000844ffff0, 0x0000000084500000| 99%| O|  |TAMS 0x00000000844ffff0| PB 0x00000000844ffff0| Untracked 
|  69|0x0000000084500000, 0x00000000845ffff8, 0x0000000084600000| 99%| O|  |TAMS 0x00000000845ffff8| PB 0x00000000845ffff8| Untracked 
|  70|0x0000000084600000, 0x00000000846fff90, 0x0000000084700000| 99%| O|  |TAMS 0x00000000846fff90| PB 0x00000000846fff90| Untracked 
|  71|0x0000000084700000, 0x00000000847fffe8, 0x0000000084800000| 99%| O|  |TAMS 0x00000000847fffe8| PB 0x00000000847fffe8| Untracked 
|  72|0x0000000084800000, 0x00000000848ffff0, 0x0000000084900000| 99%| O|  |TAMS 0x00000000848ffff0| PB 0x00000000848ffff0| Updating 
|  73|0x0000000084900000, 0x00000000849eb5b0, 0x0000000084a00000| 91%| O|  |TAMS 0x00000000849eb5b0| PB 0x00000000849eb5b0| Untracked 
|  74|0x0000000084a00000, 0x0000000084b00000, 0x0000000084b00000|100%| O|  |TAMS 0x0000000084b00000| PB 0x0000000084b00000| Untracked 
|  75|0x0000000084b00000, 0x0000000084bffff0, 0x0000000084c00000| 99%| O|  |TAMS 0x0000000084bffff0| PB 0x0000000084bffff0| Untracked 
|  76|0x0000000084c00000, 0x0000000084cf88e8, 0x0000000084d00000| 97%| O|  |TAMS 0x0000000084cf88e8| PB 0x0000000084cf88e8| Untracked 
|  77|0x0000000084d00000, 0x0000000084dffff8, 0x0000000084e00000| 99%| O|  |TAMS 0x0000000084dffff8| PB 0x0000000084dffff8| Untracked 
|  78|0x0000000084e00000, 0x0000000084effff8, 0x0000000084f00000| 99%| O|  |TAMS 0x0000000084effff8| PB 0x0000000084effff8| Untracked 
|  79|0x0000000084f00000, 0x0000000085000000, 0x0000000085000000|100%| O|  |TAMS 0x0000000085000000| PB 0x0000000085000000| Untracked 
|  80|0x0000000085000000, 0x0000000085100000, 0x0000000085100000|100%| O|  |TAMS 0x0000000085100000| PB 0x0000000085100000| Untracked 
|  81|0x0000000085100000, 0x00000000851ffff8, 0x0000000085200000| 99%| O|  |TAMS 0x00000000851ffff8| PB 0x00000000851ffff8| Updating 
|  82|0x0000000085200000, 0x00000000852fffc0, 0x0000000085300000| 99%| O|  |TAMS 0x00000000852fffc0| PB 0x00000000852fffc0| Updating 
|  83|0x0000000085300000, 0x00000000853ffff8, 0x0000000085400000| 99%| O|  |TAMS 0x00000000853ffff8| PB 0x00000000853ffff8| Untracked 
|  84|0x0000000085400000, 0x00000000854fb568, 0x0000000085500000| 98%| O|  |TAMS 0x00000000854fb568| PB 0x00000000854fb568| Untracked 
|  85|0x0000000085500000, 0x00000000855ffff8, 0x0000000085600000| 99%| O|  |TAMS 0x00000000855ffff8| PB 0x00000000855ffff8| Untracked 
|  86|0x0000000085600000, 0x00000000856ffff0, 0x0000000085700000| 99%| O|  |TAMS 0x00000000856ffff0| PB 0x00000000856ffff0| Untracked 
|  87|0x0000000085700000, 0x00000000857fffe8, 0x0000000085800000| 99%| O|  |TAMS 0x00000000857fffe8| PB 0x00000000857fffe8| Untracked 
|  88|0x0000000085800000, 0x0000000085900000, 0x0000000085900000|100%| O|  |TAMS 0x0000000085900000| PB 0x0000000085900000| Untracked 
|  89|0x0000000085900000, 0x00000000859fffe8, 0x0000000085a00000| 99%| O|  |TAMS 0x00000000859fffe8| PB 0x00000000859fffe8| Untracked 
|  90|0x0000000085a00000, 0x0000000085affff0, 0x0000000085b00000| 99%| O|  |TAMS 0x0000000085affff0| PB 0x0000000085affff0| Updating 
|  91|0x0000000085b00000, 0x0000000085c00000, 0x0000000085c00000|100%|HS|  |TAMS 0x0000000085c00000| PB 0x0000000085b00000| Complete 
|  92|0x0000000085c00000, 0x0000000085d00000, 0x0000000085d00000|100%| O|  |TAMS 0x0000000085d00000| PB 0x0000000085d00000| Untracked 
|  93|0x0000000085d00000, 0x0000000085dfffe8, 0x0000000085e00000| 99%| O|  |TAMS 0x0000000085dfffe8| PB 0x0000000085dfffe8| Updating 
|  94|0x0000000085e00000, 0x0000000085effed0, 0x0000000085f00000| 99%| O|  |TAMS 0x0000000085effed0| PB 0x0000000085effed0| Untracked 
|  95|0x0000000085f00000, 0x0000000086000000, 0x0000000086000000|100%| O|  |TAMS 0x0000000086000000| PB 0x0000000086000000| Untracked 
|  96|0x0000000086000000, 0x00000000860ffee0, 0x0000000086100000| 99%| O|  |TAMS 0x00000000860ffee0| PB 0x00000000860ffee0| Updating 
|  97|0x0000000086100000, 0x00000000861fffe8, 0x0000000086200000| 99%| O|  |TAMS 0x00000000861fffe8| PB 0x00000000861fffe8| Untracked 
|  98|0x0000000086200000, 0x00000000862ffff0, 0x0000000086300000| 99%| O|  |TAMS 0x00000000862ffff0| PB 0x00000000862ffff0| Untracked 
|  99|0x0000000086300000, 0x0000000086400000, 0x0000000086400000|100%|HS|  |TAMS 0x0000000086400000| PB 0x0000000086300000| Complete 
| 100|0x0000000086400000, 0x0000000086500000, 0x0000000086500000|100%|HC|  |TAMS 0x0000000086500000| PB 0x0000000086400000| Complete 
| 101|0x0000000086500000, 0x00000000865ffff0, 0x0000000086600000| 99%| O|  |TAMS 0x00000000865ffff0| PB 0x00000000865ffff0| Updating 
| 102|0x0000000086600000, 0x00000000866fd4e0, 0x0000000086700000| 98%| O|  |TAMS 0x00000000866fd4e0| PB 0x00000000866fd4e0| Untracked 
| 103|0x0000000086700000, 0x00000000867fffb8, 0x0000000086800000| 99%| O|  |TAMS 0x00000000867fffb8| PB 0x00000000867fffb8| Untracked 
| 104|0x0000000086800000, 0x00000000868ffff0, 0x0000000086900000| 99%| O|  |TAMS 0x00000000868ffff0| PB 0x00000000868ffff0| Untracked 
| 105|0x0000000086900000, 0x00000000869ffff8, 0x0000000086a00000| 99%| O|  |TAMS 0x00000000869ffff8| PB 0x00000000869ffff8| Untracked 
| 106|0x0000000086a00000, 0x0000000086b00000, 0x0000000086b00000|100%|HS|  |TAMS 0x0000000086b00000| PB 0x0000000086a00000| Complete 
| 107|0x0000000086b00000, 0x0000000086bfe8e8, 0x0000000086c00000| 99%| O|  |TAMS 0x0000000086bfe8e8| PB 0x0000000086bfe8e8| Untracked 
| 108|0x0000000086c00000, 0x0000000086cffff8, 0x0000000086d00000| 99%| O|  |TAMS 0x0000000086cffff8| PB 0x0000000086cffff8| Untracked 
| 109|0x0000000086d00000, 0x0000000086dffff8, 0x0000000086e00000| 99%| O|  |TAMS 0x0000000086dffff8| PB 0x0000000086dffff8| Untracked 
| 110|0x0000000086e00000, 0x0000000086effff0, 0x0000000086f00000| 99%| O|  |TAMS 0x0000000086effff0| PB 0x0000000086effff0| Updating 
| 111|0x0000000086f00000, 0x0000000087000000, 0x0000000087000000|100%| O|  |TAMS 0x0000000087000000| PB 0x0000000087000000| Updating 
| 112|0x0000000087000000, 0x0000000087100000, 0x0000000087100000|100%| O|  |TAMS 0x0000000087100000| PB 0x0000000087100000| Updating 
| 113|0x0000000087100000, 0x0000000087187998, 0x0000000087200000| 52%| O|  |TAMS 0x0000000087187998| PB 0x0000000087187998| Updating 
| 114|0x0000000087200000, 0x00000000872ffff0, 0x0000000087300000| 99%| O|  |TAMS 0x00000000872ffff0| PB 0x00000000872ffff0| Updating 
| 115|0x0000000087300000, 0x00000000873fffe0, 0x0000000087400000| 99%| O|  |TAMS 0x00000000873fffe0| PB 0x00000000873fffe0| Untracked 
| 116|0x0000000087400000, 0x00000000874fffa8, 0x0000000087500000| 99%| O|  |TAMS 0x00000000874fffa8| PB 0x00000000874fffa8| Untracked 
| 117|0x0000000087500000, 0x00000000875fffe0, 0x0000000087600000| 99%| O|  |TAMS 0x00000000875fffe0| PB 0x00000000875fffe0| Untracked 
| 118|0x0000000087600000, 0x0000000087700000, 0x0000000087700000|100%| O|  |TAMS 0x0000000087700000| PB 0x0000000087700000| Untracked 
| 119|0x0000000087700000, 0x0000000087800000, 0x0000000087800000|100%| O|  |TAMS 0x0000000087800000| PB 0x0000000087800000| Untracked 
| 120|0x0000000087800000, 0x00000000878fffe0, 0x0000000087900000| 99%| O|  |TAMS 0x00000000878fffe0| PB 0x00000000878fffe0| Updating 
| 121|0x0000000087900000, 0x0000000087a00000, 0x0000000087a00000|100%| O|  |TAMS 0x0000000087a00000| PB 0x0000000087a00000| Untracked 
| 122|0x0000000087a00000, 0x0000000087b00000, 0x0000000087b00000|100%| O|  |TAMS 0x0000000087b00000| PB 0x0000000087b00000| Untracked 
| 123|0x0000000087b00000, 0x0000000087c00000, 0x0000000087c00000|100%| O|  |TAMS 0x0000000087c00000| PB 0x0000000087c00000| Updating 
| 124|0x0000000087c00000, 0x0000000087cffff0, 0x0000000087d00000| 99%| O|  |TAMS 0x0000000087cffff0| PB 0x0000000087cffff0| Untracked 
| 125|0x0000000087d00000, 0x0000000087dfffe0, 0x0000000087e00000| 99%| O|  |TAMS 0x0000000087dfffe0| PB 0x0000000087dfffe0| Untracked 
| 126|0x0000000087e00000, 0x0000000087effff8, 0x0000000087f00000| 99%| O|  |TAMS 0x0000000087effff8| PB 0x0000000087effff8| Untracked 
| 127|0x0000000087f00000, 0x0000000088000000, 0x0000000088000000|100%| O|  |TAMS 0x0000000088000000| PB 0x0000000088000000| Untracked 
| 128|0x0000000088000000, 0x00000000880ffff0, 0x0000000088100000| 99%| O|  |TAMS 0x00000000880ffff0| PB 0x00000000880ffff0| Updating 
| 129|0x0000000088100000, 0x00000000881fffe8, 0x0000000088200000| 99%| O|  |TAMS 0x00000000881fffe8| PB 0x00000000881fffe8| Untracked 
| 130|0x0000000088200000, 0x00000000882ffff0, 0x0000000088300000| 99%| O|  |TAMS 0x00000000882ffff0| PB 0x00000000882ffff0| Updating 
| 131|0x0000000088300000, 0x00000000883ffff0, 0x0000000088400000| 99%| O|  |TAMS 0x00000000883ffff0| PB 0x00000000883ffff0| Untracked 
| 132|0x0000000088400000, 0x00000000884fff50, 0x0000000088500000| 99%| O|  |TAMS 0x00000000884fff50| PB 0x00000000884fff50| Untracked 
| 133|0x0000000088500000, 0x0000000088600000, 0x0000000088600000|100%| O|  |TAMS 0x0000000088600000| PB 0x0000000088600000| Untracked 
| 134|0x0000000088600000, 0x00000000886fffe8, 0x0000000088700000| 99%| O|  |TAMS 0x00000000886fffe8| PB 0x00000000886fffe8| Untracked 
| 135|0x0000000088700000, 0x0000000088800000, 0x0000000088800000|100%| O|  |TAMS 0x0000000088800000| PB 0x0000000088800000| Untracked 
| 136|0x0000000088800000, 0x0000000088900000, 0x0000000088900000|100%| O|  |TAMS 0x0000000088900000| PB 0x0000000088900000| Untracked 
| 137|0x0000000088900000, 0x00000000889fffe8, 0x0000000088a00000| 99%| O|  |TAMS 0x00000000889fffe8| PB 0x00000000889fffe8| Updating 
| 138|0x0000000088a00000, 0x0000000088affff0, 0x0000000088b00000| 99%| O|  |TAMS 0x0000000088affff0| PB 0x0000000088affff0| Updating 
| 139|0x0000000088b00000, 0x0000000088bffff0, 0x0000000088c00000| 99%| O|  |TAMS 0x0000000088bffff0| PB 0x0000000088bffff0| Untracked 
| 140|0x0000000088c00000, 0x0000000088cffff8, 0x0000000088d00000| 99%| O|  |TAMS 0x0000000088cffff8| PB 0x0000000088cffff8| Untracked 
| 141|0x0000000088d00000, 0x0000000088dfffe8, 0x0000000088e00000| 99%| O|  |TAMS 0x0000000088dfffe8| PB 0x0000000088dfffe8| Untracked 
| 142|0x0000000088e00000, 0x0000000088f00000, 0x0000000088f00000|100%|HS|  |TAMS 0x0000000088f00000| PB 0x0000000088e00000| Complete 
| 143|0x0000000088f00000, 0x0000000089000000, 0x0000000089000000|100%|HC|  |TAMS 0x0000000089000000| PB 0x0000000088f00000| Complete 
| 144|0x0000000089000000, 0x0000000089100000, 0x0000000089100000|100%|HC|  |TAMS 0x0000000089100000| PB 0x0000000089000000| Complete 
| 145|0x0000000089100000, 0x0000000089200000, 0x0000000089200000|100%|HC|  |TAMS 0x0000000089200000| PB 0x0000000089100000| Complete 
| 146|0x0000000089200000, 0x0000000089300000, 0x0000000089300000|100%| O|  |TAMS 0x0000000089300000| PB 0x0000000089300000| Updating 
| 147|0x0000000089300000, 0x0000000089400000, 0x0000000089400000|100%| O|  |TAMS 0x0000000089400000| PB 0x0000000089400000| Untracked 
| 148|0x0000000089400000, 0x0000000089500000, 0x0000000089500000|100%| O|  |TAMS 0x0000000089500000| PB 0x0000000089500000| Untracked 
| 149|0x0000000089500000, 0x0000000089600000, 0x0000000089600000|100%| O|  |TAMS 0x0000000089600000| PB 0x0000000089600000| Untracked 
| 150|0x0000000089600000, 0x00000000896c2bb8, 0x0000000089700000| 76%| O|  |TAMS 0x00000000896c2bb8| PB 0x00000000896c2bb8| Updating 
| 151|0x0000000089700000, 0x00000000897fffe0, 0x0000000089800000| 99%| O|  |TAMS 0x00000000897fffe0| PB 0x00000000897fffe0| Updating 
| 152|0x0000000089800000, 0x00000000898ffff8, 0x0000000089900000| 99%| O|  |TAMS 0x00000000898ffff8| PB 0x00000000898ffff8| Untracked 
| 153|0x0000000089900000, 0x00000000899ffff8, 0x0000000089a00000| 99%| O|  |TAMS 0x00000000899ffff8| PB 0x00000000899ffff8| Untracked 
| 154|0x0000000089a00000, 0x0000000089afffe8, 0x0000000089b00000| 99%| O|  |TAMS 0x0000000089afffe8| PB 0x0000000089afffe8| Untracked 
| 155|0x0000000089b00000, 0x0000000089c00000, 0x0000000089c00000|100%| O|  |TAMS 0x0000000089c00000| PB 0x0000000089c00000| Untracked 
| 156|0x0000000089c00000, 0x0000000089d00000, 0x0000000089d00000|100%| O|  |TAMS 0x0000000089d00000| PB 0x0000000089d00000| Untracked 
| 157|0x0000000089d00000, 0x0000000089e00000, 0x0000000089e00000|100%| O|  |TAMS 0x0000000089e00000| PB 0x0000000089e00000| Untracked 
| 158|0x0000000089e00000, 0x0000000089f00000, 0x0000000089f00000|100%| O|  |TAMS 0x0000000089f00000| PB 0x0000000089f00000| Updating 
| 159|0x0000000089f00000, 0x000000008a000000, 0x000000008a000000|100%|HS|  |TAMS 0x000000008a000000| PB 0x0000000089f00000| Complete 
| 160|0x000000008a000000, 0x000000008a100000, 0x000000008a100000|100%|HC|  |TAMS 0x000000008a100000| PB 0x000000008a000000| Complete 
| 161|0x000000008a100000, 0x000000008a200000, 0x000000008a200000|100%| O|  |TAMS 0x000000008a200000| PB 0x000000008a200000| Updating 
| 162|0x000000008a200000, 0x000000008a2fc5a0, 0x000000008a300000| 98%| O|  |TAMS 0x000000008a2fc5a0| PB 0x000000008a2fc5a0| Untracked 
| 163|0x000000008a300000, 0x000000008a3fffb8, 0x000000008a400000| 99%| O|  |TAMS 0x000000008a3fffb8| PB 0x000000008a3fffb8| Untracked 
| 164|0x000000008a400000, 0x000000008a4ffff8, 0x000000008a500000| 99%| O|  |TAMS 0x000000008a4ffff8| PB 0x000000008a4ffff8| Untracked 
| 165|0x000000008a500000, 0x000000008a5fff98, 0x000000008a600000| 99%| O|  |TAMS 0x000000008a5fff98| PB 0x000000008a5fff98| Updating 
| 166|0x000000008a600000, 0x000000008a700000, 0x000000008a700000|100%| O|  |TAMS 0x000000008a700000| PB 0x000000008a700000| Updating 
| 167|0x000000008a700000, 0x000000008a800000, 0x000000008a800000|100%|HS|  |TAMS 0x000000008a800000| PB 0x000000008a700000| Complete 
| 168|0x000000008a800000, 0x000000008a900000, 0x000000008a900000|100%|HC|  |TAMS 0x000000008a900000| PB 0x000000008a800000| Complete 
| 169|0x000000008a900000, 0x000000008aa00000, 0x000000008aa00000|100%| O|  |TAMS 0x000000008aa00000| PB 0x000000008aa00000| Updating 
| 170|0x000000008aa00000, 0x000000008ab00000, 0x000000008ab00000|100%| O|  |TAMS 0x000000008ab00000| PB 0x000000008ab00000| Untracked 
| 171|0x000000008ab00000, 0x000000008abfffd8, 0x000000008ac00000| 99%| O|  |TAMS 0x000000008abfffd8| PB 0x000000008abfffd8| Updating 
| 172|0x000000008ac00000, 0x000000008ace8150, 0x000000008ad00000| 90%| O|  |TAMS 0x000000008ace8150| PB 0x000000008ace8150| Updating 
| 173|0x000000008ad00000, 0x000000008adfffd8, 0x000000008ae00000| 99%| O|  |TAMS 0x000000008adfffd8| PB 0x000000008adfffd8| Untracked 
| 174|0x000000008ae00000, 0x000000008aeffff0, 0x000000008af00000| 99%| O|  |TAMS 0x000000008aeffff0| PB 0x000000008aeffff0| Updating 
| 175|0x000000008af00000, 0x000000008af71140, 0x000000008b000000| 44%| O|  |TAMS 0x000000008af71140| PB 0x000000008af71140| Updating 
| 176|0x000000008b000000, 0x000000008b100000, 0x000000008b100000|100%| O|  |TAMS 0x000000008b100000| PB 0x000000008b100000| Untracked 
| 177|0x000000008b100000, 0x000000008b200000, 0x000000008b200000|100%| O|  |TAMS 0x000000008b200000| PB 0x000000008b200000| Updating 
| 178|0x000000008b200000, 0x000000008b300000, 0x000000008b300000|100%| O|  |TAMS 0x000000008b300000| PB 0x000000008b300000| Updating 
| 179|0x000000008b300000, 0x000000008b400000, 0x000000008b400000|100%|HS|  |TAMS 0x000000008b400000| PB 0x000000008b300000| Complete 
| 180|0x000000008b400000, 0x000000008b500000, 0x000000008b500000|100%|HC|  |TAMS 0x000000008b500000| PB 0x000000008b400000| Complete 
| 181|0x000000008b500000, 0x000000008b5fffe0, 0x000000008b600000| 99%| O|  |TAMS 0x000000008b5fffe0| PB 0x000000008b5fffe0| Untracked 
| 182|0x000000008b600000, 0x000000008b700000, 0x000000008b700000|100%|HS|  |TAMS 0x000000008b700000| PB 0x000000008b600000| Complete 
| 183|0x000000008b700000, 0x000000008b800000, 0x000000008b800000|100%| O|  |TAMS 0x000000008b800000| PB 0x000000008b800000| Updating 
| 184|0x000000008b800000, 0x000000008b8fffe0, 0x000000008b900000| 99%| O|  |TAMS 0x000000008b8fffe0| PB 0x000000008b8fffe0| Updating 
| 185|0x000000008b900000, 0x000000008ba00000, 0x000000008ba00000|100%| O|  |TAMS 0x000000008ba00000| PB 0x000000008ba00000| Untracked 
| 186|0x000000008ba00000, 0x000000008bb00000, 0x000000008bb00000|100%| O|  |TAMS 0x000000008bb00000| PB 0x000000008bb00000| Untracked 
| 187|0x000000008bb00000, 0x000000008bc00000, 0x000000008bc00000|100%| O|  |TAMS 0x000000008bc00000| PB 0x000000008bc00000| Untracked 
| 188|0x000000008bc00000, 0x000000008bd00000, 0x000000008bd00000|100%|HS|  |TAMS 0x000000008bd00000| PB 0x000000008bc00000| Complete 
| 189|0x000000008bd00000, 0x000000008be00000, 0x000000008be00000|100%| O|  |TAMS 0x000000008be00000| PB 0x000000008be00000| Untracked 
| 190|0x000000008be00000, 0x000000008bf00000, 0x000000008bf00000|100%| O|  |TAMS 0x000000008bf00000| PB 0x000000008bf00000| Untracked 
| 191|0x000000008bf00000, 0x000000008bfffff8, 0x000000008c000000| 99%| O|  |TAMS 0x000000008bfffff8| PB 0x000000008bfffff8| Updating 
| 192|0x000000008c000000, 0x000000008c100000, 0x000000008c100000|100%|HS|  |TAMS 0x000000008c100000| PB 0x000000008c000000| Complete 
| 193|0x000000008c100000, 0x000000008c200000, 0x000000008c200000|100%| O|  |TAMS 0x000000008c200000| PB 0x000000008c200000| Untracked 
| 194|0x000000008c200000, 0x000000008c2ffff0, 0x000000008c300000| 99%| O|  |TAMS 0x000000008c2ffff0| PB 0x000000008c2ffff0| Untracked 
| 195|0x000000008c300000, 0x000000008c400000, 0x000000008c400000|100%|HS|  |TAMS 0x000000008c400000| PB 0x000000008c300000| Complete 
| 196|0x000000008c400000, 0x000000008c500000, 0x000000008c500000|100%|HC|  |TAMS 0x000000008c500000| PB 0x000000008c400000| Complete 
| 197|0x000000008c500000, 0x000000008c600000, 0x000000008c600000|100%|HS|  |TAMS 0x000000008c600000| PB 0x000000008c500000| Complete 
| 198|0x000000008c600000, 0x000000008c700000, 0x000000008c700000|100%|HC|  |TAMS 0x000000008c700000| PB 0x000000008c600000| Complete 
| 199|0x000000008c700000, 0x000000008c800000, 0x000000008c800000|100%|HC|  |TAMS 0x000000008c800000| PB 0x000000008c700000| Complete 
| 200|0x000000008c800000, 0x000000008c900000, 0x000000008c900000|100%|HS|  |TAMS 0x000000008c900000| PB 0x000000008c800000| Complete 
| 201|0x000000008c900000, 0x000000008ca00000, 0x000000008ca00000|100%| O|  |TAMS 0x000000008ca00000| PB 0x000000008ca00000| Untracked 
| 202|0x000000008ca00000, 0x000000008cb00000, 0x000000008cb00000|100%|HS|  |TAMS 0x000000008cb00000| PB 0x000000008ca00000| Complete 
| 203|0x000000008cb00000, 0x000000008cc00000, 0x000000008cc00000|100%|HS|  |TAMS 0x000000008cc00000| PB 0x000000008cb00000| Complete 
| 204|0x000000008cc00000, 0x000000008cd00000, 0x000000008cd00000|100%| O|  |TAMS 0x000000008cc00000| PB 0x000000008cc00000| Untracked 
| 205|0x000000008cd00000, 0x000000008ce00000, 0x000000008ce00000|100%|HS|  |TAMS 0x000000008ce00000| PB 0x000000008cd00000| Complete 
| 206|0x000000008ce00000, 0x000000008cf00000, 0x000000008cf00000|100%| O|  |TAMS 0x000000008cf00000| PB 0x000000008cf00000| Untracked 
| 207|0x000000008cf00000, 0x000000008d000000, 0x000000008d000000|100%| O|  |TAMS 0x000000008d000000| PB 0x000000008d000000| Untracked 
| 208|0x000000008d000000, 0x000000008d100000, 0x000000008d100000|100%|HS|  |TAMS 0x000000008d100000| PB 0x000000008d000000| Complete 
| 209|0x000000008d100000, 0x000000008d200000, 0x000000008d200000|100%|HC|  |TAMS 0x000000008d200000| PB 0x000000008d100000| Complete 
| 210|0x000000008d200000, 0x000000008d300000, 0x000000008d300000|100%| O|  |TAMS 0x000000008d300000| PB 0x000000008d300000| Untracked 
| 211|0x000000008d300000, 0x000000008d400000, 0x000000008d400000|100%|HS|  |TAMS 0x000000008d400000| PB 0x000000008d300000| Complete 
| 212|0x000000008d400000, 0x000000008d500000, 0x000000008d500000|100%| O|  |TAMS 0x000000008d500000| PB 0x000000008d500000| Updating 
| 213|0x000000008d500000, 0x000000008d600000, 0x000000008d600000|100%| O|  |TAMS 0x000000008d600000| PB 0x000000008d600000| Untracked 
| 214|0x000000008d600000, 0x000000008d700000, 0x000000008d700000|100%|HS|  |TAMS 0x000000008d700000| PB 0x000000008d600000| Complete 
| 215|0x000000008d700000, 0x000000008d800000, 0x000000008d800000|100%|HS|  |TAMS 0x000000008d800000| PB 0x000000008d700000| Complete 
| 216|0x000000008d800000, 0x000000008d900000, 0x000000008d900000|100%|HC|  |TAMS 0x000000008d900000| PB 0x000000008d800000| Complete 
| 217|0x000000008d900000, 0x000000008da00000, 0x000000008da00000|100%| O|  |TAMS 0x000000008da00000| PB 0x000000008da00000| Untracked 
| 218|0x000000008da00000, 0x000000008db00000, 0x000000008db00000|100%| O|  |TAMS 0x000000008db00000| PB 0x000000008db00000| Updating 
| 219|0x000000008db00000, 0x000000008dc00000, 0x000000008dc00000|100%|HS|  |TAMS 0x000000008dc00000| PB 0x000000008db00000| Complete 
| 220|0x000000008dc00000, 0x000000008dd00000, 0x000000008dd00000|100%| O|  |TAMS 0x000000008dd00000| PB 0x000000008dd00000| Untracked 
| 221|0x000000008dd00000, 0x000000008de00000, 0x000000008de00000|100%| O|  |TAMS 0x000000008de00000| PB 0x000000008de00000| Updating 
| 222|0x000000008de00000, 0x000000008df00000, 0x000000008df00000|100%| O|  |TAMS 0x000000008df00000| PB 0x000000008df00000| Updating 
| 223|0x000000008df00000, 0x000000008e000000, 0x000000008e000000|100%| O|  |TAMS 0x000000008e000000| PB 0x000000008e000000| Untracked 
| 224|0x000000008e000000, 0x000000008e100000, 0x000000008e100000|100%| O|  |TAMS 0x000000008e100000| PB 0x000000008e100000| Untracked 
| 225|0x000000008e100000, 0x000000008e200000, 0x000000008e200000|100%| O|  |TAMS 0x000000008e200000| PB 0x000000008e200000| Untracked 
| 226|0x000000008e200000, 0x000000008e300000, 0x000000008e300000|100%| O|  |TAMS 0x000000008e300000| PB 0x000000008e300000| Untracked 
| 227|0x000000008e300000, 0x000000008e400000, 0x000000008e400000|100%| O|  |TAMS 0x000000008e400000| PB 0x000000008e400000| Untracked 
| 228|0x000000008e400000, 0x000000008e500000, 0x000000008e500000|100%|HS|  |TAMS 0x000000008e500000| PB 0x000000008e400000| Complete 
| 229|0x000000008e500000, 0x000000008e600000, 0x000000008e600000|100%|HC|  |TAMS 0x000000008e600000| PB 0x000000008e500000| Complete 
| 230|0x000000008e600000, 0x000000008e700000, 0x000000008e700000|100%| O|  |TAMS 0x000000008e700000| PB 0x000000008e700000| Untracked 
| 231|0x000000008e700000, 0x000000008e800000, 0x000000008e800000|100%| O|  |TAMS 0x000000008e800000| PB 0x000000008e800000| Untracked 
| 232|0x000000008e800000, 0x000000008e900000, 0x000000008e900000|100%| O|  |TAMS 0x000000008e900000| PB 0x000000008e900000| Untracked 
| 233|0x000000008e900000, 0x000000008ea00000, 0x000000008ea00000|100%| O|  |TAMS 0x000000008ea00000| PB 0x000000008ea00000| Untracked 
| 234|0x000000008ea00000, 0x000000008eb00000, 0x000000008eb00000|100%| O|  |TAMS 0x000000008ea00000| PB 0x000000008ea00000| Untracked 
| 235|0x000000008eb00000, 0x000000008ec00000, 0x000000008ec00000|100%| O|  |TAMS 0x000000008ec00000| PB 0x000000008ec00000| Untracked 
| 236|0x000000008ec00000, 0x000000008ed00000, 0x000000008ed00000|100%| O|  |TAMS 0x000000008ec00000| PB 0x000000008ec00000| Untracked 
| 237|0x000000008ed00000, 0x000000008ee00000, 0x000000008ee00000|100%| O|  |TAMS 0x000000008ee00000| PB 0x000000008ee00000| Untracked 
| 238|0x000000008ee00000, 0x000000008ef00000, 0x000000008ef00000|100%| O|  |TAMS 0x000000008ef00000| PB 0x000000008ef00000| Untracked 
| 239|0x000000008ef00000, 0x000000008f000000, 0x000000008f000000|100%|HS|  |TAMS 0x000000008f000000| PB 0x000000008ef00000| Complete 
| 240|0x000000008f000000, 0x000000008f100000, 0x000000008f100000|100%|HC|  |TAMS 0x000000008f100000| PB 0x000000008f000000| Complete 
| 241|0x000000008f100000, 0x000000008f200000, 0x000000008f200000|100%| O|  |TAMS 0x000000008f200000| PB 0x000000008f200000| Updating 
| 242|0x000000008f200000, 0x000000008f300000, 0x000000008f300000|100%| O|  |TAMS 0x000000008f300000| PB 0x000000008f300000| Untracked 
| 243|0x000000008f300000, 0x000000008f400000, 0x000000008f400000|100%| O|  |TAMS 0x000000008f400000| PB 0x000000008f400000| Updating 
| 244|0x000000008f400000, 0x000000008f500000, 0x000000008f500000|100%| O|  |TAMS 0x000000008f500000| PB 0x000000008f500000| Updating 
| 245|0x000000008f500000, 0x000000008f600000, 0x000000008f600000|100%| O|  |TAMS 0x000000008f600000| PB 0x000000008f600000| Untracked 
| 246|0x000000008f600000, 0x000000008f700000, 0x000000008f700000|100%| O|  |TAMS 0x000000008f700000| PB 0x000000008f700000| Untracked 
| 247|0x000000008f700000, 0x000000008f800000, 0x000000008f800000|100%| O|  |TAMS 0x000000008f800000| PB 0x000000008f800000| Untracked 
| 248|0x000000008f800000, 0x000000008f900000, 0x000000008f900000|100%| O|  |TAMS 0x000000008f900000| PB 0x000000008f900000| Updating 
| 249|0x000000008f900000, 0x000000008fa00000, 0x000000008fa00000|100%| O|  |TAMS 0x000000008fa00000| PB 0x000000008fa00000| Updating 
| 250|0x000000008fa00000, 0x000000008fb00000, 0x000000008fb00000|100%| O|  |TAMS 0x000000008fb00000| PB 0x000000008fb00000| Untracked 
| 251|0x000000008fb00000, 0x000000008fc00000, 0x000000008fc00000|100%| O|  |TAMS 0x000000008fc00000| PB 0x000000008fc00000| Updating 
| 252|0x000000008fc00000, 0x000000008fd00000, 0x000000008fd00000|100%| O|  |TAMS 0x000000008fd00000| PB 0x000000008fd00000| Untracked 
| 253|0x000000008fd00000, 0x000000008fe00000, 0x000000008fe00000|100%| O|  |TAMS 0x000000008fe00000| PB 0x000000008fe00000| Untracked 
| 254|0x000000008fe00000, 0x000000008ff00000, 0x000000008ff00000|100%| O|  |TAMS 0x000000008fe00000| PB 0x000000008fe00000| Untracked 
| 255|0x000000008ff00000, 0x0000000090000000, 0x0000000090000000|100%| O|  |TAMS 0x0000000090000000| PB 0x0000000090000000| Untracked 
| 256|0x0000000090000000, 0x0000000090100000, 0x0000000090100000|100%| O|  |TAMS 0x0000000090100000| PB 0x0000000090100000| Updating 
| 257|0x0000000090100000, 0x0000000090200000, 0x0000000090200000|100%| O|  |TAMS 0x0000000090200000| PB 0x0000000090200000| Untracked 
| 258|0x0000000090200000, 0x0000000090300000, 0x0000000090300000|100%| O|  |TAMS 0x0000000090300000| PB 0x0000000090300000| Untracked 
| 259|0x0000000090300000, 0x0000000090400000, 0x0000000090400000|100%| O|  |TAMS 0x0000000090400000| PB 0x0000000090400000| Updating 
| 260|0x0000000090400000, 0x0000000090500000, 0x0000000090500000|100%| O|  |TAMS 0x0000000090500000| PB 0x0000000090500000| Updating 
| 261|0x0000000090500000, 0x0000000090600000, 0x0000000090600000|100%| O|  |TAMS 0x0000000090600000| PB 0x0000000090600000| Untracked 
| 262|0x0000000090600000, 0x0000000090700000, 0x0000000090700000|100%| O|  |TAMS 0x0000000090700000| PB 0x0000000090700000| Untracked 
| 263|0x0000000090700000, 0x0000000090800000, 0x0000000090800000|100%| O|  |TAMS 0x0000000090800000| PB 0x0000000090800000| Updating 
| 264|0x0000000090800000, 0x0000000090900000, 0x0000000090900000|100%| O|  |TAMS 0x0000000090900000| PB 0x0000000090900000| Updating 
| 265|0x0000000090900000, 0x0000000090a00000, 0x0000000090a00000|100%| O|  |TAMS 0x0000000090a00000| PB 0x0000000090a00000| Untracked 
| 266|0x0000000090a00000, 0x0000000090b00000, 0x0000000090b00000|100%| O|  |TAMS 0x0000000090b00000| PB 0x0000000090b00000| Untracked 
| 267|0x0000000090b00000, 0x0000000090c00000, 0x0000000090c00000|100%| O|  |TAMS 0x0000000090c00000| PB 0x0000000090c00000| Untracked 
| 268|0x0000000090c00000, 0x0000000090d00000, 0x0000000090d00000|100%| O|  |TAMS 0x0000000090d00000| PB 0x0000000090d00000| Untracked 
| 269|0x0000000090d00000, 0x0000000090e00000, 0x0000000090e00000|100%| O|  |TAMS 0x0000000090e00000| PB 0x0000000090e00000| Updating 
| 270|0x0000000090e00000, 0x0000000090f00000, 0x0000000090f00000|100%| O|  |TAMS 0x0000000090f00000| PB 0x0000000090f00000| Untracked 
| 271|0x0000000090f00000, 0x0000000091000000, 0x0000000091000000|100%| O|  |TAMS 0x0000000091000000| PB 0x0000000091000000| Untracked 
| 272|0x0000000091000000, 0x0000000091100000, 0x0000000091100000|100%| O|  |TAMS 0x0000000091100000| PB 0x0000000091100000| Untracked 
| 273|0x0000000091100000, 0x0000000091200000, 0x0000000091200000|100%| O|  |TAMS 0x0000000091200000| PB 0x0000000091200000| Updating 
| 274|0x0000000091200000, 0x0000000091300000, 0x0000000091300000|100%| O|  |TAMS 0x0000000091300000| PB 0x0000000091300000| Updating 
| 275|0x0000000091300000, 0x0000000091400000, 0x0000000091400000|100%| O|  |TAMS 0x0000000091400000| PB 0x0000000091400000| Untracked 
| 276|0x0000000091400000, 0x0000000091500000, 0x0000000091500000|100%| O|  |TAMS 0x0000000091500000| PB 0x0000000091500000| Updating 
| 277|0x0000000091500000, 0x0000000091600000, 0x0000000091600000|100%| O|  |TAMS 0x0000000091600000| PB 0x0000000091600000| Updating 
| 278|0x0000000091600000, 0x0000000091700000, 0x0000000091700000|100%| O|  |TAMS 0x0000000091700000| PB 0x0000000091700000| Untracked 
| 279|0x0000000091700000, 0x0000000091800000, 0x0000000091800000|100%| O|  |TAMS 0x0000000091800000| PB 0x0000000091800000| Untracked 
| 280|0x0000000091800000, 0x0000000091900000, 0x0000000091900000|100%|HS|  |TAMS 0x0000000091900000| PB 0x0000000091800000| Complete 
| 281|0x0000000091900000, 0x0000000091a00000, 0x0000000091a00000|100%|HC|  |TAMS 0x0000000091a00000| PB 0x0000000091900000| Complete 
| 282|0x0000000091a00000, 0x0000000091b00000, 0x0000000091b00000|100%|HC|  |TAMS 0x0000000091b00000| PB 0x0000000091a00000| Complete 
| 283|0x0000000091b00000, 0x0000000091c00000, 0x0000000091c00000|100%| O|  |TAMS 0x0000000091c00000| PB 0x0000000091c00000| Untracked 
| 284|0x0000000091c00000, 0x0000000091d00000, 0x0000000091d00000|100%| O|  |TAMS 0x0000000091d00000| PB 0x0000000091d00000| Updating 
| 285|0x0000000091d00000, 0x0000000091e00000, 0x0000000091e00000|100%| O|  |TAMS 0x0000000091e00000| PB 0x0000000091e00000| Updating 
| 286|0x0000000091e00000, 0x0000000091f00000, 0x0000000091f00000|100%| O|  |TAMS 0x0000000091f00000| PB 0x0000000091f00000| Updating 
| 287|0x0000000091f00000, 0x0000000092000000, 0x0000000092000000|100%| O|  |TAMS 0x0000000092000000| PB 0x0000000092000000| Untracked 
| 288|0x0000000092000000, 0x0000000092100000, 0x0000000092100000|100%|HS|  |TAMS 0x0000000092100000| PB 0x0000000092000000| Complete 
| 289|0x0000000092100000, 0x0000000092200000, 0x0000000092200000|100%|HC|  |TAMS 0x0000000092200000| PB 0x0000000092100000| Complete 
| 290|0x0000000092200000, 0x0000000092300000, 0x0000000092300000|100%|HC|  |TAMS 0x0000000092300000| PB 0x0000000092200000| Complete 
| 291|0x0000000092300000, 0x0000000092400000, 0x0000000092400000|100%| O|  |TAMS 0x0000000092400000| PB 0x0000000092400000| Updating 
| 292|0x0000000092400000, 0x0000000092500000, 0x0000000092500000|100%| O|  |TAMS 0x0000000092400000| PB 0x0000000092400000| Untracked 
| 293|0x0000000092500000, 0x0000000092600000, 0x0000000092600000|100%| O|  |TAMS 0x0000000092600000| PB 0x0000000092600000| Updating 
| 294|0x0000000092600000, 0x0000000092700000, 0x0000000092700000|100%| O|  |TAMS 0x0000000092600000| PB 0x0000000092600000| Untracked 
| 295|0x0000000092700000, 0x0000000092800000, 0x0000000092800000|100%| O|  |TAMS 0x0000000092800000| PB 0x0000000092800000| Updating 
| 296|0x0000000092800000, 0x0000000092900000, 0x0000000092900000|100%| O|  |TAMS 0x0000000092900000| PB 0x0000000092900000| Updating 
| 297|0x0000000092900000, 0x0000000092a00000, 0x0000000092a00000|100%| O|  |TAMS 0x0000000092a00000| PB 0x0000000092a00000| Updating 
| 298|0x0000000092a00000, 0x0000000092b00000, 0x0000000092b00000|100%| O|  |TAMS 0x0000000092b00000| PB 0x0000000092b00000| Updating 
| 299|0x0000000092b00000, 0x0000000092c00000, 0x0000000092c00000|100%| O|  |TAMS 0x0000000092c00000| PB 0x0000000092c00000| Untracked 
| 300|0x0000000092c00000, 0x0000000092d00000, 0x0000000092d00000|100%| O|  |TAMS 0x0000000092d00000| PB 0x0000000092d00000| Updating 
| 301|0x0000000092d00000, 0x0000000092e00000, 0x0000000092e00000|100%| O|  |TAMS 0x0000000092e00000| PB 0x0000000092e00000| Untracked 
| 302|0x0000000092e00000, 0x0000000092f00000, 0x0000000092f00000|100%| O|  |TAMS 0x0000000092f00000| PB 0x0000000092f00000| Updating 
| 303|0x0000000092f00000, 0x0000000093000000, 0x0000000093000000|100%| O|  |TAMS 0x0000000093000000| PB 0x0000000093000000| Untracked 
| 304|0x0000000093000000, 0x0000000093100000, 0x0000000093100000|100%| O|  |TAMS 0x0000000093100000| PB 0x0000000093100000| Untracked 
| 305|0x0000000093100000, 0x0000000093200000, 0x0000000093200000|100%| O|  |TAMS 0x0000000093200000| PB 0x0000000093200000| Updating 
| 306|0x0000000093200000, 0x0000000093300000, 0x0000000093300000|100%| O|  |TAMS 0x0000000093300000| PB 0x0000000093300000| Untracked 
| 307|0x0000000093300000, 0x0000000093400000, 0x0000000093400000|100%| O|  |TAMS 0x0000000093400000| PB 0x0000000093400000| Updating 
| 308|0x0000000093400000, 0x0000000093500000, 0x0000000093500000|100%| O|  |TAMS 0x0000000093500000| PB 0x0000000093500000| Updating 
| 309|0x0000000093500000, 0x0000000093600000, 0x0000000093600000|100%| O|  |TAMS 0x0000000093600000| PB 0x0000000093600000| Untracked 
| 310|0x0000000093600000, 0x0000000093700000, 0x0000000093700000|100%| O|  |TAMS 0x0000000093700000| PB 0x0000000093700000| Untracked 
| 311|0x0000000093700000, 0x0000000093800000, 0x0000000093800000|100%| O|  |TAMS 0x0000000093800000| PB 0x0000000093800000| Updating 
| 312|0x0000000093800000, 0x0000000093900000, 0x0000000093900000|100%| O|  |TAMS 0x0000000093900000| PB 0x0000000093900000| Updating 
| 313|0x0000000093900000, 0x0000000093a00000, 0x0000000093a00000|100%|HS|  |TAMS 0x0000000093a00000| PB 0x0000000093900000| Complete 
| 314|0x0000000093a00000, 0x0000000093b00000, 0x0000000093b00000|100%|HC|  |TAMS 0x0000000093b00000| PB 0x0000000093a00000| Complete 
| 315|0x0000000093b00000, 0x0000000093c00000, 0x0000000093c00000|100%|HC|  |TAMS 0x0000000093c00000| PB 0x0000000093b00000| Complete 
| 316|0x0000000093c00000, 0x0000000093d00000, 0x0000000093d00000|100%|HC|  |TAMS 0x0000000093d00000| PB 0x0000000093c00000| Complete 
| 317|0x0000000093d00000, 0x0000000093e00000, 0x0000000093e00000|100%|HS|  |TAMS 0x0000000093e00000| PB 0x0000000093d00000| Complete 
| 318|0x0000000093e00000, 0x0000000093f00000, 0x0000000093f00000|100%|HC|  |TAMS 0x0000000093f00000| PB 0x0000000093e00000| Complete 
| 319|0x0000000093f00000, 0x0000000094000000, 0x0000000094000000|100%|HC|  |TAMS 0x0000000094000000| PB 0x0000000093f00000| Complete 
| 320|0x0000000094000000, 0x0000000094100000, 0x0000000094100000|100%|HC|  |TAMS 0x0000000094100000| PB 0x0000000094000000| Complete 
| 321|0x0000000094100000, 0x0000000094200000, 0x0000000094200000|100%| O|  |TAMS 0x0000000094200000| PB 0x0000000094200000| Untracked 
| 322|0x0000000094200000, 0x0000000094300000, 0x0000000094300000|100%| O|  |TAMS 0x0000000094200000| PB 0x0000000094200000| Untracked 
| 323|0x0000000094300000, 0x0000000094400000, 0x0000000094400000|100%| O|  |TAMS 0x0000000094400000| PB 0x0000000094400000| Untracked 
| 324|0x0000000094400000, 0x0000000094500000, 0x0000000094500000|100%| O|  |TAMS 0x0000000094500000| PB 0x0000000094500000| Untracked 
| 325|0x0000000094500000, 0x0000000094600000, 0x0000000094600000|100%| O|  |TAMS 0x0000000094600000| PB 0x0000000094600000| Untracked 
| 326|0x0000000094600000, 0x0000000094700000, 0x0000000094700000|100%| O|  |TAMS 0x0000000094700000| PB 0x0000000094700000| Updating 
| 327|0x0000000094700000, 0x0000000094800000, 0x0000000094800000|100%| O|  |TAMS 0x0000000094800000| PB 0x0000000094800000| Untracked 
| 328|0x0000000094800000, 0x0000000094900000, 0x0000000094900000|100%| O|  |TAMS 0x0000000094900000| PB 0x0000000094900000| Untracked 
| 329|0x0000000094900000, 0x0000000094a00000, 0x0000000094a00000|100%| O|  |TAMS 0x0000000094a00000| PB 0x0000000094a00000| Updating 
| 330|0x0000000094a00000, 0x0000000094b00000, 0x0000000094b00000|100%| O|  |TAMS 0x0000000094b00000| PB 0x0000000094b00000| Updating 
| 331|0x0000000094b00000, 0x0000000094c00000, 0x0000000094c00000|100%| O|  |TAMS 0x0000000094c00000| PB 0x0000000094c00000| Untracked 
| 332|0x0000000094c00000, 0x0000000094d00000, 0x0000000094d00000|100%| O|  |TAMS 0x0000000094d00000| PB 0x0000000094d00000| Updating 
| 333|0x0000000094d00000, 0x0000000094e00000, 0x0000000094e00000|100%| O|  |TAMS 0x0000000094e00000| PB 0x0000000094e00000| Untracked 
| 334|0x0000000094e00000, 0x0000000094f00000, 0x0000000094f00000|100%| O|  |TAMS 0x0000000094f00000| PB 0x0000000094f00000| Untracked 
| 335|0x0000000094f00000, 0x0000000095000000, 0x0000000095000000|100%| O|  |TAMS 0x0000000095000000| PB 0x0000000095000000| Updating 
| 336|0x0000000095000000, 0x0000000095100000, 0x0000000095100000|100%| O|  |TAMS 0x0000000095100000| PB 0x0000000095100000| Untracked 
| 337|0x0000000095100000, 0x0000000095200000, 0x0000000095200000|100%| O|  |TAMS 0x0000000095200000| PB 0x0000000095200000| Untracked 
| 338|0x0000000095200000, 0x0000000095300000, 0x0000000095300000|100%| O|  |TAMS 0x0000000095300000| PB 0x0000000095300000| Untracked 
| 339|0x0000000095300000, 0x0000000095400000, 0x0000000095400000|100%| O|  |TAMS 0x0000000095400000| PB 0x0000000095400000| Untracked 
| 340|0x0000000095400000, 0x0000000095500000, 0x0000000095500000|100%| O|  |TAMS 0x0000000095400000| PB 0x0000000095400000| Untracked 
| 341|0x0000000095500000, 0x0000000095600000, 0x0000000095600000|100%| O|  |TAMS 0x0000000095600000| PB 0x0000000095600000| Updating 
| 342|0x0000000095600000, 0x0000000095700000, 0x0000000095700000|100%| O|  |TAMS 0x0000000095700000| PB 0x0000000095700000| Untracked 
| 343|0x0000000095700000, 0x0000000095800000, 0x0000000095800000|100%| O|  |TAMS 0x0000000095800000| PB 0x0000000095800000| Untracked 
| 344|0x0000000095800000, 0x0000000095900000, 0x0000000095900000|100%| O|  |TAMS 0x0000000095900000| PB 0x0000000095900000| Untracked 
| 345|0x0000000095900000, 0x0000000095a00000, 0x0000000095a00000|100%| O|  |TAMS 0x0000000095a00000| PB 0x0000000095a00000| Untracked 
| 346|0x0000000095a00000, 0x0000000095b00000, 0x0000000095b00000|100%| O|  |TAMS 0x0000000095b00000| PB 0x0000000095b00000| Updating 
| 347|0x0000000095b00000, 0x0000000095c00000, 0x0000000095c00000|100%| O|  |TAMS 0x0000000095c00000| PB 0x0000000095c00000| Updating 
| 348|0x0000000095c00000, 0x0000000095d00000, 0x0000000095d00000|100%| O|  |TAMS 0x0000000095d00000| PB 0x0000000095d00000| Untracked 
| 349|0x0000000095d00000, 0x0000000095e00000, 0x0000000095e00000|100%| O|  |TAMS 0x0000000095e00000| PB 0x0000000095e00000| Updating 
| 350|0x0000000095e00000, 0x0000000095f00000, 0x0000000095f00000|100%| O|  |TAMS 0x0000000095f00000| PB 0x0000000095f00000| Updating 
| 351|0x0000000095f00000, 0x0000000096000000, 0x0000000096000000|100%| O|  |TAMS 0x0000000096000000| PB 0x0000000096000000| Updating 
| 352|0x0000000096000000, 0x0000000096100000, 0x0000000096100000|100%| O|  |TAMS 0x0000000096000000| PB 0x0000000096000000| Untracked 
| 353|0x0000000096100000, 0x0000000096200000, 0x0000000096200000|100%| O|  |TAMS 0x0000000096100000| PB 0x0000000096100000| Untracked 
| 354|0x0000000096200000, 0x0000000096300000, 0x0000000096300000|100%| O|  |TAMS 0x0000000096300000| PB 0x0000000096300000| Untracked 
| 355|0x0000000096300000, 0x0000000096400000, 0x0000000096400000|100%| O|  |TAMS 0x0000000096400000| PB 0x0000000096400000| Untracked 
| 356|0x0000000096400000, 0x0000000096500000, 0x0000000096500000|100%| O|  |TAMS 0x0000000096500000| PB 0x0000000096500000| Untracked 
| 357|0x0000000096500000, 0x0000000096600000, 0x0000000096600000|100%| O|  |TAMS 0x0000000096600000| PB 0x0000000096600000| Updating 
| 358|0x0000000096600000, 0x0000000096700000, 0x0000000096700000|100%| O|  |TAMS 0x0000000096700000| PB 0x0000000096700000| Untracked 
| 359|0x0000000096700000, 0x0000000096800000, 0x0000000096800000|100%| O|  |TAMS 0x0000000096800000| PB 0x0000000096800000| Untracked 
| 360|0x0000000096800000, 0x0000000096900000, 0x0000000096900000|100%| O|  |TAMS 0x0000000096900000| PB 0x0000000096900000| Untracked 
| 361|0x0000000096900000, 0x0000000096a00000, 0x0000000096a00000|100%| O|  |TAMS 0x0000000096a00000| PB 0x0000000096a00000| Untracked 
| 362|0x0000000096a00000, 0x0000000096b00000, 0x0000000096b00000|100%| O|  |TAMS 0x0000000096b00000| PB 0x0000000096b00000| Untracked 
| 363|0x0000000096b00000, 0x0000000096c00000, 0x0000000096c00000|100%| O|  |TAMS 0x0000000096c00000| PB 0x0000000096c00000| Updating 
| 364|0x0000000096c00000, 0x0000000096d00000, 0x0000000096d00000|100%| O|  |TAMS 0x0000000096d00000| PB 0x0000000096d00000| Updating 
| 365|0x0000000096d00000, 0x0000000096e00000, 0x0000000096e00000|100%| O|  |TAMS 0x0000000096e00000| PB 0x0000000096e00000| Updating 
| 366|0x0000000096e00000, 0x0000000096f00000, 0x0000000096f00000|100%| O|  |TAMS 0x0000000096f00000| PB 0x0000000096f00000| Updating 
| 367|0x0000000096f00000, 0x0000000097000000, 0x0000000097000000|100%| O|  |TAMS 0x0000000097000000| PB 0x0000000097000000| Untracked 
| 368|0x0000000097000000, 0x0000000097100000, 0x0000000097100000|100%| O|  |TAMS 0x0000000097100000| PB 0x0000000097100000| Untracked 
| 369|0x0000000097100000, 0x0000000097200000, 0x0000000097200000|100%| O|  |TAMS 0x0000000097200000| PB 0x0000000097200000| Updating 
| 370|0x0000000097200000, 0x0000000097300000, 0x0000000097300000|100%| O|  |TAMS 0x0000000097300000| PB 0x0000000097300000| Untracked 
| 371|0x0000000097300000, 0x0000000097400000, 0x0000000097400000|100%| O|  |TAMS 0x0000000097300000| PB 0x0000000097300000| Untracked 
| 372|0x0000000097400000, 0x0000000097500000, 0x0000000097500000|100%| O|  |TAMS 0x0000000097500000| PB 0x0000000097500000| Untracked 
| 373|0x0000000097500000, 0x0000000097600000, 0x0000000097600000|100%| O|  |TAMS 0x0000000097600000| PB 0x0000000097600000| Updating 
| 374|0x0000000097600000, 0x0000000097700000, 0x0000000097700000|100%| O|  |TAMS 0x0000000097700000| PB 0x0000000097700000| Updating 
| 375|0x0000000097700000, 0x0000000097800000, 0x0000000097800000|100%| O|  |TAMS 0x0000000097800000| PB 0x0000000097800000| Updating 
| 376|0x0000000097800000, 0x0000000097900000, 0x0000000097900000|100%| O|  |TAMS 0x0000000097900000| PB 0x0000000097900000| Updating 
| 377|0x0000000097900000, 0x0000000097a00000, 0x0000000097a00000|100%| O|  |TAMS 0x0000000097a00000| PB 0x0000000097a00000| Untracked 
| 378|0x0000000097a00000, 0x0000000097b00000, 0x0000000097b00000|100%| O|  |TAMS 0x0000000097b00000| PB 0x0000000097b00000| Untracked 
| 379|0x0000000097b00000, 0x0000000097c00000, 0x0000000097c00000|100%| O|  |TAMS 0x0000000097c00000| PB 0x0000000097c00000| Updating 
| 380|0x0000000097c00000, 0x0000000097d00000, 0x0000000097d00000|100%| O|  |TAMS 0x0000000097d00000| PB 0x0000000097d00000| Updating 
| 381|0x0000000097d00000, 0x0000000097e00000, 0x0000000097e00000|100%| O|  |TAMS 0x0000000097e00000| PB 0x0000000097e00000| Untracked 
| 382|0x0000000097e00000, 0x0000000097f00000, 0x0000000097f00000|100%| O|  |TAMS 0x0000000097f00000| PB 0x0000000097f00000| Updating 
| 383|0x0000000097f00000, 0x0000000098000000, 0x0000000098000000|100%| O|  |TAMS 0x0000000098000000| PB 0x0000000098000000| Untracked 
| 384|0x0000000098000000, 0x0000000098100000, 0x0000000098100000|100%| O|  |TAMS 0x0000000098100000| PB 0x0000000098100000| Untracked 
| 385|0x0000000098100000, 0x0000000098200000, 0x0000000098200000|100%| O|  |TAMS 0x0000000098200000| PB 0x0000000098200000| Untracked 
| 386|0x0000000098200000, 0x0000000098300000, 0x0000000098300000|100%| O|  |TAMS 0x0000000098300000| PB 0x0000000098300000| Updating 
| 387|0x0000000098300000, 0x0000000098400000, 0x0000000098400000|100%| O|  |TAMS 0x0000000098400000| PB 0x0000000098400000| Untracked 
| 388|0x0000000098400000, 0x0000000098500000, 0x0000000098500000|100%| O|  |TAMS 0x0000000098500000| PB 0x0000000098500000| Untracked 
| 389|0x0000000098500000, 0x0000000098600000, 0x0000000098600000|100%| O|  |TAMS 0x0000000098600000| PB 0x0000000098600000| Untracked 
| 390|0x0000000098600000, 0x0000000098700000, 0x0000000098700000|100%| O|  |TAMS 0x0000000098700000| PB 0x0000000098700000| Updating 
| 391|0x0000000098700000, 0x0000000098800000, 0x0000000098800000|100%| O|  |TAMS 0x0000000098800000| PB 0x0000000098800000| Untracked 
| 392|0x0000000098800000, 0x0000000098900000, 0x0000000098900000|100%| O|  |TAMS 0x0000000098900000| PB 0x0000000098900000| Untracked 
| 393|0x0000000098900000, 0x0000000098a00000, 0x0000000098a00000|100%| O|  |TAMS 0x0000000098a00000| PB 0x0000000098a00000| Untracked 
| 394|0x0000000098a00000, 0x0000000098b00000, 0x0000000098b00000|100%|HS|  |TAMS 0x0000000098b00000| PB 0x0000000098a00000| Complete 
| 395|0x0000000098b00000, 0x0000000098c00000, 0x0000000098c00000|100%|HC|  |TAMS 0x0000000098c00000| PB 0x0000000098b00000| Complete 
| 396|0x0000000098c00000, 0x0000000098d00000, 0x0000000098d00000|100%|HC|  |TAMS 0x0000000098d00000| PB 0x0000000098c00000| Complete 
| 397|0x0000000098d00000, 0x0000000098e00000, 0x0000000098e00000|100%|HC|  |TAMS 0x0000000098e00000| PB 0x0000000098d00000| Complete 
| 398|0x0000000098e00000, 0x0000000098f00000, 0x0000000098f00000|100%|HC|  |TAMS 0x0000000098f00000| PB 0x0000000098e00000| Complete 
| 399|0x0000000098f00000, 0x0000000099000000, 0x0000000099000000|100%|HC|  |TAMS 0x0000000099000000| PB 0x0000000098f00000| Complete 
| 400|0x0000000099000000, 0x0000000099100000, 0x0000000099100000|100%| O|  |TAMS 0x0000000099100000| PB 0x0000000099100000| Untracked 
| 401|0x0000000099100000, 0x0000000099200000, 0x0000000099200000|100%| O|  |TAMS 0x0000000099200000| PB 0x0000000099200000| Untracked 
| 402|0x0000000099200000, 0x0000000099300000, 0x0000000099300000|100%| O|  |TAMS 0x0000000099300000| PB 0x0000000099300000| Untracked 
| 403|0x0000000099300000, 0x0000000099400000, 0x0000000099400000|100%| O|  |TAMS 0x0000000099400000| PB 0x0000000099400000| Untracked 
| 404|0x0000000099400000, 0x0000000099500000, 0x0000000099500000|100%| O|  |TAMS 0x0000000099500000| PB 0x0000000099500000| Untracked 
| 405|0x0000000099500000, 0x0000000099600000, 0x0000000099600000|100%| O|  |TAMS 0x0000000099600000| PB 0x0000000099600000| Untracked 
| 406|0x0000000099600000, 0x0000000099700000, 0x0000000099700000|100%| O|  |TAMS 0x0000000099700000| PB 0x0000000099700000| Untracked 
| 407|0x0000000099700000, 0x0000000099800000, 0x0000000099800000|100%| O|  |TAMS 0x0000000099800000| PB 0x0000000099800000| Untracked 
| 408|0x0000000099800000, 0x0000000099900000, 0x0000000099900000|100%| O|  |TAMS 0x0000000099900000| PB 0x0000000099900000| Untracked 
| 409|0x0000000099900000, 0x0000000099a00000, 0x0000000099a00000|100%| O|  |TAMS 0x0000000099a00000| PB 0x0000000099a00000| Untracked 
| 410|0x0000000099a00000, 0x0000000099b00000, 0x0000000099b00000|100%| O|  |TAMS 0x0000000099b00000| PB 0x0000000099b00000| Untracked 
| 411|0x0000000099b00000, 0x0000000099c00000, 0x0000000099c00000|100%| O|  |TAMS 0x0000000099c00000| PB 0x0000000099c00000| Untracked 
| 412|0x0000000099c00000, 0x0000000099d00000, 0x0000000099d00000|100%| O|  |TAMS 0x0000000099d00000| PB 0x0000000099d00000| Updating 
| 413|0x0000000099d00000, 0x0000000099e00000, 0x0000000099e00000|100%| O|  |TAMS 0x0000000099e00000| PB 0x0000000099e00000| Untracked 
| 414|0x0000000099e00000, 0x0000000099f00000, 0x0000000099f00000|100%| O|  |TAMS 0x0000000099f00000| PB 0x0000000099f00000| Untracked 
| 415|0x0000000099f00000, 0x000000009a000000, 0x000000009a000000|100%| O|  |TAMS 0x000000009a000000| PB 0x000000009a000000| Untracked 
| 416|0x000000009a000000, 0x000000009a100000, 0x000000009a100000|100%| O|  |TAMS 0x000000009a100000| PB 0x000000009a100000| Updating 
| 417|0x000000009a100000, 0x000000009a200000, 0x000000009a200000|100%| O|  |TAMS 0x000000009a200000| PB 0x000000009a200000| Updating 
| 418|0x000000009a200000, 0x000000009a300000, 0x000000009a300000|100%| O|  |TAMS 0x000000009a300000| PB 0x000000009a300000| Untracked 
| 419|0x000000009a300000, 0x000000009a400000, 0x000000009a400000|100%| O|  |TAMS 0x000000009a400000| PB 0x000000009a400000| Updating 
| 420|0x000000009a400000, 0x000000009a500000, 0x000000009a500000|100%| O|  |TAMS 0x000000009a500000| PB 0x000000009a500000| Untracked 
| 421|0x000000009a500000, 0x000000009a600000, 0x000000009a600000|100%| O|  |TAMS 0x000000009a600000| PB 0x000000009a600000| Untracked 
| 422|0x000000009a600000, 0x000000009a700000, 0x000000009a700000|100%| O|  |TAMS 0x000000009a700000| PB 0x000000009a700000| Untracked 
| 423|0x000000009a700000, 0x000000009a800000, 0x000000009a800000|100%| O|  |TAMS 0x000000009a800000| PB 0x000000009a800000| Untracked 
| 424|0x000000009a800000, 0x000000009a900000, 0x000000009a900000|100%| O|  |TAMS 0x000000009a900000| PB 0x000000009a900000| Untracked 
| 425|0x000000009a900000, 0x000000009aa00000, 0x000000009aa00000|100%| O|  |TAMS 0x000000009aa00000| PB 0x000000009aa00000| Untracked 
| 426|0x000000009aa00000, 0x000000009ab00000, 0x000000009ab00000|100%| O|  |TAMS 0x000000009ab00000| PB 0x000000009ab00000| Untracked 
| 427|0x000000009ab00000, 0x000000009ac00000, 0x000000009ac00000|100%| O|  |TAMS 0x000000009ac00000| PB 0x000000009ac00000| Untracked 
| 428|0x000000009ac00000, 0x000000009ad00000, 0x000000009ad00000|100%| O|  |TAMS 0x000000009ad00000| PB 0x000000009ad00000| Untracked 
| 429|0x000000009ad00000, 0x000000009ae00000, 0x000000009ae00000|100%| O|  |TAMS 0x000000009ae00000| PB 0x000000009ae00000| Untracked 
| 430|0x000000009ae00000, 0x000000009af00000, 0x000000009af00000|100%| O|  |TAMS 0x000000009af00000| PB 0x000000009af00000| Untracked 
| 431|0x000000009af00000, 0x000000009b000000, 0x000000009b000000|100%| O|  |TAMS 0x000000009b000000| PB 0x000000009b000000| Untracked 
| 432|0x000000009b000000, 0x000000009b100000, 0x000000009b100000|100%| O|  |TAMS 0x000000009b100000| PB 0x000000009b100000| Untracked 
| 433|0x000000009b100000, 0x000000009b200000, 0x000000009b200000|100%| O|  |TAMS 0x000000009b200000| PB 0x000000009b200000| Untracked 
| 434|0x000000009b200000, 0x000000009b300000, 0x000000009b300000|100%| O|  |TAMS 0x000000009b300000| PB 0x000000009b300000| Untracked 
| 435|0x000000009b300000, 0x000000009b400000, 0x000000009b400000|100%| O|  |TAMS 0x000000009b400000| PB 0x000000009b400000| Updating 
| 436|0x000000009b400000, 0x000000009b500000, 0x000000009b500000|100%| O|  |TAMS 0x000000009b500000| PB 0x000000009b500000| Updating 
| 437|0x000000009b500000, 0x000000009b600000, 0x000000009b600000|100%| O|  |TAMS 0x000000009b600000| PB 0x000000009b600000| Untracked 
| 438|0x000000009b600000, 0x000000009b700000, 0x000000009b700000|100%| O|  |TAMS 0x000000009b700000| PB 0x000000009b700000| Untracked 
| 439|0x000000009b700000, 0x000000009b800000, 0x000000009b800000|100%|HS|  |TAMS 0x000000009b800000| PB 0x000000009b700000| Complete 
| 440|0x000000009b800000, 0x000000009b900000, 0x000000009b900000|100%|HC|  |TAMS 0x000000009b900000| PB 0x000000009b800000| Complete 
| 441|0x000000009b900000, 0x000000009ba00000, 0x000000009ba00000|100%|HC|  |TAMS 0x000000009ba00000| PB 0x000000009b900000| Complete 
| 442|0x000000009ba00000, 0x000000009bb00000, 0x000000009bb00000|100%|HC|  |TAMS 0x000000009bb00000| PB 0x000000009ba00000| Complete 
| 443|0x000000009bb00000, 0x000000009bc00000, 0x000000009bc00000|100%|HC|  |TAMS 0x000000009bc00000| PB 0x000000009bb00000| Complete 
| 444|0x000000009bc00000, 0x000000009bd00000, 0x000000009bd00000|100%| O|  |TAMS 0x000000009bd00000| PB 0x000000009bd00000| Untracked 
| 445|0x000000009bd00000, 0x000000009be00000, 0x000000009be00000|100%| O|  |TAMS 0x000000009be00000| PB 0x000000009be00000| Untracked 
| 446|0x000000009be00000, 0x000000009bf00000, 0x000000009bf00000|100%| O|  |TAMS 0x000000009bf00000| PB 0x000000009bf00000| Untracked 
| 447|0x000000009bf00000, 0x000000009c000000, 0x000000009c000000|100%| O|  |TAMS 0x000000009c000000| PB 0x000000009c000000| Untracked 
| 448|0x000000009c000000, 0x000000009c100000, 0x000000009c100000|100%| O|  |TAMS 0x000000009c100000| PB 0x000000009c100000| Untracked 
| 449|0x000000009c100000, 0x000000009c200000, 0x000000009c200000|100%| O|  |TAMS 0x000000009c200000| PB 0x000000009c200000| Updating 
| 450|0x000000009c200000, 0x000000009c300000, 0x000000009c300000|100%| O|  |TAMS 0x000000009c300000| PB 0x000000009c300000| Updating 
| 451|0x000000009c300000, 0x000000009c400000, 0x000000009c400000|100%| O|  |TAMS 0x000000009c400000| PB 0x000000009c400000| Updating 
| 452|0x000000009c400000, 0x000000009c500000, 0x000000009c500000|100%| O|  |TAMS 0x000000009c500000| PB 0x000000009c500000| Updating 
| 453|0x000000009c500000, 0x000000009c600000, 0x000000009c600000|100%| O|  |TAMS 0x000000009c600000| PB 0x000000009c600000| Untracked 
| 454|0x000000009c600000, 0x000000009c700000, 0x000000009c700000|100%| O|  |TAMS 0x000000009c700000| PB 0x000000009c700000| Untracked 
| 455|0x000000009c700000, 0x000000009c800000, 0x000000009c800000|100%| O|  |TAMS 0x000000009c800000| PB 0x000000009c800000| Updating 
| 456|0x000000009c800000, 0x000000009c900000, 0x000000009c900000|100%| O|  |TAMS 0x000000009c900000| PB 0x000000009c900000| Untracked 
| 457|0x000000009c900000, 0x000000009ca00000, 0x000000009ca00000|100%| O|  |TAMS 0x000000009ca00000| PB 0x000000009ca00000| Untracked 
| 458|0x000000009ca00000, 0x000000009cb00000, 0x000000009cb00000|100%| O|  |TAMS 0x000000009ca00000| PB 0x000000009ca00000| Untracked 
| 459|0x000000009cb00000, 0x000000009cc00000, 0x000000009cc00000|100%| O|  |TAMS 0x000000009cc00000| PB 0x000000009cc00000| Untracked 
| 460|0x000000009cc00000, 0x000000009cd00000, 0x000000009cd00000|100%| O|  |TAMS 0x000000009cd00000| PB 0x000000009cd00000| Updating 
| 461|0x000000009cd00000, 0x000000009ce00000, 0x000000009ce00000|100%| O|  |TAMS 0x000000009ce00000| PB 0x000000009ce00000| Untracked 
| 462|0x000000009ce00000, 0x000000009cf00000, 0x000000009cf00000|100%| O|  |TAMS 0x000000009cf00000| PB 0x000000009cf00000| Untracked 
| 463|0x000000009cf00000, 0x000000009d000000, 0x000000009d000000|100%| O|  |TAMS 0x000000009d000000| PB 0x000000009d000000| Untracked 
| 464|0x000000009d000000, 0x000000009d100000, 0x000000009d100000|100%| O|  |TAMS 0x000000009d100000| PB 0x000000009d100000| Untracked 
| 465|0x000000009d100000, 0x000000009d200000, 0x000000009d200000|100%| O|  |TAMS 0x000000009d200000| PB 0x000000009d200000| Untracked 
| 466|0x000000009d200000, 0x000000009d300000, 0x000000009d300000|100%| O|  |TAMS 0x000000009d300000| PB 0x000000009d300000| Untracked 
| 467|0x000000009d300000, 0x000000009d400000, 0x000000009d400000|100%| O|  |TAMS 0x000000009d400000| PB 0x000000009d400000| Untracked 
| 468|0x000000009d400000, 0x000000009d500000, 0x000000009d500000|100%| O|  |TAMS 0x000000009d500000| PB 0x000000009d500000| Untracked 
| 469|0x000000009d500000, 0x000000009d600000, 0x000000009d600000|100%| O|  |TAMS 0x000000009d600000| PB 0x000000009d600000| Untracked 
| 470|0x000000009d600000, 0x000000009d700000, 0x000000009d700000|100%| O|  |TAMS 0x000000009d700000| PB 0x000000009d700000| Untracked 
| 471|0x000000009d700000, 0x000000009d800000, 0x000000009d800000|100%| O|  |TAMS 0x000000009d800000| PB 0x000000009d800000| Untracked 
| 472|0x000000009d800000, 0x000000009d900000, 0x000000009d900000|100%| O|  |TAMS 0x000000009d900000| PB 0x000000009d900000| Untracked 
| 473|0x000000009d900000, 0x000000009da00000, 0x000000009da00000|100%| O|  |TAMS 0x000000009da00000| PB 0x000000009da00000| Untracked 
| 474|0x000000009da00000, 0x000000009db00000, 0x000000009db00000|100%| O|  |TAMS 0x000000009db00000| PB 0x000000009db00000| Untracked 
| 475|0x000000009db00000, 0x000000009dc00000, 0x000000009dc00000|100%| O|  |TAMS 0x000000009dc00000| PB 0x000000009dc00000| Updating 
| 476|0x000000009dc00000, 0x000000009dd00000, 0x000000009dd00000|100%| O|  |TAMS 0x000000009dd00000| PB 0x000000009dd00000| Untracked 
| 477|0x000000009dd00000, 0x000000009de00000, 0x000000009de00000|100%| O|  |TAMS 0x000000009de00000| PB 0x000000009de00000| Updating 
| 478|0x000000009de00000, 0x000000009df00000, 0x000000009df00000|100%| O|  |TAMS 0x000000009df00000| PB 0x000000009df00000| Untracked 
| 479|0x000000009df00000, 0x000000009e000000, 0x000000009e000000|100%| O|  |TAMS 0x000000009e000000| PB 0x000000009e000000| Untracked 
| 480|0x000000009e000000, 0x000000009e100000, 0x000000009e100000|100%| O|  |TAMS 0x000000009e100000| PB 0x000000009e100000| Untracked 
| 481|0x000000009e100000, 0x000000009e200000, 0x000000009e200000|100%| O|  |TAMS 0x000000009e200000| PB 0x000000009e200000| Untracked 
| 482|0x000000009e200000, 0x000000009e300000, 0x000000009e300000|100%| O|  |TAMS 0x000000009e300000| PB 0x000000009e300000| Untracked 
| 483|0x000000009e300000, 0x000000009e400000, 0x000000009e400000|100%| O|  |TAMS 0x000000009e400000| PB 0x000000009e400000| Untracked 
| 484|0x000000009e400000, 0x000000009e500000, 0x000000009e500000|100%| O|  |TAMS 0x000000009e500000| PB 0x000000009e500000| Updating 
| 485|0x000000009e500000, 0x000000009e600000, 0x000000009e600000|100%| O|  |TAMS 0x000000009e600000| PB 0x000000009e600000| Updating 
| 486|0x000000009e600000, 0x000000009e700000, 0x000000009e700000|100%| O|  |TAMS 0x000000009e700000| PB 0x000000009e700000| Updating 
| 487|0x000000009e700000, 0x000000009e800000, 0x000000009e800000|100%| O|  |TAMS 0x000000009e800000| PB 0x000000009e800000| Untracked 
| 488|0x000000009e800000, 0x000000009e900000, 0x000000009e900000|100%| O|  |TAMS 0x000000009e900000| PB 0x000000009e900000| Untracked 
| 489|0x000000009e900000, 0x000000009ea00000, 0x000000009ea00000|100%| O|  |TAMS 0x000000009ea00000| PB 0x000000009ea00000| Updating 
| 490|0x000000009ea00000, 0x000000009eb00000, 0x000000009eb00000|100%| O|  |TAMS 0x000000009eb00000| PB 0x000000009eb00000| Untracked 
| 491|0x000000009eb00000, 0x000000009ec00000, 0x000000009ec00000|100%| O|  |TAMS 0x000000009ec00000| PB 0x000000009ec00000| Untracked 
| 492|0x000000009ec00000, 0x000000009ed00000, 0x000000009ed00000|100%| O|  |TAMS 0x000000009ed00000| PB 0x000000009ed00000| Untracked 
| 493|0x000000009ed00000, 0x000000009ee00000, 0x000000009ee00000|100%| O|  |TAMS 0x000000009ee00000| PB 0x000000009ee00000| Untracked 
| 494|0x000000009ee00000, 0x000000009ef00000, 0x000000009ef00000|100%| O|  |TAMS 0x000000009ef00000| PB 0x000000009ef00000| Untracked 
| 495|0x000000009ef00000, 0x000000009f000000, 0x000000009f000000|100%| O|  |TAMS 0x000000009ef00000| PB 0x000000009ef00000| Untracked 
| 496|0x000000009f000000, 0x000000009f100000, 0x000000009f100000|100%|HS|  |TAMS 0x000000009f100000| PB 0x000000009f000000| Complete 
| 497|0x000000009f100000, 0x000000009f200000, 0x000000009f200000|100%| O|  |TAMS 0x000000009f200000| PB 0x000000009f200000| Untracked 
| 498|0x000000009f200000, 0x000000009f300000, 0x000000009f300000|100%| O|  |TAMS 0x000000009f300000| PB 0x000000009f300000| Untracked 
| 499|0x000000009f300000, 0x000000009f400000, 0x000000009f400000|100%| O|  |TAMS 0x000000009f400000| PB 0x000000009f400000| Untracked 
| 500|0x000000009f400000, 0x000000009f500000, 0x000000009f500000|100%| O|  |TAMS 0x000000009f500000| PB 0x000000009f500000| Updating 
| 501|0x000000009f500000, 0x000000009f600000, 0x000000009f600000|100%| O|  |TAMS 0x000000009f600000| PB 0x000000009f600000| Updating 
| 502|0x000000009f600000, 0x000000009f700000, 0x000000009f700000|100%| O|  |TAMS 0x000000009f700000| PB 0x000000009f700000| Untracked 
| 503|0x000000009f700000, 0x000000009f800000, 0x000000009f800000|100%| O|  |TAMS 0x000000009f800000| PB 0x000000009f800000| Untracked 
| 504|0x000000009f800000, 0x000000009f900000, 0x000000009f900000|100%| O|  |TAMS 0x000000009f900000| PB 0x000000009f900000| Updating 
| 505|0x000000009f900000, 0x000000009fa00000, 0x000000009fa00000|100%| O|  |TAMS 0x000000009fa00000| PB 0x000000009fa00000| Untracked 
| 506|0x000000009fa00000, 0x000000009fb00000, 0x000000009fb00000|100%| O|  |TAMS 0x000000009fb00000| PB 0x000000009fb00000| Untracked 
| 507|0x000000009fb00000, 0x000000009fc00000, 0x000000009fc00000|100%| O|  |TAMS 0x000000009fc00000| PB 0x000000009fc00000| Updating 
| 508|0x000000009fc00000, 0x000000009fd00000, 0x000000009fd00000|100%| O|  |TAMS 0x000000009fd00000| PB 0x000000009fd00000| Untracked 
| 509|0x000000009fd00000, 0x000000009fe00000, 0x000000009fe00000|100%| O|  |TAMS 0x000000009fe00000| PB 0x000000009fe00000| Untracked 
| 510|0x000000009fe00000, 0x000000009ff00000, 0x000000009ff00000|100%| O|  |TAMS 0x000000009ff00000| PB 0x000000009ff00000| Updating 
| 511|0x000000009ff00000, 0x00000000a0000000, 0x00000000a0000000|100%| O|  |TAMS 0x00000000a0000000| PB 0x00000000a0000000| Untracked 
| 512|0x00000000a0000000, 0x00000000a0100000, 0x00000000a0100000|100%| O|  |TAMS 0x00000000a0100000| PB 0x00000000a0100000| Untracked 
| 513|0x00000000a0100000, 0x00000000a0200000, 0x00000000a0200000|100%| O|  |TAMS 0x00000000a0200000| PB 0x00000000a0200000| Untracked 
| 514|0x00000000a0200000, 0x00000000a0300000, 0x00000000a0300000|100%| O|  |TAMS 0x00000000a0300000| PB 0x00000000a0300000| Untracked 
| 515|0x00000000a0300000, 0x00000000a0400000, 0x00000000a0400000|100%| O|  |TAMS 0x00000000a0400000| PB 0x00000000a0400000| Untracked 
| 516|0x00000000a0400000, 0x00000000a0500000, 0x00000000a0500000|100%| O|  |TAMS 0x00000000a0500000| PB 0x00000000a0500000| Untracked 
| 517|0x00000000a0500000, 0x00000000a0600000, 0x00000000a0600000|100%| O|  |TAMS 0x00000000a0600000| PB 0x00000000a0600000| Updating 
| 518|0x00000000a0600000, 0x00000000a0700000, 0x00000000a0700000|100%| O|  |TAMS 0x00000000a0700000| PB 0x00000000a0700000| Untracked 
| 519|0x00000000a0700000, 0x00000000a0800000, 0x00000000a0800000|100%| O|  |TAMS 0x00000000a0800000| PB 0x00000000a0800000| Updating 
| 520|0x00000000a0800000, 0x00000000a0900000, 0x00000000a0900000|100%| O|  |TAMS 0x00000000a0900000| PB 0x00000000a0900000| Untracked 
| 521|0x00000000a0900000, 0x00000000a0a00000, 0x00000000a0a00000|100%| O|  |TAMS 0x00000000a0a00000| PB 0x00000000a0a00000| Updating 
| 522|0x00000000a0a00000, 0x00000000a0b00000, 0x00000000a0b00000|100%| O|  |TAMS 0x00000000a0b00000| PB 0x00000000a0b00000| Updating 
| 523|0x00000000a0b00000, 0x00000000a0c00000, 0x00000000a0c00000|100%| O|  |TAMS 0x00000000a0c00000| PB 0x00000000a0c00000| Untracked 
| 524|0x00000000a0c00000, 0x00000000a0d00000, 0x00000000a0d00000|100%| O|  |TAMS 0x00000000a0d00000| PB 0x00000000a0d00000| Updating 
| 525|0x00000000a0d00000, 0x00000000a0e00000, 0x00000000a0e00000|100%| O|  |TAMS 0x00000000a0e00000| PB 0x00000000a0e00000| Updating 
| 526|0x00000000a0e00000, 0x00000000a0f00000, 0x00000000a0f00000|100%| O|  |TAMS 0x00000000a0f00000| PB 0x00000000a0f00000| Untracked 
| 527|0x00000000a0f00000, 0x00000000a1000000, 0x00000000a1000000|100%| O|  |TAMS 0x00000000a1000000| PB 0x00000000a1000000| Updating 
| 528|0x00000000a1000000, 0x00000000a1100000, 0x00000000a1100000|100%| O|  |TAMS 0x00000000a1100000| PB 0x00000000a1100000| Updating 
| 529|0x00000000a1100000, 0x00000000a1200000, 0x00000000a1200000|100%| O|  |TAMS 0x00000000a1200000| PB 0x00000000a1200000| Untracked 
| 530|0x00000000a1200000, 0x00000000a1300000, 0x00000000a1300000|100%| O|  |TAMS 0x00000000a1300000| PB 0x00000000a1300000| Untracked 
| 531|0x00000000a1300000, 0x00000000a1400000, 0x00000000a1400000|100%| O|  |TAMS 0x00000000a1400000| PB 0x00000000a1400000| Untracked 
| 532|0x00000000a1400000, 0x00000000a1500000, 0x00000000a1500000|100%| O|  |TAMS 0x00000000a1500000| PB 0x00000000a1500000| Untracked 
| 533|0x00000000a1500000, 0x00000000a1600000, 0x00000000a1600000|100%| O|  |TAMS 0x00000000a1600000| PB 0x00000000a1600000| Untracked 
| 534|0x00000000a1600000, 0x00000000a1700000, 0x00000000a1700000|100%| O|  |TAMS 0x00000000a1700000| PB 0x00000000a1700000| Updating 
| 535|0x00000000a1700000, 0x00000000a1800000, 0x00000000a1800000|100%| O|  |TAMS 0x00000000a1800000| PB 0x00000000a1800000| Updating 
| 536|0x00000000a1800000, 0x00000000a1900000, 0x00000000a1900000|100%| O|  |TAMS 0x00000000a1900000| PB 0x00000000a1900000| Untracked 
| 537|0x00000000a1900000, 0x00000000a1a00000, 0x00000000a1a00000|100%| O|  |TAMS 0x00000000a1a00000| PB 0x00000000a1a00000| Untracked 
| 538|0x00000000a1a00000, 0x00000000a1b00000, 0x00000000a1b00000|100%| O|  |TAMS 0x00000000a1a00000| PB 0x00000000a1a00000| Untracked 
| 539|0x00000000a1b00000, 0x00000000a1c00000, 0x00000000a1c00000|100%| O|  |TAMS 0x00000000a1b00000| PB 0x00000000a1b00000| Untracked 
| 540|0x00000000a1c00000, 0x00000000a1d00000, 0x00000000a1d00000|100%| O|  |TAMS 0x00000000a1c00000| PB 0x00000000a1c00000| Untracked 
| 541|0x00000000a1d00000, 0x00000000a1e00000, 0x00000000a1e00000|100%| O|  |TAMS 0x00000000a1d00000| PB 0x00000000a1d00000| Untracked 
| 542|0x00000000a1e00000, 0x00000000a1f00000, 0x00000000a1f00000|100%|HS|  |TAMS 0x00000000a1f00000| PB 0x00000000a1e00000| Complete 
| 543|0x00000000a1f00000, 0x00000000a2000000, 0x00000000a2000000|100%| O|  |TAMS 0x00000000a2000000| PB 0x00000000a2000000| Untracked 
| 544|0x00000000a2000000, 0x00000000a2100000, 0x00000000a2100000|100%| O|  |TAMS 0x00000000a2100000| PB 0x00000000a2100000| Untracked 
| 545|0x00000000a2100000, 0x00000000a2200000, 0x00000000a2200000|100%| O|  |TAMS 0x00000000a2200000| PB 0x00000000a2200000| Untracked 
| 546|0x00000000a2200000, 0x00000000a2300000, 0x00000000a2300000|100%| O|  |TAMS 0x00000000a2300000| PB 0x00000000a2300000| Updating 
| 547|0x00000000a2300000, 0x00000000a2400000, 0x00000000a2400000|100%| O|  |TAMS 0x00000000a2400000| PB 0x00000000a2400000| Updating 
| 548|0x00000000a2400000, 0x00000000a2500000, 0x00000000a2500000|100%| O|  |TAMS 0x00000000a2500000| PB 0x00000000a2500000| Untracked 
| 549|0x00000000a2500000, 0x00000000a2600000, 0x00000000a2600000|100%| O|  |TAMS 0x00000000a2600000| PB 0x00000000a2600000| Updating 
| 550|0x00000000a2600000, 0x00000000a2700000, 0x00000000a2700000|100%| O|  |TAMS 0x00000000a2700000| PB 0x00000000a2700000| Untracked 
| 551|0x00000000a2700000, 0x00000000a2800000, 0x00000000a2800000|100%| O|  |TAMS 0x00000000a2800000| PB 0x00000000a2800000| Untracked 
| 552|0x00000000a2800000, 0x00000000a2900000, 0x00000000a2900000|100%| O|  |TAMS 0x00000000a2900000| PB 0x00000000a2900000| Untracked 
| 553|0x00000000a2900000, 0x00000000a2a00000, 0x00000000a2a00000|100%| O|  |TAMS 0x00000000a2a00000| PB 0x00000000a2a00000| Untracked 
| 554|0x00000000a2a00000, 0x00000000a2b00000, 0x00000000a2b00000|100%| O|  |TAMS 0x00000000a2b00000| PB 0x00000000a2b00000| Updating 
| 555|0x00000000a2b00000, 0x00000000a2c00000, 0x00000000a2c00000|100%| O|  |TAMS 0x00000000a2c00000| PB 0x00000000a2c00000| Untracked 
| 556|0x00000000a2c00000, 0x00000000a2d00000, 0x00000000a2d00000|100%| O|  |TAMS 0x00000000a2d00000| PB 0x00000000a2d00000| Untracked 
| 557|0x00000000a2d00000, 0x00000000a2e00000, 0x00000000a2e00000|100%| O|  |TAMS 0x00000000a2e00000| PB 0x00000000a2e00000| Updating 
| 558|0x00000000a2e00000, 0x00000000a2f00000, 0x00000000a2f00000|100%| O|  |TAMS 0x00000000a2f00000| PB 0x00000000a2f00000| Updating 
| 559|0x00000000a2f00000, 0x00000000a3000000, 0x00000000a3000000|100%| O|  |TAMS 0x00000000a3000000| PB 0x00000000a3000000| Updating 
| 560|0x00000000a3000000, 0x00000000a3100000, 0x00000000a3100000|100%| O|  |TAMS 0x00000000a3100000| PB 0x00000000a3100000| Updating 
| 561|0x00000000a3100000, 0x00000000a3200000, 0x00000000a3200000|100%| O|  |TAMS 0x00000000a3200000| PB 0x00000000a3200000| Updating 
| 562|0x00000000a3200000, 0x00000000a3300000, 0x00000000a3300000|100%| O|  |TAMS 0x00000000a3300000| PB 0x00000000a3300000| Untracked 
| 563|0x00000000a3300000, 0x00000000a3400000, 0x00000000a3400000|100%| O|  |TAMS 0x00000000a3400000| PB 0x00000000a3400000| Untracked 
| 564|0x00000000a3400000, 0x00000000a3500000, 0x00000000a3500000|100%| O|  |TAMS 0x00000000a3500000| PB 0x00000000a3500000| Updating 
| 565|0x00000000a3500000, 0x00000000a3600000, 0x00000000a3600000|100%| O|  |TAMS 0x00000000a3600000| PB 0x00000000a3600000| Updating 
| 566|0x00000000a3600000, 0x00000000a3700000, 0x00000000a3700000|100%| O|  |TAMS 0x00000000a3600000| PB 0x00000000a3600000| Untracked 
| 567|0x00000000a3700000, 0x00000000a3800000, 0x00000000a3800000|100%| O|  |TAMS 0x00000000a3700000| PB 0x00000000a3700000| Untracked 
| 568|0x00000000a3800000, 0x00000000a3900000, 0x00000000a3900000|100%|HS|  |TAMS 0x00000000a3900000| PB 0x00000000a3800000| Complete 
| 569|0x00000000a3900000, 0x00000000a3a00000, 0x00000000a3a00000|100%|HC|  |TAMS 0x00000000a3a00000| PB 0x00000000a3900000| Complete 
| 570|0x00000000a3a00000, 0x00000000a3b00000, 0x00000000a3b00000|100%| O|  |TAMS 0x00000000a3b00000| PB 0x00000000a3b00000| Untracked 
| 571|0x00000000a3b00000, 0x00000000a3c00000, 0x00000000a3c00000|100%|HS|  |TAMS 0x00000000a3c00000| PB 0x00000000a3b00000| Complete 
| 572|0x00000000a3c00000, 0x00000000a3d00000, 0x00000000a3d00000|100%|HC|  |TAMS 0x00000000a3d00000| PB 0x00000000a3c00000| Complete 
| 573|0x00000000a3d00000, 0x00000000a3e00000, 0x00000000a3e00000|100%|HC|  |TAMS 0x00000000a3e00000| PB 0x00000000a3d00000| Complete 
| 574|0x00000000a3e00000, 0x00000000a3f00000, 0x00000000a3f00000|100%|HC|  |TAMS 0x00000000a3f00000| PB 0x00000000a3e00000| Complete 
| 575|0x00000000a3f00000, 0x00000000a4000000, 0x00000000a4000000|100%|HC|  |TAMS 0x00000000a4000000| PB 0x00000000a3f00000| Complete 
| 576|0x00000000a4000000, 0x00000000a4100000, 0x00000000a4100000|100%|HC|  |TAMS 0x00000000a4100000| PB 0x00000000a4000000| Complete 
| 577|0x00000000a4100000, 0x00000000a4200000, 0x00000000a4200000|100%|HC|  |TAMS 0x00000000a4200000| PB 0x00000000a4100000| Complete 
| 578|0x00000000a4200000, 0x00000000a4300000, 0x00000000a4300000|100%|HC|  |TAMS 0x00000000a4300000| PB 0x00000000a4200000| Complete 
| 579|0x00000000a4300000, 0x00000000a4400000, 0x00000000a4400000|100%|HC|  |TAMS 0x00000000a4400000| PB 0x00000000a4300000| Complete 
| 580|0x00000000a4400000, 0x00000000a4500000, 0x00000000a4500000|100%|HC|  |TAMS 0x00000000a4500000| PB 0x00000000a4400000| Complete 
| 581|0x00000000a4500000, 0x00000000a4600000, 0x00000000a4600000|100%|HC|  |TAMS 0x00000000a4600000| PB 0x00000000a4500000| Complete 
| 582|0x00000000a4600000, 0x00000000a4700000, 0x00000000a4700000|100%|HC|  |TAMS 0x00000000a4700000| PB 0x00000000a4600000| Complete 
| 583|0x00000000a4700000, 0x00000000a4800000, 0x00000000a4800000|100%|HC|  |TAMS 0x00000000a4800000| PB 0x00000000a4700000| Complete 
| 584|0x00000000a4800000, 0x00000000a4900000, 0x00000000a4900000|100%|HC|  |TAMS 0x00000000a4900000| PB 0x00000000a4800000| Complete 
| 585|0x00000000a4900000, 0x00000000a4a00000, 0x00000000a4a00000|100%|HC|  |TAMS 0x00000000a4a00000| PB 0x00000000a4900000| Complete 
| 586|0x00000000a4a00000, 0x00000000a4b00000, 0x00000000a4b00000|100%|HC|  |TAMS 0x00000000a4b00000| PB 0x00000000a4a00000| Complete 
| 587|0x00000000a4b00000, 0x00000000a4c00000, 0x00000000a4c00000|100%|HC|  |TAMS 0x00000000a4c00000| PB 0x00000000a4b00000| Complete 
| 588|0x00000000a4c00000, 0x00000000a4d00000, 0x00000000a4d00000|100%|HC|  |TAMS 0x00000000a4d00000| PB 0x00000000a4c00000| Complete 
| 589|0x00000000a4d00000, 0x00000000a4e00000, 0x00000000a4e00000|100%|HC|  |TAMS 0x00000000a4e00000| PB 0x00000000a4d00000| Complete 
| 590|0x00000000a4e00000, 0x00000000a4f00000, 0x00000000a4f00000|100%|HC|  |TAMS 0x00000000a4f00000| PB 0x00000000a4e00000| Complete 
| 591|0x00000000a4f00000, 0x00000000a5000000, 0x00000000a5000000|100%|HC|  |TAMS 0x00000000a5000000| PB 0x00000000a4f00000| Complete 
| 592|0x00000000a5000000, 0x00000000a5100000, 0x00000000a5100000|100%|HC|  |TAMS 0x00000000a5100000| PB 0x00000000a5000000| Complete 
| 593|0x00000000a5100000, 0x00000000a5200000, 0x00000000a5200000|100%|HC|  |TAMS 0x00000000a5200000| PB 0x00000000a5100000| Complete 
| 594|0x00000000a5200000, 0x00000000a5300000, 0x00000000a5300000|100%|HC|  |TAMS 0x00000000a5300000| PB 0x00000000a5200000| Complete 
| 595|0x00000000a5300000, 0x00000000a5400000, 0x00000000a5400000|100%|HC|  |TAMS 0x00000000a5400000| PB 0x00000000a5300000| Complete 
| 596|0x00000000a5400000, 0x00000000a5500000, 0x00000000a5500000|100%|HC|  |TAMS 0x00000000a5500000| PB 0x00000000a5400000| Complete 
| 597|0x00000000a5500000, 0x00000000a5600000, 0x00000000a5600000|100%|HC|  |TAMS 0x00000000a5600000| PB 0x00000000a5500000| Complete 
| 598|0x00000000a5600000, 0x00000000a5700000, 0x00000000a5700000|100%|HC|  |TAMS 0x00000000a5700000| PB 0x00000000a5600000| Complete 
| 599|0x00000000a5700000, 0x00000000a5800000, 0x00000000a5800000|100%|HC|  |TAMS 0x00000000a5800000| PB 0x00000000a5700000| Complete 
| 600|0x00000000a5800000, 0x00000000a5900000, 0x00000000a5900000|100%|HC|  |TAMS 0x00000000a5900000| PB 0x00000000a5800000| Complete 
| 601|0x00000000a5900000, 0x00000000a5a00000, 0x00000000a5a00000|100%| O|  |TAMS 0x00000000a5a00000| PB 0x00000000a5a00000| Untracked 
| 602|0x00000000a5a00000, 0x00000000a5b00000, 0x00000000a5b00000|100%| O|  |TAMS 0x00000000a5b00000| PB 0x00000000a5b00000| Untracked 
| 603|0x00000000a5b00000, 0x00000000a5c00000, 0x00000000a5c00000|100%| O|  |TAMS 0x00000000a5c00000| PB 0x00000000a5c00000| Updating 
| 604|0x00000000a5c00000, 0x00000000a5d00000, 0x00000000a5d00000|100%| O|  |TAMS 0x00000000a5d00000| PB 0x00000000a5d00000| Updating 
| 605|0x00000000a5d00000, 0x00000000a5e00000, 0x00000000a5e00000|100%| O|  |TAMS 0x00000000a5e00000| PB 0x00000000a5e00000| Updating 
| 606|0x00000000a5e00000, 0x00000000a5f00000, 0x00000000a5f00000|100%| O|  |TAMS 0x00000000a5f00000| PB 0x00000000a5f00000| Updating 
| 607|0x00000000a5f00000, 0x00000000a6000000, 0x00000000a6000000|100%| O|  |TAMS 0x00000000a6000000| PB 0x00000000a6000000| Updating 
| 608|0x00000000a6000000, 0x00000000a6100000, 0x00000000a6100000|100%| O|  |TAMS 0x00000000a6100000| PB 0x00000000a6100000| Updating 
| 609|0x00000000a6100000, 0x00000000a6200000, 0x00000000a6200000|100%| O|  |TAMS 0x00000000a6200000| PB 0x00000000a6200000| Untracked 
| 610|0x00000000a6200000, 0x00000000a6300000, 0x00000000a6300000|100%| O|  |TAMS 0x00000000a6300000| PB 0x00000000a6300000| Updating 
| 611|0x00000000a6300000, 0x00000000a6400000, 0x00000000a6400000|100%| O|  |TAMS 0x00000000a6400000| PB 0x00000000a6400000| Updating 
| 612|0x00000000a6400000, 0x00000000a6500000, 0x00000000a6500000|100%| O|  |TAMS 0x00000000a6500000| PB 0x00000000a6500000| Updating 
| 613|0x00000000a6500000, 0x00000000a6600000, 0x00000000a6600000|100%| O|  |TAMS 0x00000000a6600000| PB 0x00000000a6600000| Untracked 
| 614|0x00000000a6600000, 0x00000000a6700000, 0x00000000a6700000|100%| O|  |TAMS 0x00000000a6700000| PB 0x00000000a6700000| Untracked 
| 615|0x00000000a6700000, 0x00000000a6800000, 0x00000000a6800000|100%| O|  |TAMS 0x00000000a6800000| PB 0x00000000a6800000| Untracked 
| 616|0x00000000a6800000, 0x00000000a6900000, 0x00000000a6900000|100%| O|  |TAMS 0x00000000a6900000| PB 0x00000000a6900000| Updating 
| 617|0x00000000a6900000, 0x00000000a6a00000, 0x00000000a6a00000|100%| O|  |TAMS 0x00000000a6a00000| PB 0x00000000a6a00000| Updating 
| 618|0x00000000a6a00000, 0x00000000a6b00000, 0x00000000a6b00000|100%| O|  |TAMS 0x00000000a6b00000| PB 0x00000000a6b00000| Untracked 
| 619|0x00000000a6b00000, 0x00000000a6c00000, 0x00000000a6c00000|100%| O|  |TAMS 0x00000000a6c00000| PB 0x00000000a6c00000| Untracked 
| 620|0x00000000a6c00000, 0x00000000a6d00000, 0x00000000a6d00000|100%| O|  |TAMS 0x00000000a6d00000| PB 0x00000000a6d00000| Updating 
| 621|0x00000000a6d00000, 0x00000000a6e00000, 0x00000000a6e00000|100%| O|  |TAMS 0x00000000a6e00000| PB 0x00000000a6e00000| Updating 
| 622|0x00000000a6e00000, 0x00000000a6f00000, 0x00000000a6f00000|100%| O|  |TAMS 0x00000000a6f00000| PB 0x00000000a6f00000| Untracked 
| 623|0x00000000a6f00000, 0x00000000a7000000, 0x00000000a7000000|100%| O|  |TAMS 0x00000000a7000000| PB 0x00000000a7000000| Untracked 
| 624|0x00000000a7000000, 0x00000000a7100000, 0x00000000a7100000|100%| O|  |TAMS 0x00000000a7100000| PB 0x00000000a7100000| Updating 
| 625|0x00000000a7100000, 0x00000000a7200000, 0x00000000a7200000|100%| O|  |TAMS 0x00000000a7200000| PB 0x00000000a7200000| Updating 
| 626|0x00000000a7200000, 0x00000000a7300000, 0x00000000a7300000|100%| O|  |TAMS 0x00000000a7300000| PB 0x00000000a7300000| Updating 
| 627|0x00000000a7300000, 0x00000000a7400000, 0x00000000a7400000|100%| O|  |TAMS 0x00000000a7400000| PB 0x00000000a7400000| Updating 
| 628|0x00000000a7400000, 0x00000000a7500000, 0x00000000a7500000|100%| O|  |TAMS 0x00000000a7500000| PB 0x00000000a7500000| Updating 
| 629|0x00000000a7500000, 0x00000000a7600000, 0x00000000a7600000|100%| O|  |TAMS 0x00000000a7600000| PB 0x00000000a7600000| Untracked 
| 630|0x00000000a7600000, 0x00000000a7700000, 0x00000000a7700000|100%| O|  |TAMS 0x00000000a7700000| PB 0x00000000a7700000| Updating 
| 631|0x00000000a7700000, 0x00000000a7800000, 0x00000000a7800000|100%| O|  |TAMS 0x00000000a7800000| PB 0x00000000a7800000| Updating 
| 632|0x00000000a7800000, 0x00000000a7900000, 0x00000000a7900000|100%| O|  |TAMS 0x00000000a7900000| PB 0x00000000a7900000| Updating 
| 633|0x00000000a7900000, 0x00000000a7a00000, 0x00000000a7a00000|100%| O|  |TAMS 0x00000000a7a00000| PB 0x00000000a7a00000| Untracked 
| 634|0x00000000a7a00000, 0x00000000a7b00000, 0x00000000a7b00000|100%| O|  |TAMS 0x00000000a7b00000| PB 0x00000000a7b00000| Untracked 
| 635|0x00000000a7b00000, 0x00000000a7c00000, 0x00000000a7c00000|100%| O|  |TAMS 0x00000000a7c00000| PB 0x00000000a7c00000| Untracked 
| 636|0x00000000a7c00000, 0x00000000a7d00000, 0x00000000a7d00000|100%| O|  |TAMS 0x00000000a7d00000| PB 0x00000000a7d00000| Untracked 
| 637|0x00000000a7d00000, 0x00000000a7e00000, 0x00000000a7e00000|100%| O|  |TAMS 0x00000000a7e00000| PB 0x00000000a7e00000| Untracked 
| 638|0x00000000a7e00000, 0x00000000a7f00000, 0x00000000a7f00000|100%| O|  |TAMS 0x00000000a7f00000| PB 0x00000000a7f00000| Untracked 
| 639|0x00000000a7f00000, 0x00000000a8000000, 0x00000000a8000000|100%| O|  |TAMS 0x00000000a8000000| PB 0x00000000a8000000| Untracked 
| 640|0x00000000a8000000, 0x00000000a8100000, 0x00000000a8100000|100%| O|  |TAMS 0x00000000a8100000| PB 0x00000000a8100000| Untracked 
| 641|0x00000000a8100000, 0x00000000a8200000, 0x00000000a8200000|100%| O|  |TAMS 0x00000000a8200000| PB 0x00000000a8200000| Untracked 
| 642|0x00000000a8200000, 0x00000000a8300000, 0x00000000a8300000|100%| O|  |TAMS 0x00000000a8300000| PB 0x00000000a8300000| Untracked 
| 643|0x00000000a8300000, 0x00000000a8400000, 0x00000000a8400000|100%| O|  |TAMS 0x00000000a8400000| PB 0x00000000a8400000| Untracked 
| 644|0x00000000a8400000, 0x00000000a8500000, 0x00000000a8500000|100%| O|  |TAMS 0x00000000a8500000| PB 0x00000000a8500000| Untracked 
| 645|0x00000000a8500000, 0x00000000a8600000, 0x00000000a8600000|100%| O|  |TAMS 0x00000000a8600000| PB 0x00000000a8600000| Untracked 
| 646|0x00000000a8600000, 0x00000000a8700000, 0x00000000a8700000|100%| O|  |TAMS 0x00000000a8700000| PB 0x00000000a8700000| Untracked 
| 647|0x00000000a8700000, 0x00000000a8800000, 0x00000000a8800000|100%| O|  |TAMS 0x00000000a8800000| PB 0x00000000a8800000| Untracked 
| 648|0x00000000a8800000, 0x00000000a8900000, 0x00000000a8900000|100%| O|  |TAMS 0x00000000a8900000| PB 0x00000000a8900000| Untracked 
| 649|0x00000000a8900000, 0x00000000a8a00000, 0x00000000a8a00000|100%| O|  |TAMS 0x00000000a8a00000| PB 0x00000000a8a00000| Untracked 
| 650|0x00000000a8a00000, 0x00000000a8b00000, 0x00000000a8b00000|100%| O|  |TAMS 0x00000000a8b00000| PB 0x00000000a8b00000| Untracked 
| 651|0x00000000a8b00000, 0x00000000a8c00000, 0x00000000a8c00000|100%| O|  |TAMS 0x00000000a8c00000| PB 0x00000000a8c00000| Untracked 
| 652|0x00000000a8c00000, 0x00000000a8d00000, 0x00000000a8d00000|100%| O|  |TAMS 0x00000000a8d00000| PB 0x00000000a8d00000| Untracked 
| 653|0x00000000a8d00000, 0x00000000a8e00000, 0x00000000a8e00000|100%| O|  |TAMS 0x00000000a8e00000| PB 0x00000000a8e00000| Untracked 
| 654|0x00000000a8e00000, 0x00000000a8f00000, 0x00000000a8f00000|100%| O|  |TAMS 0x00000000a8f00000| PB 0x00000000a8f00000| Untracked 
| 655|0x00000000a8f00000, 0x00000000a9000000, 0x00000000a9000000|100%| O|  |TAMS 0x00000000a9000000| PB 0x00000000a9000000| Untracked 
| 656|0x00000000a9000000, 0x00000000a9100000, 0x00000000a9100000|100%| O|  |TAMS 0x00000000a9100000| PB 0x00000000a9100000| Untracked 
| 657|0x00000000a9100000, 0x00000000a9200000, 0x00000000a9200000|100%| O|  |TAMS 0x00000000a9200000| PB 0x00000000a9200000| Untracked 
| 658|0x00000000a9200000, 0x00000000a9300000, 0x00000000a9300000|100%| O|  |TAMS 0x00000000a9300000| PB 0x00000000a9300000| Untracked 
| 659|0x00000000a9300000, 0x00000000a9400000, 0x00000000a9400000|100%| O|  |TAMS 0x00000000a9400000| PB 0x00000000a9400000| Untracked 
| 660|0x00000000a9400000, 0x00000000a9500000, 0x00000000a9500000|100%| O|  |TAMS 0x00000000a9500000| PB 0x00000000a9500000| Untracked 
| 661|0x00000000a9500000, 0x00000000a9600000, 0x00000000a9600000|100%| O|  |TAMS 0x00000000a9600000| PB 0x00000000a9600000| Untracked 
| 662|0x00000000a9600000, 0x00000000a9700000, 0x00000000a9700000|100%| O|  |TAMS 0x00000000a9700000| PB 0x00000000a9700000| Untracked 
| 663|0x00000000a9700000, 0x00000000a9800000, 0x00000000a9800000|100%| O|  |TAMS 0x00000000a9800000| PB 0x00000000a9800000| Untracked 
| 664|0x00000000a9800000, 0x00000000a9900000, 0x00000000a9900000|100%| O|  |TAMS 0x00000000a9900000| PB 0x00000000a9900000| Untracked 
| 665|0x00000000a9900000, 0x00000000a9a00000, 0x00000000a9a00000|100%| O|  |TAMS 0x00000000a9a00000| PB 0x00000000a9a00000| Untracked 
| 666|0x00000000a9a00000, 0x00000000a9b00000, 0x00000000a9b00000|100%| O|  |TAMS 0x00000000a9b00000| PB 0x00000000a9b00000| Updating 
| 667|0x00000000a9b00000, 0x00000000a9c00000, 0x00000000a9c00000|100%| O|  |TAMS 0x00000000a9c00000| PB 0x00000000a9c00000| Untracked 
| 668|0x00000000a9c00000, 0x00000000a9d00000, 0x00000000a9d00000|100%| O|  |TAMS 0x00000000a9d00000| PB 0x00000000a9d00000| Updating 
| 669|0x00000000a9d00000, 0x00000000a9e00000, 0x00000000a9e00000|100%| O|  |TAMS 0x00000000a9e00000| PB 0x00000000a9e00000| Untracked 
| 670|0x00000000a9e00000, 0x00000000a9f00000, 0x00000000a9f00000|100%| O|  |TAMS 0x00000000a9f00000| PB 0x00000000a9f00000| Untracked 
| 671|0x00000000a9f00000, 0x00000000aa000000, 0x00000000aa000000|100%| O|  |TAMS 0x00000000aa000000| PB 0x00000000aa000000| Untracked 
| 672|0x00000000aa000000, 0x00000000aa100000, 0x00000000aa100000|100%| O|  |TAMS 0x00000000aa000000| PB 0x00000000aa000000| Untracked 
| 673|0x00000000aa100000, 0x00000000aa200000, 0x00000000aa200000|100%| O|  |TAMS 0x00000000aa200000| PB 0x00000000aa200000| Updating 
| 674|0x00000000aa200000, 0x00000000aa300000, 0x00000000aa300000|100%| O|  |TAMS 0x00000000aa200000| PB 0x00000000aa200000| Untracked 
| 675|0x00000000aa300000, 0x00000000aa400000, 0x00000000aa400000|100%| O|  |TAMS 0x00000000aa400000| PB 0x00000000aa400000| Untracked 
| 676|0x00000000aa400000, 0x00000000aa500000, 0x00000000aa500000|100%| O|  |TAMS 0x00000000aa500000| PB 0x00000000aa500000| Untracked 
| 677|0x00000000aa500000, 0x00000000aa600000, 0x00000000aa600000|100%| O|  |TAMS 0x00000000aa500000| PB 0x00000000aa500000| Untracked 
| 678|0x00000000aa600000, 0x00000000aa700000, 0x00000000aa700000|100%|HS|  |TAMS 0x00000000aa700000| PB 0x00000000aa600000| Complete 
| 679|0x00000000aa700000, 0x00000000aa800000, 0x00000000aa800000|100%|HS|  |TAMS 0x00000000aa800000| PB 0x00000000aa700000| Complete 
| 680|0x00000000aa800000, 0x00000000aa900000, 0x00000000aa900000|100%|HS|  |TAMS 0x00000000aa900000| PB 0x00000000aa800000| Complete 
| 681|0x00000000aa900000, 0x00000000aaa00000, 0x00000000aaa00000|100%| O|  |TAMS 0x00000000aaa00000| PB 0x00000000aaa00000| Untracked 
| 682|0x00000000aaa00000, 0x00000000aab00000, 0x00000000aab00000|100%| O|  |TAMS 0x00000000aab00000| PB 0x00000000aab00000| Untracked 
| 683|0x00000000aab00000, 0x00000000aac00000, 0x00000000aac00000|100%| O|  |TAMS 0x00000000aac00000| PB 0x00000000aac00000| Untracked 
| 684|0x00000000aac00000, 0x00000000aad00000, 0x00000000aad00000|100%| O|  |TAMS 0x00000000aad00000| PB 0x00000000aad00000| Untracked 
| 685|0x00000000aad00000, 0x00000000aae00000, 0x00000000aae00000|100%| O|  |TAMS 0x00000000aae00000| PB 0x00000000aae00000| Untracked 
| 686|0x00000000aae00000, 0x00000000aaf00000, 0x00000000aaf00000|100%| O|  |TAMS 0x00000000aaf00000| PB 0x00000000aaf00000| Untracked 
| 687|0x00000000aaf00000, 0x00000000ab000000, 0x00000000ab000000|100%| O|  |TAMS 0x00000000ab000000| PB 0x00000000ab000000| Untracked 
| 688|0x00000000ab000000, 0x00000000ab100000, 0x00000000ab100000|100%| O|  |TAMS 0x00000000ab100000| PB 0x00000000ab100000| Untracked 
| 689|0x00000000ab100000, 0x00000000ab200000, 0x00000000ab200000|100%| O|  |TAMS 0x00000000ab200000| PB 0x00000000ab200000| Untracked 
| 690|0x00000000ab200000, 0x00000000ab300000, 0x00000000ab300000|100%| O|  |TAMS 0x00000000ab300000| PB 0x00000000ab300000| Untracked 
| 691|0x00000000ab300000, 0x00000000ab400000, 0x00000000ab400000|100%| O|  |TAMS 0x00000000ab400000| PB 0x00000000ab400000| Untracked 
| 692|0x00000000ab400000, 0x00000000ab500000, 0x00000000ab500000|100%| O|  |TAMS 0x00000000ab500000| PB 0x00000000ab500000| Untracked 
| 693|0x00000000ab500000, 0x00000000ab600000, 0x00000000ab600000|100%| O|  |TAMS 0x00000000ab600000| PB 0x00000000ab600000| Untracked 
| 694|0x00000000ab600000, 0x00000000ab700000, 0x00000000ab700000|100%| O|  |TAMS 0x00000000ab700000| PB 0x00000000ab700000| Untracked 
| 695|0x00000000ab700000, 0x00000000ab800000, 0x00000000ab800000|100%| O|  |TAMS 0x00000000ab800000| PB 0x00000000ab800000| Untracked 
| 696|0x00000000ab800000, 0x00000000ab900000, 0x00000000ab900000|100%| O|  |TAMS 0x00000000ab900000| PB 0x00000000ab900000| Untracked 
| 697|0x00000000ab900000, 0x00000000aba00000, 0x00000000aba00000|100%| O|  |TAMS 0x00000000aba00000| PB 0x00000000aba00000| Untracked 
| 698|0x00000000aba00000, 0x00000000abb00000, 0x00000000abb00000|100%| O|  |TAMS 0x00000000abb00000| PB 0x00000000abb00000| Untracked 
| 699|0x00000000abb00000, 0x00000000abc00000, 0x00000000abc00000|100%| O|  |TAMS 0x00000000abc00000| PB 0x00000000abc00000| Untracked 
| 700|0x00000000abc00000, 0x00000000abd00000, 0x00000000abd00000|100%| O|  |TAMS 0x00000000abd00000| PB 0x00000000abd00000| Untracked 
| 701|0x00000000abd00000, 0x00000000abe00000, 0x00000000abe00000|100%| O|  |TAMS 0x00000000abe00000| PB 0x00000000abe00000| Untracked 
| 702|0x00000000abe00000, 0x00000000abf00000, 0x00000000abf00000|100%| O|  |TAMS 0x00000000abf00000| PB 0x00000000abf00000| Untracked 
| 703|0x00000000abf00000, 0x00000000ac000000, 0x00000000ac000000|100%|HS|  |TAMS 0x00000000ac000000| PB 0x00000000abf00000| Complete 
| 704|0x00000000ac000000, 0x00000000ac100000, 0x00000000ac100000|100%| O|  |TAMS 0x00000000ac100000| PB 0x00000000ac100000| Untracked 
| 705|0x00000000ac100000, 0x00000000ac200000, 0x00000000ac200000|100%| O|  |TAMS 0x00000000ac200000| PB 0x00000000ac200000| Untracked 
| 706|0x00000000ac200000, 0x00000000ac300000, 0x00000000ac300000|100%| O|  |TAMS 0x00000000ac300000| PB 0x00000000ac300000| Untracked 
| 707|0x00000000ac300000, 0x00000000ac400000, 0x00000000ac400000|100%| O|  |TAMS 0x00000000ac400000| PB 0x00000000ac400000| Untracked 
| 708|0x00000000ac400000, 0x00000000ac500000, 0x00000000ac500000|100%| O|  |TAMS 0x00000000ac500000| PB 0x00000000ac500000| Untracked 
| 709|0x00000000ac500000, 0x00000000ac600000, 0x00000000ac600000|100%| O|  |TAMS 0x00000000ac600000| PB 0x00000000ac600000| Untracked 
| 710|0x00000000ac600000, 0x00000000ac700000, 0x00000000ac700000|100%|HS|  |TAMS 0x00000000ac700000| PB 0x00000000ac600000| Complete 
| 711|0x00000000ac700000, 0x00000000ac800000, 0x00000000ac800000|100%|HC|  |TAMS 0x00000000ac800000| PB 0x00000000ac700000| Complete 
| 712|0x00000000ac800000, 0x00000000ac900000, 0x00000000ac900000|100%|HC|  |TAMS 0x00000000ac900000| PB 0x00000000ac800000| Complete 
| 713|0x00000000ac900000, 0x00000000aca00000, 0x00000000aca00000|100%| O|  |TAMS 0x00000000aca00000| PB 0x00000000aca00000| Untracked 
| 714|0x00000000aca00000, 0x00000000acb00000, 0x00000000acb00000|100%| O|  |TAMS 0x00000000acb00000| PB 0x00000000acb00000| Untracked 
| 715|0x00000000acb00000, 0x00000000acc00000, 0x00000000acc00000|100%| O|  |TAMS 0x00000000acc00000| PB 0x00000000acc00000| Untracked 
| 716|0x00000000acc00000, 0x00000000acd00000, 0x00000000acd00000|100%| O|  |TAMS 0x00000000acd00000| PB 0x00000000acd00000| Untracked 
| 717|0x00000000acd00000, 0x00000000ace00000, 0x00000000ace00000|100%| O|  |TAMS 0x00000000ace00000| PB 0x00000000ace00000| Untracked 
| 718|0x00000000ace00000, 0x00000000acf00000, 0x00000000acf00000|100%| O|  |TAMS 0x00000000acf00000| PB 0x00000000acf00000| Untracked 
| 719|0x00000000acf00000, 0x00000000ad000000, 0x00000000ad000000|100%| O|  |TAMS 0x00000000ad000000| PB 0x00000000ad000000| Untracked 
| 720|0x00000000ad000000, 0x00000000ad100000, 0x00000000ad100000|100%| O|  |TAMS 0x00000000ad100000| PB 0x00000000ad100000| Untracked 
| 721|0x00000000ad100000, 0x00000000ad200000, 0x00000000ad200000|100%| O|  |TAMS 0x00000000ad200000| PB 0x00000000ad200000| Untracked 
| 722|0x00000000ad200000, 0x00000000ad300000, 0x00000000ad300000|100%| O|  |TAMS 0x00000000ad300000| PB 0x00000000ad300000| Untracked 
| 723|0x00000000ad300000, 0x00000000ad400000, 0x00000000ad400000|100%| O|  |TAMS 0x00000000ad400000| PB 0x00000000ad400000| Untracked 
| 724|0x00000000ad400000, 0x00000000ad500000, 0x00000000ad500000|100%| O|  |TAMS 0x00000000ad500000| PB 0x00000000ad500000| Untracked 
| 725|0x00000000ad500000, 0x00000000ad600000, 0x00000000ad600000|100%| O|  |TAMS 0x00000000ad600000| PB 0x00000000ad600000| Untracked 
| 726|0x00000000ad600000, 0x00000000ad700000, 0x00000000ad700000|100%| O|  |TAMS 0x00000000ad700000| PB 0x00000000ad700000| Untracked 
| 727|0x00000000ad700000, 0x00000000ad800000, 0x00000000ad800000|100%| O|  |TAMS 0x00000000ad800000| PB 0x00000000ad800000| Updating 
| 728|0x00000000ad800000, 0x00000000ad900000, 0x00000000ad900000|100%| O|  |TAMS 0x00000000ad900000| PB 0x00000000ad900000| Untracked 
| 729|0x00000000ad900000, 0x00000000ada00000, 0x00000000ada00000|100%| O|  |TAMS 0x00000000ada00000| PB 0x00000000ada00000| Untracked 
| 730|0x00000000ada00000, 0x00000000adb00000, 0x00000000adb00000|100%| O|  |TAMS 0x00000000adb00000| PB 0x00000000adb00000| Untracked 
| 731|0x00000000adb00000, 0x00000000adc00000, 0x00000000adc00000|100%| O|  |TAMS 0x00000000adc00000| PB 0x00000000adc00000| Untracked 
| 732|0x00000000adc00000, 0x00000000add00000, 0x00000000add00000|100%| O|  |TAMS 0x00000000add00000| PB 0x00000000add00000| Untracked 
| 733|0x00000000add00000, 0x00000000ade00000, 0x00000000ade00000|100%| O|  |TAMS 0x00000000ade00000| PB 0x00000000ade00000| Untracked 
| 734|0x00000000ade00000, 0x00000000adf00000, 0x00000000adf00000|100%| O|  |TAMS 0x00000000adf00000| PB 0x00000000adf00000| Untracked 
| 735|0x00000000adf00000, 0x00000000ae000000, 0x00000000ae000000|100%| O|  |TAMS 0x00000000ae000000| PB 0x00000000ae000000| Untracked 
| 736|0x00000000ae000000, 0x00000000ae100000, 0x00000000ae100000|100%| O|  |TAMS 0x00000000ae100000| PB 0x00000000ae100000| Untracked 
| 737|0x00000000ae100000, 0x00000000ae200000, 0x00000000ae200000|100%| O|  |TAMS 0x00000000ae200000| PB 0x00000000ae200000| Untracked 
| 738|0x00000000ae200000, 0x00000000ae300000, 0x00000000ae300000|100%| O|  |TAMS 0x00000000ae300000| PB 0x00000000ae300000| Updating 
| 739|0x00000000ae300000, 0x00000000ae400000, 0x00000000ae400000|100%| O|  |TAMS 0x00000000ae400000| PB 0x00000000ae400000| Updating 
| 740|0x00000000ae400000, 0x00000000ae500000, 0x00000000ae500000|100%| O|  |TAMS 0x00000000ae500000| PB 0x00000000ae500000| Updating 
| 741|0x00000000ae500000, 0x00000000ae600000, 0x00000000ae600000|100%| O|  |TAMS 0x00000000ae600000| PB 0x00000000ae600000| Untracked 
| 742|0x00000000ae600000, 0x00000000ae700000, 0x00000000ae700000|100%| O|  |TAMS 0x00000000ae700000| PB 0x00000000ae700000| Untracked 
| 743|0x00000000ae700000, 0x00000000ae800000, 0x00000000ae800000|100%| O|  |TAMS 0x00000000ae800000| PB 0x00000000ae800000| Updating 
| 744|0x00000000ae800000, 0x00000000ae900000, 0x00000000ae900000|100%| O|  |TAMS 0x00000000ae900000| PB 0x00000000ae900000| Updating 
| 745|0x00000000ae900000, 0x00000000aea00000, 0x00000000aea00000|100%| O|  |TAMS 0x00000000aea00000| PB 0x00000000aea00000| Updating 
| 746|0x00000000aea00000, 0x00000000aeb00000, 0x00000000aeb00000|100%| O|  |TAMS 0x00000000aeb00000| PB 0x00000000aeb00000| Untracked 
| 747|0x00000000aeb00000, 0x00000000aec00000, 0x00000000aec00000|100%| O|  |TAMS 0x00000000aec00000| PB 0x00000000aec00000| Updating 
| 748|0x00000000aec00000, 0x00000000aed00000, 0x00000000aed00000|100%| O|  |TAMS 0x00000000aed00000| PB 0x00000000aed00000| Updating 
| 749|0x00000000aed00000, 0x00000000aee00000, 0x00000000aee00000|100%| O|  |TAMS 0x00000000aed00000| PB 0x00000000aed00000| Untracked 
| 750|0x00000000aee00000, 0x00000000aef00000, 0x00000000aef00000|100%| O|  |TAMS 0x00000000aef00000| PB 0x00000000aef00000| Untracked 
| 751|0x00000000aef00000, 0x00000000af000000, 0x00000000af000000|100%| O|  |TAMS 0x00000000af000000| PB 0x00000000af000000| Updating 
| 752|0x00000000af000000, 0x00000000af100000, 0x00000000af100000|100%| O|  |TAMS 0x00000000af100000| PB 0x00000000af100000| Untracked 
| 753|0x00000000af100000, 0x00000000af200000, 0x00000000af200000|100%| O|  |TAMS 0x00000000af100000| PB 0x00000000af100000| Untracked 
| 754|0x00000000af200000, 0x00000000af300000, 0x00000000af300000|100%| O|  |TAMS 0x00000000af300000| PB 0x00000000af300000| Updating 
| 755|0x00000000af300000, 0x00000000af400000, 0x00000000af400000|100%| O|  |TAMS 0x00000000af400000| PB 0x00000000af400000| Updating 
| 756|0x00000000af400000, 0x00000000af500000, 0x00000000af500000|100%| O|  |TAMS 0x00000000af500000| PB 0x00000000af500000| Updating 
| 757|0x00000000af500000, 0x00000000af600000, 0x00000000af600000|100%| O|  |TAMS 0x00000000af600000| PB 0x00000000af600000| Updating 
| 758|0x00000000af600000, 0x00000000af700000, 0x00000000af700000|100%| O|  |TAMS 0x00000000af700000| PB 0x00000000af700000| Updating 
| 759|0x00000000af700000, 0x00000000af800000, 0x00000000af800000|100%| O|  |TAMS 0x00000000af800000| PB 0x00000000af800000| Updating 
| 760|0x00000000af800000, 0x00000000af900000, 0x00000000af900000|100%| O|  |TAMS 0x00000000af900000| PB 0x00000000af900000| Updating 
| 761|0x00000000af900000, 0x00000000afa00000, 0x00000000afa00000|100%| O|  |TAMS 0x00000000afa00000| PB 0x00000000afa00000| Updating 
| 762|0x00000000afa00000, 0x00000000afb00000, 0x00000000afb00000|100%| O|  |TAMS 0x00000000afb00000| PB 0x00000000afb00000| Updating 
| 763|0x00000000afb00000, 0x00000000afc00000, 0x00000000afc00000|100%| O|  |TAMS 0x00000000afc00000| PB 0x00000000afc00000| Updating 
| 764|0x00000000afc00000, 0x00000000afd00000, 0x00000000afd00000|100%| O|  |TAMS 0x00000000afd00000| PB 0x00000000afd00000| Updating 
| 765|0x00000000afd00000, 0x00000000afe00000, 0x00000000afe00000|100%| O|  |TAMS 0x00000000afe00000| PB 0x00000000afe00000| Updating 
| 766|0x00000000afe00000, 0x00000000aff00000, 0x00000000aff00000|100%| O|  |TAMS 0x00000000aff00000| PB 0x00000000aff00000| Updating 
| 767|0x00000000aff00000, 0x00000000b0000000, 0x00000000b0000000|100%| O|  |TAMS 0x00000000b0000000| PB 0x00000000b0000000| Updating 
| 768|0x00000000b0000000, 0x00000000b0100000, 0x00000000b0100000|100%| O|  |TAMS 0x00000000b0100000| PB 0x00000000b0100000| Updating 
| 769|0x00000000b0100000, 0x00000000b0200000, 0x00000000b0200000|100%| O|  |TAMS 0x00000000b0200000| PB 0x00000000b0200000| Updating 
| 770|0x00000000b0200000, 0x00000000b0300000, 0x00000000b0300000|100%| O|  |TAMS 0x00000000b0300000| PB 0x00000000b0300000| Updating 
| 771|0x00000000b0300000, 0x00000000b0400000, 0x00000000b0400000|100%| O|  |TAMS 0x00000000b0400000| PB 0x00000000b0400000| Updating 
| 772|0x00000000b0400000, 0x00000000b0500000, 0x00000000b0500000|100%| O|  |TAMS 0x00000000b0500000| PB 0x00000000b0500000| Updating 
| 773|0x00000000b0500000, 0x00000000b0600000, 0x00000000b0600000|100%| O|  |TAMS 0x00000000b0600000| PB 0x00000000b0600000| Updating 
| 774|0x00000000b0600000, 0x00000000b0700000, 0x00000000b0700000|100%| O|  |TAMS 0x00000000b0700000| PB 0x00000000b0700000| Updating 
| 775|0x00000000b0700000, 0x00000000b0800000, 0x00000000b0800000|100%| O|  |TAMS 0x00000000b0800000| PB 0x00000000b0800000| Updating 
| 776|0x00000000b0800000, 0x00000000b0900000, 0x00000000b0900000|100%| O|  |TAMS 0x00000000b0900000| PB 0x00000000b0900000| Updating 
| 777|0x00000000b0900000, 0x00000000b0a00000, 0x00000000b0a00000|100%| O|  |TAMS 0x00000000b0a00000| PB 0x00000000b0a00000| Updating 
| 778|0x00000000b0a00000, 0x00000000b0b00000, 0x00000000b0b00000|100%| O|  |TAMS 0x00000000b0b00000| PB 0x00000000b0b00000| Updating 
| 779|0x00000000b0b00000, 0x00000000b0c00000, 0x00000000b0c00000|100%| O|  |TAMS 0x00000000b0c00000| PB 0x00000000b0c00000| Updating 
| 780|0x00000000b0c00000, 0x00000000b0d00000, 0x00000000b0d00000|100%| O|  |TAMS 0x00000000b0d00000| PB 0x00000000b0d00000| Updating 
| 781|0x00000000b0d00000, 0x00000000b0e00000, 0x00000000b0e00000|100%| O|  |TAMS 0x00000000b0e00000| PB 0x00000000b0e00000| Updating 
| 782|0x00000000b0e00000, 0x00000000b0f00000, 0x00000000b0f00000|100%| O|  |TAMS 0x00000000b0f00000| PB 0x00000000b0f00000| Updating 
| 783|0x00000000b0f00000, 0x00000000b1000000, 0x00000000b1000000|100%| O|  |TAMS 0x00000000b1000000| PB 0x00000000b1000000| Updating 
| 784|0x00000000b1000000, 0x00000000b1100000, 0x00000000b1100000|100%| O|  |TAMS 0x00000000b1100000| PB 0x00000000b1100000| Updating 
| 785|0x00000000b1100000, 0x00000000b1200000, 0x00000000b1200000|100%| O|  |TAMS 0x00000000b1200000| PB 0x00000000b1200000| Updating 
| 786|0x00000000b1200000, 0x00000000b1300000, 0x00000000b1300000|100%| O|  |TAMS 0x00000000b1300000| PB 0x00000000b1300000| Updating 
| 787|0x00000000b1300000, 0x00000000b1400000, 0x00000000b1400000|100%| O|  |TAMS 0x00000000b1400000| PB 0x00000000b1400000| Untracked 
| 788|0x00000000b1400000, 0x00000000b1500000, 0x00000000b1500000|100%| O|  |TAMS 0x00000000b1500000| PB 0x00000000b1500000| Updating 
| 789|0x00000000b1500000, 0x00000000b1600000, 0x00000000b1600000|100%| O|  |TAMS 0x00000000b1600000| PB 0x00000000b1600000| Updating 
| 790|0x00000000b1600000, 0x00000000b1700000, 0x00000000b1700000|100%| O|  |TAMS 0x00000000b1700000| PB 0x00000000b1700000| Updating 
| 791|0x00000000b1700000, 0x00000000b1800000, 0x00000000b1800000|100%| O|  |TAMS 0x00000000b1800000| PB 0x00000000b1800000| Updating 
| 792|0x00000000b1800000, 0x00000000b1900000, 0x00000000b1900000|100%| O|  |TAMS 0x00000000b1900000| PB 0x00000000b1900000| Untracked 
| 793|0x00000000b1900000, 0x00000000b1a00000, 0x00000000b1a00000|100%| O|  |TAMS 0x00000000b1a00000| PB 0x00000000b1a00000| Updating 
| 794|0x00000000b1a00000, 0x00000000b1b00000, 0x00000000b1b00000|100%| O|  |TAMS 0x00000000b1b00000| PB 0x00000000b1b00000| Updating 
| 795|0x00000000b1b00000, 0x00000000b1c00000, 0x00000000b1c00000|100%| O|  |TAMS 0x00000000b1c00000| PB 0x00000000b1c00000| Updating 
| 796|0x00000000b1c00000, 0x00000000b1d00000, 0x00000000b1d00000|100%| O|  |TAMS 0x00000000b1d00000| PB 0x00000000b1d00000| Updating 
| 797|0x00000000b1d00000, 0x00000000b1e00000, 0x00000000b1e00000|100%| O|  |TAMS 0x00000000b1e00000| PB 0x00000000b1e00000| Updating 
| 798|0x00000000b1e00000, 0x00000000b1f00000, 0x00000000b1f00000|100%| O|  |TAMS 0x00000000b1f00000| PB 0x00000000b1f00000| Updating 
| 799|0x00000000b1f00000, 0x00000000b2000000, 0x00000000b2000000|100%| O|  |TAMS 0x00000000b2000000| PB 0x00000000b2000000| Updating 
| 800|0x00000000b2000000, 0x00000000b2100000, 0x00000000b2100000|100%| O|  |TAMS 0x00000000b2100000| PB 0x00000000b2100000| Untracked 
| 801|0x00000000b2100000, 0x00000000b2200000, 0x00000000b2200000|100%|HS|  |TAMS 0x00000000b2200000| PB 0x00000000b2100000| Complete 
| 802|0x00000000b2200000, 0x00000000b2300000, 0x00000000b2300000|100%|HC|  |TAMS 0x00000000b2300000| PB 0x00000000b2200000| Complete 
| 803|0x00000000b2300000, 0x00000000b2400000, 0x00000000b2400000|100%|HS|  |TAMS 0x00000000b2400000| PB 0x00000000b2300000| Complete 
| 804|0x00000000b2400000, 0x00000000b2500000, 0x00000000b2500000|100%|HC|  |TAMS 0x00000000b2500000| PB 0x00000000b2400000| Complete 
| 805|0x00000000b2500000, 0x00000000b2600000, 0x00000000b2600000|100%|HC|  |TAMS 0x00000000b2600000| PB 0x00000000b2500000| Complete 
| 806|0x00000000b2600000, 0x00000000b2700000, 0x00000000b2700000|100%|HS|  |TAMS 0x00000000b2700000| PB 0x00000000b2600000| Complete 
| 807|0x00000000b2700000, 0x00000000b2800000, 0x00000000b2800000|100%|HS|  |TAMS 0x00000000b2800000| PB 0x00000000b2700000| Complete 
| 808|0x00000000b2800000, 0x00000000b2900000, 0x00000000b2900000|100%|HC|  |TAMS 0x00000000b2900000| PB 0x00000000b2800000| Complete 
| 809|0x00000000b2900000, 0x00000000b2a00000, 0x00000000b2a00000|100%|HS|  |TAMS 0x00000000b2a00000| PB 0x00000000b2900000| Complete 
| 810|0x00000000b2a00000, 0x00000000b2b00000, 0x00000000b2b00000|100%|HS|  |TAMS 0x00000000b2b00000| PB 0x00000000b2a00000| Complete 
| 811|0x00000000b2b00000, 0x00000000b2c00000, 0x00000000b2c00000|100%|HC|  |TAMS 0x00000000b2c00000| PB 0x00000000b2b00000| Complete 
| 812|0x00000000b2c00000, 0x00000000b2d00000, 0x00000000b2d00000|100%|HS|  |TAMS 0x00000000b2d00000| PB 0x00000000b2c00000| Complete 
| 813|0x00000000b2d00000, 0x00000000b2e00000, 0x00000000b2e00000|100%| O|  |TAMS 0x00000000b2e00000| PB 0x00000000b2e00000| Untracked 
| 814|0x00000000b2e00000, 0x00000000b2f00000, 0x00000000b2f00000|100%| O|  |TAMS 0x00000000b2f00000| PB 0x00000000b2f00000| Untracked 
| 815|0x00000000b2f00000, 0x00000000b3000000, 0x00000000b3000000|100%| O|  |TAMS 0x00000000b3000000| PB 0x00000000b3000000| Untracked 
| 816|0x00000000b3000000, 0x00000000b3100000, 0x00000000b3100000|100%| O|  |TAMS 0x00000000b3100000| PB 0x00000000b3100000| Untracked 
| 817|0x00000000b3100000, 0x00000000b3200000, 0x00000000b3200000|100%|HS|  |TAMS 0x00000000b3200000| PB 0x00000000b3100000| Complete 
| 818|0x00000000b3200000, 0x00000000b3300000, 0x00000000b3300000|100%|HS|  |TAMS 0x00000000b3300000| PB 0x00000000b3200000| Complete 
| 819|0x00000000b3300000, 0x00000000b3400000, 0x00000000b3400000|100%|HC|  |TAMS 0x00000000b3400000| PB 0x00000000b3300000| Complete 
| 820|0x00000000b3400000, 0x00000000b3500000, 0x00000000b3500000|100%| O|  |TAMS 0x00000000b3500000| PB 0x00000000b3500000| Untracked 
| 821|0x00000000b3500000, 0x00000000b3600000, 0x00000000b3600000|100%| O|  |TAMS 0x00000000b3600000| PB 0x00000000b3600000| Untracked 
| 822|0x00000000b3600000, 0x00000000b3700000, 0x00000000b3700000|100%| O|  |TAMS 0x00000000b3700000| PB 0x00000000b3700000| Untracked 
| 823|0x00000000b3700000, 0x00000000b3800000, 0x00000000b3800000|100%| O|  |TAMS 0x00000000b3800000| PB 0x00000000b3800000| Untracked 
| 824|0x00000000b3800000, 0x00000000b3900000, 0x00000000b3900000|100%| O|  |TAMS 0x00000000b3900000| PB 0x00000000b3900000| Untracked 
| 825|0x00000000b3900000, 0x00000000b3a00000, 0x00000000b3a00000|100%| O|  |TAMS 0x00000000b3a00000| PB 0x00000000b3a00000| Untracked 
| 826|0x00000000b3a00000, 0x00000000b3b00000, 0x00000000b3b00000|100%| O|  |TAMS 0x00000000b3b00000| PB 0x00000000b3b00000| Untracked 
| 827|0x00000000b3b00000, 0x00000000b3c00000, 0x00000000b3c00000|100%| O|  |TAMS 0x00000000b3c00000| PB 0x00000000b3c00000| Untracked 
| 828|0x00000000b3c00000, 0x00000000b3d00000, 0x00000000b3d00000|100%| O|  |TAMS 0x00000000b3d00000| PB 0x00000000b3d00000| Untracked 
| 829|0x00000000b3d00000, 0x00000000b3e00000, 0x00000000b3e00000|100%| O|  |TAMS 0x00000000b3e00000| PB 0x00000000b3e00000| Untracked 
| 830|0x00000000b3e00000, 0x00000000b3f00000, 0x00000000b3f00000|100%| O|  |TAMS 0x00000000b3f00000| PB 0x00000000b3f00000| Untracked 
| 831|0x00000000b3f00000, 0x00000000b4000000, 0x00000000b4000000|100%| O|  |TAMS 0x00000000b4000000| PB 0x00000000b4000000| Untracked 
| 832|0x00000000b4000000, 0x00000000b4100000, 0x00000000b4100000|100%| O|  |TAMS 0x00000000b4100000| PB 0x00000000b4100000| Untracked 
| 833|0x00000000b4100000, 0x00000000b4200000, 0x00000000b4200000|100%| O|  |TAMS 0x00000000b4200000| PB 0x00000000b4200000| Untracked 
| 834|0x00000000b4200000, 0x00000000b4300000, 0x00000000b4300000|100%| O|  |TAMS 0x00000000b4300000| PB 0x00000000b4300000| Untracked 
| 835|0x00000000b4300000, 0x00000000b4400000, 0x00000000b4400000|100%| O|  |TAMS 0x00000000b4400000| PB 0x00000000b4400000| Untracked 
| 836|0x00000000b4400000, 0x00000000b4500000, 0x00000000b4500000|100%| O|  |TAMS 0x00000000b4500000| PB 0x00000000b4500000| Untracked 
| 837|0x00000000b4500000, 0x00000000b4600000, 0x00000000b4600000|100%| O|  |TAMS 0x00000000b4600000| PB 0x00000000b4600000| Untracked 
| 838|0x00000000b4600000, 0x00000000b4700000, 0x00000000b4700000|100%| O|  |TAMS 0x00000000b4700000| PB 0x00000000b4700000| Untracked 
| 839|0x00000000b4700000, 0x00000000b4800000, 0x00000000b4800000|100%| O|  |TAMS 0x00000000b4800000| PB 0x00000000b4800000| Untracked 
| 840|0x00000000b4800000, 0x00000000b4900000, 0x00000000b4900000|100%| O|  |TAMS 0x00000000b4900000| PB 0x00000000b4900000| Updating 
| 841|0x00000000b4900000, 0x00000000b4a00000, 0x00000000b4a00000|100%| O|  |TAMS 0x00000000b4a00000| PB 0x00000000b4a00000| Untracked 
| 842|0x00000000b4a00000, 0x00000000b4b00000, 0x00000000b4b00000|100%| O|  |TAMS 0x00000000b4b00000| PB 0x00000000b4b00000| Untracked 
| 843|0x00000000b4b00000, 0x00000000b4c00000, 0x00000000b4c00000|100%| O|  |TAMS 0x00000000b4c00000| PB 0x00000000b4c00000| Untracked 
| 844|0x00000000b4c00000, 0x00000000b4d00000, 0x00000000b4d00000|100%| O|  |TAMS 0x00000000b4d00000| PB 0x00000000b4d00000| Untracked 
| 845|0x00000000b4d00000, 0x00000000b4e00000, 0x00000000b4e00000|100%| O|  |TAMS 0x00000000b4e00000| PB 0x00000000b4e00000| Untracked 
| 846|0x00000000b4e00000, 0x00000000b4f00000, 0x00000000b4f00000|100%| O|  |TAMS 0x00000000b4f00000| PB 0x00000000b4f00000| Untracked 
| 847|0x00000000b4f00000, 0x00000000b5000000, 0x00000000b5000000|100%| O|  |TAMS 0x00000000b4f00000| PB 0x00000000b4f00000| Untracked 
| 848|0x00000000b5000000, 0x00000000b5100000, 0x00000000b5100000|100%| O|  |TAMS 0x00000000b5000000| PB 0x00000000b5000000| Untracked 
| 849|0x00000000b5100000, 0x00000000b5200000, 0x00000000b5200000|100%| O|  |TAMS 0x00000000b5100000| PB 0x00000000b5100000| Untracked 
| 850|0x00000000b5200000, 0x00000000b5300000, 0x00000000b5300000|100%| O|  |TAMS 0x00000000b5300000| PB 0x00000000b5300000| Updating 
| 851|0x00000000b5300000, 0x00000000b5400000, 0x00000000b5400000|100%| O|  |TAMS 0x00000000b5400000| PB 0x00000000b5400000| Updating 
| 852|0x00000000b5400000, 0x00000000b5500000, 0x00000000b5500000|100%| O|  |TAMS 0x00000000b5500000| PB 0x00000000b5500000| Updating 
| 853|0x00000000b5500000, 0x00000000b5600000, 0x00000000b5600000|100%| O|  |TAMS 0x00000000b5500000| PB 0x00000000b5500000| Untracked 
| 854|0x00000000b5600000, 0x00000000b5700000, 0x00000000b5700000|100%| O|  |TAMS 0x00000000b5700000| PB 0x00000000b5700000| Updating 
| 855|0x00000000b5700000, 0x00000000b5800000, 0x00000000b5800000|100%| O|  |TAMS 0x00000000b5700000| PB 0x00000000b5700000| Untracked 
| 856|0x00000000b5800000, 0x00000000b5900000, 0x00000000b5900000|100%| O|  |TAMS 0x00000000b5900000| PB 0x00000000b5900000| Untracked 
| 857|0x00000000b5900000, 0x00000000b5a00000, 0x00000000b5a00000|100%| O|  |TAMS 0x00000000b5a00000| PB 0x00000000b5a00000| Untracked 
| 858|0x00000000b5a00000, 0x00000000b5b00000, 0x00000000b5b00000|100%| O|  |TAMS 0x00000000b5b00000| PB 0x00000000b5b00000| Untracked 
| 859|0x00000000b5b00000, 0x00000000b5c00000, 0x00000000b5c00000|100%| O|  |TAMS 0x00000000b5c00000| PB 0x00000000b5c00000| Untracked 
| 860|0x00000000b5c00000, 0x00000000b5d00000, 0x00000000b5d00000|100%| O|  |TAMS 0x00000000b5d00000| PB 0x00000000b5d00000| Untracked 
| 861|0x00000000b5d00000, 0x00000000b5e00000, 0x00000000b5e00000|100%| O|  |TAMS 0x00000000b5e00000| PB 0x00000000b5e00000| Untracked 
| 862|0x00000000b5e00000, 0x00000000b5f00000, 0x00000000b5f00000|100%| O|  |TAMS 0x00000000b5f00000| PB 0x00000000b5f00000| Untracked 
| 863|0x00000000b5f00000, 0x00000000b6000000, 0x00000000b6000000|100%| O|  |TAMS 0x00000000b6000000| PB 0x00000000b6000000| Untracked 
| 864|0x00000000b6000000, 0x00000000b6100000, 0x00000000b6100000|100%| O|  |TAMS 0x00000000b6100000| PB 0x00000000b6100000| Untracked 
| 865|0x00000000b6100000, 0x00000000b6200000, 0x00000000b6200000|100%| O|  |TAMS 0x00000000b6200000| PB 0x00000000b6200000| Untracked 
| 866|0x00000000b6200000, 0x00000000b6300000, 0x00000000b6300000|100%| O|  |TAMS 0x00000000b6300000| PB 0x00000000b6300000| Untracked 
| 867|0x00000000b6300000, 0x00000000b6400000, 0x00000000b6400000|100%| O|  |TAMS 0x00000000b6400000| PB 0x00000000b6400000| Untracked 
| 868|0x00000000b6400000, 0x00000000b6500000, 0x00000000b6500000|100%| O|  |TAMS 0x00000000b6500000| PB 0x00000000b6500000| Untracked 
| 869|0x00000000b6500000, 0x00000000b6600000, 0x00000000b6600000|100%| O|  |TAMS 0x00000000b6600000| PB 0x00000000b6600000| Untracked 
| 870|0x00000000b6600000, 0x00000000b6700000, 0x00000000b6700000|100%| O|  |TAMS 0x00000000b6700000| PB 0x00000000b6700000| Untracked 
| 871|0x00000000b6700000, 0x00000000b6800000, 0x00000000b6800000|100%| O|  |TAMS 0x00000000b6800000| PB 0x00000000b6800000| Untracked 
| 872|0x00000000b6800000, 0x00000000b6900000, 0x00000000b6900000|100%| O|  |TAMS 0x00000000b6900000| PB 0x00000000b6900000| Untracked 
| 873|0x00000000b6900000, 0x00000000b6a00000, 0x00000000b6a00000|100%| O|  |TAMS 0x00000000b6a00000| PB 0x00000000b6a00000| Untracked 
| 874|0x00000000b6a00000, 0x00000000b6b00000, 0x00000000b6b00000|100%| O|  |TAMS 0x00000000b6b00000| PB 0x00000000b6b00000| Untracked 
| 875|0x00000000b6b00000, 0x00000000b6c00000, 0x00000000b6c00000|100%| O|  |TAMS 0x00000000b6c00000| PB 0x00000000b6c00000| Untracked 
| 876|0x00000000b6c00000, 0x00000000b6d00000, 0x00000000b6d00000|100%| O|  |TAMS 0x00000000b6d00000| PB 0x00000000b6d00000| Untracked 
| 877|0x00000000b6d00000, 0x00000000b6e00000, 0x00000000b6e00000|100%| O|  |TAMS 0x00000000b6e00000| PB 0x00000000b6e00000| Updating 
| 878|0x00000000b6e00000, 0x00000000b6f00000, 0x00000000b6f00000|100%| O|  |TAMS 0x00000000b6f00000| PB 0x00000000b6f00000| Updating 
| 879|0x00000000b6f00000, 0x00000000b7000000, 0x00000000b7000000|100%| O|  |TAMS 0x00000000b7000000| PB 0x00000000b7000000| Untracked 
| 880|0x00000000b7000000, 0x00000000b7100000, 0x00000000b7100000|100%| O|  |TAMS 0x00000000b7100000| PB 0x00000000b7100000| Updating 
| 881|0x00000000b7100000, 0x00000000b7200000, 0x00000000b7200000|100%| O|  |TAMS 0x00000000b7200000| PB 0x00000000b7200000| Untracked 
| 882|0x00000000b7200000, 0x00000000b7300000, 0x00000000b7300000|100%| O|  |TAMS 0x00000000b7300000| PB 0x00000000b7300000| Updating 
| 883|0x00000000b7300000, 0x00000000b7400000, 0x00000000b7400000|100%| O|  |TAMS 0x00000000b7300000| PB 0x00000000b7300000| Untracked 
| 884|0x00000000b7400000, 0x00000000b7500000, 0x00000000b7500000|100%| O|  |TAMS 0x00000000b7400000| PB 0x00000000b7400000| Untracked 
| 885|0x00000000b7500000, 0x00000000b7600000, 0x00000000b7600000|100%| O|  |TAMS 0x00000000b7500000| PB 0x00000000b7500000| Untracked 
| 886|0x00000000b7600000, 0x00000000b7700000, 0x00000000b7700000|100%|HS|  |TAMS 0x00000000b7700000| PB 0x00000000b7600000| Complete 
| 887|0x00000000b7700000, 0x00000000b7800000, 0x00000000b7800000|100%|HS|  |TAMS 0x00000000b7800000| PB 0x00000000b7700000| Complete 
| 888|0x00000000b7800000, 0x00000000b7900000, 0x00000000b7900000|100%|HC|  |TAMS 0x00000000b7900000| PB 0x00000000b7800000| Complete 
| 889|0x00000000b7900000, 0x00000000b7a00000, 0x00000000b7a00000|100%|HC|  |TAMS 0x00000000b7a00000| PB 0x00000000b7900000| Complete 
| 890|0x00000000b7a00000, 0x00000000b7b00000, 0x00000000b7b00000|100%|HS|  |TAMS 0x00000000b7b00000| PB 0x00000000b7a00000| Complete 
| 891|0x00000000b7b00000, 0x00000000b7c00000, 0x00000000b7c00000|100%|HC|  |TAMS 0x00000000b7c00000| PB 0x00000000b7b00000| Complete 
| 892|0x00000000b7c00000, 0x00000000b7d00000, 0x00000000b7d00000|100%|HS|  |TAMS 0x00000000b7d00000| PB 0x00000000b7c00000| Complete 
| 893|0x00000000b7d00000, 0x00000000b7e00000, 0x00000000b7e00000|100%|HS|  |TAMS 0x00000000b7e00000| PB 0x00000000b7d00000| Complete 
| 894|0x00000000b7e00000, 0x00000000b7f00000, 0x00000000b7f00000|100%|HC|  |TAMS 0x00000000b7f00000| PB 0x00000000b7e00000| Complete 
| 895|0x00000000b7f00000, 0x00000000b8000000, 0x00000000b8000000|100%| O|  |TAMS 0x00000000b8000000| PB 0x00000000b8000000| Untracked 
| 896|0x00000000b8000000, 0x00000000b8100000, 0x00000000b8100000|100%| O|  |TAMS 0x00000000b8100000| PB 0x00000000b8100000| Untracked 
| 897|0x00000000b8100000, 0x00000000b8200000, 0x00000000b8200000|100%| O|  |TAMS 0x00000000b8200000| PB 0x00000000b8200000| Untracked 
| 898|0x00000000b8200000, 0x00000000b8300000, 0x00000000b8300000|100%| O|  |TAMS 0x00000000b8300000| PB 0x00000000b8300000| Updating 
| 899|0x00000000b8300000, 0x00000000b8400000, 0x00000000b8400000|100%| O|  |TAMS 0x00000000b8400000| PB 0x00000000b8400000| Updating 
| 900|0x00000000b8400000, 0x00000000b8500000, 0x00000000b8500000|100%| O|  |TAMS 0x00000000b8500000| PB 0x00000000b8500000| Untracked 
| 901|0x00000000b8500000, 0x00000000b8600000, 0x00000000b8600000|100%| O|  |TAMS 0x00000000b8600000| PB 0x00000000b8600000| Untracked 
| 902|0x00000000b8600000, 0x00000000b8700000, 0x00000000b8700000|100%|HS|  |TAMS 0x00000000b8700000| PB 0x00000000b8600000| Complete 
| 903|0x00000000b8700000, 0x00000000b8800000, 0x00000000b8800000|100%|HC|  |TAMS 0x00000000b8800000| PB 0x00000000b8700000| Complete 
| 904|0x00000000b8800000, 0x00000000b8900000, 0x00000000b8900000|100%| O|  |TAMS 0x00000000b8900000| PB 0x00000000b8900000| Untracked 
| 905|0x00000000b8900000, 0x00000000b8a00000, 0x00000000b8a00000|100%| O|  |TAMS 0x00000000b8a00000| PB 0x00000000b8a00000| Untracked 
| 906|0x00000000b8a00000, 0x00000000b8b00000, 0x00000000b8b00000|100%| O|  |TAMS 0x00000000b8b00000| PB 0x00000000b8b00000| Untracked 
| 907|0x00000000b8b00000, 0x00000000b8c00000, 0x00000000b8c00000|100%| O|  |TAMS 0x00000000b8c00000| PB 0x00000000b8c00000| Untracked 
| 908|0x00000000b8c00000, 0x00000000b8d00000, 0x00000000b8d00000|100%| O|  |TAMS 0x00000000b8d00000| PB 0x00000000b8d00000| Untracked 
| 909|0x00000000b8d00000, 0x00000000b8e00000, 0x00000000b8e00000|100%|HS|  |TAMS 0x00000000b8e00000| PB 0x00000000b8d00000| Complete 
| 910|0x00000000b8e00000, 0x00000000b8f00000, 0x00000000b8f00000|100%| O|  |TAMS 0x00000000b8f00000| PB 0x00000000b8f00000| Updating 
| 911|0x00000000b8f00000, 0x00000000b9000000, 0x00000000b9000000|100%| O|  |TAMS 0x00000000b9000000| PB 0x00000000b9000000| Updating 
| 912|0x00000000b9000000, 0x00000000b9100000, 0x00000000b9100000|100%| O|  |TAMS 0x00000000b9100000| PB 0x00000000b9100000| Updating 
| 913|0x00000000b9100000, 0x00000000b9200000, 0x00000000b9200000|100%|HS|  |TAMS 0x00000000b9200000| PB 0x00000000b9100000| Complete 
| 914|0x00000000b9200000, 0x00000000b9300000, 0x00000000b9300000|100%| O|  |TAMS 0x00000000b9300000| PB 0x00000000b9300000| Updating 
| 915|0x00000000b9300000, 0x00000000b9400000, 0x00000000b9400000|100%| O|  |TAMS 0x00000000b9400000| PB 0x00000000b9400000| Updating 
| 916|0x00000000b9400000, 0x00000000b9500000, 0x00000000b9500000|100%|HS|  |TAMS 0x00000000b9500000| PB 0x00000000b9400000| Complete 
| 917|0x00000000b9500000, 0x00000000b9600000, 0x00000000b9600000|100%|HS|  |TAMS 0x00000000b9600000| PB 0x00000000b9500000| Complete 
| 918|0x00000000b9600000, 0x00000000b9700000, 0x00000000b9700000|100%|HS|  |TAMS 0x00000000b9700000| PB 0x00000000b9600000| Complete 
| 919|0x00000000b9700000, 0x00000000b9800000, 0x00000000b9800000|100%|HS|  |TAMS 0x00000000b9800000| PB 0x00000000b9700000| Complete 
| 920|0x00000000b9800000, 0x00000000b9900000, 0x00000000b9900000|100%|HS|  |TAMS 0x00000000b9900000| PB 0x00000000b9800000| Complete 
| 921|0x00000000b9900000, 0x00000000b9a00000, 0x00000000b9a00000|100%|HS|  |TAMS 0x00000000b9a00000| PB 0x00000000b9900000| Complete 
| 922|0x00000000b9a00000, 0x00000000b9b00000, 0x00000000b9b00000|100%|HS|  |TAMS 0x00000000b9b00000| PB 0x00000000b9a00000| Complete 
| 923|0x00000000b9b00000, 0x00000000b9c00000, 0x00000000b9c00000|100%|HC|  |TAMS 0x00000000b9c00000| PB 0x00000000b9b00000| Complete 
| 924|0x00000000b9c00000, 0x00000000b9d00000, 0x00000000b9d00000|100%|HS|  |TAMS 0x00000000b9d00000| PB 0x00000000b9c00000| Complete 
| 925|0x00000000b9d00000, 0x00000000b9e00000, 0x00000000b9e00000|100%|HS|  |TAMS 0x00000000b9e00000| PB 0x00000000b9d00000| Complete 
| 926|0x00000000b9e00000, 0x00000000b9f00000, 0x00000000b9f00000|100%|HS|  |TAMS 0x00000000b9f00000| PB 0x00000000b9e00000| Complete 
| 927|0x00000000b9f00000, 0x00000000ba000000, 0x00000000ba000000|100%|HS|  |TAMS 0x00000000ba000000| PB 0x00000000b9f00000| Complete 
| 928|0x00000000ba000000, 0x00000000ba100000, 0x00000000ba100000|100%|HC|  |TAMS 0x00000000ba100000| PB 0x00000000ba000000| Complete 
| 929|0x00000000ba100000, 0x00000000ba200000, 0x00000000ba200000|100%|HS|  |TAMS 0x00000000ba200000| PB 0x00000000ba100000| Complete 
| 930|0x00000000ba200000, 0x00000000ba300000, 0x00000000ba300000|100%|HC|  |TAMS 0x00000000ba300000| PB 0x00000000ba200000| Complete 
| 931|0x00000000ba300000, 0x00000000ba400000, 0x00000000ba400000|100%|HS|  |TAMS 0x00000000ba400000| PB 0x00000000ba300000| Complete 
| 932|0x00000000ba400000, 0x00000000ba500000, 0x00000000ba500000|100%|HC|  |TAMS 0x00000000ba500000| PB 0x00000000ba400000| Complete 
| 933|0x00000000ba500000, 0x00000000ba600000, 0x00000000ba600000|100%|HS|  |TAMS 0x00000000ba600000| PB 0x00000000ba500000| Complete 
| 934|0x00000000ba600000, 0x00000000ba700000, 0x00000000ba700000|100%|HC|  |TAMS 0x00000000ba700000| PB 0x00000000ba600000| Complete 
| 935|0x00000000ba700000, 0x00000000ba800000, 0x00000000ba800000|100%|HC|  |TAMS 0x00000000ba800000| PB 0x00000000ba700000| Complete 
| 936|0x00000000ba800000, 0x00000000ba900000, 0x00000000ba900000|100%|HS|  |TAMS 0x00000000ba900000| PB 0x00000000ba800000| Complete 
| 937|0x00000000ba900000, 0x00000000baa00000, 0x00000000baa00000|100%|HC|  |TAMS 0x00000000baa00000| PB 0x00000000ba900000| Complete 
| 938|0x00000000baa00000, 0x00000000bab00000, 0x00000000bab00000|100%|HS|  |TAMS 0x00000000bab00000| PB 0x00000000baa00000| Complete 
| 939|0x00000000bab00000, 0x00000000bac00000, 0x00000000bac00000|100%|HC|  |TAMS 0x00000000bac00000| PB 0x00000000bab00000| Complete 
| 940|0x00000000bac00000, 0x00000000bad00000, 0x00000000bad00000|100%|HS|  |TAMS 0x00000000bad00000| PB 0x00000000bac00000| Complete 
| 941|0x00000000bad00000, 0x00000000bae00000, 0x00000000bae00000|100%|HC|  |TAMS 0x00000000bae00000| PB 0x00000000bad00000| Complete 
| 942|0x00000000bae00000, 0x00000000baf00000, 0x00000000baf00000|100%|HC|  |TAMS 0x00000000baf00000| PB 0x00000000bae00000| Complete 
| 943|0x00000000baf00000, 0x00000000bb000000, 0x00000000bb000000|100%| O|  |TAMS 0x00000000bb000000| PB 0x00000000bb000000| Updating 
| 944|0x00000000bb000000, 0x00000000bb100000, 0x00000000bb100000|100%| O|  |TAMS 0x00000000bb100000| PB 0x00000000bb100000| Untracked 
| 945|0x00000000bb100000, 0x00000000bb200000, 0x00000000bb200000|100%| O|  |TAMS 0x00000000bb200000| PB 0x00000000bb200000| Updating 
| 946|0x00000000bb200000, 0x00000000bb300000, 0x00000000bb300000|100%| O|  |TAMS 0x00000000bb300000| PB 0x00000000bb300000| Updating 
| 947|0x00000000bb300000, 0x00000000bb400000, 0x00000000bb400000|100%| O|  |TAMS 0x00000000bb400000| PB 0x00000000bb400000| Untracked 
| 948|0x00000000bb400000, 0x00000000bb500000, 0x00000000bb500000|100%| O|  |TAMS 0x00000000bb500000| PB 0x00000000bb500000| Untracked 
| 949|0x00000000bb500000, 0x00000000bb600000, 0x00000000bb600000|100%| O|  |TAMS 0x00000000bb600000| PB 0x00000000bb600000| Untracked 
| 950|0x00000000bb600000, 0x00000000bb700000, 0x00000000bb700000|100%| O|  |TAMS 0x00000000bb700000| PB 0x00000000bb700000| Untracked 
| 951|0x00000000bb700000, 0x00000000bb800000, 0x00000000bb800000|100%| O|  |TAMS 0x00000000bb800000| PB 0x00000000bb800000| Untracked 
| 952|0x00000000bb800000, 0x00000000bb900000, 0x00000000bb900000|100%| O|  |TAMS 0x00000000bb900000| PB 0x00000000bb900000| Untracked 
| 953|0x00000000bb900000, 0x00000000bba00000, 0x00000000bba00000|100%| O|  |TAMS 0x00000000bba00000| PB 0x00000000bba00000| Updating 
| 954|0x00000000bba00000, 0x00000000bbb00000, 0x00000000bbb00000|100%| O|  |TAMS 0x00000000bbb00000| PB 0x00000000bbb00000| Untracked 
| 955|0x00000000bbb00000, 0x00000000bbc00000, 0x00000000bbc00000|100%| O|  |TAMS 0x00000000bbc00000| PB 0x00000000bbc00000| Untracked 
| 956|0x00000000bbc00000, 0x00000000bbd00000, 0x00000000bbd00000|100%| O|  |TAMS 0x00000000bbd00000| PB 0x00000000bbd00000| Updating 
| 957|0x00000000bbd00000, 0x00000000bbe00000, 0x00000000bbe00000|100%| O|  |TAMS 0x00000000bbe00000| PB 0x00000000bbe00000| Updating 
| 958|0x00000000bbe00000, 0x00000000bbf00000, 0x00000000bbf00000|100%| O|  |TAMS 0x00000000bbf00000| PB 0x00000000bbf00000| Untracked 
| 959|0x00000000bbf00000, 0x00000000bc000000, 0x00000000bc000000|100%| O|  |TAMS 0x00000000bc000000| PB 0x00000000bc000000| Untracked 
| 960|0x00000000bc000000, 0x00000000bc100000, 0x00000000bc100000|100%| O|  |TAMS 0x00000000bc100000| PB 0x00000000bc100000| Untracked 
| 961|0x00000000bc100000, 0x00000000bc200000, 0x00000000bc200000|100%| O|  |TAMS 0x00000000bc200000| PB 0x00000000bc200000| Untracked 
| 962|0x00000000bc200000, 0x00000000bc300000, 0x00000000bc300000|100%| O|  |TAMS 0x00000000bc300000| PB 0x00000000bc300000| Untracked 
| 963|0x00000000bc300000, 0x00000000bc400000, 0x00000000bc400000|100%| O|  |TAMS 0x00000000bc400000| PB 0x00000000bc400000| Updating 
| 964|0x00000000bc400000, 0x00000000bc500000, 0x00000000bc500000|100%| O|  |TAMS 0x00000000bc500000| PB 0x00000000bc500000| Updating 
| 965|0x00000000bc500000, 0x00000000bc600000, 0x00000000bc600000|100%| O|  |TAMS 0x00000000bc600000| PB 0x00000000bc600000| Untracked 
| 966|0x00000000bc600000, 0x00000000bc700000, 0x00000000bc700000|100%| O|  |TAMS 0x00000000bc700000| PB 0x00000000bc700000| Untracked 
| 967|0x00000000bc700000, 0x00000000bc800000, 0x00000000bc800000|100%| O|  |TAMS 0x00000000bc800000| PB 0x00000000bc800000| Untracked 
| 968|0x00000000bc800000, 0x00000000bc900000, 0x00000000bc900000|100%| O|  |TAMS 0x00000000bc900000| PB 0x00000000bc900000| Updating 
| 969|0x00000000bc900000, 0x00000000bca00000, 0x00000000bca00000|100%| O|  |TAMS 0x00000000bca00000| PB 0x00000000bca00000| Untracked 
| 970|0x00000000bca00000, 0x00000000bcb00000, 0x00000000bcb00000|100%| O|  |TAMS 0x00000000bcb00000| PB 0x00000000bcb00000| Untracked 
| 971|0x00000000bcb00000, 0x00000000bcc00000, 0x00000000bcc00000|100%| O|  |TAMS 0x00000000bcc00000| PB 0x00000000bcc00000| Untracked 
| 972|0x00000000bcc00000, 0x00000000bcd00000, 0x00000000bcd00000|100%| O|  |TAMS 0x00000000bcd00000| PB 0x00000000bcd00000| Untracked 
| 973|0x00000000bcd00000, 0x00000000bce00000, 0x00000000bce00000|100%| O|  |TAMS 0x00000000bce00000| PB 0x00000000bce00000| Untracked 
| 974|0x00000000bce00000, 0x00000000bcf00000, 0x00000000bcf00000|100%| O|  |TAMS 0x00000000bcf00000| PB 0x00000000bcf00000| Untracked 
| 975|0x00000000bcf00000, 0x00000000bd000000, 0x00000000bd000000|100%| O|  |TAMS 0x00000000bd000000| PB 0x00000000bd000000| Untracked 
| 976|0x00000000bd000000, 0x00000000bd100000, 0x00000000bd100000|100%| O|  |TAMS 0x00000000bd100000| PB 0x00000000bd100000| Updating 
| 977|0x00000000bd100000, 0x00000000bd200000, 0x00000000bd200000|100%| O|  |TAMS 0x00000000bd200000| PB 0x00000000bd200000| Untracked 
| 978|0x00000000bd200000, 0x00000000bd300000, 0x00000000bd300000|100%| O|  |TAMS 0x00000000bd300000| PB 0x00000000bd300000| Updating 
| 979|0x00000000bd300000, 0x00000000bd400000, 0x00000000bd400000|100%| O|  |TAMS 0x00000000bd400000| PB 0x00000000bd400000| Updating 
| 980|0x00000000bd400000, 0x00000000bd500000, 0x00000000bd500000|100%| O|  |TAMS 0x00000000bd500000| PB 0x00000000bd500000| Updating 
| 981|0x00000000bd500000, 0x00000000bd600000, 0x00000000bd600000|100%| O|  |TAMS 0x00000000bd600000| PB 0x00000000bd600000| Updating 
| 982|0x00000000bd600000, 0x00000000bd700000, 0x00000000bd700000|100%| O|  |TAMS 0x00000000bd700000| PB 0x00000000bd700000| Updating 
| 983|0x00000000bd700000, 0x00000000bd800000, 0x00000000bd800000|100%| O|  |TAMS 0x00000000bd800000| PB 0x00000000bd800000| Updating 
| 984|0x00000000bd800000, 0x00000000bd900000, 0x00000000bd900000|100%| O|  |TAMS 0x00000000bd900000| PB 0x00000000bd900000| Updating 
| 985|0x00000000bd900000, 0x00000000bda00000, 0x00000000bda00000|100%| O|  |TAMS 0x00000000bd900000| PB 0x00000000bd900000| Untracked 
| 986|0x00000000bda00000, 0x00000000bdb00000, 0x00000000bdb00000|100%| O|  |TAMS 0x00000000bdb00000| PB 0x00000000bdb00000| Updating 
| 987|0x00000000bdb00000, 0x00000000bdc00000, 0x00000000bdc00000|100%| O|  |TAMS 0x00000000bdc00000| PB 0x00000000bdc00000| Untracked 
| 988|0x00000000bdc00000, 0x00000000bdd00000, 0x00000000bdd00000|100%|HS|  |TAMS 0x00000000bdd00000| PB 0x00000000bdc00000| Complete 
| 989|0x00000000bdd00000, 0x00000000bde00000, 0x00000000bde00000|100%|HC|  |TAMS 0x00000000bde00000| PB 0x00000000bdd00000| Complete 
| 990|0x00000000bde00000, 0x00000000bdf00000, 0x00000000bdf00000|100%|HS|  |TAMS 0x00000000bdf00000| PB 0x00000000bde00000| Complete 
| 991|0x00000000bdf00000, 0x00000000be000000, 0x00000000be000000|100%|HS|  |TAMS 0x00000000be000000| PB 0x00000000bdf00000| Complete 
| 992|0x00000000be000000, 0x00000000be100000, 0x00000000be100000|100%|HC|  |TAMS 0x00000000be100000| PB 0x00000000be000000| Complete 
| 993|0x00000000be100000, 0x00000000be200000, 0x00000000be200000|100%|HS|  |TAMS 0x00000000be200000| PB 0x00000000be100000| Complete 
| 994|0x00000000be200000, 0x00000000be300000, 0x00000000be300000|100%|HS|  |TAMS 0x00000000be300000| PB 0x00000000be200000| Complete 
| 995|0x00000000be300000, 0x00000000be400000, 0x00000000be400000|100%|HS|  |TAMS 0x00000000be400000| PB 0x00000000be300000| Complete 
| 996|0x00000000be400000, 0x00000000be500000, 0x00000000be500000|100%|HS|  |TAMS 0x00000000be500000| PB 0x00000000be400000| Complete 
| 997|0x00000000be500000, 0x00000000be600000, 0x00000000be600000|100%|HC|  |TAMS 0x00000000be600000| PB 0x00000000be500000| Complete 
| 998|0x00000000be600000, 0x00000000be700000, 0x00000000be700000|100%|HS|  |TAMS 0x00000000be700000| PB 0x00000000be600000| Complete 
| 999|0x00000000be700000, 0x00000000be800000, 0x00000000be800000|100%|HS|  |TAMS 0x00000000be800000| PB 0x00000000be700000| Complete 
|1000|0x00000000be800000, 0x00000000be900000, 0x00000000be900000|100%|HS|  |TAMS 0x00000000be900000| PB 0x00000000be800000| Complete 
|1001|0x00000000be900000, 0x00000000bea00000, 0x00000000bea00000|100%|HC|  |TAMS 0x00000000bea00000| PB 0x00000000be900000| Complete 
|1002|0x00000000bea00000, 0x00000000beb00000, 0x00000000beb00000|100%|HS|  |TAMS 0x00000000beb00000| PB 0x00000000bea00000| Complete 
|1003|0x00000000beb00000, 0x00000000bec00000, 0x00000000bec00000|100%|HS|  |TAMS 0x00000000bec00000| PB 0x00000000beb00000| Complete 
|1004|0x00000000bec00000, 0x00000000bed00000, 0x00000000bed00000|100%|HS|  |TAMS 0x00000000bed00000| PB 0x00000000bec00000| Complete 
|1005|0x00000000bed00000, 0x00000000bee00000, 0x00000000bee00000|100%|HS|  |TAMS 0x00000000bee00000| PB 0x00000000bed00000| Complete 
|1006|0x00000000bee00000, 0x00000000bef00000, 0x00000000bef00000|100%|HC|  |TAMS 0x00000000bef00000| PB 0x00000000bee00000| Complete 
|1007|0x00000000bef00000, 0x00000000bf000000, 0x00000000bf000000|100%| O|  |TAMS 0x00000000bef00000| PB 0x00000000bef00000| Untracked 
|1008|0x00000000bf000000, 0x00000000bf100000, 0x00000000bf100000|100%| O|  |TAMS 0x00000000bf000000| PB 0x00000000bf000000| Untracked 
|1009|0x00000000bf100000, 0x00000000bf200000, 0x00000000bf200000|100%|HS|  |TAMS 0x00000000bf200000| PB 0x00000000bf100000| Complete 
|1010|0x00000000bf200000, 0x00000000bf300000, 0x00000000bf300000|100%|HS|  |TAMS 0x00000000bf300000| PB 0x00000000bf200000| Complete 
|1011|0x00000000bf300000, 0x00000000bf400000, 0x00000000bf400000|100%|HS|  |TAMS 0x00000000bf400000| PB 0x00000000bf300000| Complete 
|1012|0x00000000bf400000, 0x00000000bf500000, 0x00000000bf500000|100%|HC|  |TAMS 0x00000000bf500000| PB 0x00000000bf400000| Complete 
|1013|0x00000000bf500000, 0x00000000bf600000, 0x00000000bf600000|100%|HS|  |TAMS 0x00000000bf600000| PB 0x00000000bf500000| Complete 
|1014|0x00000000bf600000, 0x00000000bf700000, 0x00000000bf700000|100%|HS|  |TAMS 0x00000000bf700000| PB 0x00000000bf600000| Complete 
|1015|0x00000000bf700000, 0x00000000bf800000, 0x00000000bf800000|100%|HS|  |TAMS 0x00000000bf800000| PB 0x00000000bf700000| Complete 
|1016|0x00000000bf800000, 0x00000000bf900000, 0x00000000bf900000|100%|HC|  |TAMS 0x00000000bf900000| PB 0x00000000bf800000| Complete 
|1017|0x00000000bf900000, 0x00000000bfa00000, 0x00000000bfa00000|100%|HS|  |TAMS 0x00000000bfa00000| PB 0x00000000bf900000| Complete 
|1018|0x00000000bfa00000, 0x00000000bfb00000, 0x00000000bfb00000|100%|HS|  |TAMS 0x00000000bfb00000| PB 0x00000000bfa00000| Complete 
|1019|0x00000000bfb00000, 0x00000000bfc00000, 0x00000000bfc00000|100%|HS|  |TAMS 0x00000000bfc00000| PB 0x00000000bfb00000| Complete 
|1020|0x00000000bfc00000, 0x00000000bfd00000, 0x00000000bfd00000|100%|HC|  |TAMS 0x00000000bfd00000| PB 0x00000000bfc00000| Complete 
|1021|0x00000000bfd00000, 0x00000000bfe00000, 0x00000000bfe00000|100%|HS|  |TAMS 0x00000000bfe00000| PB 0x00000000bfd00000| Complete 
|1022|0x00000000bfe00000, 0x00000000bff00000, 0x00000000bff00000|100%|HS|  |TAMS 0x00000000bff00000| PB 0x00000000bfe00000| Complete 
|1023|0x00000000bff00000, 0x00000000c0000000, 0x00000000c0000000|100%|HS|  |TAMS 0x00000000c0000000| PB 0x00000000bff00000| Complete 
|1024|0x00000000c0000000, 0x00000000c0100000, 0x00000000c0100000|100%|HC|  |TAMS 0x00000000c0100000| PB 0x00000000c0000000| Complete 
|1025|0x00000000c0100000, 0x00000000c0200000, 0x00000000c0200000|100%|HS|  |TAMS 0x00000000c0200000| PB 0x00000000c0100000| Complete 
|1026|0x00000000c0200000, 0x00000000c0300000, 0x00000000c0300000|100%|HS|  |TAMS 0x00000000c0300000| PB 0x00000000c0200000| Complete 
|1027|0x00000000c0300000, 0x00000000c0400000, 0x00000000c0400000|100%| O|  |TAMS 0x00000000c0300000| PB 0x00000000c0300000| Untracked 
|1028|0x00000000c0400000, 0x00000000c0400000, 0x00000000c0500000|  0%| F|  |TAMS 0x00000000c0400000| PB 0x00000000c0400000| Untracked 
|1029|0x00000000c0500000, 0x00000000c0600000, 0x00000000c0600000|100%| O|  |TAMS 0x00000000c0500000| PB 0x00000000c0500000| Untracked 
|1030|0x00000000c0600000, 0x00000000c0700000, 0x00000000c0700000|100%| O|  |TAMS 0x00000000c0600000| PB 0x00000000c0600000| Untracked 
|1031|0x00000000c0700000, 0x00000000c0800000, 0x00000000c0800000|100%| O|  |TAMS 0x00000000c0700000| PB 0x00000000c0700000| Untracked 
|1032|0x00000000c0800000, 0x00000000c0900000, 0x00000000c0900000|100%|HS|  |TAMS 0x00000000c0900000| PB 0x00000000c0800000| Complete 
|1033|0x00000000c0900000, 0x00000000c0a00000, 0x00000000c0a00000|100%|HC|  |TAMS 0x00000000c0a00000| PB 0x00000000c0900000| Complete 
|1034|0x00000000c0a00000, 0x00000000c0b00000, 0x00000000c0b00000|100%|HS|  |TAMS 0x00000000c0b00000| PB 0x00000000c0a00000| Complete 
|1035|0x00000000c0b00000, 0x00000000c0c00000, 0x00000000c0c00000|100%|HC|  |TAMS 0x00000000c0c00000| PB 0x00000000c0b00000| Complete 
|1036|0x00000000c0c00000, 0x00000000c0d00000, 0x00000000c0d00000|100%|HS|  |TAMS 0x00000000c0d00000| PB 0x00000000c0c00000| Complete 
|1037|0x00000000c0d00000, 0x00000000c0e00000, 0x00000000c0e00000|100%|HC|  |TAMS 0x00000000c0e00000| PB 0x00000000c0d00000| Complete 
|1038|0x00000000c0e00000, 0x00000000c0f00000, 0x00000000c0f00000|100%|HC|  |TAMS 0x00000000c0f00000| PB 0x00000000c0e00000| Complete 
|1039|0x00000000c0f00000, 0x00000000c1000000, 0x00000000c1000000|100%| O|  |TAMS 0x00000000c0f00000| PB 0x00000000c0f00000| Untracked 
|1040|0x00000000c1000000, 0x00000000c1000000, 0x00000000c1100000|  0%| F|  |TAMS 0x00000000c1000000| PB 0x00000000c1000000| Untracked 
|1041|0x00000000c1100000, 0x00000000c1200000, 0x00000000c1200000|100%| O|  |TAMS 0x00000000c1100000| PB 0x00000000c1100000| Untracked 
|1042|0x00000000c1200000, 0x00000000c1300000, 0x00000000c1300000|100%| O|  |TAMS 0x00000000c1200000| PB 0x00000000c1200000| Untracked 
|1043|0x00000000c1300000, 0x00000000c1400000, 0x00000000c1400000|100%| O|  |TAMS 0x00000000c1300000| PB 0x00000000c1300000| Untracked 
|1044|0x00000000c1400000, 0x00000000c1400000, 0x00000000c1500000|  0%| F|  |TAMS 0x00000000c1400000| PB 0x00000000c1400000| Untracked 
|1045|0x00000000c1500000, 0x00000000c1500000, 0x00000000c1600000|  0%| F|  |TAMS 0x00000000c1500000| PB 0x00000000c1500000| Untracked 
|1046|0x00000000c1600000, 0x00000000c1700000, 0x00000000c1700000|100%|HS|  |TAMS 0x00000000c1700000| PB 0x00000000c1600000| Complete 
|1047|0x00000000c1700000, 0x00000000c1800000, 0x00000000c1800000|100%|HC|  |TAMS 0x00000000c1800000| PB 0x00000000c1700000| Complete 
|1048|0x00000000c1800000, 0x00000000c1900000, 0x00000000c1900000|100%|HS|  |TAMS 0x00000000c1900000| PB 0x00000000c1800000| Complete 
|1049|0x00000000c1900000, 0x00000000c1a00000, 0x00000000c1a00000|100%|HC|  |TAMS 0x00000000c1a00000| PB 0x00000000c1900000| Complete 
|1050|0x00000000c1a00000, 0x00000000c1b00000, 0x00000000c1b00000|100%|HS|  |TAMS 0x00000000c1b00000| PB 0x00000000c1a00000| Complete 
|1051|0x00000000c1b00000, 0x00000000c1c00000, 0x00000000c1c00000|100%|HC|  |TAMS 0x00000000c1c00000| PB 0x00000000c1b00000| Complete 
|1052|0x00000000c1c00000, 0x00000000c1d00000, 0x00000000c1d00000|100%|HC|  |TAMS 0x00000000c1d00000| PB 0x00000000c1c00000| Complete 
|1053|0x00000000c1d00000, 0x00000000c1e00000, 0x00000000c1e00000|100%|HS|  |TAMS 0x00000000c1e00000| PB 0x00000000c1d00000| Complete 
|1054|0x00000000c1e00000, 0x00000000c1f00000, 0x00000000c1f00000|100%|HS|  |TAMS 0x00000000c1f00000| PB 0x00000000c1e00000| Complete 
|1055|0x00000000c1f00000, 0x00000000c2000000, 0x00000000c2000000|100%|HC|  |TAMS 0x00000000c2000000| PB 0x00000000c1f00000| Complete 
|1056|0x00000000c2000000, 0x00000000c2100000, 0x00000000c2100000|100%|HC|  |TAMS 0x00000000c2100000| PB 0x00000000c2000000| Complete 
|1057|0x00000000c2100000, 0x00000000c2200000, 0x00000000c2200000|100%|HC|  |TAMS 0x00000000c2200000| PB 0x00000000c2100000| Complete 
|1058|0x00000000c2200000, 0x00000000c2300000, 0x00000000c2300000|100%|HC|  |TAMS 0x00000000c2300000| PB 0x00000000c2200000| Complete 
|1059|0x00000000c2300000, 0x00000000c2400000, 0x00000000c2400000|100%|HC|  |TAMS 0x00000000c2400000| PB 0x00000000c2300000| Complete 
|1060|0x00000000c2400000, 0x00000000c2500000, 0x00000000c2500000|100%|HC|  |TAMS 0x00000000c2500000| PB 0x00000000c2400000| Complete 
|1061|0x00000000c2500000, 0x00000000c2600000, 0x00000000c2600000|100%|HC|  |TAMS 0x00000000c2600000| PB 0x00000000c2500000| Complete 
|1062|0x00000000c2600000, 0x00000000c2700000, 0x00000000c2700000|100%|HC|  |TAMS 0x00000000c2700000| PB 0x00000000c2600000| Complete 
|1063|0x00000000c2700000, 0x00000000c2800000, 0x00000000c2800000|100%|HC|  |TAMS 0x00000000c2800000| PB 0x00000000c2700000| Complete 
|1064|0x00000000c2800000, 0x00000000c2900000, 0x00000000c2900000|100%|HS|  |TAMS 0x00000000c2900000| PB 0x00000000c2800000| Complete 
|1065|0x00000000c2900000, 0x00000000c2a00000, 0x00000000c2a00000|100%|HC|  |TAMS 0x00000000c2a00000| PB 0x00000000c2900000| Complete 
|1066|0x00000000c2a00000, 0x00000000c2b00000, 0x00000000c2b00000|100%|HC|  |TAMS 0x00000000c2b00000| PB 0x00000000c2a00000| Complete 
|1067|0x00000000c2b00000, 0x00000000c2c00000, 0x00000000c2c00000|100%|HC|  |TAMS 0x00000000c2c00000| PB 0x00000000c2b00000| Complete 
|1068|0x00000000c2c00000, 0x00000000c2d00000, 0x00000000c2d00000|100%|HC|  |TAMS 0x00000000c2d00000| PB 0x00000000c2c00000| Complete 
|1069|0x00000000c2d00000, 0x00000000c2e00000, 0x00000000c2e00000|100%|HC|  |TAMS 0x00000000c2e00000| PB 0x00000000c2d00000| Complete 
|1070|0x00000000c2e00000, 0x00000000c2f00000, 0x00000000c2f00000|100%|HC|  |TAMS 0x00000000c2f00000| PB 0x00000000c2e00000| Complete 
|1071|0x00000000c2f00000, 0x00000000c3000000, 0x00000000c3000000|100%|HC|  |TAMS 0x00000000c3000000| PB 0x00000000c2f00000| Complete 
|1072|0x00000000c3000000, 0x00000000c3100000, 0x00000000c3100000|100%|HC|  |TAMS 0x00000000c3100000| PB 0x00000000c3000000| Complete 
|1073|0x00000000c3100000, 0x00000000c3200000, 0x00000000c3200000|100%|HC|  |TAMS 0x00000000c3200000| PB 0x00000000c3100000| Complete 
|1074|0x00000000c3200000, 0x00000000c3300000, 0x00000000c3300000|100%|HC|  |TAMS 0x00000000c3300000| PB 0x00000000c3200000| Complete 
|1075|0x00000000c3300000, 0x00000000c3400000, 0x00000000c3400000|100%|HC|  |TAMS 0x00000000c3400000| PB 0x00000000c3300000| Complete 
|1076|0x00000000c3400000, 0x00000000c3500000, 0x00000000c3500000|100%| O|  |TAMS 0x00000000c3500000| PB 0x00000000c3500000| Untracked 
|1077|0x00000000c3500000, 0x00000000c3600000, 0x00000000c3600000|100%| O|  |TAMS 0x00000000c3600000| PB 0x00000000c3600000| Untracked 
|1078|0x00000000c3600000, 0x00000000c3700000, 0x00000000c3700000|100%| O|  |TAMS 0x00000000c3700000| PB 0x00000000c3700000| Untracked 
|1079|0x00000000c3700000, 0x00000000c3800000, 0x00000000c3800000|100%| O|  |TAMS 0x00000000c3800000| PB 0x00000000c3800000| Untracked 
|1080|0x00000000c3800000, 0x00000000c3900000, 0x00000000c3900000|100%| O|  |TAMS 0x00000000c3900000| PB 0x00000000c3900000| Untracked 
|1081|0x00000000c3900000, 0x00000000c3a00000, 0x00000000c3a00000|100%| O|  |TAMS 0x00000000c3a00000| PB 0x00000000c3a00000| Untracked 
|1082|0x00000000c3a00000, 0x00000000c3b00000, 0x00000000c3b00000|100%| O|  |TAMS 0x00000000c3b00000| PB 0x00000000c3b00000| Untracked 
|1083|0x00000000c3b00000, 0x00000000c3c00000, 0x00000000c3c00000|100%| O|  |TAMS 0x00000000c3c00000| PB 0x00000000c3c00000| Untracked 
|1084|0x00000000c3c00000, 0x00000000c3d00000, 0x00000000c3d00000|100%| O|  |TAMS 0x00000000c3d00000| PB 0x00000000c3d00000| Untracked 
|1085|0x00000000c3d00000, 0x00000000c3e00000, 0x00000000c3e00000|100%| O|  |TAMS 0x00000000c3e00000| PB 0x00000000c3e00000| Untracked 
|1086|0x00000000c3e00000, 0x00000000c3f00000, 0x00000000c3f00000|100%| O|  |TAMS 0x00000000c3f00000| PB 0x00000000c3f00000| Updating 
|1087|0x00000000c3f00000, 0x00000000c4000000, 0x00000000c4000000|100%| O|  |TAMS 0x00000000c4000000| PB 0x00000000c4000000| Untracked 
|1088|0x00000000c4000000, 0x00000000c4100000, 0x00000000c4100000|100%| O|  |TAMS 0x00000000c4100000| PB 0x00000000c4100000| Untracked 
|1089|0x00000000c4100000, 0x00000000c4200000, 0x00000000c4200000|100%| O|  |TAMS 0x00000000c4200000| PB 0x00000000c4200000| Untracked 
|1090|0x00000000c4200000, 0x00000000c4300000, 0x00000000c4300000|100%| O|  |TAMS 0x00000000c4300000| PB 0x00000000c4300000| Untracked 
|1091|0x00000000c4300000, 0x00000000c4400000, 0x00000000c4400000|100%| O|  |TAMS 0x00000000c4400000| PB 0x00000000c4400000| Untracked 
|1092|0x00000000c4400000, 0x00000000c4500000, 0x00000000c4500000|100%| O|  |TAMS 0x00000000c4500000| PB 0x00000000c4500000| Untracked 
|1093|0x00000000c4500000, 0x00000000c4600000, 0x00000000c4600000|100%| O|  |TAMS 0x00000000c4600000| PB 0x00000000c4600000| Untracked 
|1094|0x00000000c4600000, 0x00000000c4700000, 0x00000000c4700000|100%| O|  |TAMS 0x00000000c4700000| PB 0x00000000c4700000| Untracked 
|1095|0x00000000c4700000, 0x00000000c4800000, 0x00000000c4800000|100%| O|  |TAMS 0x00000000c4800000| PB 0x00000000c4800000| Untracked 
|1096|0x00000000c4800000, 0x00000000c4900000, 0x00000000c4900000|100%| O|  |TAMS 0x00000000c4900000| PB 0x00000000c4900000| Updating 
|1097|0x00000000c4900000, 0x00000000c4a00000, 0x00000000c4a00000|100%| O|  |TAMS 0x00000000c4a00000| PB 0x00000000c4a00000| Updating 
|1098|0x00000000c4a00000, 0x00000000c4b00000, 0x00000000c4b00000|100%| O|  |TAMS 0x00000000c4b00000| PB 0x00000000c4b00000| Untracked 
|1099|0x00000000c4b00000, 0x00000000c4c00000, 0x00000000c4c00000|100%| O|  |TAMS 0x00000000c4c00000| PB 0x00000000c4c00000| Updating 
|1100|0x00000000c4c00000, 0x00000000c4d00000, 0x00000000c4d00000|100%| O|  |TAMS 0x00000000c4d00000| PB 0x00000000c4d00000| Untracked 
|1101|0x00000000c4d00000, 0x00000000c4e00000, 0x00000000c4e00000|100%| O|  |TAMS 0x00000000c4e00000| PB 0x00000000c4e00000| Untracked 
|1102|0x00000000c4e00000, 0x00000000c4f00000, 0x00000000c4f00000|100%| O|  |TAMS 0x00000000c4f00000| PB 0x00000000c4f00000| Untracked 
|1103|0x00000000c4f00000, 0x00000000c5000000, 0x00000000c5000000|100%| O|  |TAMS 0x00000000c5000000| PB 0x00000000c5000000| Updating 
|1104|0x00000000c5000000, 0x00000000c5100000, 0x00000000c5100000|100%| O|  |TAMS 0x00000000c5100000| PB 0x00000000c5100000| Updating 
|1105|0x00000000c5100000, 0x00000000c5200000, 0x00000000c5200000|100%| O|  |TAMS 0x00000000c5200000| PB 0x00000000c5200000| Updating 
|1106|0x00000000c5200000, 0x00000000c5300000, 0x00000000c5300000|100%| O|  |TAMS 0x00000000c5300000| PB 0x00000000c5300000| Untracked 
|1107|0x00000000c5300000, 0x00000000c5400000, 0x00000000c5400000|100%| O|  |TAMS 0x00000000c5400000| PB 0x00000000c5400000| Updating 
|1108|0x00000000c5400000, 0x00000000c5500000, 0x00000000c5500000|100%| O|  |TAMS 0x00000000c5500000| PB 0x00000000c5500000| Untracked 
|1109|0x00000000c5500000, 0x00000000c5600000, 0x00000000c5600000|100%| O|  |TAMS 0x00000000c5600000| PB 0x00000000c5600000| Untracked 
|1110|0x00000000c5600000, 0x00000000c5700000, 0x00000000c5700000|100%| O|  |TAMS 0x00000000c5700000| PB 0x00000000c5700000| Untracked 
|1111|0x00000000c5700000, 0x00000000c5800000, 0x00000000c5800000|100%| O|  |TAMS 0x00000000c5800000| PB 0x00000000c5800000| Untracked 
|1112|0x00000000c5800000, 0x00000000c5900000, 0x00000000c5900000|100%| O|  |TAMS 0x00000000c5900000| PB 0x00000000c5900000| Untracked 
|1113|0x00000000c5900000, 0x00000000c5a00000, 0x00000000c5a00000|100%| O|  |TAMS 0x00000000c5a00000| PB 0x00000000c5a00000| Untracked 
|1114|0x00000000c5a00000, 0x00000000c5b00000, 0x00000000c5b00000|100%| O|  |TAMS 0x00000000c5b00000| PB 0x00000000c5b00000| Untracked 
|1115|0x00000000c5b00000, 0x00000000c5c00000, 0x00000000c5c00000|100%| O|  |TAMS 0x00000000c5c00000| PB 0x00000000c5c00000| Untracked 
|1116|0x00000000c5c00000, 0x00000000c5d00000, 0x00000000c5d00000|100%| O|  |TAMS 0x00000000c5d00000| PB 0x00000000c5d00000| Untracked 
|1117|0x00000000c5d00000, 0x00000000c5e00000, 0x00000000c5e00000|100%| O|  |TAMS 0x00000000c5e00000| PB 0x00000000c5e00000| Untracked 
|1118|0x00000000c5e00000, 0x00000000c5f00000, 0x00000000c5f00000|100%| O|  |TAMS 0x00000000c5f00000| PB 0x00000000c5f00000| Updating 
|1119|0x00000000c5f00000, 0x00000000c6000000, 0x00000000c6000000|100%| O|  |TAMS 0x00000000c6000000| PB 0x00000000c6000000| Updating 
|1120|0x00000000c6000000, 0x00000000c6100000, 0x00000000c6100000|100%| O|  |TAMS 0x00000000c6100000| PB 0x00000000c6100000| Updating 
|1121|0x00000000c6100000, 0x00000000c6200000, 0x00000000c6200000|100%| O|  |TAMS 0x00000000c6200000| PB 0x00000000c6200000| Updating 
|1122|0x00000000c6200000, 0x00000000c6300000, 0x00000000c6300000|100%| O|  |TAMS 0x00000000c6200000| PB 0x00000000c6200000| Untracked 
|1123|0x00000000c6300000, 0x00000000c6400000, 0x00000000c6400000|100%|HS|  |TAMS 0x00000000c6300000| PB 0x00000000c6300000| Complete 
|1124|0x00000000c6400000, 0x00000000c6500000, 0x00000000c6500000|100%|HS|  |TAMS 0x00000000c6400000| PB 0x00000000c6400000| Complete 
|1125|0x00000000c6500000, 0x00000000c6600000, 0x00000000c6600000|100%|HC|  |TAMS 0x00000000c6500000| PB 0x00000000c6500000| Complete 
|1126|0x00000000c6600000, 0x00000000c6700000, 0x00000000c6700000|100%|HC|  |TAMS 0x00000000c6600000| PB 0x00000000c6600000| Complete 
|1127|0x00000000c6700000, 0x00000000c6800000, 0x00000000c6800000|100%|HC|  |TAMS 0x00000000c6700000| PB 0x00000000c6700000| Complete 
|1128|0x00000000c6800000, 0x00000000c6900000, 0x00000000c6900000|100%|HC|  |TAMS 0x00000000c6800000| PB 0x00000000c6800000| Complete 
|1129|0x00000000c6900000, 0x00000000c6a00000, 0x00000000c6a00000|100%|HC|  |TAMS 0x00000000c6900000| PB 0x00000000c6900000| Complete 
|1130|0x00000000c6a00000, 0x00000000c6b00000, 0x00000000c6b00000|100%|HC|  |TAMS 0x00000000c6a00000| PB 0x00000000c6a00000| Complete 
|1131|0x00000000c6b00000, 0x00000000c6c00000, 0x00000000c6c00000|100%|HC|  |TAMS 0x00000000c6b00000| PB 0x00000000c6b00000| Complete 
|1132|0x00000000c6c00000, 0x00000000c6d00000, 0x00000000c6d00000|100%|HC|  |TAMS 0x00000000c6c00000| PB 0x00000000c6c00000| Complete 
|1133|0x00000000c6d00000, 0x00000000c6e00000, 0x00000000c6e00000|100%|HC|  |TAMS 0x00000000c6d00000| PB 0x00000000c6d00000| Complete 
|1134|0x00000000c6e00000, 0x00000000c6f00000, 0x00000000c6f00000|100%|HC|  |TAMS 0x00000000c6e00000| PB 0x00000000c6e00000| Complete 
|1135|0x00000000c6f00000, 0x00000000c7000000, 0x00000000c7000000|100%|HC|  |TAMS 0x00000000c6f00000| PB 0x00000000c6f00000| Complete 
|1136|0x00000000c7000000, 0x00000000c7100000, 0x00000000c7100000|100%|HC|  |TAMS 0x00000000c7000000| PB 0x00000000c7000000| Complete 
|1137|0x00000000c7100000, 0x00000000c7200000, 0x00000000c7200000|100%|HC|  |TAMS 0x00000000c7100000| PB 0x00000000c7100000| Complete 
|1138|0x00000000c7200000, 0x00000000c7300000, 0x00000000c7300000|100%|HC|  |TAMS 0x00000000c7200000| PB 0x00000000c7200000| Complete 
|1139|0x00000000c7300000, 0x00000000c7400000, 0x00000000c7400000|100%|HC|  |TAMS 0x00000000c7300000| PB 0x00000000c7300000| Complete 
|1140|0x00000000c7400000, 0x00000000c7500000, 0x00000000c7500000|100%|HC|  |TAMS 0x00000000c7400000| PB 0x00000000c7400000| Complete 
|1141|0x00000000c7500000, 0x00000000c7600000, 0x00000000c7600000|100%|HC|  |TAMS 0x00000000c7500000| PB 0x00000000c7500000| Complete 
|1142|0x00000000c7600000, 0x00000000c7700000, 0x00000000c7700000|100%|HC|  |TAMS 0x00000000c7600000| PB 0x00000000c7600000| Complete 
|1143|0x00000000c7700000, 0x00000000c7800000, 0x00000000c7800000|100%|HC|  |TAMS 0x00000000c7700000| PB 0x00000000c7700000| Complete 
|1144|0x00000000c7800000, 0x00000000c7900000, 0x00000000c7900000|100%|HC|  |TAMS 0x00000000c7800000| PB 0x00000000c7800000| Complete 
|1145|0x00000000c7900000, 0x00000000c7a00000, 0x00000000c7a00000|100%|HC|  |TAMS 0x00000000c7900000| PB 0x00000000c7900000| Complete 
|1146|0x00000000c7a00000, 0x00000000c7b00000, 0x00000000c7b00000|100%|HS|  |TAMS 0x00000000c7a00000| PB 0x00000000c7a00000| Complete 
|1147|0x00000000c7b00000, 0x00000000c7c00000, 0x00000000c7c00000|100%|HC|  |TAMS 0x00000000c7b00000| PB 0x00000000c7b00000| Complete 
|1148|0x00000000c7c00000, 0x00000000c7d00000, 0x00000000c7d00000|100%|HC|  |TAMS 0x00000000c7c00000| PB 0x00000000c7c00000| Complete 
|1149|0x00000000c7d00000, 0x00000000c7e00000, 0x00000000c7e00000|100%|HC|  |TAMS 0x00000000c7d00000| PB 0x00000000c7d00000| Complete 
|1150|0x00000000c7e00000, 0x00000000c7f00000, 0x00000000c7f00000|100%|HC|  |TAMS 0x00000000c7e00000| PB 0x00000000c7e00000| Complete 
|1151|0x00000000c7f00000, 0x00000000c8000000, 0x00000000c8000000|100%|HC|  |TAMS 0x00000000c7f00000| PB 0x00000000c7f00000| Complete 
|1152|0x00000000c8000000, 0x00000000c8100000, 0x00000000c8100000|100%|HC|  |TAMS 0x00000000c8000000| PB 0x00000000c8000000| Complete 
|1153|0x00000000c8100000, 0x00000000c8200000, 0x00000000c8200000|100%|HC|  |TAMS 0x00000000c8100000| PB 0x00000000c8100000| Complete 
|1154|0x00000000c8200000, 0x00000000c8300000, 0x00000000c8300000|100%|HC|  |TAMS 0x00000000c8200000| PB 0x00000000c8200000| Complete 
|1155|0x00000000c8300000, 0x00000000c8400000, 0x00000000c8400000|100%|HC|  |TAMS 0x00000000c8300000| PB 0x00000000c8300000| Complete 
|1156|0x00000000c8400000, 0x00000000c8500000, 0x00000000c8500000|100%|HC|  |TAMS 0x00000000c8400000| PB 0x00000000c8400000| Complete 
|1157|0x00000000c8500000, 0x00000000c8600000, 0x00000000c8600000|100%|HC|  |TAMS 0x00000000c8500000| PB 0x00000000c8500000| Complete 
|1158|0x00000000c8600000, 0x00000000c8700000, 0x00000000c8700000|100%|HC|  |TAMS 0x00000000c8600000| PB 0x00000000c8600000| Complete 
|1159|0x00000000c8700000, 0x00000000c8800000, 0x00000000c8800000|100%|HC|  |TAMS 0x00000000c8700000| PB 0x00000000c8700000| Complete 
|1160|0x00000000c8800000, 0x00000000c8900000, 0x00000000c8900000|100%|HC|  |TAMS 0x00000000c8800000| PB 0x00000000c8800000| Complete 
|1161|0x00000000c8900000, 0x00000000c8a00000, 0x00000000c8a00000|100%|HC|  |TAMS 0x00000000c8900000| PB 0x00000000c8900000| Complete 
|1162|0x00000000c8a00000, 0x00000000c8b00000, 0x00000000c8b00000|100%|HC|  |TAMS 0x00000000c8a00000| PB 0x00000000c8a00000| Complete 
|1163|0x00000000c8b00000, 0x00000000c8c00000, 0x00000000c8c00000|100%|HC|  |TAMS 0x00000000c8b00000| PB 0x00000000c8b00000| Complete 
|1164|0x00000000c8c00000, 0x00000000c8d00000, 0x00000000c8d00000|100%|HC|  |TAMS 0x00000000c8c00000| PB 0x00000000c8c00000| Complete 
|1165|0x00000000c8d00000, 0x00000000c8e00000, 0x00000000c8e00000|100%|HC|  |TAMS 0x00000000c8d00000| PB 0x00000000c8d00000| Complete 
|1166|0x00000000c8e00000, 0x00000000c8f00000, 0x00000000c8f00000|100%|HC|  |TAMS 0x00000000c8e00000| PB 0x00000000c8e00000| Complete 
|1167|0x00000000c8f00000, 0x00000000c9000000, 0x00000000c9000000|100%|HC|  |TAMS 0x00000000c8f00000| PB 0x00000000c8f00000| Complete 
|1168|0x00000000c9000000, 0x00000000c9100000, 0x00000000c9100000|100%|HC|  |TAMS 0x00000000c9000000| PB 0x00000000c9000000| Complete 
|1169|0x00000000c9100000, 0x00000000c9200000, 0x00000000c9200000|100%|HC|  |TAMS 0x00000000c9100000| PB 0x00000000c9100000| Complete 
|1170|0x00000000c9200000, 0x00000000c9300000, 0x00000000c9300000|100%|HC|  |TAMS 0x00000000c9200000| PB 0x00000000c9200000| Complete 
|1171|0x00000000c9300000, 0x00000000c9300000, 0x00000000c9400000|  0%| F|  |TAMS 0x00000000c9300000| PB 0x00000000c9300000| Untracked 
|1172|0x00000000c9400000, 0x00000000c9400000, 0x00000000c9500000|  0%| F|  |TAMS 0x00000000c9400000| PB 0x00000000c9400000| Untracked 
|1173|0x00000000c9500000, 0x00000000c9500000, 0x00000000c9600000|  0%| F|  |TAMS 0x00000000c9500000| PB 0x00000000c9500000| Untracked 
|1174|0x00000000c9600000, 0x00000000c9600000, 0x00000000c9700000|  0%| F|  |TAMS 0x00000000c9600000| PB 0x00000000c9600000| Untracked 
|1175|0x00000000c9700000, 0x00000000c9700000, 0x00000000c9800000|  0%| F|  |TAMS 0x00000000c9700000| PB 0x00000000c9700000| Untracked 
|1176|0x00000000c9800000, 0x00000000c9800000, 0x00000000c9900000|  0%| F|  |TAMS 0x00000000c9800000| PB 0x00000000c9800000| Untracked 
|1177|0x00000000c9900000, 0x00000000c9900000, 0x00000000c9a00000|  0%| F|  |TAMS 0x00000000c9900000| PB 0x00000000c9900000| Untracked 
|1178|0x00000000c9a00000, 0x00000000c9a00000, 0x00000000c9b00000|  0%| F|  |TAMS 0x00000000c9a00000| PB 0x00000000c9a00000| Untracked 
|1179|0x00000000c9b00000, 0x00000000c9b00000, 0x00000000c9c00000|  0%| F|  |TAMS 0x00000000c9b00000| PB 0x00000000c9b00000| Untracked 
|1180|0x00000000c9c00000, 0x00000000c9c00000, 0x00000000c9d00000|  0%| F|  |TAMS 0x00000000c9c00000| PB 0x00000000c9c00000| Untracked 
|1181|0x00000000c9d00000, 0x00000000c9d00000, 0x00000000c9e00000|  0%| F|  |TAMS 0x00000000c9d00000| PB 0x00000000c9d00000| Untracked 
|1182|0x00000000c9e00000, 0x00000000c9e00000, 0x00000000c9f00000|  0%| F|  |TAMS 0x00000000c9e00000| PB 0x00000000c9e00000| Untracked 
|1183|0x00000000c9f00000, 0x00000000c9f00000, 0x00000000ca000000|  0%| F|  |TAMS 0x00000000c9f00000| PB 0x00000000c9f00000| Untracked 
|1184|0x00000000ca000000, 0x00000000ca000000, 0x00000000ca100000|  0%| F|  |TAMS 0x00000000ca000000| PB 0x00000000ca000000| Untracked 
|1185|0x00000000ca100000, 0x00000000ca100000, 0x00000000ca200000|  0%| F|  |TAMS 0x00000000ca100000| PB 0x00000000ca100000| Untracked 
|1186|0x00000000ca200000, 0x00000000ca200000, 0x00000000ca300000|  0%| F|  |TAMS 0x00000000ca200000| PB 0x00000000ca200000| Untracked 
|1187|0x00000000ca300000, 0x00000000ca300000, 0x00000000ca400000|  0%| F|  |TAMS 0x00000000ca300000| PB 0x00000000ca300000| Untracked 
|1188|0x00000000ca400000, 0x00000000ca400000, 0x00000000ca500000|  0%| F|  |TAMS 0x00000000ca400000| PB 0x00000000ca400000| Untracked 
|1189|0x00000000ca500000, 0x00000000ca600000, 0x00000000ca600000|100%| O|  |TAMS 0x00000000ca500000| PB 0x00000000ca500000| Untracked 
|1190|0x00000000ca600000, 0x00000000ca700000, 0x00000000ca700000|100%| O|  |TAMS 0x00000000ca600000| PB 0x00000000ca600000| Untracked 
|1191|0x00000000ca700000, 0x00000000ca800000, 0x00000000ca800000|100%| O|  |TAMS 0x00000000ca700000| PB 0x00000000ca700000| Untracked 
|1192|0x00000000ca800000, 0x00000000ca900000, 0x00000000ca900000|100%| O|  |TAMS 0x00000000ca800000| PB 0x00000000ca800000| Untracked 
|1193|0x00000000ca900000, 0x00000000caa00000, 0x00000000caa00000|100%| O|  |TAMS 0x00000000ca900000| PB 0x00000000ca900000| Untracked 
|1194|0x00000000caa00000, 0x00000000cab00000, 0x00000000cab00000|100%| O|  |TAMS 0x00000000caa00000| PB 0x00000000caa00000| Untracked 
|1195|0x00000000cab00000, 0x00000000cac00000, 0x00000000cac00000|100%| O|  |TAMS 0x00000000cab00000| PB 0x00000000cab00000| Untracked 
|1196|0x00000000cac00000, 0x00000000cad00000, 0x00000000cad00000|100%| O|  |TAMS 0x00000000cac00000| PB 0x00000000cac00000| Untracked 
|1197|0x00000000cad00000, 0x00000000cae00000, 0x00000000cae00000|100%| O|  |TAMS 0x00000000cad00000| PB 0x00000000cad00000| Untracked 
|1198|0x00000000cae00000, 0x00000000caf00000, 0x00000000caf00000|100%| O|  |TAMS 0x00000000cae00000| PB 0x00000000cae00000| Untracked 
|1199|0x00000000caf00000, 0x00000000cb000000, 0x00000000cb000000|100%| O|  |TAMS 0x00000000caf00000| PB 0x00000000caf00000| Untracked 
|1200|0x00000000cb000000, 0x00000000cb100000, 0x00000000cb100000|100%| O|  |TAMS 0x00000000cb000000| PB 0x00000000cb000000| Untracked 
|1201|0x00000000cb100000, 0x00000000cb200000, 0x00000000cb200000|100%| O|  |TAMS 0x00000000cb100000| PB 0x00000000cb100000| Untracked 
|1202|0x00000000cb200000, 0x00000000cb300000, 0x00000000cb300000|100%| O|  |TAMS 0x00000000cb200000| PB 0x00000000cb200000| Untracked 
|1203|0x00000000cb300000, 0x00000000cb400000, 0x00000000cb400000|100%| O|  |TAMS 0x00000000cb300000| PB 0x00000000cb300000| Untracked 
|1204|0x00000000cb400000, 0x00000000cb500000, 0x00000000cb500000|100%| O|  |TAMS 0x00000000cb400000| PB 0x00000000cb400000| Untracked 
|1205|0x00000000cb500000, 0x00000000cb600000, 0x00000000cb600000|100%| O|  |TAMS 0x00000000cb500000| PB 0x00000000cb500000| Untracked 
|1206|0x00000000cb600000, 0x00000000cb700000, 0x00000000cb700000|100%| O|  |TAMS 0x00000000cb600000| PB 0x00000000cb600000| Untracked 
|1207|0x00000000cb700000, 0x00000000cb800000, 0x00000000cb800000|100%| O|  |TAMS 0x00000000cb700000| PB 0x00000000cb700000| Untracked 
|1208|0x00000000cb800000, 0x00000000cb900000, 0x00000000cb900000|100%| O|  |TAMS 0x00000000cb800000| PB 0x00000000cb800000| Untracked 
|1209|0x00000000cb900000, 0x00000000cba00000, 0x00000000cba00000|100%| O|  |TAMS 0x00000000cb900000| PB 0x00000000cb900000| Untracked 
|1210|0x00000000cba00000, 0x00000000cbb00000, 0x00000000cbb00000|100%| O|  |TAMS 0x00000000cba00000| PB 0x00000000cba00000| Untracked 
|1211|0x00000000cbb00000, 0x00000000cbc00000, 0x00000000cbc00000|100%| O|  |TAMS 0x00000000cbb00000| PB 0x00000000cbb00000| Untracked 
|1212|0x00000000cbc00000, 0x00000000cbd00000, 0x00000000cbd00000|100%| O|  |TAMS 0x00000000cbc00000| PB 0x00000000cbc00000| Untracked 
|1213|0x00000000cbd00000, 0x00000000cbe00000, 0x00000000cbe00000|100%| O|  |TAMS 0x00000000cbd00000| PB 0x00000000cbd00000| Untracked 
|1214|0x00000000cbe00000, 0x00000000cbe80000, 0x00000000cbf00000| 50%| O|  |TAMS 0x00000000cbe00000| PB 0x00000000cbe00000| Updating 
|1215|0x00000000cbf00000, 0x00000000cc000000, 0x00000000cc000000|100%|HS|  |TAMS 0x00000000cbf00000| PB 0x00000000cbf00000| Complete 
|1216|0x00000000cc000000, 0x00000000cc100000, 0x00000000cc100000|100%|HC|  |TAMS 0x00000000cc000000| PB 0x00000000cc000000| Complete 
|1217|0x00000000cc100000, 0x00000000cc200000, 0x00000000cc200000|100%|HC|  |TAMS 0x00000000cc100000| PB 0x00000000cc100000| Complete 
|1218|0x00000000cc200000, 0x00000000cc300000, 0x00000000cc300000|100%|HC|  |TAMS 0x00000000cc200000| PB 0x00000000cc200000| Complete 
|1219|0x00000000cc300000, 0x00000000cc400000, 0x00000000cc400000|100%|HC|  |TAMS 0x00000000cc300000| PB 0x00000000cc300000| Complete 
|1220|0x00000000cc400000, 0x00000000cc500000, 0x00000000cc500000|100%|HC|  |TAMS 0x00000000cc400000| PB 0x00000000cc400000| Complete 
|1221|0x00000000cc500000, 0x00000000cc600000, 0x00000000cc600000|100%|HC|  |TAMS 0x00000000cc500000| PB 0x00000000cc500000| Complete 
|1222|0x00000000cc600000, 0x00000000cc700000, 0x00000000cc700000|100%|HC|  |TAMS 0x00000000cc600000| PB 0x00000000cc600000| Complete 
|1223|0x00000000cc700000, 0x00000000cc800000, 0x00000000cc800000|100%|HC|  |TAMS 0x00000000cc700000| PB 0x00000000cc700000| Complete 
|1224|0x00000000cc800000, 0x00000000cc900000, 0x00000000cc900000|100%|HC|  |TAMS 0x00000000cc800000| PB 0x00000000cc800000| Complete 
|1225|0x00000000cc900000, 0x00000000cca00000, 0x00000000cca00000|100%|HC|  |TAMS 0x00000000cc900000| PB 0x00000000cc900000| Complete 
|1226|0x00000000cca00000, 0x00000000ccb00000, 0x00000000ccb00000|100%|HC|  |TAMS 0x00000000cca00000| PB 0x00000000cca00000| Complete 
|1227|0x00000000ccb00000, 0x00000000ccc00000, 0x00000000ccc00000|100%|HC|  |TAMS 0x00000000ccb00000| PB 0x00000000ccb00000| Complete 
|1228|0x00000000ccc00000, 0x00000000ccd00000, 0x00000000ccd00000|100%|HC|  |TAMS 0x00000000ccc00000| PB 0x00000000ccc00000| Complete 
|1229|0x00000000ccd00000, 0x00000000cce00000, 0x00000000cce00000|100%|HC|  |TAMS 0x00000000ccd00000| PB 0x00000000ccd00000| Complete 
|1230|0x00000000cce00000, 0x00000000ccf00000, 0x00000000ccf00000|100%|HC|  |TAMS 0x00000000cce00000| PB 0x00000000cce00000| Complete 
|1231|0x00000000ccf00000, 0x00000000cd000000, 0x00000000cd000000|100%|HC|  |TAMS 0x00000000ccf00000| PB 0x00000000ccf00000| Complete 
|1232|0x00000000cd000000, 0x00000000cd100000, 0x00000000cd100000|100%|HC|  |TAMS 0x00000000cd000000| PB 0x00000000cd000000| Complete 
|1233|0x00000000cd100000, 0x00000000cd200000, 0x00000000cd200000|100%|HC|  |TAMS 0x00000000cd100000| PB 0x00000000cd100000| Complete 
|1234|0x00000000cd200000, 0x00000000cd300000, 0x00000000cd300000|100%|HS|  |TAMS 0x00000000cd200000| PB 0x00000000cd200000| Complete 
|1235|0x00000000cd300000, 0x00000000cd400000, 0x00000000cd400000|100%|HC|  |TAMS 0x00000000cd300000| PB 0x00000000cd300000| Complete 
|1236|0x00000000cd400000, 0x00000000cd500000, 0x00000000cd500000|100%|HC|  |TAMS 0x00000000cd400000| PB 0x00000000cd400000| Complete 
|1237|0x00000000cd500000, 0x00000000cd600000, 0x00000000cd600000|100%|HC|  |TAMS 0x00000000cd500000| PB 0x00000000cd500000| Complete 
|1238|0x00000000cd600000, 0x00000000cd700000, 0x00000000cd700000|100%|HC|  |TAMS 0x00000000cd600000| PB 0x00000000cd600000| Complete 
|1239|0x00000000cd700000, 0x00000000cd800000, 0x00000000cd800000|100%|HC|  |TAMS 0x00000000cd700000| PB 0x00000000cd700000| Complete 
|1240|0x00000000cd800000, 0x00000000cd900000, 0x00000000cd900000|100%|HC|  |TAMS 0x00000000cd800000| PB 0x00000000cd800000| Complete 
|1241|0x00000000cd900000, 0x00000000cda00000, 0x00000000cda00000|100%|HC|  |TAMS 0x00000000cd900000| PB 0x00000000cd900000| Complete 
|1242|0x00000000cda00000, 0x00000000cdb00000, 0x00000000cdb00000|100%|HC|  |TAMS 0x00000000cda00000| PB 0x00000000cda00000| Complete 
|1243|0x00000000cdb00000, 0x00000000cdc00000, 0x00000000cdc00000|100%|HC|  |TAMS 0x00000000cdb00000| PB 0x00000000cdb00000| Complete 
|1244|0x00000000cdc00000, 0x00000000cdd00000, 0x00000000cdd00000|100%|HC|  |TAMS 0x00000000cdc00000| PB 0x00000000cdc00000| Complete 
|1245|0x00000000cdd00000, 0x00000000cde00000, 0x00000000cde00000|100%|HC|  |TAMS 0x00000000cdd00000| PB 0x00000000cdd00000| Complete 
|1246|0x00000000cde00000, 0x00000000cdf00000, 0x00000000cdf00000|100%|HC|  |TAMS 0x00000000cde00000| PB 0x00000000cde00000| Complete 
|1247|0x00000000cdf00000, 0x00000000ce000000, 0x00000000ce000000|100%|HC|  |TAMS 0x00000000cdf00000| PB 0x00000000cdf00000| Complete 
|1248|0x00000000ce000000, 0x00000000ce100000, 0x00000000ce100000|100%|HC|  |TAMS 0x00000000ce000000| PB 0x00000000ce000000| Complete 
|1249|0x00000000ce100000, 0x00000000ce200000, 0x00000000ce200000|100%|HC|  |TAMS 0x00000000ce100000| PB 0x00000000ce100000| Complete 
|1250|0x00000000ce200000, 0x00000000ce300000, 0x00000000ce300000|100%|HC|  |TAMS 0x00000000ce200000| PB 0x00000000ce200000| Complete 
|1251|0x00000000ce300000, 0x00000000ce400000, 0x00000000ce400000|100%|HC|  |TAMS 0x00000000ce300000| PB 0x00000000ce300000| Complete 
|1252|0x00000000ce400000, 0x00000000ce500000, 0x00000000ce500000|100%|HC|  |TAMS 0x00000000ce400000| PB 0x00000000ce400000| Complete 
|1253|0x00000000ce500000, 0x00000000ce600000, 0x00000000ce600000|100%|HC|  |TAMS 0x00000000ce500000| PB 0x00000000ce500000| Complete 
|1254|0x00000000ce600000, 0x00000000ce700000, 0x00000000ce700000|100%|HC|  |TAMS 0x00000000ce600000| PB 0x00000000ce600000| Complete 
|1255|0x00000000ce700000, 0x00000000ce800000, 0x00000000ce800000|100%|HC|  |TAMS 0x00000000ce700000| PB 0x00000000ce700000| Complete 
|1256|0x00000000ce800000, 0x00000000ce900000, 0x00000000ce900000|100%|HC|  |TAMS 0x00000000ce800000| PB 0x00000000ce800000| Complete 
|1257|0x00000000ce900000, 0x00000000ce900000, 0x00000000cea00000|  0%| F|  |TAMS 0x00000000ce900000| PB 0x00000000ce900000| Untracked 
|1258|0x00000000cea00000, 0x00000000cea00000, 0x00000000ceb00000|  0%| F|  |TAMS 0x00000000cea00000| PB 0x00000000cea00000| Untracked 
|1259|0x00000000ceb00000, 0x00000000ceb00000, 0x00000000cec00000|  0%| F|  |TAMS 0x00000000ceb00000| PB 0x00000000ceb00000| Untracked 
|1260|0x00000000cec00000, 0x00000000cec00000, 0x00000000ced00000|  0%| F|  |TAMS 0x00000000cec00000| PB 0x00000000cec00000| Untracked 
|1261|0x00000000ced00000, 0x00000000ced00000, 0x00000000cee00000|  0%| F|  |TAMS 0x00000000ced00000| PB 0x00000000ced00000| Untracked 
|1262|0x00000000cee00000, 0x00000000cee00000, 0x00000000cef00000|  0%| F|  |TAMS 0x00000000cee00000| PB 0x00000000cee00000| Untracked 
|1263|0x00000000cef00000, 0x00000000cef00000, 0x00000000cf000000|  0%| F|  |TAMS 0x00000000cef00000| PB 0x00000000cef00000| Untracked 
|1264|0x00000000cf000000, 0x00000000cf000000, 0x00000000cf100000|  0%| F|  |TAMS 0x00000000cf000000| PB 0x00000000cf000000| Untracked 
|1265|0x00000000cf100000, 0x00000000cf100000, 0x00000000cf200000|  0%| F|  |TAMS 0x00000000cf100000| PB 0x00000000cf100000| Untracked 
|1266|0x00000000cf200000, 0x00000000cf200000, 0x00000000cf300000|  0%| F|  |TAMS 0x00000000cf200000| PB 0x00000000cf200000| Untracked 
|1267|0x00000000cf300000, 0x00000000cf300000, 0x00000000cf400000|  0%| F|  |TAMS 0x00000000cf300000| PB 0x00000000cf300000| Untracked 
|1268|0x00000000cf400000, 0x00000000cf400000, 0x00000000cf500000|  0%| F|  |TAMS 0x00000000cf400000| PB 0x00000000cf400000| Untracked 
|1269|0x00000000cf500000, 0x00000000cf500000, 0x00000000cf600000|  0%| F|  |TAMS 0x00000000cf500000| PB 0x00000000cf500000| Untracked 
|1270|0x00000000cf600000, 0x00000000cf600000, 0x00000000cf700000|  0%| F|  |TAMS 0x00000000cf600000| PB 0x00000000cf600000| Untracked 
|1271|0x00000000cf700000, 0x00000000cf700000, 0x00000000cf800000|  0%| F|  |TAMS 0x00000000cf700000| PB 0x00000000cf700000| Untracked 
|1272|0x00000000cf800000, 0x00000000cf800000, 0x00000000cf900000|  0%| F|  |TAMS 0x00000000cf800000| PB 0x00000000cf800000| Untracked 
|1273|0x00000000cf900000, 0x00000000cf900000, 0x00000000cfa00000|  0%| F|  |TAMS 0x00000000cf900000| PB 0x00000000cf900000| Untracked 
|1274|0x00000000cfa00000, 0x00000000cfa00000, 0x00000000cfb00000|  0%| F|  |TAMS 0x00000000cfa00000| PB 0x00000000cfa00000| Untracked 
|1275|0x00000000cfb00000, 0x00000000cfb00000, 0x00000000cfc00000|  0%| F|  |TAMS 0x00000000cfb00000| PB 0x00000000cfb00000| Untracked 
|1276|0x00000000cfc00000, 0x00000000cfc00000, 0x00000000cfd00000|  0%| F|  |TAMS 0x00000000cfc00000| PB 0x00000000cfc00000| Untracked 
|1277|0x00000000cfd00000, 0x00000000cfd00000, 0x00000000cfe00000|  0%| F|  |TAMS 0x00000000cfd00000| PB 0x00000000cfd00000| Untracked 
|1278|0x00000000cfe00000, 0x00000000cfe00000, 0x00000000cff00000|  0%| F|  |TAMS 0x00000000cfe00000| PB 0x00000000cfe00000| Untracked 
|1279|0x00000000cff00000, 0x00000000cff00000, 0x00000000d0000000|  0%| F|  |TAMS 0x00000000cff00000| PB 0x00000000cff00000| Untracked 
|1280|0x00000000d0000000, 0x00000000d0000000, 0x00000000d0100000|  0%| F|  |TAMS 0x00000000d0000000| PB 0x00000000d0000000| Untracked 
|1281|0x00000000d0100000, 0x00000000d0100000, 0x00000000d0200000|  0%| F|  |TAMS 0x00000000d0100000| PB 0x00000000d0100000| Untracked 
|1282|0x00000000d0200000, 0x00000000d0200000, 0x00000000d0300000|  0%| F|  |TAMS 0x00000000d0200000| PB 0x00000000d0200000| Untracked 
|1283|0x00000000d0300000, 0x00000000d039fbc0, 0x00000000d0400000| 62%| S|CS|TAMS 0x00000000d0300000| PB 0x00000000d0300000| Complete 
|1284|0x00000000d0400000, 0x00000000d0500000, 0x00000000d0500000|100%| S|CS|TAMS 0x00000000d0400000| PB 0x00000000d0400000| Complete 
|1285|0x00000000d0500000, 0x00000000d0600000, 0x00000000d0600000|100%| S|CS|TAMS 0x00000000d0500000| PB 0x00000000d0500000| Complete 
|1286|0x00000000d0600000, 0x00000000d0700000, 0x00000000d0700000|100%| S|CS|TAMS 0x00000000d0600000| PB 0x00000000d0600000| Complete 
|1287|0x00000000d0700000, 0x00000000d0800000, 0x00000000d0800000|100%| S|CS|TAMS 0x00000000d0700000| PB 0x00000000d0700000| Complete 
|1288|0x00000000d0800000, 0x00000000d0900000, 0x00000000d0900000|100%| S|CS|TAMS 0x00000000d0800000| PB 0x00000000d0800000| Complete 
|1289|0x00000000d0900000, 0x00000000d0a00000, 0x00000000d0a00000|100%| S|CS|TAMS 0x00000000d0900000| PB 0x00000000d0900000| Complete 
|1290|0x00000000d0a00000, 0x00000000d0b00000, 0x00000000d0b00000|100%| S|CS|TAMS 0x00000000d0a00000| PB 0x00000000d0a00000| Complete 
|1291|0x00000000d0b00000, 0x00000000d0c00000, 0x00000000d0c00000|100%| S|CS|TAMS 0x00000000d0b00000| PB 0x00000000d0b00000| Complete 
|1292|0x00000000d0c00000, 0x00000000d0d00000, 0x00000000d0d00000|100%| S|CS|TAMS 0x00000000d0c00000| PB 0x00000000d0c00000| Complete 
|1293|0x00000000d0d00000, 0x00000000d0e00000, 0x00000000d0e00000|100%| S|CS|TAMS 0x00000000d0d00000| PB 0x00000000d0d00000| Complete 
|1294|0x00000000d0e00000, 0x00000000d0f00000, 0x00000000d0f00000|100%|HS|  |TAMS 0x00000000d0e00000| PB 0x00000000d0e00000| Complete 
|1295|0x00000000d0f00000, 0x00000000d1000000, 0x00000000d1000000|100%|HC|  |TAMS 0x00000000d0f00000| PB 0x00000000d0f00000| Complete 
|1296|0x00000000d1000000, 0x00000000d1100000, 0x00000000d1100000|100%|HC|  |TAMS 0x00000000d1000000| PB 0x00000000d1000000| Complete 
|1297|0x00000000d1100000, 0x00000000d1200000, 0x00000000d1200000|100%|HC|  |TAMS 0x00000000d1100000| PB 0x00000000d1100000| Complete 
|1298|0x00000000d1200000, 0x00000000d1300000, 0x00000000d1300000|100%|HC|  |TAMS 0x00000000d1200000| PB 0x00000000d1200000| Complete 
|1299|0x00000000d1300000, 0x00000000d1400000, 0x00000000d1400000|100%|HC|  |TAMS 0x00000000d1300000| PB 0x00000000d1300000| Complete 
|1300|0x00000000d1400000, 0x00000000d1500000, 0x00000000d1500000|100%|HC|  |TAMS 0x00000000d1400000| PB 0x00000000d1400000| Complete 
|1301|0x00000000d1500000, 0x00000000d1600000, 0x00000000d1600000|100%|HC|  |TAMS 0x00000000d1500000| PB 0x00000000d1500000| Complete 
|1302|0x00000000d1600000, 0x00000000d1700000, 0x00000000d1700000|100%|HC|  |TAMS 0x00000000d1600000| PB 0x00000000d1600000| Complete 
|1303|0x00000000d1700000, 0x00000000d1800000, 0x00000000d1800000|100%|HC|  |TAMS 0x00000000d1700000| PB 0x00000000d1700000| Complete 
|1304|0x00000000d1800000, 0x00000000d1900000, 0x00000000d1900000|100%|HC|  |TAMS 0x00000000d1800000| PB 0x00000000d1800000| Complete 
|1305|0x00000000d1900000, 0x00000000d1a00000, 0x00000000d1a00000|100%|HC|  |TAMS 0x00000000d1900000| PB 0x00000000d1900000| Complete 
|1306|0x00000000d1a00000, 0x00000000d1b00000, 0x00000000d1b00000|100%|HC|  |TAMS 0x00000000d1a00000| PB 0x00000000d1a00000| Complete 
|1307|0x00000000d1b00000, 0x00000000d1c00000, 0x00000000d1c00000|100%|HC|  |TAMS 0x00000000d1b00000| PB 0x00000000d1b00000| Complete 
|1308|0x00000000d1c00000, 0x00000000d1d00000, 0x00000000d1d00000|100%|HC|  |TAMS 0x00000000d1c00000| PB 0x00000000d1c00000| Complete 
|1309|0x00000000d1d00000, 0x00000000d1e00000, 0x00000000d1e00000|100%|HC|  |TAMS 0x00000000d1d00000| PB 0x00000000d1d00000| Complete 
|1310|0x00000000d1e00000, 0x00000000d1f00000, 0x00000000d1f00000|100%|HC|  |TAMS 0x00000000d1e00000| PB 0x00000000d1e00000| Complete 
|1311|0x00000000d1f00000, 0x00000000d2000000, 0x00000000d2000000|100%|HC|  |TAMS 0x00000000d1f00000| PB 0x00000000d1f00000| Complete 
|1312|0x00000000d2000000, 0x00000000d2100000, 0x00000000d2100000|100%|HC|  |TAMS 0x00000000d2000000| PB 0x00000000d2000000| Complete 
|1313|0x00000000d2100000, 0x00000000d2200000, 0x00000000d2200000|100%|HC|  |TAMS 0x00000000d2100000| PB 0x00000000d2100000| Complete 
|1314|0x00000000d2200000, 0x00000000d2300000, 0x00000000d2300000|100%|HC|  |TAMS 0x00000000d2200000| PB 0x00000000d2200000| Complete 
|1315|0x00000000d2300000, 0x00000000d2400000, 0x00000000d2400000|100%|HC|  |TAMS 0x00000000d2300000| PB 0x00000000d2300000| Complete 
|1316|0x00000000d2400000, 0x00000000d2500000, 0x00000000d2500000|100%|HC|  |TAMS 0x00000000d2400000| PB 0x00000000d2400000| Complete 
|1317|0x00000000d2500000, 0x00000000d2600000, 0x00000000d2600000|100%|HC|  |TAMS 0x00000000d2500000| PB 0x00000000d2500000| Complete 
|1318|0x00000000d2600000, 0x00000000d2700000, 0x00000000d2700000|100%|HC|  |TAMS 0x00000000d2600000| PB 0x00000000d2600000| Complete 
|1319|0x00000000d2700000, 0x00000000d2800000, 0x00000000d2800000|100%|HC|  |TAMS 0x00000000d2700000| PB 0x00000000d2700000| Complete 
|1320|0x00000000d2800000, 0x00000000d2900000, 0x00000000d2900000|100%|HC|  |TAMS 0x00000000d2800000| PB 0x00000000d2800000| Complete 
|1321|0x00000000d2900000, 0x00000000d2a00000, 0x00000000d2a00000|100%|HC|  |TAMS 0x00000000d2900000| PB 0x00000000d2900000| Complete 
|1322|0x00000000d2a00000, 0x00000000d2b00000, 0x00000000d2b00000|100%|HC|  |TAMS 0x00000000d2a00000| PB 0x00000000d2a00000| Complete 
|1323|0x00000000d2b00000, 0x00000000d2c00000, 0x00000000d2c00000|100%|HC|  |TAMS 0x00000000d2b00000| PB 0x00000000d2b00000| Complete 
|1324|0x00000000d2c00000, 0x00000000d2d00000, 0x00000000d2d00000|100%|HC|  |TAMS 0x00000000d2c00000| PB 0x00000000d2c00000| Complete 
|1325|0x00000000d2d00000, 0x00000000d2e00000, 0x00000000d2e00000|100%|HC|  |TAMS 0x00000000d2d00000| PB 0x00000000d2d00000| Complete 
|1326|0x00000000d2e00000, 0x00000000d2f00000, 0x00000000d2f00000|100%|HC|  |TAMS 0x00000000d2e00000| PB 0x00000000d2e00000| Complete 
|1327|0x00000000d2f00000, 0x00000000d3000000, 0x00000000d3000000|100%|HC|  |TAMS 0x00000000d2f00000| PB 0x00000000d2f00000| Complete 
|1328|0x00000000d3000000, 0x00000000d3100000, 0x00000000d3100000|100%|HC|  |TAMS 0x00000000d3000000| PB 0x00000000d3000000| Complete 
|1329|0x00000000d3100000, 0x00000000d3200000, 0x00000000d3200000|100%|HC|  |TAMS 0x00000000d3100000| PB 0x00000000d3100000| Complete 
|1330|0x00000000d3200000, 0x00000000d3300000, 0x00000000d3300000|100%|HC|  |TAMS 0x00000000d3200000| PB 0x00000000d3200000| Complete 
|1331|0x00000000d3300000, 0x00000000d3400000, 0x00000000d3400000|100%|HC|  |TAMS 0x00000000d3300000| PB 0x00000000d3300000| Complete 
|1332|0x00000000d3400000, 0x00000000d3500000, 0x00000000d3500000|100%|HC|  |TAMS 0x00000000d3400000| PB 0x00000000d3400000| Complete 
|1333|0x00000000d3500000, 0x00000000d3600000, 0x00000000d3600000|100%|HC|  |TAMS 0x00000000d3500000| PB 0x00000000d3500000| Complete 
|1334|0x00000000d3600000, 0x00000000d3700000, 0x00000000d3700000|100%|HC|  |TAMS 0x00000000d3600000| PB 0x00000000d3600000| Complete 
|1335|0x00000000d3700000, 0x00000000d3800000, 0x00000000d3800000|100%|HC|  |TAMS 0x00000000d3700000| PB 0x00000000d3700000| Complete 
|1336|0x00000000d3800000, 0x00000000d3900000, 0x00000000d3900000|100%|HC|  |TAMS 0x00000000d3800000| PB 0x00000000d3800000| Complete 
|1337|0x00000000d3900000, 0x00000000d3a00000, 0x00000000d3a00000|100%|HC|  |TAMS 0x00000000d3900000| PB 0x00000000d3900000| Complete 
|1338|0x00000000d3a00000, 0x00000000d3a00000, 0x00000000d3b00000|  0%| F|  |TAMS 0x00000000d3a00000| PB 0x00000000d3a00000| Untracked 
|1339|0x00000000d3b00000, 0x00000000d3b00000, 0x00000000d3c00000|  0%| F|  |TAMS 0x00000000d3b00000| PB 0x00000000d3b00000| Untracked 
|1340|0x00000000d3c00000, 0x00000000d3c00000, 0x00000000d3d00000|  0%| F|  |TAMS 0x00000000d3c00000| PB 0x00000000d3c00000| Untracked 
|1341|0x00000000d3d00000, 0x00000000d3d00000, 0x00000000d3e00000|  0%| F|  |TAMS 0x00000000d3d00000| PB 0x00000000d3d00000| Untracked 
|1342|0x00000000d3e00000, 0x00000000d3e00000, 0x00000000d3f00000|  0%| F|  |TAMS 0x00000000d3e00000| PB 0x00000000d3e00000| Untracked 
|1343|0x00000000d3f00000, 0x00000000d3f00000, 0x00000000d4000000|  0%| F|  |TAMS 0x00000000d3f00000| PB 0x00000000d3f00000| Untracked 
|1344|0x00000000d4000000, 0x00000000d4000000, 0x00000000d4100000|  0%| F|  |TAMS 0x00000000d4000000| PB 0x00000000d4000000| Untracked 
|1345|0x00000000d4100000, 0x00000000d4100000, 0x00000000d4200000|  0%| F|  |TAMS 0x00000000d4100000| PB 0x00000000d4100000| Untracked 
|1346|0x00000000d4200000, 0x00000000d4200000, 0x00000000d4300000|  0%| F|  |TAMS 0x00000000d4200000| PB 0x00000000d4200000| Untracked 
|1347|0x00000000d4300000, 0x00000000d4300000, 0x00000000d4400000|  0%| F|  |TAMS 0x00000000d4300000| PB 0x00000000d4300000| Untracked 
|1348|0x00000000d4400000, 0x00000000d4400000, 0x00000000d4500000|  0%| F|  |TAMS 0x00000000d4400000| PB 0x00000000d4400000| Untracked 
|1349|0x00000000d4500000, 0x00000000d4500000, 0x00000000d4600000|  0%| F|  |TAMS 0x00000000d4500000| PB 0x00000000d4500000| Untracked 
|1350|0x00000000d4600000, 0x00000000d4600000, 0x00000000d4700000|  0%| F|  |TAMS 0x00000000d4600000| PB 0x00000000d4600000| Untracked 
|1351|0x00000000d4700000, 0x00000000d4700000, 0x00000000d4800000|  0%| F|  |TAMS 0x00000000d4700000| PB 0x00000000d4700000| Untracked 
|1352|0x00000000d4800000, 0x00000000d4800000, 0x00000000d4900000|  0%| F|  |TAMS 0x00000000d4800000| PB 0x00000000d4800000| Untracked 
|1353|0x00000000d4900000, 0x00000000d4900000, 0x00000000d4a00000|  0%| F|  |TAMS 0x00000000d4900000| PB 0x00000000d4900000| Untracked 
|1354|0x00000000d4a00000, 0x00000000d4a00000, 0x00000000d4b00000|  0%| F|  |TAMS 0x00000000d4a00000| PB 0x00000000d4a00000| Untracked 
|1355|0x00000000d4b00000, 0x00000000d4b00000, 0x00000000d4c00000|  0%| F|  |TAMS 0x00000000d4b00000| PB 0x00000000d4b00000| Untracked 
|1356|0x00000000d4c00000, 0x00000000d4c00000, 0x00000000d4d00000|  0%| F|  |TAMS 0x00000000d4c00000| PB 0x00000000d4c00000| Untracked 
|1357|0x00000000d4d00000, 0x00000000d4d00000, 0x00000000d4e00000|  0%| F|  |TAMS 0x00000000d4d00000| PB 0x00000000d4d00000| Untracked 
|1358|0x00000000d4e00000, 0x00000000d4e00000, 0x00000000d4f00000|  0%| F|  |TAMS 0x00000000d4e00000| PB 0x00000000d4e00000| Untracked 
|1359|0x00000000d4f00000, 0x00000000d4f00000, 0x00000000d5000000|  0%| F|  |TAMS 0x00000000d4f00000| PB 0x00000000d4f00000| Untracked 
|1360|0x00000000d5000000, 0x00000000d5000000, 0x00000000d5100000|  0%| F|  |TAMS 0x00000000d5000000| PB 0x00000000d5000000| Untracked 
|1361|0x00000000d5100000, 0x00000000d5100000, 0x00000000d5200000|  0%| F|  |TAMS 0x00000000d5100000| PB 0x00000000d5100000| Untracked 
|1362|0x00000000d5200000, 0x00000000d5200000, 0x00000000d5300000|  0%| F|  |TAMS 0x00000000d5200000| PB 0x00000000d5200000| Untracked 
|1363|0x00000000d5300000, 0x00000000d5300000, 0x00000000d5400000|  0%| F|  |TAMS 0x00000000d5300000| PB 0x00000000d5300000| Untracked 
|1364|0x00000000d5400000, 0x00000000d5400000, 0x00000000d5500000|  0%| F|  |TAMS 0x00000000d5400000| PB 0x00000000d5400000| Untracked 
|1365|0x00000000d5500000, 0x00000000d5500000, 0x00000000d5600000|  0%| F|  |TAMS 0x00000000d5500000| PB 0x00000000d5500000| Untracked 
|1366|0x00000000d5600000, 0x00000000d5600000, 0x00000000d5700000|  0%| F|  |TAMS 0x00000000d5600000| PB 0x00000000d5600000| Untracked 
|1367|0x00000000d5700000, 0x00000000d5700000, 0x00000000d5800000|  0%| F|  |TAMS 0x00000000d5700000| PB 0x00000000d5700000| Untracked 
|1368|0x00000000d5800000, 0x00000000d5800000, 0x00000000d5900000|  0%| F|  |TAMS 0x00000000d5800000| PB 0x00000000d5800000| Untracked 
|1369|0x00000000d5900000, 0x00000000d5900000, 0x00000000d5a00000|  0%| F|  |TAMS 0x00000000d5900000| PB 0x00000000d5900000| Untracked 
|1370|0x00000000d5a00000, 0x00000000d5a00000, 0x00000000d5b00000|  0%| F|  |TAMS 0x00000000d5a00000| PB 0x00000000d5a00000| Untracked 
|1371|0x00000000d5b00000, 0x00000000d5b00000, 0x00000000d5c00000|  0%| F|  |TAMS 0x00000000d5b00000| PB 0x00000000d5b00000| Untracked 
|1372|0x00000000d5c00000, 0x00000000d5c00000, 0x00000000d5d00000|  0%| F|  |TAMS 0x00000000d5c00000| PB 0x00000000d5c00000| Untracked 
|1373|0x00000000d5d00000, 0x00000000d5d00000, 0x00000000d5e00000|  0%| F|  |TAMS 0x00000000d5d00000| PB 0x00000000d5d00000| Untracked 
|1374|0x00000000d5e00000, 0x00000000d5e00000, 0x00000000d5f00000|  0%| F|  |TAMS 0x00000000d5e00000| PB 0x00000000d5e00000| Untracked 
|1375|0x00000000d5f00000, 0x00000000d5f00000, 0x00000000d6000000|  0%| F|  |TAMS 0x00000000d5f00000| PB 0x00000000d5f00000| Untracked 
|1376|0x00000000d6000000, 0x00000000d6000000, 0x00000000d6100000|  0%| F|  |TAMS 0x00000000d6000000| PB 0x00000000d6000000| Untracked 
|1377|0x00000000d6100000, 0x00000000d6100000, 0x00000000d6200000|  0%| F|  |TAMS 0x00000000d6100000| PB 0x00000000d6100000| Untracked 
|1378|0x00000000d6200000, 0x00000000d6200000, 0x00000000d6300000|  0%| F|  |TAMS 0x00000000d6200000| PB 0x00000000d6200000| Untracked 
|1379|0x00000000d6300000, 0x00000000d6300000, 0x00000000d6400000|  0%| F|  |TAMS 0x00000000d6300000| PB 0x00000000d6300000| Untracked 
|1380|0x00000000d6400000, 0x00000000d6400000, 0x00000000d6500000|  0%| F|  |TAMS 0x00000000d6400000| PB 0x00000000d6400000| Untracked 
|1381|0x00000000d6500000, 0x00000000d6500000, 0x00000000d6600000|  0%| F|  |TAMS 0x00000000d6500000| PB 0x00000000d6500000| Untracked 
|1382|0x00000000d6600000, 0x00000000d6600000, 0x00000000d6700000|  0%| F|  |TAMS 0x00000000d6600000| PB 0x00000000d6600000| Untracked 
|1383|0x00000000d6700000, 0x00000000d6700000, 0x00000000d6800000|  0%| F|  |TAMS 0x00000000d6700000| PB 0x00000000d6700000| Untracked 
|1384|0x00000000d6800000, 0x00000000d6800000, 0x00000000d6900000|  0%| F|  |TAMS 0x00000000d6800000| PB 0x00000000d6800000| Untracked 
|1385|0x00000000d6900000, 0x00000000d6900000, 0x00000000d6a00000|  0%| F|  |TAMS 0x00000000d6900000| PB 0x00000000d6900000| Untracked 
|1386|0x00000000d6a00000, 0x00000000d6a00000, 0x00000000d6b00000|  0%| F|  |TAMS 0x00000000d6a00000| PB 0x00000000d6a00000| Untracked 
|1387|0x00000000d6b00000, 0x00000000d6b00000, 0x00000000d6c00000|  0%| F|  |TAMS 0x00000000d6b00000| PB 0x00000000d6b00000| Untracked 
|1388|0x00000000d6c00000, 0x00000000d6c00000, 0x00000000d6d00000|  0%| F|  |TAMS 0x00000000d6c00000| PB 0x00000000d6c00000| Untracked 
|1389|0x00000000d6d00000, 0x00000000d6d00000, 0x00000000d6e00000|  0%| F|  |TAMS 0x00000000d6d00000| PB 0x00000000d6d00000| Untracked 
|1390|0x00000000d6e00000, 0x00000000d6e00000, 0x00000000d6f00000|  0%| F|  |TAMS 0x00000000d6e00000| PB 0x00000000d6e00000| Untracked 
|1391|0x00000000d6f00000, 0x00000000d6f00000, 0x00000000d7000000|  0%| F|  |TAMS 0x00000000d6f00000| PB 0x00000000d6f00000| Untracked 
|1392|0x00000000d7000000, 0x00000000d7000000, 0x00000000d7100000|  0%| F|  |TAMS 0x00000000d7000000| PB 0x00000000d7000000| Untracked 
|1393|0x00000000d7100000, 0x00000000d7100000, 0x00000000d7200000|  0%| F|  |TAMS 0x00000000d7100000| PB 0x00000000d7100000| Untracked 
|1394|0x00000000d7200000, 0x00000000d7200000, 0x00000000d7300000|  0%| F|  |TAMS 0x00000000d7200000| PB 0x00000000d7200000| Untracked 
|1395|0x00000000d7300000, 0x00000000d7300000, 0x00000000d7400000|  0%| F|  |TAMS 0x00000000d7300000| PB 0x00000000d7300000| Untracked 
|1396|0x00000000d7400000, 0x00000000d7400000, 0x00000000d7500000|  0%| F|  |TAMS 0x00000000d7400000| PB 0x00000000d7400000| Untracked 
|1397|0x00000000d7500000, 0x00000000d7500000, 0x00000000d7600000|  0%| F|  |TAMS 0x00000000d7500000| PB 0x00000000d7500000| Untracked 
|1398|0x00000000d7600000, 0x00000000d7600000, 0x00000000d7700000|  0%| F|  |TAMS 0x00000000d7600000| PB 0x00000000d7600000| Untracked 
|1399|0x00000000d7700000, 0x00000000d7700000, 0x00000000d7800000|  0%| F|  |TAMS 0x00000000d7700000| PB 0x00000000d7700000| Untracked 
|1400|0x00000000d7800000, 0x00000000d7800000, 0x00000000d7900000|  0%| F|  |TAMS 0x00000000d7800000| PB 0x00000000d7800000| Untracked 
|1401|0x00000000d7900000, 0x00000000d7900000, 0x00000000d7a00000|  0%| F|  |TAMS 0x00000000d7900000| PB 0x00000000d7900000| Untracked 
|1402|0x00000000d7a00000, 0x00000000d7a00000, 0x00000000d7b00000|  0%| F|  |TAMS 0x00000000d7a00000| PB 0x00000000d7a00000| Untracked 
|1403|0x00000000d7b00000, 0x00000000d7b00000, 0x00000000d7c00000|  0%| F|  |TAMS 0x00000000d7b00000| PB 0x00000000d7b00000| Untracked 
|1404|0x00000000d7c00000, 0x00000000d7c00000, 0x00000000d7d00000|  0%| F|  |TAMS 0x00000000d7c00000| PB 0x00000000d7c00000| Untracked 
|1405|0x00000000d7d00000, 0x00000000d7d00000, 0x00000000d7e00000|  0%| F|  |TAMS 0x00000000d7d00000| PB 0x00000000d7d00000| Untracked 
|1406|0x00000000d7e00000, 0x00000000d7e00000, 0x00000000d7f00000|  0%| F|  |TAMS 0x00000000d7e00000| PB 0x00000000d7e00000| Untracked 
|1407|0x00000000d7f00000, 0x00000000d7f00000, 0x00000000d8000000|  0%| F|  |TAMS 0x00000000d7f00000| PB 0x00000000d7f00000| Untracked 
|1408|0x00000000d8000000, 0x00000000d8000000, 0x00000000d8100000|  0%| F|  |TAMS 0x00000000d8000000| PB 0x00000000d8000000| Untracked 
|1409|0x00000000d8100000, 0x00000000d8100000, 0x00000000d8200000|  0%| F|  |TAMS 0x00000000d8100000| PB 0x00000000d8100000| Untracked 
|1410|0x00000000d8200000, 0x00000000d8200000, 0x00000000d8300000|  0%| F|  |TAMS 0x00000000d8200000| PB 0x00000000d8200000| Untracked 
|1411|0x00000000d8300000, 0x00000000d8300000, 0x00000000d8400000|  0%| F|  |TAMS 0x00000000d8300000| PB 0x00000000d8300000| Untracked 
|1412|0x00000000d8400000, 0x00000000d8400000, 0x00000000d8500000|  0%| F|  |TAMS 0x00000000d8400000| PB 0x00000000d8400000| Untracked 
|1413|0x00000000d8500000, 0x00000000d8500000, 0x00000000d8600000|  0%| F|  |TAMS 0x00000000d8500000| PB 0x00000000d8500000| Untracked 
|1414|0x00000000d8600000, 0x00000000d8600000, 0x00000000d8700000|  0%| F|  |TAMS 0x00000000d8600000| PB 0x00000000d8600000| Untracked 
|1415|0x00000000d8700000, 0x00000000d8700000, 0x00000000d8800000|  0%| F|  |TAMS 0x00000000d8700000| PB 0x00000000d8700000| Untracked 
|1416|0x00000000d8800000, 0x00000000d8800000, 0x00000000d8900000|  0%| F|  |TAMS 0x00000000d8800000| PB 0x00000000d8800000| Untracked 
|1417|0x00000000d8900000, 0x00000000d8900000, 0x00000000d8a00000|  0%| F|  |TAMS 0x00000000d8900000| PB 0x00000000d8900000| Untracked 
|1418|0x00000000d8a00000, 0x00000000d8a00000, 0x00000000d8b00000|  0%| F|  |TAMS 0x00000000d8a00000| PB 0x00000000d8a00000| Untracked 
|1419|0x00000000d8b00000, 0x00000000d8b00000, 0x00000000d8c00000|  0%| F|  |TAMS 0x00000000d8b00000| PB 0x00000000d8b00000| Untracked 
|1420|0x00000000d8c00000, 0x00000000d8c00000, 0x00000000d8d00000|  0%| F|  |TAMS 0x00000000d8c00000| PB 0x00000000d8c00000| Untracked 
|1421|0x00000000d8d00000, 0x00000000d8d00000, 0x00000000d8e00000|  0%| F|  |TAMS 0x00000000d8d00000| PB 0x00000000d8d00000| Untracked 
|1422|0x00000000d8e00000, 0x00000000d8e00000, 0x00000000d8f00000|  0%| F|  |TAMS 0x00000000d8e00000| PB 0x00000000d8e00000| Untracked 
|1423|0x00000000d8f00000, 0x00000000d8f00000, 0x00000000d9000000|  0%| F|  |TAMS 0x00000000d8f00000| PB 0x00000000d8f00000| Untracked 
|1424|0x00000000d9000000, 0x00000000d9000000, 0x00000000d9100000|  0%| F|  |TAMS 0x00000000d9000000| PB 0x00000000d9000000| Untracked 
|1425|0x00000000d9100000, 0x00000000d9100000, 0x00000000d9200000|  0%| F|  |TAMS 0x00000000d9100000| PB 0x00000000d9100000| Untracked 
|1426|0x00000000d9200000, 0x00000000d9200000, 0x00000000d9300000|  0%| F|  |TAMS 0x00000000d9200000| PB 0x00000000d9200000| Untracked 
|1427|0x00000000d9300000, 0x00000000d9300000, 0x00000000d9400000|  0%| F|  |TAMS 0x00000000d9300000| PB 0x00000000d9300000| Untracked 
|1428|0x00000000d9400000, 0x00000000d9400000, 0x00000000d9500000|  0%| F|  |TAMS 0x00000000d9400000| PB 0x00000000d9400000| Untracked 
|1429|0x00000000d9500000, 0x00000000d9500000, 0x00000000d9600000|  0%| F|  |TAMS 0x00000000d9500000| PB 0x00000000d9500000| Untracked 
|1430|0x00000000d9600000, 0x00000000d9600000, 0x00000000d9700000|  0%| F|  |TAMS 0x00000000d9600000| PB 0x00000000d9600000| Untracked 
|1431|0x00000000d9700000, 0x00000000d9700000, 0x00000000d9800000|  0%| F|  |TAMS 0x00000000d9700000| PB 0x00000000d9700000| Untracked 
|1432|0x00000000d9800000, 0x00000000d9800000, 0x00000000d9900000|  0%| F|  |TAMS 0x00000000d9800000| PB 0x00000000d9800000| Untracked 
|1433|0x00000000d9900000, 0x00000000d9900000, 0x00000000d9a00000|  0%| F|  |TAMS 0x00000000d9900000| PB 0x00000000d9900000| Untracked 
|1434|0x00000000d9a00000, 0x00000000d9a00000, 0x00000000d9b00000|  0%| F|  |TAMS 0x00000000d9a00000| PB 0x00000000d9a00000| Untracked 
|1435|0x00000000d9b00000, 0x00000000d9b00000, 0x00000000d9c00000|  0%| F|  |TAMS 0x00000000d9b00000| PB 0x00000000d9b00000| Untracked 
|1436|0x00000000d9c00000, 0x00000000d9c00000, 0x00000000d9d00000|  0%| F|  |TAMS 0x00000000d9c00000| PB 0x00000000d9c00000| Untracked 
|1437|0x00000000d9d00000, 0x00000000d9d00000, 0x00000000d9e00000|  0%| F|  |TAMS 0x00000000d9d00000| PB 0x00000000d9d00000| Untracked 
|1438|0x00000000d9e00000, 0x00000000d9e00000, 0x00000000d9f00000|  0%| F|  |TAMS 0x00000000d9e00000| PB 0x00000000d9e00000| Untracked 
|1439|0x00000000d9f00000, 0x00000000d9f00000, 0x00000000da000000|  0%| F|  |TAMS 0x00000000d9f00000| PB 0x00000000d9f00000| Untracked 
|1440|0x00000000da000000, 0x00000000da000000, 0x00000000da100000|  0%| F|  |TAMS 0x00000000da000000| PB 0x00000000da000000| Untracked 
|1441|0x00000000da100000, 0x00000000da100000, 0x00000000da200000|  0%| F|  |TAMS 0x00000000da100000| PB 0x00000000da100000| Untracked 
|1442|0x00000000da200000, 0x00000000da200000, 0x00000000da300000|  0%| F|  |TAMS 0x00000000da200000| PB 0x00000000da200000| Untracked 
|1443|0x00000000da300000, 0x00000000da300000, 0x00000000da400000|  0%| F|  |TAMS 0x00000000da300000| PB 0x00000000da300000| Untracked 
|1444|0x00000000da400000, 0x00000000da400000, 0x00000000da500000|  0%| F|  |TAMS 0x00000000da400000| PB 0x00000000da400000| Untracked 
|1445|0x00000000da500000, 0x00000000da500000, 0x00000000da600000|  0%| F|  |TAMS 0x00000000da500000| PB 0x00000000da500000| Untracked 
|1446|0x00000000da600000, 0x00000000da600000, 0x00000000da700000|  0%| F|  |TAMS 0x00000000da600000| PB 0x00000000da600000| Untracked 
|1447|0x00000000da700000, 0x00000000da700000, 0x00000000da800000|  0%| F|  |TAMS 0x00000000da700000| PB 0x00000000da700000| Untracked 
|1448|0x00000000da800000, 0x00000000da800000, 0x00000000da900000|  0%| F|  |TAMS 0x00000000da800000| PB 0x00000000da800000| Untracked 
|1449|0x00000000da900000, 0x00000000da900000, 0x00000000daa00000|  0%| F|  |TAMS 0x00000000da900000| PB 0x00000000da900000| Untracked 
|1450|0x00000000daa00000, 0x00000000daa00000, 0x00000000dab00000|  0%| F|  |TAMS 0x00000000daa00000| PB 0x00000000daa00000| Untracked 
|1451|0x00000000dab00000, 0x00000000dab00000, 0x00000000dac00000|  0%| F|  |TAMS 0x00000000dab00000| PB 0x00000000dab00000| Untracked 
|1452|0x00000000dac00000, 0x00000000dac00000, 0x00000000dad00000|  0%| F|  |TAMS 0x00000000dac00000| PB 0x00000000dac00000| Untracked 
|1453|0x00000000dad00000, 0x00000000dad00000, 0x00000000dae00000|  0%| F|  |TAMS 0x00000000dad00000| PB 0x00000000dad00000| Untracked 
|1454|0x00000000dae00000, 0x00000000dae00000, 0x00000000daf00000|  0%| F|  |TAMS 0x00000000dae00000| PB 0x00000000dae00000| Untracked 
|1455|0x00000000daf00000, 0x00000000daf00000, 0x00000000db000000|  0%| F|  |TAMS 0x00000000daf00000| PB 0x00000000daf00000| Untracked 
|1456|0x00000000db000000, 0x00000000db000000, 0x00000000db100000|  0%| F|  |TAMS 0x00000000db000000| PB 0x00000000db000000| Untracked 
|1457|0x00000000db100000, 0x00000000db100000, 0x00000000db200000|  0%| F|  |TAMS 0x00000000db100000| PB 0x00000000db100000| Untracked 
|1458|0x00000000db200000, 0x00000000db200000, 0x00000000db300000|  0%| F|  |TAMS 0x00000000db200000| PB 0x00000000db200000| Untracked 
|1459|0x00000000db300000, 0x00000000db300000, 0x00000000db400000|  0%| F|  |TAMS 0x00000000db300000| PB 0x00000000db300000| Untracked 
|1460|0x00000000db400000, 0x00000000db400000, 0x00000000db500000|  0%| F|  |TAMS 0x00000000db400000| PB 0x00000000db400000| Untracked 
|1461|0x00000000db500000, 0x00000000db500000, 0x00000000db600000|  0%| F|  |TAMS 0x00000000db500000| PB 0x00000000db500000| Untracked 
|1462|0x00000000db600000, 0x00000000db600000, 0x00000000db700000|  0%| F|  |TAMS 0x00000000db600000| PB 0x00000000db600000| Untracked 
|1463|0x00000000db700000, 0x00000000db700000, 0x00000000db800000|  0%| F|  |TAMS 0x00000000db700000| PB 0x00000000db700000| Untracked 
|1464|0x00000000db800000, 0x00000000db800000, 0x00000000db900000|  0%| F|  |TAMS 0x00000000db800000| PB 0x00000000db800000| Untracked 
|1465|0x00000000db900000, 0x00000000db900000, 0x00000000dba00000|  0%| F|  |TAMS 0x00000000db900000| PB 0x00000000db900000| Untracked 
|1466|0x00000000dba00000, 0x00000000dba00000, 0x00000000dbb00000|  0%| F|  |TAMS 0x00000000dba00000| PB 0x00000000dba00000| Untracked 
|1467|0x00000000dbb00000, 0x00000000dbb00000, 0x00000000dbc00000|  0%| F|  |TAMS 0x00000000dbb00000| PB 0x00000000dbb00000| Untracked 
|1468|0x00000000dbc00000, 0x00000000dbc00000, 0x00000000dbd00000|  0%| F|  |TAMS 0x00000000dbc00000| PB 0x00000000dbc00000| Untracked 
|1469|0x00000000dbd00000, 0x00000000dbd00000, 0x00000000dbe00000|  0%| F|  |TAMS 0x00000000dbd00000| PB 0x00000000dbd00000| Untracked 
|1470|0x00000000dbe00000, 0x00000000dbe00000, 0x00000000dbf00000|  0%| F|  |TAMS 0x00000000dbe00000| PB 0x00000000dbe00000| Untracked 
|1471|0x00000000dbf00000, 0x00000000dbf00000, 0x00000000dc000000|  0%| F|  |TAMS 0x00000000dbf00000| PB 0x00000000dbf00000| Untracked 
|1472|0x00000000dc000000, 0x00000000dc000000, 0x00000000dc100000|  0%| F|  |TAMS 0x00000000dc000000| PB 0x00000000dc000000| Untracked 
|1473|0x00000000dc100000, 0x00000000dc100000, 0x00000000dc200000|  0%| F|  |TAMS 0x00000000dc100000| PB 0x00000000dc100000| Untracked 
|1474|0x00000000dc200000, 0x00000000dc200000, 0x00000000dc300000|  0%| F|  |TAMS 0x00000000dc200000| PB 0x00000000dc200000| Untracked 
|1475|0x00000000dc300000, 0x00000000dc300000, 0x00000000dc400000|  0%| F|  |TAMS 0x00000000dc300000| PB 0x00000000dc300000| Untracked 
|1476|0x00000000dc400000, 0x00000000dc400000, 0x00000000dc500000|  0%| F|  |TAMS 0x00000000dc400000| PB 0x00000000dc400000| Untracked 
|1477|0x00000000dc500000, 0x00000000dc500000, 0x00000000dc600000|  0%| F|  |TAMS 0x00000000dc500000| PB 0x00000000dc500000| Untracked 
|1478|0x00000000dc600000, 0x00000000dc600000, 0x00000000dc700000|  0%| F|  |TAMS 0x00000000dc600000| PB 0x00000000dc600000| Untracked 
|1479|0x00000000dc700000, 0x00000000dc700000, 0x00000000dc800000|  0%| F|  |TAMS 0x00000000dc700000| PB 0x00000000dc700000| Untracked 
|1480|0x00000000dc800000, 0x00000000dc800000, 0x00000000dc900000|  0%| F|  |TAMS 0x00000000dc800000| PB 0x00000000dc800000| Untracked 
|1481|0x00000000dc900000, 0x00000000dc900000, 0x00000000dca00000|  0%| F|  |TAMS 0x00000000dc900000| PB 0x00000000dc900000| Untracked 
|1482|0x00000000dca00000, 0x00000000dca00000, 0x00000000dcb00000|  0%| F|  |TAMS 0x00000000dca00000| PB 0x00000000dca00000| Untracked 
|1483|0x00000000dcb00000, 0x00000000dcb00000, 0x00000000dcc00000|  0%| F|  |TAMS 0x00000000dcb00000| PB 0x00000000dcb00000| Untracked 
|1484|0x00000000dcc00000, 0x00000000dcc00000, 0x00000000dcd00000|  0%| F|  |TAMS 0x00000000dcc00000| PB 0x00000000dcc00000| Untracked 
|1485|0x00000000dcd00000, 0x00000000dcd00000, 0x00000000dce00000|  0%| F|  |TAMS 0x00000000dcd00000| PB 0x00000000dcd00000| Untracked 
|1486|0x00000000dce00000, 0x00000000dce00000, 0x00000000dcf00000|  0%| F|  |TAMS 0x00000000dce00000| PB 0x00000000dce00000| Untracked 
|1487|0x00000000dcf00000, 0x00000000dcf00000, 0x00000000dd000000|  0%| F|  |TAMS 0x00000000dcf00000| PB 0x00000000dcf00000| Untracked 
|1488|0x00000000dd000000, 0x00000000dd000000, 0x00000000dd100000|  0%| F|  |TAMS 0x00000000dd000000| PB 0x00000000dd000000| Untracked 
|1489|0x00000000dd100000, 0x00000000dd100000, 0x00000000dd200000|  0%| F|  |TAMS 0x00000000dd100000| PB 0x00000000dd100000| Untracked 
|1490|0x00000000dd200000, 0x00000000dd200000, 0x00000000dd300000|  0%| F|  |TAMS 0x00000000dd200000| PB 0x00000000dd200000| Untracked 
|1491|0x00000000dd300000, 0x00000000dd300000, 0x00000000dd400000|  0%| F|  |TAMS 0x00000000dd300000| PB 0x00000000dd300000| Untracked 
|1492|0x00000000dd400000, 0x00000000dd400000, 0x00000000dd500000|  0%| F|  |TAMS 0x00000000dd400000| PB 0x00000000dd400000| Untracked 
|1493|0x00000000dd500000, 0x00000000dd500000, 0x00000000dd600000|  0%| F|  |TAMS 0x00000000dd500000| PB 0x00000000dd500000| Untracked 
|1494|0x00000000dd600000, 0x00000000dd600000, 0x00000000dd700000|  0%| F|  |TAMS 0x00000000dd600000| PB 0x00000000dd600000| Untracked 
|1495|0x00000000dd700000, 0x00000000dd700000, 0x00000000dd800000|  0%| F|  |TAMS 0x00000000dd700000| PB 0x00000000dd700000| Untracked 
|1496|0x00000000dd800000, 0x00000000dd800000, 0x00000000dd900000|  0%| F|  |TAMS 0x00000000dd800000| PB 0x00000000dd800000| Untracked 
|1497|0x00000000dd900000, 0x00000000dd900000, 0x00000000dda00000|  0%| F|  |TAMS 0x00000000dd900000| PB 0x00000000dd900000| Untracked 
|1498|0x00000000dda00000, 0x00000000dda00000, 0x00000000ddb00000|  0%| F|  |TAMS 0x00000000dda00000| PB 0x00000000dda00000| Untracked 
|1499|0x00000000ddb00000, 0x00000000ddb00000, 0x00000000ddc00000|  0%| F|  |TAMS 0x00000000ddb00000| PB 0x00000000ddb00000| Untracked 
|1500|0x00000000ddc00000, 0x00000000ddc00000, 0x00000000ddd00000|  0%| F|  |TAMS 0x00000000ddc00000| PB 0x00000000ddc00000| Untracked 
|1501|0x00000000ddd00000, 0x00000000ddd00000, 0x00000000dde00000|  0%| F|  |TAMS 0x00000000ddd00000| PB 0x00000000ddd00000| Untracked 
|1502|0x00000000dde00000, 0x00000000dde00000, 0x00000000ddf00000|  0%| F|  |TAMS 0x00000000dde00000| PB 0x00000000dde00000| Untracked 
|1503|0x00000000ddf00000, 0x00000000ddf00000, 0x00000000de000000|  0%| F|  |TAMS 0x00000000ddf00000| PB 0x00000000ddf00000| Untracked 
|1504|0x00000000de000000, 0x00000000de000000, 0x00000000de100000|  0%| F|  |TAMS 0x00000000de000000| PB 0x00000000de000000| Untracked 
|1505|0x00000000de100000, 0x00000000de100000, 0x00000000de200000|  0%| F|  |TAMS 0x00000000de100000| PB 0x00000000de100000| Untracked 
|1506|0x00000000de200000, 0x00000000de200000, 0x00000000de300000|  0%| F|  |TAMS 0x00000000de200000| PB 0x00000000de200000| Untracked 
|1507|0x00000000de300000, 0x00000000de300000, 0x00000000de400000|  0%| F|  |TAMS 0x00000000de300000| PB 0x00000000de300000| Untracked 
|1508|0x00000000de400000, 0x00000000de400000, 0x00000000de500000|  0%| F|  |TAMS 0x00000000de400000| PB 0x00000000de400000| Untracked 
|1509|0x00000000de500000, 0x00000000de500000, 0x00000000de600000|  0%| F|  |TAMS 0x00000000de500000| PB 0x00000000de500000| Untracked 
|1510|0x00000000de600000, 0x00000000de600000, 0x00000000de700000|  0%| F|  |TAMS 0x00000000de600000| PB 0x00000000de600000| Untracked 
|1511|0x00000000de700000, 0x00000000de700000, 0x00000000de800000|  0%| F|  |TAMS 0x00000000de700000| PB 0x00000000de700000| Untracked 
|1512|0x00000000de800000, 0x00000000de800000, 0x00000000de900000|  0%| F|  |TAMS 0x00000000de800000| PB 0x00000000de800000| Untracked 
|1513|0x00000000de900000, 0x00000000de900000, 0x00000000dea00000|  0%| F|  |TAMS 0x00000000de900000| PB 0x00000000de900000| Untracked 
|1514|0x00000000dea00000, 0x00000000dea00000, 0x00000000deb00000|  0%| F|  |TAMS 0x00000000dea00000| PB 0x00000000dea00000| Untracked 
|1515|0x00000000deb00000, 0x00000000deb00000, 0x00000000dec00000|  0%| F|  |TAMS 0x00000000deb00000| PB 0x00000000deb00000| Untracked 
|1516|0x00000000dec00000, 0x00000000dec00000, 0x00000000ded00000|  0%| F|  |TAMS 0x00000000dec00000| PB 0x00000000dec00000| Untracked 
|1517|0x00000000ded00000, 0x00000000ded00000, 0x00000000dee00000|  0%| F|  |TAMS 0x00000000ded00000| PB 0x00000000ded00000| Untracked 
|1518|0x00000000dee00000, 0x00000000dee00000, 0x00000000def00000|  0%| F|  |TAMS 0x00000000dee00000| PB 0x00000000dee00000| Untracked 
|1519|0x00000000def00000, 0x00000000def00000, 0x00000000df000000|  0%| F|  |TAMS 0x00000000def00000| PB 0x00000000def00000| Untracked 
|1520|0x00000000df000000, 0x00000000df000000, 0x00000000df100000|  0%| F|  |TAMS 0x00000000df000000| PB 0x00000000df000000| Untracked 
|1521|0x00000000df100000, 0x00000000df100000, 0x00000000df200000|  0%| F|  |TAMS 0x00000000df100000| PB 0x00000000df100000| Untracked 
|1522|0x00000000df200000, 0x00000000df200000, 0x00000000df300000|  0%| F|  |TAMS 0x00000000df200000| PB 0x00000000df200000| Untracked 
|1523|0x00000000df300000, 0x00000000df300000, 0x00000000df400000|  0%| F|  |TAMS 0x00000000df300000| PB 0x00000000df300000| Untracked 
|1524|0x00000000df400000, 0x00000000df400000, 0x00000000df500000|  0%| F|  |TAMS 0x00000000df400000| PB 0x00000000df400000| Untracked 
|1525|0x00000000df500000, 0x00000000df500000, 0x00000000df600000|  0%| F|  |TAMS 0x00000000df500000| PB 0x00000000df500000| Untracked 
|1526|0x00000000df600000, 0x00000000df600000, 0x00000000df700000|  0%| F|  |TAMS 0x00000000df600000| PB 0x00000000df600000| Untracked 
|1527|0x00000000df700000, 0x00000000df700000, 0x00000000df800000|  0%| F|  |TAMS 0x00000000df700000| PB 0x00000000df700000| Untracked 
|1528|0x00000000df800000, 0x00000000df800000, 0x00000000df900000|  0%| F|  |TAMS 0x00000000df800000| PB 0x00000000df800000| Untracked 
|1529|0x00000000df900000, 0x00000000df900000, 0x00000000dfa00000|  0%| F|  |TAMS 0x00000000df900000| PB 0x00000000df900000| Untracked 
|1530|0x00000000dfa00000, 0x00000000dfa00000, 0x00000000dfb00000|  0%| F|  |TAMS 0x00000000dfa00000| PB 0x00000000dfa00000| Untracked 
|1531|0x00000000dfb00000, 0x00000000dfb00000, 0x00000000dfc00000|  0%| F|  |TAMS 0x00000000dfb00000| PB 0x00000000dfb00000| Untracked 
|1532|0x00000000dfc00000, 0x00000000dfc00000, 0x00000000dfd00000|  0%| F|  |TAMS 0x00000000dfc00000| PB 0x00000000dfc00000| Untracked 
|1533|0x00000000dfd00000, 0x00000000dfd00000, 0x00000000dfe00000|  0%| F|  |TAMS 0x00000000dfd00000| PB 0x00000000dfd00000| Untracked 
|1534|0x00000000dfe00000, 0x00000000dfe00000, 0x00000000dff00000|  0%| F|  |TAMS 0x00000000dfe00000| PB 0x00000000dfe00000| Untracked 
|1535|0x00000000dff00000, 0x00000000dff00000, 0x00000000e0000000|  0%| F|  |TAMS 0x00000000dff00000| PB 0x00000000dff00000| Untracked 
|1536|0x00000000e0000000, 0x00000000e0000000, 0x00000000e0100000|  0%| F|  |TAMS 0x00000000e0000000| PB 0x00000000e0000000| Untracked 
|1537|0x00000000e0100000, 0x00000000e0100000, 0x00000000e0200000|  0%| F|  |TAMS 0x00000000e0100000| PB 0x00000000e0100000| Untracked 
|1538|0x00000000e0200000, 0x00000000e0200000, 0x00000000e0300000|  0%| F|  |TAMS 0x00000000e0200000| PB 0x00000000e0200000| Untracked 
|1539|0x00000000e0300000, 0x00000000e0300000, 0x00000000e0400000|  0%| F|  |TAMS 0x00000000e0300000| PB 0x00000000e0300000| Untracked 
|1540|0x00000000e0400000, 0x00000000e0400000, 0x00000000e0500000|  0%| F|  |TAMS 0x00000000e0400000| PB 0x00000000e0400000| Untracked 
|1541|0x00000000e0500000, 0x00000000e0500000, 0x00000000e0600000|  0%| F|  |TAMS 0x00000000e0500000| PB 0x00000000e0500000| Untracked 
|1542|0x00000000e0600000, 0x00000000e0600000, 0x00000000e0700000|  0%| F|  |TAMS 0x00000000e0600000| PB 0x00000000e0600000| Untracked 
|1543|0x00000000e0700000, 0x00000000e0700000, 0x00000000e0800000|  0%| F|  |TAMS 0x00000000e0700000| PB 0x00000000e0700000| Untracked 
|1544|0x00000000e0800000, 0x00000000e0800000, 0x00000000e0900000|  0%| F|  |TAMS 0x00000000e0800000| PB 0x00000000e0800000| Untracked 
|1545|0x00000000e0900000, 0x00000000e0900000, 0x00000000e0a00000|  0%| F|  |TAMS 0x00000000e0900000| PB 0x00000000e0900000| Untracked 
|1546|0x00000000e0a00000, 0x00000000e0a00000, 0x00000000e0b00000|  0%| F|  |TAMS 0x00000000e0a00000| PB 0x00000000e0a00000| Untracked 
|1547|0x00000000e0b00000, 0x00000000e0b00000, 0x00000000e0c00000|  0%| F|  |TAMS 0x00000000e0b00000| PB 0x00000000e0b00000| Untracked 
|1548|0x00000000e0c00000, 0x00000000e0c00000, 0x00000000e0d00000|  0%| F|  |TAMS 0x00000000e0c00000| PB 0x00000000e0c00000| Untracked 
|1549|0x00000000e0d00000, 0x00000000e0d00000, 0x00000000e0e00000|  0%| F|  |TAMS 0x00000000e0d00000| PB 0x00000000e0d00000| Untracked 
|1550|0x00000000e0e00000, 0x00000000e0e00000, 0x00000000e0f00000|  0%| F|  |TAMS 0x00000000e0e00000| PB 0x00000000e0e00000| Untracked 
|1551|0x00000000e0f00000, 0x00000000e0f00000, 0x00000000e1000000|  0%| F|  |TAMS 0x00000000e0f00000| PB 0x00000000e0f00000| Untracked 
|1552|0x00000000e1000000, 0x00000000e1000000, 0x00000000e1100000|  0%| F|  |TAMS 0x00000000e1000000| PB 0x00000000e1000000| Untracked 
|1553|0x00000000e1100000, 0x00000000e1100000, 0x00000000e1200000|  0%| F|  |TAMS 0x00000000e1100000| PB 0x00000000e1100000| Untracked 
|1554|0x00000000e1200000, 0x00000000e1200000, 0x00000000e1300000|  0%| F|  |TAMS 0x00000000e1200000| PB 0x00000000e1200000| Untracked 
|1555|0x00000000e1300000, 0x00000000e1300000, 0x00000000e1400000|  0%| F|  |TAMS 0x00000000e1300000| PB 0x00000000e1300000| Untracked 
|1556|0x00000000e1400000, 0x00000000e1400000, 0x00000000e1500000|  0%| F|  |TAMS 0x00000000e1400000| PB 0x00000000e1400000| Untracked 
|1557|0x00000000e1500000, 0x00000000e1500000, 0x00000000e1600000|  0%| F|  |TAMS 0x00000000e1500000| PB 0x00000000e1500000| Untracked 
|1558|0x00000000e1600000, 0x00000000e1600000, 0x00000000e1700000|  0%| F|  |TAMS 0x00000000e1600000| PB 0x00000000e1600000| Untracked 
|1559|0x00000000e1700000, 0x00000000e1700000, 0x00000000e1800000|  0%| F|  |TAMS 0x00000000e1700000| PB 0x00000000e1700000| Untracked 
|1560|0x00000000e1800000, 0x00000000e1800000, 0x00000000e1900000|  0%| F|  |TAMS 0x00000000e1800000| PB 0x00000000e1800000| Untracked 
|1561|0x00000000e1900000, 0x00000000e1900000, 0x00000000e1a00000|  0%| F|  |TAMS 0x00000000e1900000| PB 0x00000000e1900000| Untracked 
|1562|0x00000000e1a00000, 0x00000000e1a00000, 0x00000000e1b00000|  0%| F|  |TAMS 0x00000000e1a00000| PB 0x00000000e1a00000| Untracked 
|1563|0x00000000e1b00000, 0x00000000e1b00000, 0x00000000e1c00000|  0%| F|  |TAMS 0x00000000e1b00000| PB 0x00000000e1b00000| Untracked 
|1564|0x00000000e1c00000, 0x00000000e1c00000, 0x00000000e1d00000|  0%| F|  |TAMS 0x00000000e1c00000| PB 0x00000000e1c00000| Untracked 
|1565|0x00000000e1d00000, 0x00000000e1d00000, 0x00000000e1e00000|  0%| F|  |TAMS 0x00000000e1d00000| PB 0x00000000e1d00000| Untracked 
|1566|0x00000000e1e00000, 0x00000000e1e00000, 0x00000000e1f00000|  0%| F|  |TAMS 0x00000000e1e00000| PB 0x00000000e1e00000| Untracked 
|1828|0x00000000f2400000, 0x00000000f2500000, 0x00000000f2500000|100%| O|  |TAMS 0x00000000f2500000| PB 0x00000000f2500000| Updating 
|1829|0x00000000f2500000, 0x00000000f2500000, 0x00000000f2600000|  0%| F|  |TAMS 0x00000000f2500000| PB 0x00000000f2500000| Untracked 
|1830|0x00000000f2600000, 0x00000000f2600000, 0x00000000f2700000|  0%| F|  |TAMS 0x00000000f2600000| PB 0x00000000f2600000| Untracked 
|1831|0x00000000f2700000, 0x00000000f2800000, 0x00000000f2800000|100%| O|  |TAMS 0x00000000f2800000| PB 0x00000000f2800000| Updating 
|1832|0x00000000f2800000, 0x00000000f2900000, 0x00000000f2900000|100%| O|  |TAMS 0x00000000f2900000| PB 0x00000000f2900000| Updating 
|1833|0x00000000f2900000, 0x00000000f2a00000, 0x00000000f2a00000|100%| O|  |TAMS 0x00000000f2a00000| PB 0x00000000f2a00000| Untracked 
|1834|0x00000000f2a00000, 0x00000000f2b00000, 0x00000000f2b00000|100%| O|  |TAMS 0x00000000f2b00000| PB 0x00000000f2b00000| Untracked 
|1835|0x00000000f2b00000, 0x00000000f2c00000, 0x00000000f2c00000|100%| O|  |TAMS 0x00000000f2c00000| PB 0x00000000f2c00000| Untracked 
|1836|0x00000000f2c00000, 0x00000000f2d00000, 0x00000000f2d00000|100%| O|  |TAMS 0x00000000f2d00000| PB 0x00000000f2d00000| Untracked 
|1837|0x00000000f2d00000, 0x00000000f2e00000, 0x00000000f2e00000|100%| O|  |TAMS 0x00000000f2e00000| PB 0x00000000f2e00000| Untracked 
|1838|0x00000000f2e00000, 0x00000000f2f00000, 0x00000000f2f00000|100%| O|  |TAMS 0x00000000f2f00000| PB 0x00000000f2f00000| Untracked 
|1839|0x00000000f2f00000, 0x00000000f3000000, 0x00000000f3000000|100%| O|  |TAMS 0x00000000f3000000| PB 0x00000000f3000000| Untracked 
|1840|0x00000000f3000000, 0x00000000f3100000, 0x00000000f3100000|100%| O|  |TAMS 0x00000000f3100000| PB 0x00000000f3100000| Updating 
|1841|0x00000000f3100000, 0x00000000f3200000, 0x00000000f3200000|100%| O|  |TAMS 0x00000000f3200000| PB 0x00000000f3200000| Untracked 
|1842|0x00000000f3200000, 0x00000000f3300000, 0x00000000f3300000|100%| O|  |TAMS 0x00000000f3300000| PB 0x00000000f3300000| Untracked 
|1843|0x00000000f3300000, 0x00000000f3400000, 0x00000000f3400000|100%| O|  |TAMS 0x00000000f3400000| PB 0x00000000f3400000| Untracked 
|1844|0x00000000f3400000, 0x00000000f3500000, 0x00000000f3500000|100%| O|  |TAMS 0x00000000f3500000| PB 0x00000000f3500000| Untracked 
|1845|0x00000000f3500000, 0x00000000f3600000, 0x00000000f3600000|100%| O|  |TAMS 0x00000000f3600000| PB 0x00000000f3600000| Untracked 
|1846|0x00000000f3600000, 0x00000000f3700000, 0x00000000f3700000|100%| O|  |TAMS 0x00000000f3700000| PB 0x00000000f3700000| Untracked 
|1847|0x00000000f3700000, 0x00000000f3800000, 0x00000000f3800000|100%| O|  |TAMS 0x00000000f3800000| PB 0x00000000f3800000| Untracked 
|1848|0x00000000f3800000, 0x00000000f3900000, 0x00000000f3900000|100%| O|  |TAMS 0x00000000f3900000| PB 0x00000000f3900000| Untracked 
|1849|0x00000000f3900000, 0x00000000f3a00000, 0x00000000f3a00000|100%| O|  |TAMS 0x00000000f3a00000| PB 0x00000000f3a00000| Untracked 
|1850|0x00000000f3a00000, 0x00000000f3b00000, 0x00000000f3b00000|100%| O|  |TAMS 0x00000000f3b00000| PB 0x00000000f3b00000| Untracked 
|1851|0x00000000f3b00000, 0x00000000f3c00000, 0x00000000f3c00000|100%| O|  |TAMS 0x00000000f3c00000| PB 0x00000000f3c00000| Untracked 
|1852|0x00000000f3c00000, 0x00000000f3d00000, 0x00000000f3d00000|100%| O|  |TAMS 0x00000000f3d00000| PB 0x00000000f3d00000| Untracked 
|1853|0x00000000f3d00000, 0x00000000f3e00000, 0x00000000f3e00000|100%| O|  |TAMS 0x00000000f3e00000| PB 0x00000000f3e00000| Untracked 
|1854|0x00000000f3e00000, 0x00000000f3f00000, 0x00000000f3f00000|100%| O|  |TAMS 0x00000000f3f00000| PB 0x00000000f3f00000| Untracked 
|1855|0x00000000f3f00000, 0x00000000f4000000, 0x00000000f4000000|100%| O|  |TAMS 0x00000000f4000000| PB 0x00000000f4000000| Untracked 
|1856|0x00000000f4000000, 0x00000000f4100000, 0x00000000f4100000|100%| O|  |TAMS 0x00000000f4100000| PB 0x00000000f4100000| Untracked 
|1857|0x00000000f4100000, 0x00000000f4200000, 0x00000000f4200000|100%| O|  |TAMS 0x00000000f4200000| PB 0x00000000f4200000| Untracked 
|1858|0x00000000f4200000, 0x00000000f4300000, 0x00000000f4300000|100%| O|  |TAMS 0x00000000f4300000| PB 0x00000000f4300000| Updating 
|1859|0x00000000f4300000, 0x00000000f4300000, 0x00000000f4400000|  0%| F|  |TAMS 0x00000000f4300000| PB 0x00000000f4300000| Untracked 
|1860|0x00000000f4400000, 0x00000000f4400000, 0x00000000f4500000|  0%| F|  |TAMS 0x00000000f4400000| PB 0x00000000f4400000| Untracked 
|1861|0x00000000f4500000, 0x00000000f4500000, 0x00000000f4600000|  0%| F|  |TAMS 0x00000000f4500000| PB 0x00000000f4500000| Untracked 
|1862|0x00000000f4600000, 0x00000000f4600000, 0x00000000f4700000|  0%| F|  |TAMS 0x00000000f4600000| PB 0x00000000f4600000| Untracked 
|1863|0x00000000f4700000, 0x00000000f4700000, 0x00000000f4800000|  0%| F|  |TAMS 0x00000000f4700000| PB 0x00000000f4700000| Untracked 
|1864|0x00000000f4800000, 0x00000000f4800000, 0x00000000f4900000|  0%| F|  |TAMS 0x00000000f4800000| PB 0x00000000f4800000| Untracked 
|1865|0x00000000f4900000, 0x00000000f4900000, 0x00000000f4a00000|  0%| F|  |TAMS 0x00000000f4900000| PB 0x00000000f4900000| Untracked 
|1866|0x00000000f4a00000, 0x00000000f4a00000, 0x00000000f4b00000|  0%| F|  |TAMS 0x00000000f4a00000| PB 0x00000000f4a00000| Untracked 
|1867|0x00000000f4b00000, 0x00000000f4b00000, 0x00000000f4c00000|  0%| F|  |TAMS 0x00000000f4b00000| PB 0x00000000f4b00000| Untracked 
|1868|0x00000000f4c00000, 0x00000000f4c00000, 0x00000000f4d00000|  0%| F|  |TAMS 0x00000000f4c00000| PB 0x00000000f4c00000| Untracked 
|1869|0x00000000f4d00000, 0x00000000f4d00000, 0x00000000f4e00000|  0%| F|  |TAMS 0x00000000f4d00000| PB 0x00000000f4d00000| Untracked 
|1870|0x00000000f4e00000, 0x00000000f4e00000, 0x00000000f4f00000|  0%| F|  |TAMS 0x00000000f4e00000| PB 0x00000000f4e00000| Untracked 
|1871|0x00000000f4f00000, 0x00000000f4f00000, 0x00000000f5000000|  0%| F|  |TAMS 0x00000000f4f00000| PB 0x00000000f4f00000| Untracked 
|1872|0x00000000f5000000, 0x00000000f5000000, 0x00000000f5100000|  0%| F|  |TAMS 0x00000000f5000000| PB 0x00000000f5000000| Untracked 
|1873|0x00000000f5100000, 0x00000000f5100000, 0x00000000f5200000|  0%| F|  |TAMS 0x00000000f5100000| PB 0x00000000f5100000| Untracked 
|1874|0x00000000f5200000, 0x00000000f5200000, 0x00000000f5300000|  0%| F|  |TAMS 0x00000000f5200000| PB 0x00000000f5200000| Untracked 
|1875|0x00000000f5300000, 0x00000000f5300000, 0x00000000f5400000|  0%| F|  |TAMS 0x00000000f5300000| PB 0x00000000f5300000| Untracked 
|1876|0x00000000f5400000, 0x00000000f5400000, 0x00000000f5500000|  0%| F|  |TAMS 0x00000000f5400000| PB 0x00000000f5400000| Untracked 
|1877|0x00000000f5500000, 0x00000000f5500000, 0x00000000f5600000|  0%| F|  |TAMS 0x00000000f5500000| PB 0x00000000f5500000| Untracked 
|1878|0x00000000f5600000, 0x00000000f5600000, 0x00000000f5700000|  0%| F|  |TAMS 0x00000000f5600000| PB 0x00000000f5600000| Untracked 
|1879|0x00000000f5700000, 0x00000000f5700000, 0x00000000f5800000|  0%| F|  |TAMS 0x00000000f5700000| PB 0x00000000f5700000| Untracked 
|1880|0x00000000f5800000, 0x00000000f5800000, 0x00000000f5900000|  0%| F|  |TAMS 0x00000000f5800000| PB 0x00000000f5800000| Untracked 
|1881|0x00000000f5900000, 0x00000000f5900000, 0x00000000f5a00000|  0%| F|  |TAMS 0x00000000f5900000| PB 0x00000000f5900000| Untracked 
|1882|0x00000000f5a00000, 0x00000000f5a00000, 0x00000000f5b00000|  0%| F|  |TAMS 0x00000000f5a00000| PB 0x00000000f5a00000| Untracked 
|1883|0x00000000f5b00000, 0x00000000f5b00000, 0x00000000f5c00000|  0%| F|  |TAMS 0x00000000f5b00000| PB 0x00000000f5b00000| Untracked 
|1884|0x00000000f5c00000, 0x00000000f5d00000, 0x00000000f5d00000|100%| O|  |TAMS 0x00000000f5d00000| PB 0x00000000f5d00000| Updating 
|1885|0x00000000f5d00000, 0x00000000f5e00000, 0x00000000f5e00000|100%| O|  |TAMS 0x00000000f5e00000| PB 0x00000000f5e00000| Updating 
|1886|0x00000000f5e00000, 0x00000000f5f00000, 0x00000000f5f00000|100%| O|  |TAMS 0x00000000f5f00000| PB 0x00000000f5f00000| Updating 
|1887|0x00000000f5f00000, 0x00000000f6000000, 0x00000000f6000000|100%| O|  |TAMS 0x00000000f6000000| PB 0x00000000f6000000| Updating 
|1888|0x00000000f6000000, 0x00000000f6100000, 0x00000000f6100000|100%| O|  |TAMS 0x00000000f6100000| PB 0x00000000f6100000| Updating 
|1889|0x00000000f6100000, 0x00000000f6200000, 0x00000000f6200000|100%| O|  |TAMS 0x00000000f6200000| PB 0x00000000f6200000| Untracked 
|1890|0x00000000f6200000, 0x00000000f6300000, 0x00000000f6300000|100%| O|  |TAMS 0x00000000f6300000| PB 0x00000000f6300000| Updating 
|1891|0x00000000f6300000, 0x00000000f6400000, 0x00000000f6400000|100%| O|  |TAMS 0x00000000f6400000| PB 0x00000000f6400000| Untracked 
|1892|0x00000000f6400000, 0x00000000f6500000, 0x00000000f6500000|100%| O|  |TAMS 0x00000000f6500000| PB 0x00000000f6500000| Untracked 
|1893|0x00000000f6500000, 0x00000000f6600000, 0x00000000f6600000|100%| O|  |TAMS 0x00000000f6600000| PB 0x00000000f6600000| Untracked 
|1894|0x00000000f6600000, 0x00000000f6700000, 0x00000000f6700000|100%| O|  |TAMS 0x00000000f6700000| PB 0x00000000f6700000| Untracked 
|1895|0x00000000f6700000, 0x00000000f6800000, 0x00000000f6800000|100%| O|  |TAMS 0x00000000f6800000| PB 0x00000000f6800000| Untracked 
|1896|0x00000000f6800000, 0x00000000f6900000, 0x00000000f6900000|100%| O|  |TAMS 0x00000000f6900000| PB 0x00000000f6900000| Untracked 
|1897|0x00000000f6900000, 0x00000000f6a00000, 0x00000000f6a00000|100%| O|  |TAMS 0x00000000f6a00000| PB 0x00000000f6a00000| Untracked 
|1898|0x00000000f6a00000, 0x00000000f6b00000, 0x00000000f6b00000|100%| O|  |TAMS 0x00000000f6b00000| PB 0x00000000f6b00000| Untracked 
|1899|0x00000000f6b00000, 0x00000000f6c00000, 0x00000000f6c00000|100%| O|  |TAMS 0x00000000f6c00000| PB 0x00000000f6c00000| Untracked 
|1900|0x00000000f6c00000, 0x00000000f6d00000, 0x00000000f6d00000|100%| O|  |TAMS 0x00000000f6d00000| PB 0x00000000f6d00000| Updating 
|1901|0x00000000f6d00000, 0x00000000f6e00000, 0x00000000f6e00000|100%| O|  |TAMS 0x00000000f6e00000| PB 0x00000000f6e00000| Untracked 
|1902|0x00000000f6e00000, 0x00000000f6f00000, 0x00000000f6f00000|100%| O|  |TAMS 0x00000000f6f00000| PB 0x00000000f6f00000| Untracked 
|1903|0x00000000f6f00000, 0x00000000f7000000, 0x00000000f7000000|100%| O|  |TAMS 0x00000000f7000000| PB 0x00000000f7000000| Updating 
|1904|0x00000000f7000000, 0x00000000f7100000, 0x00000000f7100000|100%| O|  |TAMS 0x00000000f7100000| PB 0x00000000f7100000| Untracked 
|1905|0x00000000f7100000, 0x00000000f7200000, 0x00000000f7200000|100%| O|  |TAMS 0x00000000f7200000| PB 0x00000000f7200000| Untracked 
|1906|0x00000000f7200000, 0x00000000f7300000, 0x00000000f7300000|100%| O|  |TAMS 0x00000000f7300000| PB 0x00000000f7300000| Untracked 
|1907|0x00000000f7300000, 0x00000000f7400000, 0x00000000f7400000|100%| O|  |TAMS 0x00000000f7400000| PB 0x00000000f7400000| Untracked 
|1908|0x00000000f7400000, 0x00000000f7500000, 0x00000000f7500000|100%| O|  |TAMS 0x00000000f7500000| PB 0x00000000f7500000| Untracked 
|1909|0x00000000f7500000, 0x00000000f7600000, 0x00000000f7600000|100%| O|  |TAMS 0x00000000f7600000| PB 0x00000000f7600000| Updating 
|1910|0x00000000f7600000, 0x00000000f7700000, 0x00000000f7700000|100%| O|  |TAMS 0x00000000f7700000| PB 0x00000000f7700000| Untracked 
|1911|0x00000000f7700000, 0x00000000f7800000, 0x00000000f7800000|100%| O|  |TAMS 0x00000000f7800000| PB 0x00000000f7800000| Untracked 
|1912|0x00000000f7800000, 0x00000000f7900000, 0x00000000f7900000|100%| O|  |TAMS 0x00000000f7900000| PB 0x00000000f7900000| Updating 
|1913|0x00000000f7900000, 0x00000000f7a00000, 0x00000000f7a00000|100%| O|  |TAMS 0x00000000f7a00000| PB 0x00000000f7a00000| Updating 
|1914|0x00000000f7a00000, 0x00000000f7b00000, 0x00000000f7b00000|100%| O|  |TAMS 0x00000000f7b00000| PB 0x00000000f7b00000| Untracked 
|1915|0x00000000f7b00000, 0x00000000f7c00000, 0x00000000f7c00000|100%| O|  |TAMS 0x00000000f7c00000| PB 0x00000000f7c00000| Untracked 
|1916|0x00000000f7c00000, 0x00000000f7d00000, 0x00000000f7d00000|100%| O|  |TAMS 0x00000000f7d00000| PB 0x00000000f7d00000| Untracked 
|1917|0x00000000f7d00000, 0x00000000f7e00000, 0x00000000f7e00000|100%| O|  |TAMS 0x00000000f7e00000| PB 0x00000000f7e00000| Untracked 
|1918|0x00000000f7e00000, 0x00000000f7f00000, 0x00000000f7f00000|100%| O|  |TAMS 0x00000000f7f00000| PB 0x00000000f7f00000| Untracked 
|1919|0x00000000f7f00000, 0x00000000f8000000, 0x00000000f8000000|100%| O|  |TAMS 0x00000000f8000000| PB 0x00000000f8000000| Untracked 
|1920|0x00000000f8000000, 0x00000000f8100000, 0x00000000f8100000|100%| O|  |TAMS 0x00000000f8100000| PB 0x00000000f8100000| Untracked 
|1921|0x00000000f8100000, 0x00000000f8100000, 0x00000000f8200000|  0%| F|  |TAMS 0x00000000f8100000| PB 0x00000000f8100000| Untracked 
|1922|0x00000000f8200000, 0x00000000f8300000, 0x00000000f8300000|100%| O|  |TAMS 0x00000000f8300000| PB 0x00000000f8300000| Updating 
|1923|0x00000000f8300000, 0x00000000f8400000, 0x00000000f8400000|100%| O|  |TAMS 0x00000000f8400000| PB 0x00000000f8400000| Updating 
|1924|0x00000000f8400000, 0x00000000f8400000, 0x00000000f8500000|  0%| F|  |TAMS 0x00000000f8400000| PB 0x00000000f8400000| Untracked 
|1925|0x00000000f8500000, 0x00000000f8500000, 0x00000000f8600000|  0%| F|  |TAMS 0x00000000f8500000| PB 0x00000000f8500000| Untracked 
|1926|0x00000000f8600000, 0x00000000f8700000, 0x00000000f8700000|100%| O|  |TAMS 0x00000000f8700000| PB 0x00000000f8700000| Updating 
|1927|0x00000000f8700000, 0x00000000f8800000, 0x00000000f8800000|100%| O|  |TAMS 0x00000000f8800000| PB 0x00000000f8800000| Updating 
|1928|0x00000000f8800000, 0x00000000f8900000, 0x00000000f8900000|100%| O|  |TAMS 0x00000000f8900000| PB 0x00000000f8900000| Updating 
|1929|0x00000000f8900000, 0x00000000f8900000, 0x00000000f8a00000|  0%| F|  |TAMS 0x00000000f8900000| PB 0x00000000f8900000| Untracked 
|1930|0x00000000f8a00000, 0x00000000f8a00000, 0x00000000f8b00000|  0%| F|  |TAMS 0x00000000f8a00000| PB 0x00000000f8a00000| Untracked 
|1931|0x00000000f8b00000, 0x00000000f8b00000, 0x00000000f8c00000|  0%| F|  |TAMS 0x00000000f8b00000| PB 0x00000000f8b00000| Untracked 
|1932|0x00000000f8c00000, 0x00000000f8c00000, 0x00000000f8d00000|  0%| F|  |TAMS 0x00000000f8c00000| PB 0x00000000f8c00000| Untracked 
|1933|0x00000000f8d00000, 0x00000000f8d00000, 0x00000000f8e00000|  0%| F|  |TAMS 0x00000000f8d00000| PB 0x00000000f8d00000| Untracked 
|1934|0x00000000f8e00000, 0x00000000f8e00000, 0x00000000f8f00000|  0%| F|  |TAMS 0x00000000f8e00000| PB 0x00000000f8e00000| Untracked 
|1935|0x00000000f8f00000, 0x00000000f8f00000, 0x00000000f9000000|  0%| F|  |TAMS 0x00000000f8f00000| PB 0x00000000f8f00000| Untracked 
|1936|0x00000000f9000000, 0x00000000f9000000, 0x00000000f9100000|  0%| F|  |TAMS 0x00000000f9000000| PB 0x00000000f9000000| Untracked 
|1937|0x00000000f9100000, 0x00000000f9100000, 0x00000000f9200000|  0%| F|  |TAMS 0x00000000f9100000| PB 0x00000000f9100000| Untracked 
|1938|0x00000000f9200000, 0x00000000f9200000, 0x00000000f9300000|  0%| F|  |TAMS 0x00000000f9200000| PB 0x00000000f9200000| Untracked 
|1939|0x00000000f9300000, 0x00000000f9300000, 0x00000000f9400000|  0%| F|  |TAMS 0x00000000f9300000| PB 0x00000000f9300000| Untracked 
|1940|0x00000000f9400000, 0x00000000f9400000, 0x00000000f9500000|  0%| F|  |TAMS 0x00000000f9400000| PB 0x00000000f9400000| Untracked 
|1941|0x00000000f9500000, 0x00000000f9500000, 0x00000000f9600000|  0%| F|  |TAMS 0x00000000f9500000| PB 0x00000000f9500000| Untracked 
|1942|0x00000000f9600000, 0x00000000f9600000, 0x00000000f9700000|  0%| F|  |TAMS 0x00000000f9600000| PB 0x00000000f9600000| Untracked 
|1943|0x00000000f9700000, 0x00000000f9700000, 0x00000000f9800000|  0%| F|  |TAMS 0x00000000f9700000| PB 0x00000000f9700000| Untracked 
|1944|0x00000000f9800000, 0x00000000f9800000, 0x00000000f9900000|  0%| F|  |TAMS 0x00000000f9800000| PB 0x00000000f9800000| Untracked 
|1945|0x00000000f9900000, 0x00000000f9900000, 0x00000000f9a00000|  0%| F|  |TAMS 0x00000000f9900000| PB 0x00000000f9900000| Untracked 
|1946|0x00000000f9a00000, 0x00000000f9a00000, 0x00000000f9b00000|  0%| F|  |TAMS 0x00000000f9a00000| PB 0x00000000f9a00000| Untracked 
|1947|0x00000000f9b00000, 0x00000000f9b00000, 0x00000000f9c00000|  0%| F|  |TAMS 0x00000000f9b00000| PB 0x00000000f9b00000| Untracked 
|1948|0x00000000f9c00000, 0x00000000f9c00000, 0x00000000f9d00000|  0%| F|  |TAMS 0x00000000f9c00000| PB 0x00000000f9c00000| Untracked 
|1949|0x00000000f9d00000, 0x00000000f9d00000, 0x00000000f9e00000|  0%| F|  |TAMS 0x00000000f9d00000| PB 0x00000000f9d00000| Untracked 
|1950|0x00000000f9e00000, 0x00000000f9e00000, 0x00000000f9f00000|  0%| F|  |TAMS 0x00000000f9e00000| PB 0x00000000f9e00000| Untracked 
|1951|0x00000000f9f00000, 0x00000000f9f00000, 0x00000000fa000000|  0%| F|  |TAMS 0x00000000f9f00000| PB 0x00000000f9f00000| Untracked 
|1952|0x00000000fa000000, 0x00000000fa000000, 0x00000000fa100000|  0%| F|  |TAMS 0x00000000fa000000| PB 0x00000000fa000000| Untracked 
|1953|0x00000000fa100000, 0x00000000fa100000, 0x00000000fa200000|  0%| F|  |TAMS 0x00000000fa100000| PB 0x00000000fa100000| Untracked 
|1954|0x00000000fa200000, 0x00000000fa200000, 0x00000000fa300000|  0%| F|  |TAMS 0x00000000fa200000| PB 0x00000000fa200000| Untracked 
|1955|0x00000000fa300000, 0x00000000fa300000, 0x00000000fa400000|  0%| F|  |TAMS 0x00000000fa300000| PB 0x00000000fa300000| Untracked 
|1956|0x00000000fa400000, 0x00000000fa400000, 0x00000000fa500000|  0%| F|  |TAMS 0x00000000fa400000| PB 0x00000000fa400000| Untracked 
|1957|0x00000000fa500000, 0x00000000fa500000, 0x00000000fa600000|  0%| F|  |TAMS 0x00000000fa500000| PB 0x00000000fa500000| Untracked 
|1958|0x00000000fa600000, 0x00000000fa600000, 0x00000000fa700000|  0%| F|  |TAMS 0x00000000fa600000| PB 0x00000000fa600000| Untracked 
|1959|0x00000000fa700000, 0x00000000fa700000, 0x00000000fa800000|  0%| F|  |TAMS 0x00000000fa700000| PB 0x00000000fa700000| Untracked 
|1960|0x00000000fa800000, 0x00000000fa800000, 0x00000000fa900000|  0%| F|  |TAMS 0x00000000fa800000| PB 0x00000000fa800000| Untracked 
|1961|0x00000000fa900000, 0x00000000fa900000, 0x00000000faa00000|  0%| F|  |TAMS 0x00000000fa900000| PB 0x00000000fa900000| Untracked 
|1962|0x00000000faa00000, 0x00000000faa00000, 0x00000000fab00000|  0%| F|  |TAMS 0x00000000faa00000| PB 0x00000000faa00000| Untracked 
|1963|0x00000000fab00000, 0x00000000fab00000, 0x00000000fac00000|  0%| F|  |TAMS 0x00000000fab00000| PB 0x00000000fab00000| Untracked 
|1964|0x00000000fac00000, 0x00000000fac00000, 0x00000000fad00000|  0%| F|  |TAMS 0x00000000fac00000| PB 0x00000000fac00000| Untracked 
|1965|0x00000000fad00000, 0x00000000fad00000, 0x00000000fae00000|  0%| F|  |TAMS 0x00000000fad00000| PB 0x00000000fad00000| Untracked 
|1966|0x00000000fae00000, 0x00000000fae00000, 0x00000000faf00000|  0%| F|  |TAMS 0x00000000fae00000| PB 0x00000000fae00000| Untracked 
|1967|0x00000000faf00000, 0x00000000faf00000, 0x00000000fb000000|  0%| F|  |TAMS 0x00000000faf00000| PB 0x00000000faf00000| Untracked 
|1968|0x00000000fb000000, 0x00000000fb000000, 0x00000000fb100000|  0%| F|  |TAMS 0x00000000fb000000| PB 0x00000000fb000000| Untracked 
|1969|0x00000000fb100000, 0x00000000fb100000, 0x00000000fb200000|  0%| F|  |TAMS 0x00000000fb100000| PB 0x00000000fb100000| Untracked 
|1970|0x00000000fb200000, 0x00000000fb200000, 0x00000000fb300000|  0%| F|  |TAMS 0x00000000fb200000| PB 0x00000000fb200000| Untracked 
|1971|0x00000000fb300000, 0x00000000fb300000, 0x00000000fb400000|  0%| F|  |TAMS 0x00000000fb300000| PB 0x00000000fb300000| Untracked 
|1972|0x00000000fb400000, 0x00000000fb400000, 0x00000000fb500000|  0%| F|  |TAMS 0x00000000fb400000| PB 0x00000000fb400000| Untracked 
|1973|0x00000000fb500000, 0x00000000fb500000, 0x00000000fb600000|  0%| F|  |TAMS 0x00000000fb500000| PB 0x00000000fb500000| Untracked 
|1974|0x00000000fb600000, 0x00000000fb600000, 0x00000000fb700000|  0%| F|  |TAMS 0x00000000fb600000| PB 0x00000000fb600000| Untracked 
|1975|0x00000000fb700000, 0x00000000fb700000, 0x00000000fb800000|  0%| F|  |TAMS 0x00000000fb700000| PB 0x00000000fb700000| Untracked 
|1976|0x00000000fb800000, 0x00000000fb800000, 0x00000000fb900000|  0%| F|  |TAMS 0x00000000fb800000| PB 0x00000000fb800000| Untracked 
|1977|0x00000000fb900000, 0x00000000fb900000, 0x00000000fba00000|  0%| F|  |TAMS 0x00000000fb900000| PB 0x00000000fb900000| Untracked 
|1978|0x00000000fba00000, 0x00000000fba00000, 0x00000000fbb00000|  0%| F|  |TAMS 0x00000000fba00000| PB 0x00000000fba00000| Untracked 
|1979|0x00000000fbb00000, 0x00000000fbb00000, 0x00000000fbc00000|  0%| F|  |TAMS 0x00000000fbb00000| PB 0x00000000fbb00000| Untracked 
|1980|0x00000000fbc00000, 0x00000000fbc00000, 0x00000000fbd00000|  0%| F|  |TAMS 0x00000000fbc00000| PB 0x00000000fbc00000| Untracked 
|1981|0x00000000fbd00000, 0x00000000fbd00000, 0x00000000fbe00000|  0%| F|  |TAMS 0x00000000fbd00000| PB 0x00000000fbd00000| Untracked 
|1982|0x00000000fbe00000, 0x00000000fbe00000, 0x00000000fbf00000|  0%| F|  |TAMS 0x00000000fbe00000| PB 0x00000000fbe00000| Untracked 
|1983|0x00000000fbf00000, 0x00000000fbf00000, 0x00000000fc000000|  0%| F|  |TAMS 0x00000000fbf00000| PB 0x00000000fbf00000| Untracked 
|1984|0x00000000fc000000, 0x00000000fc000000, 0x00000000fc100000|  0%| F|  |TAMS 0x00000000fc000000| PB 0x00000000fc000000| Untracked 
|1985|0x00000000fc100000, 0x00000000fc100000, 0x00000000fc200000|  0%| F|  |TAMS 0x00000000fc100000| PB 0x00000000fc100000| Untracked 
|1986|0x00000000fc200000, 0x00000000fc200000, 0x00000000fc300000|  0%| F|  |TAMS 0x00000000fc200000| PB 0x00000000fc200000| Untracked 
|1987|0x00000000fc300000, 0x00000000fc300000, 0x00000000fc400000|  0%| F|  |TAMS 0x00000000fc300000| PB 0x00000000fc300000| Untracked 
|1988|0x00000000fc400000, 0x00000000fc400000, 0x00000000fc500000|  0%| F|  |TAMS 0x00000000fc400000| PB 0x00000000fc400000| Untracked 
|1989|0x00000000fc500000, 0x00000000fc500000, 0x00000000fc600000|  0%| F|  |TAMS 0x00000000fc500000| PB 0x00000000fc500000| Untracked 
|1990|0x00000000fc600000, 0x00000000fc600000, 0x00000000fc700000|  0%| F|  |TAMS 0x00000000fc600000| PB 0x00000000fc600000| Untracked 
|1991|0x00000000fc700000, 0x00000000fc700000, 0x00000000fc800000|  0%| F|  |TAMS 0x00000000fc700000| PB 0x00000000fc700000| Untracked 
|1992|0x00000000fc800000, 0x00000000fc800000, 0x00000000fc900000|  0%| F|  |TAMS 0x00000000fc800000| PB 0x00000000fc800000| Untracked 
|1993|0x00000000fc900000, 0x00000000fc900000, 0x00000000fca00000|  0%| F|  |TAMS 0x00000000fc900000| PB 0x00000000fc900000| Untracked 
|1994|0x00000000fca00000, 0x00000000fca00000, 0x00000000fcb00000|  0%| F|  |TAMS 0x00000000fca00000| PB 0x00000000fca00000| Untracked 
|1995|0x00000000fcb00000, 0x00000000fcb00000, 0x00000000fcc00000|  0%| F|  |TAMS 0x00000000fcb00000| PB 0x00000000fcb00000| Untracked 
|1996|0x00000000fcc00000, 0x00000000fcc00000, 0x00000000fcd00000|  0%| F|  |TAMS 0x00000000fcc00000| PB 0x00000000fcc00000| Untracked 
|1997|0x00000000fcd00000, 0x00000000fcd00000, 0x00000000fce00000|  0%| F|  |TAMS 0x00000000fcd00000| PB 0x00000000fcd00000| Untracked 
|1998|0x00000000fce00000, 0x00000000fce00000, 0x00000000fcf00000|  0%| F|  |TAMS 0x00000000fce00000| PB 0x00000000fce00000| Untracked 
|1999|0x00000000fcf00000, 0x00000000fcf00000, 0x00000000fd000000|  0%| F|  |TAMS 0x00000000fcf00000| PB 0x00000000fcf00000| Untracked 
|2000|0x00000000fd000000, 0x00000000fd080000, 0x00000000fd100000| 50%| E|  |TAMS 0x00000000fd000000| PB 0x00000000fd000000| Complete 
|2001|0x00000000fd100000, 0x00000000fd200000, 0x00000000fd200000|100%| E|CS|TAMS 0x00000000fd100000| PB 0x00000000fd100000| Complete 
|2002|0x00000000fd200000, 0x00000000fd300000, 0x00000000fd300000|100%| E|CS|TAMS 0x00000000fd200000| PB 0x00000000fd200000| Complete 
|2003|0x00000000fd300000, 0x00000000fd400000, 0x00000000fd400000|100%| E|CS|TAMS 0x00000000fd300000| PB 0x00000000fd300000| Complete 
|2004|0x00000000fd400000, 0x00000000fd500000, 0x00000000fd500000|100%| E|CS|TAMS 0x00000000fd400000| PB 0x00000000fd400000| Complete 
|2005|0x00000000fd500000, 0x00000000fd600000, 0x00000000fd600000|100%| E|CS|TAMS 0x00000000fd500000| PB 0x00000000fd500000| Complete 
|2006|0x00000000fd600000, 0x00000000fd700000, 0x00000000fd700000|100%| E|CS|TAMS 0x00000000fd600000| PB 0x00000000fd600000| Complete 
|2007|0x00000000fd700000, 0x00000000fd800000, 0x00000000fd800000|100%| E|CS|TAMS 0x00000000fd700000| PB 0x00000000fd700000| Complete 
|2008|0x00000000fd800000, 0x00000000fd900000, 0x00000000fd900000|100%| E|CS|TAMS 0x00000000fd800000| PB 0x00000000fd800000| Complete 
|2009|0x00000000fd900000, 0x00000000fda00000, 0x00000000fda00000|100%| E|CS|TAMS 0x00000000fd900000| PB 0x00000000fd900000| Complete 
|2010|0x00000000fda00000, 0x00000000fdb00000, 0x00000000fdb00000|100%| E|CS|TAMS 0x00000000fda00000| PB 0x00000000fda00000| Complete 
|2011|0x00000000fdb00000, 0x00000000fdc00000, 0x00000000fdc00000|100%| E|CS|TAMS 0x00000000fdb00000| PB 0x00000000fdb00000| Complete 
|2012|0x00000000fdc00000, 0x00000000fdd00000, 0x00000000fdd00000|100%| E|CS|TAMS 0x00000000fdc00000| PB 0x00000000fdc00000| Complete 
|2013|0x00000000fdd00000, 0x00000000fde00000, 0x00000000fde00000|100%| E|CS|TAMS 0x00000000fdd00000| PB 0x00000000fdd00000| Complete 
|2014|0x00000000fde00000, 0x00000000fdf00000, 0x00000000fdf00000|100%| E|CS|TAMS 0x00000000fde00000| PB 0x00000000fde00000| Complete 
|2015|0x00000000fdf00000, 0x00000000fe000000, 0x00000000fe000000|100%| E|CS|TAMS 0x00000000fdf00000| PB 0x00000000fdf00000| Complete 
|2016|0x00000000fe000000, 0x00000000fe100000, 0x00000000fe100000|100%| E|CS|TAMS 0x00000000fe000000| PB 0x00000000fe000000| Complete 
|2017|0x00000000fe100000, 0x00000000fe200000, 0x00000000fe200000|100%| E|CS|TAMS 0x00000000fe100000| PB 0x00000000fe100000| Complete 
|2018|0x00000000fe200000, 0x00000000fe300000, 0x00000000fe300000|100%| E|CS|TAMS 0x00000000fe200000| PB 0x00000000fe200000| Complete 
|2019|0x00000000fe300000, 0x00000000fe400000, 0x00000000fe400000|100%| E|CS|TAMS 0x00000000fe300000| PB 0x00000000fe300000| Complete 
|2020|0x00000000fe400000, 0x00000000fe500000, 0x00000000fe500000|100%| E|CS|TAMS 0x00000000fe400000| PB 0x00000000fe400000| Complete 
|2021|0x00000000fe500000, 0x00000000fe600000, 0x00000000fe600000|100%| E|CS|TAMS 0x00000000fe500000| PB 0x00000000fe500000| Complete 
|2022|0x00000000fe600000, 0x00000000fe700000, 0x00000000fe700000|100%| E|CS|TAMS 0x00000000fe600000| PB 0x00000000fe600000| Complete 
|2023|0x00000000fe700000, 0x00000000fe800000, 0x00000000fe800000|100%| E|CS|TAMS 0x00000000fe700000| PB 0x00000000fe700000| Complete 
|2024|0x00000000fe800000, 0x00000000fe900000, 0x00000000fe900000|100%| E|CS|TAMS 0x00000000fe800000| PB 0x00000000fe800000| Complete 
|2025|0x00000000fe900000, 0x00000000fea00000, 0x00000000fea00000|100%| E|CS|TAMS 0x00000000fe900000| PB 0x00000000fe900000| Complete 
|2026|0x00000000fea00000, 0x00000000feb00000, 0x00000000feb00000|100%| E|CS|TAMS 0x00000000fea00000| PB 0x00000000fea00000| Complete 
|2027|0x00000000feb00000, 0x00000000fec00000, 0x00000000fec00000|100%| E|CS|TAMS 0x00000000feb00000| PB 0x00000000feb00000| Complete 
|2028|0x00000000fec00000, 0x00000000fed00000, 0x00000000fed00000|100%| E|CS|TAMS 0x00000000fec00000| PB 0x00000000fec00000| Complete 
|2029|0x00000000fed00000, 0x00000000fee00000, 0x00000000fee00000|100%| O|  |TAMS 0x00000000fee00000| PB 0x00000000fee00000| Untracked 
|2030|0x00000000fee00000, 0x00000000fef00000, 0x00000000fef00000|100%| E|CS|TAMS 0x00000000fee00000| PB 0x00000000fee00000| Complete 
|2031|0x00000000fef00000, 0x00000000ff000000, 0x00000000ff000000|100%| E|CS|TAMS 0x00000000fef00000| PB 0x00000000fef00000| Complete 
|2032|0x00000000ff000000, 0x00000000ff100000, 0x00000000ff100000|100%| E|CS|TAMS 0x00000000ff000000| PB 0x00000000ff000000| Complete 
|2033|0x00000000ff100000, 0x00000000ff200000, 0x00000000ff200000|100%| E|CS|TAMS 0x00000000ff100000| PB 0x00000000ff100000| Complete 
|2034|0x00000000ff200000, 0x00000000ff300000, 0x00000000ff300000|100%| E|CS|TAMS 0x00000000ff200000| PB 0x00000000ff200000| Complete 
|2035|0x00000000ff300000, 0x00000000ff400000, 0x00000000ff400000|100%| E|CS|TAMS 0x00000000ff300000| PB 0x00000000ff300000| Complete 
|2036|0x00000000ff400000, 0x00000000ff500000, 0x00000000ff500000|100%| E|CS|TAMS 0x00000000ff400000| PB 0x00000000ff400000| Complete 
|2037|0x00000000ff500000, 0x00000000ff600000, 0x00000000ff600000|100%| E|CS|TAMS 0x00000000ff500000| PB 0x00000000ff500000| Complete 
|2038|0x00000000ff600000, 0x00000000ff700000, 0x00000000ff700000|100%| E|CS|TAMS 0x00000000ff600000| PB 0x00000000ff600000| Complete 
|2039|0x00000000ff700000, 0x00000000ff800000, 0x00000000ff800000|100%| E|CS|TAMS 0x00000000ff700000| PB 0x00000000ff700000| Complete 
|2040|0x00000000ff800000, 0x00000000ff900000, 0x00000000ff900000|100%| E|CS|TAMS 0x00000000ff800000| PB 0x00000000ff800000| Complete 
|2041|0x00000000ff900000, 0x00000000ffa00000, 0x00000000ffa00000|100%| E|CS|TAMS 0x00000000ff900000| PB 0x00000000ff900000| Complete 
|2042|0x00000000ffa00000, 0x00000000ffb00000, 0x00000000ffb00000|100%| E|CS|TAMS 0x00000000ffa00000| PB 0x00000000ffa00000| Complete 
|2043|0x00000000ffb00000, 0x00000000ffc00000, 0x00000000ffc00000|100%| E|CS|TAMS 0x00000000ffb00000| PB 0x00000000ffb00000| Complete 
|2044|0x00000000ffc00000, 0x00000000ffd00000, 0x00000000ffd00000|100%| E|CS|TAMS 0x00000000ffc00000| PB 0x00000000ffc00000| Complete 
|2045|0x00000000ffd00000, 0x00000000ffe00000, 0x00000000ffe00000|100%| E|CS|TAMS 0x00000000ffd00000| PB 0x00000000ffd00000| Complete 
|2046|0x00000000ffe00000, 0x00000000fff00000, 0x00000000fff00000|100%| E|CS|TAMS 0x00000000ffe00000| PB 0x00000000ffe00000| Complete 
|2047|0x00000000fff00000, 0x0000000100000000, 0x0000000100000000|100%| E|CS|TAMS 0x00000000fff00000| PB 0x00000000fff00000| Complete 

Card table byte_map: [0x000001f1e6cf0000,0x000001f1e70f0000] _byte_map_base: 0x000001f1e68f0000

Marking Bits: (CMBitMap*) 0x000001f1d4296440
 Bits: [0x000001f1e70f0000, 0x000001f1e90f0000)

Polling page: 0x000001f1d2050000

Metaspace:

Usage:
  Non-class:    248.36 MB used.
      Class:     32.69 MB used.
       Both:    281.06 MB used.

Virtual space:
  Non-class space:      320.00 MB reserved,     249.44 MB ( 78%) committed,  5 nodes.
      Class space:        1.00 GB reserved,      33.88 MB (  3%) committed,  1 nodes.
             Both:        1.31 GB reserved,     283.31 MB ( 21%) committed. 

Chunk freelists:
   Non-Class:  22.25 MB
       Class:  14.18 MB
        Both:  36.43 MB

MaxMetaspaceSize: unlimited
CompressedClassSpaceSize: 1.00 GB
Initial GC threshold: 21.00 MB
Current GC threshold: 476.25 MB
CDS: off
 - commit_granule_bytes: 65536.
 - commit_granule_words: 8192.
 - virtual_space_node_default_size: 8388608.
 - enlarge_chunks_in_place: 1.
 - use_allocation_guard: 0.


Internal statistics:

num_allocs_failed_limit: 9.
num_arena_births: 8234.
num_arena_deaths: 3844.
num_vsnodes_births: 6.
num_vsnodes_deaths: 0.
num_space_committed: 9371.
num_space_uncommitted: 2682.
num_chunks_returned_to_freelist: 37189.
num_chunks_taken_from_freelist: 54158.
num_chunk_merges: 6431.
num_chunk_splits: 27571.
num_chunks_enlarged: 23056.
num_inconsistent_stats: 0.

CodeHeap 'non-profiled nmethods': size=120000Kb used=40172Kb max_used=69926Kb free=79827Kb
 bounds [0x000001f1dee60000, 0x000001f1e32b0000, 0x000001f1e6390000]
CodeHeap 'profiled nmethods': size=120000Kb used=36149Kb max_used=78957Kb free=83850Kb
 bounds [0x000001f1d7390000, 0x000001f1dc2a0000, 0x000001f1de8c0000]
CodeHeap 'non-nmethods': size=5760Kb used=2696Kb max_used=2816Kb free=3063Kb
 bounds [0x000001f1de8c0000, 0x000001f1deba0000, 0x000001f1dee60000]
 total_blobs=21439 nmethods=20153 adapters=1184
 compilation: enabled
              stopped_count=0, restarted_count=0
 full_count=0

Compilation events (20 events):
Event: 18749.816 Thread 0x000001f1ebe9f4c0 247895       3       sun.invoke.util.Wrapper::isIntegral (23 bytes)
Event: 18749.816 Thread 0x000001f1ebe9f4c0 nmethod 247895 0x000001f1d9fd7890 code [0x000001f1d9fd7a40, 0x000001f1d9fd7c88]
Event: 18749.816 Thread 0x000001f1ebe9f4c0 247896       3       sun.invoke.util.Wrapper::isNumeric (16 bytes)
Event: 18749.816 Thread 0x000001f1ebe9f4c0 nmethod 247896 0x000001f1d9f53210 code [0x000001f1d9f533a0, 0x000001f1d9f53508]
Event: 18749.816 Thread 0x000001f1ebe9f4c0 247893       1       com.android.tools.r8.internal.zo::v (4 bytes)
Event: 18749.816 Thread 0x000001f1ebe9f4c0 nmethod 247893 0x000001f1e1621f90 code [0x000001f1e1622120, 0x000001f1e16221e8]
Event: 18749.851 Thread 0x000001f1ebe9f4c0 247897       1       com.android.tools.r8.internal.zq::v (4 bytes)
Event: 18749.851 Thread 0x000001f1ebe9f4c0 nmethod 247897 0x000001f1df170410 code [0x000001f1df1705a0, 0x000001f1df170668]
Event: 18749.867 Thread 0x000001f180696250 nmethod 247712 0x000001f1dfae1c90 code [0x000001f1dfae2200, 0x000001f1dfae4510]
Event: 18749.868 Thread 0x000001f180696250 247475       4       com.android.tools.r8.internal.Op::a (28 bytes)
Event: 18749.872 Thread 0x000001f180696250 nmethod 247475 0x000001f1e1c21e90 code [0x000001f1e1c22020, 0x000001f1e1c221f0]
Event: 18749.872 Thread 0x000001f180696250 247575       4       com.android.tools.r8.internal.Yr::getField (8 bytes)
Event: 18749.873 Thread 0x000001f180696250 nmethod 247575 0x000001f1e1c60910 code [0x000001f1e1c60aa0, 0x000001f1e1c60b68]
Event: 18749.873 Thread 0x000001f180696250 247531       4       com.android.tools.r8.internal.Vo::a (22 bytes)
Event: 18749.877 Thread 0x000001f180696250 nmethod 247531 0x000001f1e21b8510 code [0x000001f1e21b86c0, 0x000001f1e21b8898]
Event: 18749.878 Thread 0x000001f180696250 247857       4       com.android.tools.r8.dex.L$$Lambda/0x0000000101d14c08::accept (12 bytes)
Event: 18750.045 Thread 0x000001f1ebe9f4c0 247902       3       com.android.tools.r8.graph.P4::f (59 bytes)
Event: 18750.046 Thread 0x000001f1ebe9f4c0 nmethod 247902 0x000001f1da6b8f10 code [0x000001f1da6b9180, 0x000001f1da6b9ce8]
Event: 18750.049 Thread 0x000001f1ebe9f4c0 247903       3       com.android.tools.r8.graph.P4::g (59 bytes)
Event: 18750.050 Thread 0x000001f1ebe9f4c0 nmethod 247903 0x000001f1da7da310 code [0x000001f1da7da580, 0x000001f1da7db0e8]

GC Heap History (20 events):
Event: 18739.818 GC heap before
{Heap before GC invocations=468 (full 1):
 garbage-first heap   total 1481728K, used 1216519K [0x0000000080000000, 0x0000000100000000)
  region size 1024K, 325 young (332800K), 27 survivors (27648K)
 Metaspace       used 276312K, committed 284928K, reserved 1376256K
  class space    used 32231K, committed 34304K, reserved 1048576K
}
Event: 18739.867 GC heap after
{Heap after GC invocations=469 (full 1):
 garbage-first heap   total 1481728K, used 960519K [0x0000000080000000, 0x0000000100000000)
  region size 1024K, 41 young (41984K), 41 survivors (41984K)
 Metaspace       used 276312K, committed 284928K, reserved 1376256K
  class space    used 32231K, committed 34304K, reserved 1048576K
}
Event: 18741.132 GC heap before
{Heap before GC invocations=469 (full 1):
 garbage-first heap   total 1481728K, used 1258503K [0x0000000080000000, 0x0000000100000000)
  region size 1024K, 324 young (331776K), 41 survivors (41984K)
 Metaspace       used 277102K, committed 284928K, reserved 1376256K
  class space    used 32323K, committed 34304K, reserved 1048576K
}
Event: 18741.186 GC heap after
{Heap after GC invocations=470 (full 1):
 garbage-first heap   total 1481728K, used 985915K [0x0000000080000000, 0x0000000100000000)
  region size 1024K, 41 young (41984K), 41 survivors (41984K)
 Metaspace       used 277102K, committed 284928K, reserved 1376256K
  class space    used 32323K, committed 34304K, reserved 1048576K
}
Event: 18741.255 GC heap before
{Heap before GC invocations=470 (full 1):
 garbage-first heap   total 1481728K, used 1008443K [0x0000000080000000, 0x0000000100000000)
  region size 1024K, 64 young (65536K), 41 survivors (41984K)
 Metaspace       used 277102K, committed 284928K, reserved 1376256K
  class space    used 32323K, committed 34304K, reserved 1048576K
}
Event: 18741.278 GC heap after
{Heap after GC invocations=471 (full 1):
 garbage-first heap   total 1481728K, used 995929K [0x0000000080000000, 0x0000000100000000)
  region size 1024K, 10 young (10240K), 10 survivors (10240K)
 Metaspace       used 277102K, committed 284928K, reserved 1376256K
  class space    used 32323K, committed 34304K, reserved 1048576K
}
Event: 18742.934 GC heap before
{Heap before GC invocations=472 (full 1):
 garbage-first heap   total 1643520K, used 1286745K [0x0000000080000000, 0x0000000100000000)
  region size 1024K, 298 young (305152K), 10 survivors (10240K)
 Metaspace       used 280240K, committed 284928K, reserved 1376256K
  class space    used 32710K, committed 34304K, reserved 1048576K
}
Event: 18742.971 GC heap after
{Heap after GC invocations=473 (full 1):
 garbage-first heap   total 1643520K, used 1020552K [0x0000000080000000, 0x0000000100000000)
  region size 1024K, 37 young (37888K), 37 survivors (37888K)
 Metaspace       used 280240K, committed 284928K, reserved 1376256K
  class space    used 32710K, committed 34304K, reserved 1048576K
}
Event: 18745.380 GC heap before
{Heap before GC invocations=473 (full 1):
 garbage-first heap   total 1643520K, used 1475208K [0x0000000080000000, 0x0000000100000000)
  region size 1024K, 422 young (432128K), 37 survivors (37888K)
 Metaspace       used 284477K, committed 286784K, reserved 1376256K
  class space    used 33252K, committed 34432K, reserved 1048576K
}
Event: 18745.444 GC heap after
{Heap after GC invocations=474 (full 1):
 garbage-first heap   total 1643520K, used 1083655K [0x0000000080000000, 0x0000000100000000)
  region size 1024K, 44 young (45056K), 44 survivors (45056K)
 Metaspace       used 284477K, committed 286784K, reserved 1376256K
  class space    used 33252K, committed 34432K, reserved 1048576K
}
Event: 18745.559 GC heap before
{Heap before GC invocations=474 (full 1):
 garbage-first heap   total 1643520K, used 1123591K [0x0000000080000000, 0x0000000100000000)
  region size 1024K, 85 young (87040K), 44 survivors (45056K)
 Metaspace       used 284477K, committed 286784K, reserved 1376256K
  class space    used 33252K, committed 34432K, reserved 1048576K
}
Event: 18745.587 GC heap after
{Heap after GC invocations=475 (full 1):
 garbage-first heap   total 1643520K, used 1090567K [0x0000000080000000, 0x0000000100000000)
  region size 1024K, 7 young (7168K), 7 survivors (7168K)
 Metaspace       used 284477K, committed 286784K, reserved 1376256K
  class space    used 33252K, committed 34432K, reserved 1048576K
}
Event: 18747.232 GC heap before
{Heap before GC invocations=476 (full 1):
 garbage-first heap   total 1829888K, used 1473543K [0x0000000080000000, 0x0000000100000000)
  region size 1024K, 377 young (386048K), 7 survivors (7168K)
 Metaspace       used 284764K, committed 287040K, reserved 1376256K
  class space    used 33281K, committed 34432K, reserved 1048576K
}
Event: 18747.271 GC heap after
{Heap after GC invocations=477 (full 1):
 garbage-first heap   total 1829888K, used 1122135K [0x0000000080000000, 0x0000000100000000)
  region size 1024K, 33 young (33792K), 33 survivors (33792K)
 Metaspace       used 284764K, committed 287040K, reserved 1376256K
  class space    used 33281K, committed 34432K, reserved 1048576K
}
Event: 18748.650 GC heap before
{Heap before GC invocations=477 (full 1):
 garbage-first heap   total 1829888K, used 1710935K [0x0000000080000000, 0x0000000100000000)
  region size 1024K, 523 young (535552K), 33 survivors (33792K)
 Metaspace       used 287783K, committed 290112K, reserved 1376256K
  class space    used 33474K, committed 34688K, reserved 1048576K
}
Event: 18748.712 GC heap after
{Heap after GC invocations=478 (full 1):
 garbage-first heap   total 1829888K, used 1244167K [0x0000000080000000, 0x0000000100000000)
  region size 1024K, 66 young (67584K), 66 survivors (67584K)
 Metaspace       used 287783K, committed 290112K, reserved 1376256K
  class space    used 33474K, committed 34688K, reserved 1048576K
}
Event: 18748.753 GC heap before
{Heap before GC invocations=478 (full 1):
 garbage-first heap   total 1829888K, used 1280007K [0x0000000080000000, 0x0000000100000000)
  region size 1024K, 102 young (104448K), 66 survivors (67584K)
 Metaspace       used 287783K, committed 290112K, reserved 1376256K
  class space    used 33474K, committed 34688K, reserved 1048576K
}
Event: 18748.791 GC heap after
{Heap after GC invocations=479 (full 1):
 garbage-first heap   total 1829888K, used 1255943K [0x0000000080000000, 0x0000000100000000)
  region size 1024K, 8 young (8192K), 8 survivors (8192K)
 Metaspace       used 287783K, committed 290112K, reserved 1376256K
  class space    used 33474K, committed 34688K, reserved 1048576K
}
Event: 18749.720 GC heap before
{Heap before GC invocations=479 (full 1):
 garbage-first heap   total 1829888K, used 1771015K [0x0000000080000000, 0x0000000100000000)
  region size 1024K, 421 young (431104K), 8 survivors (8192K)
 Metaspace       used 287792K, committed 290112K, reserved 1376256K
  class space    used 33474K, committed 34688K, reserved 1048576K
}
Event: 18749.731 GC heap after
{Heap after GC invocations=480 (full 1):
 garbage-first heap   total 1829888K, used 1350790K [0x0000000080000000, 0x0000000100000000)
  region size 1024K, 11 young (11264K), 11 survivors (11264K)
 Metaspace       used 287792K, committed 290112K, reserved 1376256K
  class space    used 33474K, committed 34688K, reserved 1048576K
}

Dll operation events (3 events):
Event: 0.016 Loaded shared library C:\Users\harsh\AppData\Local\Programs\Android Studio\jbr\bin\java.dll
Event: 0.024 Loaded shared library C:\Users\harsh\AppData\Local\Programs\Android Studio\jbr\bin\zip.dll
Event: 0.780 Loaded shared library C:\Users\harsh\AppData\Local\Programs\Android Studio\jbr\bin\verify.dll

Deoptimization events (20 events):
Event: 18748.713 Thread 0x000001f1f6192460 DEOPT PACKING pc=0x000001f1d9adb39c sp=0x000000e511afe690
Event: 18748.713 Thread 0x000001f1f6192460 DEOPT UNPACKING pc=0x000001f1de914e42 sp=0x000000e511afdb78 mode 0
Event: 18748.824 Thread 0x000001f19422b320 DEOPT PACKING pc=0x000001f1d9adb39c sp=0x000000e51ecfe640
Event: 18748.824 Thread 0x000001f19422b320 DEOPT UNPACKING pc=0x000001f1de914e42 sp=0x000000e51ecfdb28 mode 0
Event: 18748.919 Thread 0x000001f19422b320 DEOPT PACKING pc=0x000001f1d9adb39c sp=0x000000e51ecfe640
Event: 18748.919 Thread 0x000001f19422b320 DEOPT UNPACKING pc=0x000001f1de914e42 sp=0x000000e51ecfdb28 mode 0
Event: 18749.470 Thread 0x000001f1897d3170 Uncommon trap: trap_request=0xffffff45 fr.pc=0x000001f1dffa73ec relative=0x000000000000012c
Event: 18749.470 Thread 0x000001f1897d3170 Uncommon trap: reason=unstable_if action=reinterpret pc=0x000001f1dffa73ec method=com.android.tools.r8.graph.R2$m.equals(Ljava/lang/Object;)Z @ 11 c2
Event: 18749.470 Thread 0x000001f1897d3170 DEOPT PACKING pc=0x000001f1dffa73ec sp=0x000000e51f1fed50
Event: 18749.470 Thread 0x000001f1897d3170 DEOPT UNPACKING pc=0x000001f1de9146a2 sp=0x000000e51f1fecf0 mode 2
Event: 18749.587 Thread 0x000001f1f6195f70 Uncommon trap: trap_request=0xffffff45 fr.pc=0x000001f1e04befbc relative=0x0000000000000c9c
Event: 18749.587 Thread 0x000001f1f6195f70 Uncommon trap: reason=unstable_if action=reinterpret pc=0x000001f1e04befbc method=com.android.tools.r8.dex.L.a(Ljava/lang/Iterable;)V @ 149 c2
Event: 18749.587 Thread 0x000001f1f6195f70 DEOPT PACKING pc=0x000001f1e04befbc sp=0x000000e51f5feb60
Event: 18749.587 Thread 0x000001f1f6195f70 DEOPT UNPACKING pc=0x000001f1de9146a2 sp=0x000000e51f5feb10 mode 2
Event: 18749.774 Thread 0x000001f1f6195f70 DEOPT PACKING pc=0x000001f1db9c631d sp=0x000000e51f5feda0
Event: 18749.775 Thread 0x000001f1f6195f70 DEOPT UNPACKING pc=0x000001f1de914e42 sp=0x000000e51f5fe248 mode 0
Event: 18750.045 Thread 0x000001f1f6192460 DEOPT PACKING pc=0x000001f1da67bc82 sp=0x000000e511afe840
Event: 18750.045 Thread 0x000001f1f6192460 DEOPT UNPACKING pc=0x000001f1de914e42 sp=0x000000e511afdd38 mode 0
Event: 18750.049 Thread 0x000001f1f6192460 DEOPT PACKING pc=0x000001f1da8fb8a3 sp=0x000000e511afe840
Event: 18750.049 Thread 0x000001f1f6192460 DEOPT UNPACKING pc=0x000001f1de914e42 sp=0x000000e511afdd40 mode 0

Classes loaded (20 events):
Event: 18727.315 Loading class javax/xml/transform/stream/StreamResult
Event: 18727.316 Loading class javax/xml/transform/stream/StreamResult done
Event: 18727.316 Loading class javax/xml/transform/sax/SAXResult
Event: 18727.316 Loading class javax/xml/transform/sax/SAXResult done
Event: 18727.316 Loading class javax/xml/transform/dom/DOMResult
Event: 18727.316 Loading class javax/xml/transform/dom/DOMResult done
Event: 18727.327 Loading class java/nio/channels/Channels$WritableByteChannelImpl
Event: 18727.328 Loading class java/nio/channels/Channels$WritableByteChannelImpl done
Event: 18727.666 Loading class java/util/Spliterators$2Adapter
Event: 18727.666 Loading class java/util/Spliterators$2Adapter done
Event: 18727.668 Loading class java/lang/StringUTF16$CodePointsSpliterator
Event: 18727.668 Loading class java/lang/StringUTF16$CodePointsSpliterator done
Event: 18728.527 Loading class com/sun/xml/internal/stream/events/CommentEvent
Event: 18728.527 Loading class javax/xml/stream/events/Comment
Event: 18728.527 Loading class javax/xml/stream/events/Comment done
Event: 18728.527 Loading class com/sun/xml/internal/stream/events/CommentEvent done
Event: 18729.105 Loading class com/sun/org/apache/xerces/internal/dom/DeferredCommentImpl
Event: 18729.106 Loading class com/sun/org/apache/xerces/internal/dom/DeferredCommentImpl done
Event: 18729.520 Loading class java/nio/file/Path$1
Event: 18729.521 Loading class java/nio/file/Path$1 done

Classes unloaded (20 events):
Event: 18735.166 Thread 0x000001f1ebd75da0 Unloading class 0x0000000102110800 'java/lang/invoke/LambdaForm$MH+0x0000000102110800'
Event: 18735.166 Thread 0x000001f1ebd75da0 Unloading class 0x0000000102044000 'java/lang/invoke/LambdaForm$MH+0x0000000102044000'
Event: 18735.166 Thread 0x000001f1ebd75da0 Unloading class 0x000000010058a400 'java/lang/invoke/LambdaForm$MH+0x000000010058a400'
Event: 18735.166 Thread 0x000001f1ebd75da0 Unloading class 0x0000000100719800 'java/lang/invoke/LambdaForm$MH+0x0000000100719800'
Event: 18735.166 Thread 0x000001f1ebd75da0 Unloading class 0x0000000100719c00 'java/lang/invoke/LambdaForm$MH+0x0000000100719c00'
Event: 18735.166 Thread 0x000001f1ebd75da0 Unloading class 0x000000010058a000 'java/lang/invoke/LambdaForm$MH+0x000000010058a000'
Event: 18735.166 Thread 0x000001f1ebd75da0 Unloading class 0x0000000100590800 'java/lang/invoke/LambdaForm$MH+0x0000000100590800'
Event: 18735.166 Thread 0x000001f1ebd75da0 Unloading class 0x00000001005b9c00 'java/lang/invoke/LambdaForm$MH+0x00000001005b9c00'
Event: 18735.166 Thread 0x000001f1ebd75da0 Unloading class 0x0000000101fecc00 'java/lang/invoke/LambdaForm$MH+0x0000000101fecc00'
Event: 18735.166 Thread 0x000001f1ebd75da0 Unloading class 0x00000001005b9800 'java/lang/invoke/LambdaForm$MH+0x00000001005b9800'
Event: 18735.166 Thread 0x000001f1ebd75da0 Unloading class 0x000000010200dc00 'java/lang/invoke/LambdaForm$MH+0x000000010200dc00'
Event: 18735.166 Thread 0x000001f1ebd75da0 Unloading class 0x0000000101fec800 'java/lang/invoke/LambdaForm$MH+0x0000000101fec800'
Event: 18735.166 Thread 0x000001f1ebd75da0 Unloading class 0x000000010200d800 'java/lang/invoke/LambdaForm$MH+0x000000010200d800'
Event: 18735.166 Thread 0x000001f1ebd75da0 Unloading class 0x000000010059ac00 'java/lang/invoke/LambdaForm$MH+0x000000010059ac00'
Event: 18735.166 Thread 0x000001f1ebd75da0 Unloading class 0x000000010059b400 'java/lang/invoke/LambdaForm$MH+0x000000010059b400'
Event: 18735.166 Thread 0x000001f1ebd75da0 Unloading class 0x0000000100721400 'java/lang/invoke/LambdaForm$MH+0x0000000100721400'
Event: 18735.166 Thread 0x000001f1ebd75da0 Unloading class 0x000000010059a800 'java/lang/invoke/LambdaForm$MH+0x000000010059a800'
Event: 18735.166 Thread 0x000001f1ebd75da0 Unloading class 0x00000001005a5400 'java/lang/invoke/LambdaForm$MH+0x00000001005a5400'
Event: 18735.166 Thread 0x000001f1ebd75da0 Unloading class 0x000000010059b000 'java/lang/invoke/LambdaForm$MH+0x000000010059b000'
Event: 18735.166 Thread 0x000001f1ebd75da0 Unloading class 0x00000001005a5000 'java/lang/invoke/LambdaForm$MH+0x00000001005a5000'

Classes redefined (0 events):
No events

Internal exceptions (20 events):
Event: 18747.327 Thread 0x000001f18aa03df0 Exception <a 'sun/nio/fs/WindowsException'{0x00000000fff62758}> (0x00000000fff62758) 
thrown [s\src\hotspot\share\prims\jni.cpp, line 535]
Event: 18747.329 Thread 0x000001f18aa03df0 Exception <a 'sun/nio/fs/WindowsException'{0x00000000fff64e20}> (0x00000000fff64e20) 
thrown [s\src\hotspot\share\prims\jni.cpp, line 535]
Event: 18747.332 Thread 0x000001f18aa03df0 Exception <a 'sun/nio/fs/WindowsException'{0x00000000fff674c0}> (0x00000000fff674c0) 
thrown [s\src\hotspot\share\prims\jni.cpp, line 535]
Event: 18747.335 Thread 0x000001f18aa03df0 Exception <a 'sun/nio/fs/WindowsException'{0x00000000fff69b60}> (0x00000000fff69b60) 
thrown [s\src\hotspot\share\prims\jni.cpp, line 535]
Event: 18747.337 Thread 0x000001f18aa03df0 Exception <a 'sun/nio/fs/WindowsException'{0x00000000fff6c200}> (0x00000000fff6c200) 
thrown [s\src\hotspot\share\prims\jni.cpp, line 535]
Event: 18747.340 Thread 0x000001f18aa03df0 Exception <a 'sun/nio/fs/WindowsException'{0x00000000fff6ec98}> (0x00000000fff6ec98) 
thrown [s\src\hotspot\share\prims\jni.cpp, line 535]
Event: 18747.342 Thread 0x000001f18aa03df0 Exception <a 'sun/nio/fs/WindowsException'{0x00000000fff6f630}> (0x00000000fff6f630) 
thrown [s\src\hotspot\share\prims\jni.cpp, line 535]
Event: 18747.344 Thread 0x000001f18aa03df0 Exception <a 'sun/nio/fs/WindowsException'{0x00000000fff70048}> (0x00000000fff70048) 
thrown [s\src\hotspot\share\prims\jni.cpp, line 535]
Event: 18747.345 Thread 0x000001f18aa03df0 Exception <a 'sun/nio/fs/WindowsException'{0x00000000fff70d60}> (0x00000000fff70d60) 
thrown [s\src\hotspot\share\prims\jni.cpp, line 535]
Event: 18747.349 Thread 0x000001f18aa03df0 Exception <a 'sun/nio/fs/WindowsException'{0x00000000fff735c8}> (0x00000000fff735c8) 
thrown [s\src\hotspot\share\prims\jni.cpp, line 535]
Event: 18747.351 Thread 0x000001f18aa03df0 Exception <a 'sun/nio/fs/WindowsException'{0x00000000fff75e08}> (0x00000000fff75e08) 
thrown [s\src\hotspot\share\prims\jni.cpp, line 535]
Event: 18747.354 Thread 0x000001f18aa03df0 Exception <a 'sun/nio/fs/WindowsException'{0x00000000fff78640}> (0x00000000fff78640) 
thrown [s\src\hotspot\share\prims\jni.cpp, line 535]
Event: 18747.357 Thread 0x000001f18aa03df0 Exception <a 'sun/nio/fs/WindowsException'{0x00000000fff7ae80}> (0x00000000fff7ae80) 
thrown [s\src\hotspot\share\prims\jni.cpp, line 535]
Event: 18747.359 Thread 0x000001f18aa03df0 Exception <a 'sun/nio/fs/WindowsException'{0x00000000fff7d6b8}> (0x00000000fff7d6b8) 
thrown [s\src\hotspot\share\prims\jni.cpp, line 535]
Event: 18747.519 Thread 0x000001f1899dcc70 Exception <a 'java/lang/NoSuchMethodError'{0x00000000fd4d5b70}: 'int java.lang.invoke.DirectMethodHandle$Holder.invokeStaticInit(java.lang.Object, java.lang.Object, int)'> (0x00000000fd4d5b70) 
thrown [s\src\hotspot\share\interpreter\linkResolver.cpp, line 784]
Event: 18747.679 Thread 0x000001f1899dcc70 Exception <a 'java/lang/NoSuchMethodError'{0x00000000fb75e808}: 'int java.lang.invoke.DirectMethodHandle$Holder.invokeStatic(java.lang.Object, java.lang.Object, int, int)'> (0x00000000fb75e808) 
thrown [s\src\hotspot\share\interpreter\linkResolver.cpp, line 784]
Event: 18748.520 Thread 0x000001f18aa00970 Exception <a 'java/lang/NoSuchMethodError'{0x00000000cfb45b00}: static Ljava/lang/Object;.<clinit>()V> (0x00000000cfb45b00) 
thrown [s\src\hotspot\share\prims\jni.cpp, line 1139]
Event: 18748.523 Thread 0x000001f18aa00970 Exception <a 'java/lang/NoSuchMethodError'{0x00000000cfb59f88}: static Lorg/jetbrains/kotlin/incremental/ClasspathChanges$ClasspathSnapshotEnabled$NotAvailableForNonIncrementalRun;.<clinit>()V> (0x00000000cfb59f88) 
thrown [s\src\hotspot\share\prims\jni.cpp, line 1139]
Event: 18749.817 Thread 0x000001f1897d3170 Exception <a 'sun/nio/fs/WindowsException'{0x00000000fee5e570}> (0x00000000fee5e570) 
thrown [s\src\hotspot\share\prims\jni.cpp, line 535]
Event: 18749.866 Thread 0x000001f1f6195f70 Exception <a 'sun/nio/fs/WindowsException'{0x00000000fe4b1590}> (0x00000000fe4b1590) 
thrown [s\src\hotspot\share\prims\jni.cpp, line 535]

ZGC Phase Switch (0 events):
No events

VM Operations (20 events):
Event: 18747.199 Executing VM operation: G1PauseCleanup done
Event: 18747.232 Executing VM operation: G1CollectForAllocation (G1 Evacuation Pause)
Event: 18747.271 Executing VM operation: G1CollectForAllocation (G1 Evacuation Pause) done
Event: 18747.684 Executing VM operation: HandshakeAllThreads (Deoptimize)
Event: 18747.685 Executing VM operation: HandshakeAllThreads (Deoptimize) done
Event: 18747.956 Executing VM operation: ICBufferFull
Event: 18747.956 Executing VM operation: ICBufferFull done
Event: 18747.956 Executing VM operation: ICBufferFull
Event: 18747.956 Executing VM operation: ICBufferFull done
Event: 18747.956 Executing VM operation: ICBufferFull
Event: 18747.956 Executing VM operation: ICBufferFull done
Event: 18748.649 Executing VM operation: G1CollectForAllocation (G1 Evacuation Pause)
Event: 18748.712 Executing VM operation: G1CollectForAllocation (G1 Evacuation Pause) done
Event: 18748.753 Executing VM operation: G1TryInitiateConcMark (G1 Humongous Allocation)
Event: 18748.791 Executing VM operation: G1TryInitiateConcMark (G1 Humongous Allocation) done
Event: 18749.575 Executing VM operation: ICBufferFull
Event: 18749.575 Executing VM operation: ICBufferFull done
Event: 18749.720 Executing VM operation: G1CollectForAllocation (G1 Evacuation Pause)
Event: 18749.731 Executing VM operation: G1CollectForAllocation (G1 Evacuation Pause) done
Event: 18750.050 Executing VM operation: G1PauseRemark

Memory protections (0 events):
No events

Nmethod flushes (20 events):
Event: 18750.073 Thread 0x000001f1ebd75da0 flushing  nmethod 0x000001f1d81b7490
Event: 18750.073 Thread 0x000001f1ebd75da0 flushing  nmethod 0x000001f1d81b9c10
Event: 18750.073 Thread 0x000001f1ebd75da0 flushing  nmethod 0x000001f1d81ba390
Event: 18750.074 Thread 0x000001f1ebd75da0 flushing  nmethod 0x000001f1d81bdb90
Event: 18750.074 Thread 0x000001f1ebd75da0 flushing  nmethod 0x000001f1d8400a10
Event: 18750.074 Thread 0x000001f1ebd75da0 flushing  nmethod 0x000001f1d840cf10
Event: 18750.074 Thread 0x000001f1ebd75da0 flushing  nmethod 0x000001f1d840e890
Event: 18750.074 Thread 0x000001f1ebd75da0 flushing  nmethod 0x000001f1d8412110
Event: 18750.074 Thread 0x000001f1ebd75da0 flushing  nmethod 0x000001f1d84b2710
Event: 18750.074 Thread 0x000001f1ebd75da0 flushing  nmethod 0x000001f1d84bb590
Event: 18750.074 Thread 0x000001f1ebd75da0 flushing  nmethod 0x000001f1d84c0f10
Event: 18750.074 Thread 0x000001f1ebd75da0 flushing  nmethod 0x000001f1d84c2990
Event: 18750.074 Thread 0x000001f1ebd75da0 flushing  nmethod 0x000001f1d84c7310
Event: 18750.074 Thread 0x000001f1ebd75da0 flushing  nmethod 0x000001f1d8594890
Event: 18750.074 Thread 0x000001f1ebd75da0 flushing  nmethod 0x000001f1d8599c10
Event: 18750.074 Thread 0x000001f1ebd75da0 flushing  nmethod 0x000001f1d8681a10
Event: 18750.074 Thread 0x000001f1ebd75da0 flushing  nmethod 0x000001f1d868a610
Event: 18750.074 Thread 0x000001f1ebd75da0 flushing  nmethod 0x000001f1d8691290
Event: 18750.074 Thread 0x000001f1ebd75da0 flushing  nmethod 0x000001f1d8691e10
Event: 18750.074 Thread 0x000001f1ebd75da0 flushing  nmethod 0x000001f1d86fde10

Events (20 events):
Event: 18739.649 Thread 0x000001f18aa03df0 Thread added: 0x000001f18a2516e0
Event: 18739.696 Thread 0x000001f18aa03df0 Thread added: 0x000001f18a24f610
Event: 18739.703 Thread 0x000001f18a24f610 Thread added: 0x000001f18a2ecef0
Event: 18747.436 Thread 0x000001f18aa00970 Thread added: 0x000001f192ddadc0
Event: 18747.436 Thread 0x000001f18aa00970 Thread added: 0x000001f1899dbf50
Event: 18747.436 Thread 0x000001f18aa00970 Thread added: 0x000001f1899db230
Event: 18747.436 Thread 0x000001f18aa00970 Thread added: 0x000001f1899dd300
Event: 18747.436 Thread 0x000001f18aa00970 Thread added: 0x000001f1899de020
Event: 18747.437 Thread 0x000001f18aa00970 Thread added: 0x000001f1899daba0
Event: 18747.437 Thread 0x000001f18aa00970 Thread added: 0x000001f1899db8c0
Event: 18747.437 Thread 0x000001f18aa00970 Thread added: 0x000001f1899dc5e0
Event: 18747.447 Thread 0x000001f18aa00970 Thread added: 0x000001f1899dcc70
Event: 18748.197 Thread 0x000001f18aa00970 Thread added: 0x000001f19381d6a0
Event: 18748.197 Thread 0x000001f18aa00970 Thread added: 0x000001f1950d2de0
Event: 18748.197 Thread 0x000001f18aa00970 Thread added: 0x000001f1950d2750
Event: 18748.197 Thread 0x000001f18aa00970 Thread added: 0x000001f1950d3470
Event: 18748.198 Thread 0x000001f18aa00970 Thread added: 0x000001f1950cfff0
Event: 18748.538 Thread 0x000001f1fe5e9570 Thread added: 0x000001f194a8b6d0
Event: 18748.555 Thread 0x000001f1f3dbc850 Thread added: 0x000001f1fe5e60f0
Event: 18749.387 Thread 0x000001f1f3dbc850 Thread added: 0x000001f192ddb450


Dynamic libraries:
0x00007ff75cdb0000 - 0x00007ff75cdba000 	C:\Users\harsh\AppData\Local\Programs\Android Studio\jbr\bin\java.exe
0x00007ff87fcc0000 - 0x00007ff87ff27000 	C:\Windows\SYSTEM32\ntdll.dll
0x00007ff87dbb0000 - 0x00007ff87dc79000 	C:\Windows\System32\KERNEL32.DLL
0x00007ff87d3c0000 - 0x00007ff87d7af000 	C:\Windows\System32\KERNELBASE.dll
0x00007ff87cf80000 - 0x00007ff87d0cb000 	C:\Windows\System32\ucrtbase.dll
0x00007ff873140000 - 0x00007ff87315b000 	C:\Users\harsh\AppData\Local\Programs\Android Studio\jbr\bin\VCRUNTIME140.dll
0x00007ff877fa0000 - 0x00007ff877fb8000 	C:\Users\harsh\AppData\Local\Programs\Android Studio\jbr\bin\jli.dll
0x00007ff87e8f0000 - 0x00007ff87eab5000 	C:\Windows\System32\USER32.dll
0x00007ff87cf50000 - 0x00007ff87cf77000 	C:\Windows\System32\win32u.dll
0x00007ff8691c0000 - 0x00007ff869453000 	C:\Windows\WinSxS\amd64_microsoft.windows.common-controls_6595b64144ccf1df_6.0.26100.7309_none_3e05feeae336a044\COMCTL32.dll
0x00007ff87f290000 - 0x00007ff87f2bb000 	C:\Windows\System32\GDI32.dll
0x00007ff87ead0000 - 0x00007ff87eb79000 	C:\Windows\System32\msvcrt.dll
0x00007ff87d930000 - 0x00007ff87da5c000 	C:\Windows\System32\gdi32full.dll
0x00007ff87d0d0000 - 0x00007ff87d173000 	C:\Windows\System32\msvcp_win.dll
0x00007ff87e720000 - 0x00007ff87e751000 	C:\Windows\System32\IMM32.DLL
0x00007ff872bd0000 - 0x00007ff872bdc000 	C:\Users\harsh\AppData\Local\Programs\Android Studio\jbr\bin\vcruntime140_1.dll
0x00007ff858ab0000 - 0x00007ff858b3d000 	C:\Users\harsh\AppData\Local\Programs\Android Studio\jbr\bin\msvcp140.dll
0x00007ff80a340000 - 0x00007ff80afcb000 	C:\Users\harsh\AppData\Local\Programs\Android Studio\jbr\bin\server\jvm.dll
0x00007ff87e580000 - 0x00007ff87e634000 	C:\Windows\System32\ADVAPI32.dll
0x00007ff87f840000 - 0x00007ff87f8e6000 	C:\Windows\System32\sechost.dll
0x00007ff87e760000 - 0x00007ff87e878000 	C:\Windows\System32\RPCRT4.dll
0x00007ff87f190000 - 0x00007ff87f204000 	C:\Windows\System32\WS2_32.dll
0x00007ff87cbc0000 - 0x00007ff87cc1e000 	C:\Windows\SYSTEM32\POWRPROF.dll
0x00007ff875ef0000 - 0x00007ff875efb000 	C:\Windows\SYSTEM32\VERSION.dll
0x00007ff875eb0000 - 0x00007ff875ee5000 	C:\Windows\SYSTEM32\WINMM.dll
0x00007ff87caa0000 - 0x00007ff87cab4000 	C:\Windows\SYSTEM32\UMPDC.dll
0x00007ff87bbc0000 - 0x00007ff87bbdb000 	C:\Windows\SYSTEM32\kernel.appcore.dll
0x00007ff872bc0000 - 0x00007ff872bca000 	C:\Users\harsh\AppData\Local\Programs\Android Studio\jbr\bin\jimage.dll
0x00007ff870180000 - 0x00007ff8703c2000 	C:\Windows\SYSTEM32\DBGHELP.DLL
0x00007ff87f2c0000 - 0x00007ff87f645000 	C:\Windows\System32\combase.dll
0x00007ff87eb80000 - 0x00007ff87ec56000 	C:\Windows\System32\OLEAUT32.dll
0x00007ff866d80000 - 0x00007ff866dbc000 	C:\Windows\SYSTEM32\dbgcore.DLL
0x00007ff87ce10000 - 0x00007ff87ceb5000 	C:\Windows\System32\bcryptPrimitives.dll
0x00007ff879e10000 - 0x00007ff879e1e000 	C:\Users\harsh\AppData\Local\Programs\Android Studio\jbr\bin\instrument.dll
0x00007ff872a40000 - 0x00007ff872a60000 	C:\Users\harsh\AppData\Local\Programs\Android Studio\jbr\bin\java.dll
0x00007ff8728a0000 - 0x00007ff8728b8000 	C:\Users\harsh\AppData\Local\Programs\Android Studio\jbr\bin\zip.dll
0x00007ff87ddf0000 - 0x00007ff87e543000 	C:\Windows\System32\SHELL32.dll
0x00007ff87d7c0000 - 0x00007ff87d92a000 	C:\Windows\System32\wintypes.dll
0x00007ff87aa10000 - 0x00007ff87b26e000 	C:\Windows\SYSTEM32\windows.storage.dll
0x00007ff87dab0000 - 0x00007ff87dba5000 	C:\Windows\System32\SHCORE.dll
0x00007ff87e880000 - 0x00007ff87e8e6000 	C:\Windows\System32\shlwapi.dll
0x00007ff87cd30000 - 0x00007ff87cd59000 	C:\Windows\SYSTEM32\profapi.dll
0x00007ff872060000 - 0x00007ff872070000 	C:\Users\harsh\AppData\Local\Programs\Android Studio\jbr\bin\net.dll
0x00007ff873a00000 - 0x00007ff873b28000 	C:\Windows\SYSTEM32\WINHTTP.dll
0x00007ff87c130000 - 0x00007ff87c19b000 	C:\Windows\system32\mswsock.dll
0x00007ff871b70000 - 0x00007ff871b86000 	C:\Users\harsh\AppData\Local\Programs\Android Studio\jbr\bin\nio.dll
0x00007ff872050000 - 0x00007ff872060000 	C:\Users\harsh\AppData\Local\Programs\Android Studio\jbr\bin\verify.dll
0x00007ff871900000 - 0x00007ff871927000 	C:\Users\harsh\.gradle\native\c067742578af261105cb4f569cf0c3c89f3d7b1fecec35dd04571415982c5e48\windows-amd64\native-platform.dll
0x00007ff831690000 - 0x00007ff8317d4000 	C:\Users\harsh\.gradle\native\100fb08df4bc3b14c8652ba06237920a3bd2aa13389f12d3474272988ae205f9\windows-amd64\native-platform-file-events.dll
0x00007ff871b60000 - 0x00007ff871b69000 	C:\Users\harsh\AppData\Local\Programs\Android Studio\jbr\bin\management.dll
0x00007ff871b50000 - 0x00007ff871b5b000 	C:\Users\harsh\AppData\Local\Programs\Android Studio\jbr\bin\management_ext.dll
0x00007ff87ecf0000 - 0x00007ff87ecf8000 	C:\Windows\System32\PSAPI.DLL
0x00007ff87c400000 - 0x00007ff87c41b000 	C:\Windows\SYSTEM32\CRYPTSP.dll
0x00007ff87bb20000 - 0x00007ff87bb5a000 	C:\Windows\system32\rsaenh.dll
0x00007ff87c1e0000 - 0x00007ff87c20b000 	C:\Windows\SYSTEM32\USERENV.dll
0x00007ff87cd00000 - 0x00007ff87cd2a000 	C:\Windows\SYSTEM32\bcrypt.dll
0x00007ff87c3f0000 - 0x00007ff87c3fc000 	C:\Windows\SYSTEM32\CRYPTBASE.dll
0x00007ff87b5b0000 - 0x00007ff87b5e4000 	C:\Windows\SYSTEM32\IPHLPAPI.DLL
0x00007ff87f8f0000 - 0x00007ff87f8fa000 	C:\Windows\System32\NSI.dll
0x00007ff871ed0000 - 0x00007ff871ed9000 	C:\Users\harsh\AppData\Local\Programs\Android Studio\jbr\bin\extnet.dll
0x00007ff871e70000 - 0x00007ff871e78000 	C:\Windows\system32\wshunix.dll
0x00007ff842320000 - 0x00007ff8424b8000 	C:\Users\harsh\AppData\Local\Programs\Android Studio\jbr\bin\awt.dll
0x00007ff87a300000 - 0x00007ff87a330000 	C:\Windows\SYSTEM32\dwmapi.dll
0x00007ff86ef50000 - 0x00007ff86ef94000 	C:\Users\harsh\AppData\Local\Programs\Android Studio\jbr\bin\nvdaControllerClient64.dll
0x00007ff879e30000 - 0x00007ff879ecf000 	C:\Windows\SYSTEM32\apphelp.dll
0x00007ff87a040000 - 0x00007ff87a0eb000 	C:\Windows\system32\uxtheme.dll
0x00007ff87dc80000 - 0x00007ff87ddde000 	C:\Windows\System32\MSCTF.dll
0x00007ff87fa60000 - 0x00007ff87fbf7000 	C:\Windows\System32\ole32.dll
0x00007ff87bce0000 - 0x00007ff87bd16000 	C:\Windows\SYSTEM32\ntmarta.dll
0x00007ff871d40000 - 0x00007ff871d47000 	C:\Users\harsh\AppData\Local\Programs\Android Studio\jbr\bin\rmi.dll
0x00007ff87b640000 - 0x00007ff87b76c000 	C:\Windows\SYSTEM32\DNSAPI.dll
0x00007ff873bb0000 - 0x00007ff873bbb000 	C:\Windows\System32\rasadhlp.dll
0x00007ff877140000 - 0x00007ff8771c6000 	C:\Windows\System32\fwpuclnt.dll

dbghelp: loaded successfully - version: 4.0.5 - missing functions: none
symbol engine: initialized successfully - sym options: 0x614 - pdb path: .;C:\Users\harsh\AppData\Local\Programs\Android Studio\jbr\bin;C:\Windows\SYSTEM32;C:\Windows\WinSxS\amd64_microsoft.windows.common-controls_6595b64144ccf1df_6.0.26100.7309_none_3e05feeae336a044;C:\Users\harsh\AppData\Local\Programs\Android Studio\jbr\bin\server;C:\Users\harsh\.gradle\native\c067742578af261105cb4f569cf0c3c89f3d7b1fecec35dd04571415982c5e48\windows-amd64;C:\Users\harsh\.gradle\native\100fb08df4bc3b14c8652ba06237920a3bd2aa13389f12d3474272988ae205f9\windows-amd64

VM Arguments:
jvm_args: --add-opens=java.base/java.lang=ALL-UNNAMED --add-opens=java.base/java.lang.invoke=ALL-UNNAMED --add-opens=java.base/java.util=ALL-UNNAMED --add-opens=java.prefs/java.util.prefs=ALL-UNNAMED --add-exports=jdk.compiler/com.sun.tools.javac.api=ALL-UNNAMED --add-exports=jdk.compiler/com.sun.tools.javac.util=ALL-UNNAMED --add-opens=java.base/java.util=ALL-UNNAMED --add-opens=java.prefs/java.util.prefs=ALL-UNNAMED --add-opens=java.base/java.nio.charset=ALL-UNNAMED --add-opens=java.base/java.net=ALL-UNNAMED --add-opens=java.base/java.util.concurrent.atomic=ALL-UNNAMED --add-opens=java.xml/javax.xml.namespace=ALL-UNNAMED -Xmx2048m -Dfile.encoding=UTF-8 -Duser.country=US -Duser.language=en -Duser.variant -javaagent:C:\Users\harsh\.gradle\wrapper\dists\gradle-8.11.1-bin\bpt9gzteqjrbo1mjrsomdt32c\gradle-8.11.1\lib\agents\gradle-instrumentation-agent-8.11.1.jar 
java_command: org.gradle.launcher.daemon.bootstrap.GradleDaemon 8.11.1
java_class_path (initial): C:\Users\harsh\.gradle\wrapper\dists\gradle-8.11.1-bin\bpt9gzteqjrbo1mjrsomdt32c\gradle-8.11.1\lib\gradle-daemon-main-8.11.1.jar
Launcher Type: SUN_STANDARD

[Global flags]
     intx CICompilerCount                          = 4                                         {product} {ergonomic}
     uint ConcGCThreads                            = 3                                         {product} {ergonomic}
     uint G1ConcRefinementThreads                  = 10                                        {product} {ergonomic}
   size_t G1HeapRegionSize                         = 1048576                                   {product} {ergonomic}
    uintx GCDrainStackTargetSize                   = 64                                        {product} {ergonomic}
   size_t InitialHeapSize                          = 257949696                                 {product} {ergonomic}
   size_t MarkStackSize                            = 4194304                                   {product} {ergonomic}
   size_t MaxHeapSize                              = 2147483648                                {product} {command line}
   size_t MaxNewSize                               = 1287651328                                {product} {ergonomic}
   size_t MinHeapDeltaBytes                        = 1048576                                   {product} {ergonomic}
   size_t MinHeapSize                              = 8388608                                   {product} {ergonomic}
    uintx NonNMethodCodeHeapSize                   = 5839372                                {pd product} {ergonomic}
    uintx NonProfiledCodeHeapSize                  = 122909434                              {pd product} {ergonomic}
    uintx ProfiledCodeHeapSize                     = 122909434                              {pd product} {ergonomic}
    uintx ReservedCodeCacheSize                    = 251658240                              {pd product} {ergonomic}
     bool SegmentedCodeCache                       = true                                      {product} {ergonomic}
   size_t SoftMaxHeapSize                          = 2147483648                             {manageable} {ergonomic}
     bool UseCompressedOops                        = true                           {product lp64_product} {ergonomic}
     bool UseG1GC                                  = true                                      {product} {ergonomic}
     bool UseLargePagesIndividualAllocation        = false                                  {pd product} {ergonomic}

Logging:
Log output configuration:
 #0: stdout all=warning uptime,level,tags foldmultilines=false
 #1: stderr all=off uptime,level,tags foldmultilines=false

Environment Variables:
PATH=D:\oracle\product\10.2.0\db_1\bin;C:\Program Files\Common Files\Oracle\Java\javapath;C:\Windows\system32;C:\Windows;C:\Windows\System32\Wbem;C:\Windows\System32\WindowsPowerShell\v1.0\;C:\Windows\System32\OpenSSH\;C:\ProgramData\chocolatey\bin;C:\Program Files\Java\jdk-23\bin;C:\Program Files\Git\cmd;D:\flutter\bin;C:\Users\harsh\AppData\Local\Microsoft\WindowsApps;C:\Users\harsh\AppData\Local\Programs\Microsoft VS Code\bin;C:\Users\harsh\AppData\Roaming\Python\Python313\Scripts;C:\Users\harsh\AppData\Local\JetBrains\Toolbox\scripts;
USERNAME=harsh
OS=Windows_NT
PROCESSOR_IDENTIFIER=AMD64 Family 25 Model 80 Stepping 0, AuthenticAMD
TMP=C:\Users\harsh\AppData\Local\Temp
TEMP=C:\Users\harsh\AppData\Local\Temp




Periodic native trim disabled

JNI global refs:
JNI global refs: 43, weak refs: 439

JNI global refs memory usage: 835, weak refs: 10009

Process memory usage:
Resident Set Size: 2551556K (15% of 16085060K total physical memory with 835300K free physical memory)

OOME stack traces (most recent first):
Classloader memory used:
Loader java.net.URLClassLoader                                                         : 87494K
Loader org.gradle.internal.classloader.VisitableURLClassLoader$InstrumentingVisitableURLClassLoader: 82878K
Loader org.gradle.internal.classloader.VisitableURLClassLoader                         : 49258K
Loader bootstrap                                                                       : 40261K
Loader org.gradle.initialization.MixInLegacyTypesClassLoader                           : 15426K
Loader jdk.internal.loader.ClassLoaders$AppClassLoader                                 : 9721K
Loader jdk.internal.loader.ClassLoaders$PlatformClassLoader                            : 1197K
Loader jdk.internal.reflect.DelegatingClassLoader                                      : 879K
Loader jdk.internal.jrtfs.JrtFileSystemProvider$JrtFsLoader                            : 351K
Loader org.gradle.internal.classloader.VisitableURLClassLoader                         : 327K
Loader sun.reflect.misc.MethodUtil                                                     : 2952B

Classes loaded by more than one classloader:
Class Program                                                                         : loaded 5 times (x 68B)
Class kotlin.text.StringsKt__StringsKt                                                : loaded 3 times (x 67B)
Class com.google.common.collect.RegularImmutableMap$KeySet                            : loaded 3 times (x 148B)
Class com.google.common.base.PairwiseEquivalence                                      : loaded 3 times (x 79B)
Class com.google.common.base.Equivalence$Identity                                     : loaded 3 times (x 78B)
Class com.google.common.collect.RegularImmutableSet                                   : loaded 3 times (x 145B)
Class com.google.common.collect.Iterators$MergingIterator                             : loaded 3 times (x 77B)
Class kotlin.collections.CollectionsKt                                                : loaded 3 times (x 67B)
Class kotlin.io.NoSuchFileException                                                   : loaded 3 times (x 78B)
Class com.google.common.collect.ImmutableList$SubList                                 : loaded 3 times (x 205B)
Class com.google.common.collect.ImmutableSet$SetBuilderImpl                           : loaded 3 times (x 72B)
Class com.google.common.collect.Maps$EntrySet                                         : loaded 3 times (x 132B)
Class com.google.common.collect.ImmutableMultimap$EntryCollection                     : loaded 3 times (x 124B)
Class kotlin.io.FilesKt__FileTreeWalkKt                                               : loaded 3 times (x 67B)
Class kotlin.sequences.FilteringSequence$iterator$1                                   : loaded 3 times (x 75B)
Class kotlin.sequences.SequencesKt__SequenceBuilderKt                                 : loaded 3 times (x 67B)
Class kotlin.collections.CollectionsKt__ReversedViewsKt                               : loaded 3 times (x 67B)
Class com.google.common.collect.SortedSetMultimap                                     : loaded 3 times (x 66B)
Class com.google.common.base.CharMatcher$IsEither                                     : loaded 3 times (x 107B)
Class com.google.common.collect.ImmutableList                                         : loaded 3 times (x 202B)
Class com.google.common.collect.ImmutableSet$EmptySetBuilderImpl                      : loaded 3 times (x 72B)
Class com.google.common.collect.ImmutableMultimap$Builder                             : loaded 3 times (x 79B)
Class Build_gradle                                                                    : loaded 3 times (x 126B)
Class kotlin.jvm.internal.markers.KMappedMarker                                       : loaded 3 times (x 66B)
Class kotlin.sequences.ConstrainedOnceSequence                                        : loaded 3 times (x 71B)
Class com.google.common.collect.ImmutableSet$Builder                                  : loaded 3 times (x 81B)
Class com.google.common.collect.AbstractMapBasedMultimap$WrappedCollection            : loaded 3 times (x 120B)
Class com.google.common.collect.ImmutableEnumSet                                      : loaded 3 times (x 142B)
Class com.google.common.collect.ImmutableList$1                                       : loaded 3 times (x 93B)
Class com.google.common.base.CharMatcher$InRange                                      : loaded 3 times (x 107B)
Class com.google.common.collect.SetMultimap                                           : loaded 3 times (x 66B)
Class com.google.common.collect.Maps$BiMapConverter                                   : loaded 3 times (x 86B)
Class com.google.common.collect.ImmutableMapEntrySet$RegularEntrySet                  : loaded 3 times (x 148B)
Class com.google.common.collect.Multimaps                                             : loaded 3 times (x 67B)
Class kotlin.NoWhenBranchMatchedException                                             : loaded 3 times (x 78B)
Class kotlin.Lazy                                                                     : loaded 3 times (x 66B)
Class com.google.common.collect.RegularImmutableMap                                   : loaded 3 times (x 117B)
Class com.google.common.collect.ImmutableMap$MapViewOfValuesAsSingletonSets           : loaded 3 times (x 122B)
Class kotlin.text.StringsKt__StringBuilderKt                                          : loaded 3 times (x 67B)
Class com.google.common.base.Joiner$2                                                 : loaded 3 times (x 75B)
Class com.google.common.base.CharMatcher$1                                            : loaded 3 times (x 109B)
Class com.google.common.base.CharMatcher$NamedFastMatcher                             : loaded 3 times (x 108B)
Class com.google.common.collect.UnmodifiableListIterator                              : loaded 3 times (x 91B)
Class com.google.common.collect.Maps$IteratorBasedAbstractMap                         : loaded 3 times (x 121B)
Class kotlin.collections.ArraysKt__ArraysJVMKt                                        : loaded 3 times (x 67B)
Class com.google.common.collect.PeekingIterator                                       : loaded 3 times (x 66B)
Class com.google.common.base.Joiner$1                                                 : loaded 3 times (x 76B)
Class com.google.common.base.CharMatcher                                              : loaded 3 times (x 107B)
Class com.google.common.collect.ImmutableSetMultimap                                  : loaded 3 times (x 176B)
Class kotlin.LazyKt                                                                   : loaded 3 times (x 67B)
Class kotlin.collections.SetsKt__SetsKt                                               : loaded 3 times (x 67B)
Class com.google.common.base.Preconditions                                            : loaded 3 times (x 67B)
Class com.google.common.base.Suppliers                                                : loaded 3 times (x 67B)
Class com.google.common.collect.Hashing                                               : loaded 3 times (x 67B)
Class com.google.common.base.Equivalence$Equals                                       : loaded 3 times (x 78B)
Class kotlin.collections.ArraysKt                                                     : loaded 3 times (x 67B)
Class com.google.common.base.CharMatcher$Is                                           : loaded 3 times (x 107B)
Class com.google.common.base.CharMatcher$Negated                                      : loaded 3 times (x 109B)
Class com.google.common.collect.RegularImmutableBiMap                                 : loaded 3 times (x 145B)
Class com.google.common.collect.ImmutableMultimap$2                                   : loaded 3 times (x 77B)
Class com.google.common.collect.AbstractIterator$State                                : loaded 3 times (x 75B)
Class kotlin.ranges.RangesKt___RangesKt                                               : loaded 3 times (x 67B)
Class kotlin.sequences.SequencesKt___SequencesKt                                      : loaded 3 times (x 67B)
Class kotlin.collections.AbstractList$Companion                                       : loaded 3 times (x 67B)
Class com.google.common.collect.ImmutableMultimap$1                                   : loaded 3 times (x 78B)
Class [Lcom.google.common.collect.AbstractIterator$State;                             : loaded 3 times (x 65B)
Class kotlin.KotlinNullPointerException                                               : loaded 3 times (x 79B)
Class com.google.common.base.Suppliers$NonSerializableMemoizingSupplier               : loaded 3 times (x 75B)
Class com.google.common.collect.RegularImmutableMap$BucketOverflowException           : loaded 3 times (x 78B)
Class kotlin.collections.CollectionsKt__IterablesKt                                   : loaded 3 times (x 67B)
Class kotlin.collections.MapsKt                                                       : loaded 3 times (x 67B)
Class kotlin.jvm.internal.Intrinsics                                                  : loaded 3 times (x 67B)
Class com.google.common.collect.ImmutableSet$RegularSetBuilderImpl                    : loaded 3 times (x 73B)
Class com.google.common.collect.ImmutableMapKeySet                                    : loaded 3 times (x 148B)
Class kotlin.text.StringsKt___StringsKt                                               : loaded 3 times (x 67B)
Class [Lcom.google.common.collect.ImmutableMapEntry;                                  : loaded 3 times (x 65B)
Class kotlin.enums.EnumEntriesKt                                                      : loaded 3 times (x 67B)
Class kotlin.collections.CollectionsKt__MutableCollectionsJVMKt                       : loaded 3 times (x 67B)
Class kotlin.collections.MapsKt__MapWithDefaultKt                                     : loaded 3 times (x 67B)
Class com.google.common.collect.SortedMapDifference                                   : loaded 3 times (x 66B)
Class kotlin.collections.ArraysKt___ArraysKt                                          : loaded 3 times (x 67B)
Class kotlin.text.StringsKt__AppendableKt                                             : loaded 3 times (x 67B)
Class kotlin.io.FilesKt                                                               : loaded 3 times (x 67B)
Class com.google.common.collect.CollectSpliterators$1WithCharacteristics              : loaded 3 times (x 86B)
Class com.google.common.collect.ImmutableEnumMap                                      : loaded 3 times (x 122B)
Class com.google.common.collect.ListMultimap                                          : loaded 3 times (x 66B)
Class kotlin.collections.MapsKt___MapsKt                                              : loaded 3 times (x 67B)
Class com.google.common.base.Suppliers$MemoizingSupplier                              : loaded 3 times (x 75B)
Class com.google.common.collect.CollectPreconditions                                  : loaded 3 times (x 67B)
Class kotlin.text.StringsKt___StringsJvmKt                                            : loaded 3 times (x 67B)
Class com.google.common.collect.ArrayListMultimap                                     : loaded 3 times (x 168B)
Class com.google.common.collect.Sets$1                                                : loaded 3 times (x 135B)
Class com.google.common.collect.ImmutableEntry                                        : loaded 3 times (x 78B)
Class [Lcom.google.common.collect.AbstractMapEntry;                                   : loaded 3 times (x 65B)
Class kotlin.collections.CollectionsKt___CollectionsKt                                : loaded 3 times (x 67B)
Class com.google.common.base.CharMatcher$NegatedFastMatcher                           : loaded 3 times (x 109B)
Class kotlin.collections.MapsKt___MapsJvmKt                                           : loaded 3 times (x 67B)
Class kotlin.jvm.functions.Function3                                                  : loaded 3 times (x 66B)
Class com.google.common.base.Predicate                                                : loaded 3 times (x 66B)
Class com.google.common.collect.ImmutableMap                                          : loaded 3 times (x 116B)
Class kotlin.jvm.functions.Function2                                                  : loaded 3 times (x 66B)
Class kotlin.sequences.Sequence                                                       : loaded 3 times (x 66B)
Class kotlin.text.StringsKt__StringNumberConversionsJVMKt                             : loaded 3 times (x 67B)
Class com.google.common.collect.Sets                                                  : loaded 3 times (x 67B)
Class com.google.common.base.CharMatcher$FastMatcher                                  : loaded 3 times (x 107B)
Class kotlin.jvm.functions.Function1                                                  : loaded 3 times (x 66B)
Class kotlin.jvm.functions.Function0                                                  : loaded 3 times (x 66B)
Class com.google.common.collect.Sets$2                                                : loaded 3 times (x 135B)
Class com.google.common.collect.Maps$ViewCachingAbstractMap                           : loaded 3 times (x 121B)
Class kotlin.collections.ArraysUtilJVM                                                : loaded 3 times (x 67B)
Class com.google.common.base.Supplier                                                 : loaded 3 times (x 66B)
Class kotlin.ranges.RangesKt                                                          : loaded 3 times (x 67B)
Class com.google.common.base.CharMatcher$Or                                           : loaded 3 times (x 108B)
Class com.google.common.collect.ImmutableMultisetGwtSerializationDependencies         : loaded 3 times (x 121B)
Class kotlin.sequences.SequencesKt___SequencesJvmKt                                   : loaded 3 times (x 67B)
Class kotlin.Unit                                                                     : loaded 3 times (x 67B)
Class kotlin.TuplesKt                                                                 : loaded 3 times (x 67B)
Class kotlin.collections.CollectionsKt___CollectionsJvmKt                             : loaded 3 times (x 67B)
Class com.google.common.collect.ImmutableSet                                          : loaded 3 times (x 141B)
Class com.google.common.collect.Sets$3                                                : loaded 3 times (x 135B)
Class com.google.common.base.CharMatcher$BitSetMatcher                                : loaded 3 times (x 108B)
Class com.google.common.collect.RegularImmutableMap$Values                            : loaded 3 times (x 203B)
Class kotlin.sequences.FilteringSequence                                              : loaded 3 times (x 71B)
Class kotlin.comparisons.ComparisonsKt___ComparisonsKt                                : loaded 3 times (x 67B)
Class kotlin.comparisons.ComparisonsKt                                                : loaded 3 times (x 67B)
Class com.google.common.math.IntMath$1                                                : loaded 3 times (x 67B)
Class kotlin.sequences.SequencesKt__SequencesKt                                       : loaded 3 times (x 67B)
Class kotlin.collections.SetsKt___SetsKt                                              : loaded 3 times (x 67B)
Class kotlin.ranges.RangesKt__RangesKt                                                : loaded 3 times (x 67B)
Class kotlin.comparisons.ComparisonsKt__ComparisonsKt                                 : loaded 3 times (x 67B)
Class com.google.common.graph.SuccessorsFunction                                      : loaded 3 times (x 66B)
Class kotlin.UNINITIALIZED_VALUE                                                      : loaded 3 times (x 67B)
Class com.google.common.collect.Sets$SetView                                          : loaded 3 times (x 134B)
Class kotlin.text.StringsKt__StringBuilderJVMKt                                       : loaded 3 times (x 67B)
Class com.google.common.collect.Sets$4                                                : loaded 3 times (x 135B)
Class kotlin.LazyKt__LazyKt                                                           : loaded 3 times (x 67B)
Class com.google.common.collect.Maps$8                                                : loaded 3 times (x 78B)
Class kotlin.collections.AbstractCollection                                           : loaded 3 times (x 113B)
Class kotlin.collections.AbstractList                                                 : loaded 3 times (x 193B)
Class kotlin.sequences.SequencesKt__SequencesJVMKt                                    : loaded 3 times (x 67B)
Class Build_gradle$1                                                                  : loaded 3 times (x 70B)
Class com.google.common.collect.AbstractMapBasedMultimap$AsMap                        : loaded 3 times (x 124B)
Class com.google.common.collect.CollectSpliterators                                   : loaded 3 times (x 67B)
Class kotlin.text.StringsKt__RegexExtensionsKt                                        : loaded 3 times (x 67B)
Class kotlin.SynchronizedLazyImpl                                                     : loaded 3 times (x 72B)
Class com.google.common.collect.Sets$3$1                                              : loaded 3 times (x 78B)
Class [Lcom.google.common.collect.ImmutableEntry;                                     : loaded 3 times (x 65B)
Class com.google.common.collect.Maps                                                  : loaded 3 times (x 67B)
Class com.google.common.collect.AbstractMapBasedMultimap$WrappedSet                   : loaded 3 times (x 138B)
Class kotlin.io.FileSystemException                                                   : loaded 3 times (x 78B)
Class com.google.common.collect.RegularImmutableList                                  : loaded 3 times (x 209B)
Class com.google.common.collect.IndexedImmutableSet$1                                 : loaded 3 times (x 209B)
Class com.google.common.base.Function                                                 : loaded 3 times (x 66B)
Class com.google.common.base.Equivalence                                              : loaded 3 times (x 78B)
Class com.google.common.collect.ImmutableMapEntry$NonTerminalImmutableMapEntry        : loaded 3 times (x 81B)
Class kotlin.collections.ArraysKt___ArraysJvmKt                                       : loaded 3 times (x 67B)
Class kotlin.collections.CollectionsKt__CollectionsKt                                 : loaded 3 times (x 67B)
Class kotlin.text.StringsKt__RegexExtensionsJVMKt                                     : loaded 3 times (x 67B)
Class com.google.common.collect.ImmutableMultimap                                     : loaded 3 times (x 143B)
Class kotlin.enums.EnumEntries                                                        : loaded 3 times (x 66B)
Class com.google.common.collect.TransformedIterator                                   : loaded 3 times (x 76B)
Class com.google.common.collect.ImmutableMapEntry                                     : loaded 3 times (x 81B)
Class com.google.common.collect.MapDifference                                         : loaded 3 times (x 66B)
Class com.google.common.math.IntMath                                                  : loaded 3 times (x 67B)
Class com.google.common.collect.RegularImmutableSortedSet                             : loaded 3 times (x 296B)
Class com.google.common.base.CharMatcher$IsNot                                        : loaded 3 times (x 107B)
Class com.google.common.collect.ImmutableSortedSet                                    : loaded 3 times (x 296B)
Class com.google.common.collect.Maps$EntryTransformer                                 : loaded 3 times (x 66B)
Class kotlin.text.StringsKt__StringNumberConversionsKt                                : loaded 3 times (x 67B)
Class kotlin.io.FilesKt__FileReadWriteKt                                              : loaded 3 times (x 67B)
Class com.google.common.collect.ImmutableMultiset                                     : loaded 3 times (x 159B)
Class kotlin.LazyKt__LazyJVMKt                                                        : loaded 3 times (x 67B)
Class kotlin._Assertions                                                              : loaded 3 times (x 67B)
Class com.google.common.collect.ImmutableAsList                                       : loaded 3 times (x 205B)
Class com.google.common.collect.Iterators$9                                           : loaded 3 times (x 77B)
Class com.google.common.base.FunctionalEquivalence                                    : loaded 3 times (x 79B)
Class com.google.common.collect.AbstractMapBasedMultimap                              : loaded 3 times (x 135B)
Class com.google.common.collect.ImmutableMapValues                                    : loaded 3 times (x 122B)
Class kotlin.text.StringsKt                                                           : loaded 3 times (x 67B)
Class com.google.common.collect.ImmutableSet$CachingAsList                            : loaded 3 times (x 144B)
Class com.google.common.base.Converter                                                : loaded 3 times (x 86B)
Class kotlin.enums.EnumEntriesList                                                    : loaded 3 times (x 219B)
Class com.google.common.collect.Lists                                                 : loaded 3 times (x 67B)
Class com.google.common.collect.Maps$IteratorBasedAbstractMap$1                       : loaded 3 times (x 134B)
Class com.google.common.collect.ImmutableListMultimap                                 : loaded 3 times (x 172B)
Class com.google.common.collect.Iterators$ArrayItr                                    : loaded 3 times (x 93B)
Class com.google.common.collect.ImmutableCollection$Builder                           : loaded 3 times (x 72B)
Class kotlin.collections.CollectionsKt__IteratorsKt                                   : loaded 3 times (x 67B)
Class kotlin.sequences.SequencesKt                                                    : loaded 3 times (x 67B)
Class com.google.common.collect.ImmutableCollection                                   : loaded 3 times (x 121B)
Class com.google.common.base.CharMatcher$AnyOf                                        : loaded 3 times (x 108B)
Class kotlin.collections.CollectionsKt__CollectionsJVMKt                              : loaded 3 times (x 67B)
Class kotlin.io.FilesKt__UtilsKt                                                      : loaded 3 times (x 67B)
Class com.google.common.base.CharMatcher$ForPredicate                                 : loaded 3 times (x 108B)
Class com.google.common.collect.ImmutableMultimap$Values                              : loaded 3 times (x 122B)
Class com.google.common.collect.Iterators$6                                           : loaded 3 times (x 77B)
Class com.google.common.collect.ImmutableSet$JdkBackedSetBuilderImpl                  : loaded 3 times (x 72B)
Class kotlin.comparisons.ComparisonsKt___ComparisonsJvmKt                             : loaded 3 times (x 67B)
Class kotlin.collections.CollectionsKt__IteratorsJVMKt                                : loaded 3 times (x 67B)
Class com.google.common.collect.EmptyImmutableListMultimap                            : loaded 3 times (x 172B)
Class com.google.common.collect.BaseImmutableMultimap                                 : loaded 3 times (x 119B)
Class com.google.common.base.Joiner                                                   : loaded 3 times (x 75B)
Class com.google.common.collect.Iterators$5                                           : loaded 3 times (x 78B)
Class com.google.common.collect.Iterators$4                                           : loaded 3 times (x 78B)
Class com.google.common.collect.AbstractListMultimap                                  : loaded 3 times (x 168B)
Class com.google.common.collect.ImmutableBiMap                                        : loaded 3 times (x 139B)
Class com.google.common.collect.SortedIterable                                        : loaded 3 times (x 66B)
Class com.google.common.collect.AbstractMapBasedMultimap$AsMap$AsMapEntries           : loaded 3 times (x 134B)
Class com.google.common.collect.SingletonImmutableSet                                 : loaded 3 times (x 142B)
Class com.google.common.collect.ImmutableMap$IteratorBasedImmutableMap                : loaded 3 times (x 122B)
Class kotlin.UninitializedPropertyAccessException                                     : loaded 3 times (x 78B)
Class com.google.common.collect.Iterators$1                                           : loaded 3 times (x 77B)
Class kotlin.collections.MapsKt__MapsKt                                               : loaded 3 times (x 67B)
Class com.google.common.collect.Platform                                              : loaded 3 times (x 67B)
Class com.google.common.collect.UnmodifiableIterator                                  : loaded 3 times (x 76B)
Class com.google.common.collect.ImmutableList$ReverseImmutableList                    : loaded 3 times (x 205B)
Class kotlin.NotImplementedError                                                      : loaded 3 times (x 78B)
Class com.google.common.collect.SingletonImmutableList                                : loaded 3 times (x 203B)
Class kotlin.text.StringsKt__IndentKt                                                 : loaded 3 times (x 67B)
Class kotlin.collections.SetsKt                                                       : loaded 3 times (x 67B)
Class kotlin.Pair                                                                     : loaded 3 times (x 68B)
Class com.google.common.base.ExtraObjectsMethodsForWeb                                : loaded 3 times (x 67B)
Class com.google.common.collect.SingletonImmutableBiMap                               : loaded 3 times (x 139B)
Class com.google.common.collect.AbstractMapEntry                                      : loaded 3 times (x 77B)
Class com.google.common.base.Ascii                                                    : loaded 3 times (x 67B)
Class kotlin.text.StringsKt__StringsJVMKt                                             : loaded 3 times (x 67B)
Class com.google.common.collect.Multimap                                              : loaded 3 times (x 66B)
Class com.google.common.collect.ImmutableMultimap$Keys                                : loaded 3 times (x 162B)
Class com.google.common.primitives.IntsMethodsForWeb                                  : loaded 3 times (x 67B)
Class com.google.common.collect.ImmutableMap$Builder                                  : loaded 3 times (x 78B)
Class kotlin.io.FileAlreadyExistsException                                            : loaded 3 times (x 78B)
Class com.google.common.collect.ImmutableMapEntrySet                                  : loaded 3 times (x 148B)
Class kotlin.Function                                                                 : loaded 3 times (x 66B)
Class kotlin.io.CloseableKt                                                           : loaded 3 times (x 67B)
Class kotlin.collections.CollectionsKt__MutableCollectionsKt                          : loaded 3 times (x 67B)
Class com.google.common.collect.AbstractSetMultimap                                   : loaded 3 times (x 170B)
Class com.google.common.collect.Sets$ImprovedAbstractSet                              : loaded 3 times (x 131B)
Class com.google.common.collect.AbstractMultimap                                      : loaded 3 times (x 119B)
Class com.google.common.collect.ImmutableList$Builder                                 : loaded 3 times (x 73B)
Class kotlin.collections.SetsKt__SetsJVMKt                                            : loaded 3 times (x 67B)
Class com.google.common.math.MathPreconditions                                        : loaded 3 times (x 67B)
Class com.google.common.collect.AbstractIndexedListIterator                           : loaded 3 times (x 92B)
Class com.google.common.collect.ArrayListMultimapGwtSerializationDependencies         : loaded 3 times (x 168B)
Class com.google.common.collect.Multiset                                              : loaded 3 times (x 66B)
Class com.google.common.collect.ObjectArrays                                          : loaded 3 times (x 67B)
Class kotlin.collections.ArraysKt__ArraysKt                                           : loaded 3 times (x 67B)
Class com.google.common.collect.AbstractIterator                                      : loaded 3 times (x 78B)
Class com.google.common.primitives.Ints                                               : loaded 3 times (x 67B)
Class kotlin.io.TerminateException                                                    : loaded 3 times (x 78B)
Class kotlin.io.FilesKt__FilePathComponentsKt                                         : loaded 3 times (x 67B)
Class com.google.common.collect.BiMap                                                 : loaded 3 times (x 66B)
Class com.google.common.collect.ImmutableMap$1                                        : loaded 3 times (x 77B)
Class com.google.common.collect.RegularImmutableAsList                                : loaded 3 times (x 213B)
Class com.google.common.collect.IndexedImmutableSet                                   : loaded 3 times (x 148B)
Class com.google.common.base.Objects                                                  : loaded 3 times (x 67B)
Class com.google.common.base.CharMatcher$And                                          : loaded 3 times (x 108B)
Class kotlin.collections.MapsKt__MapsJVMKt                                            : loaded 3 times (x 67B)
Class kotlin.collections.EmptyList                                                    : loaded 3 times (x 170B)
Class com.google.common.collect.Lists$StringAsImmutableList                           : loaded 3 times (x 203B)
Class com.google.common.collect.Iterators                                             : loaded 3 times (x 67B)
Class com.google.common.collect.Iterables                                             : loaded 3 times (x 67B)
Class kotlin.collections.AbstractIterator                                             : loaded 2 times (x 79B)
Class kotlin.text.CharsKt                                                             : loaded 2 times (x 67B)
Class com.google.common.base.Optional                                                 : loaded 2 times (x 76B)
Class com.google.common.collect.Range                                                 : loaded 2 times (x 83B)
Class com.google.common.util.concurrent.AbstractFuture$Trusted                        : loaded 2 times (x 66B)
Class [Lorg.jetbrains.kotlin.build.report.metrics.BuildTime;                          : loaded 2 times (x 65B)
Class com.google.common.collect.ExplicitOrdering                                      : loaded 2 times (x 111B)
Class com.squareup.javapoet.TypeSpec$Kind                                             : loaded 2 times (x 75B)
Class jdk.internal.jimage.ImageLocation                                               : loaded 2 times (x 86B)
Class jdk.internal.jrtfs.JrtDirectoryStream$1                                         : loaded 2 times (x 79B)
Class kotlin.collections.MutableMapWithDefault                                        : loaded 2 times (x 66B)
Class kotlin.coroutines.ContinuationInterceptor$Key                                   : loaded 2 times (x 67B)
Class kotlin.text.DelimitedRangesSequence$iterator$1                                  : loaded 2 times (x 75B)
Class com.google.common.io.ByteSink$AsCharSink                                        : loaded 2 times (x 76B)
Class com.google.common.util.concurrent.UncheckedExecutionException                   : loaded 2 times (x 78B)
Class org.gradle.kotlin.dsl.VersionCatalogAccessorsKt                                 : loaded 2 times (x 67B)
Class org.jetbrains.org.objectweb.asm.ClassTooLargeException                          : loaded 2 times (x 79B)
Class kotlin.collections.builders.MapBuilder$EntriesItr                               : loaded 2 times (x 77B)
Class kotlin.jvm.internal.Ref$IntRef                                                  : loaded 2 times (x 67B)
Class org.gradle.internal.InternalTransformer                                         : loaded 2 times (x 66B)
Class com.google.common.util.concurrent.AbstractFuture$UnsafeAtomicHelper$1           : loaded 2 times (x 72B)
Class com.google.common.collect.ImmutableRangeSet$1                                   : loaded 2 times (x 206B)
Class com.google.common.collect.ImmutableBiMap$Builder                                : loaded 2 times (x 78B)
Class kotlin.coroutines.CoroutineContext$Element                                      : loaded 2 times (x 66B)
Class jdk.internal.jimage.ImageBufferCache$1                                          : loaded 2 times (x 79B)
Class kotlin.DeprecationLevel                                                         : loaded 2 times (x 75B)
Class kotlin.collections.ArraysKt___ArraysKt$asSequence$$inlined$Sequence$1           : loaded 2 times (x 71B)
Class kotlin.time.DurationUnitKt__DurationUnitJvmKt                                   : loaded 2 times (x 67B)
Class kotlin.jvm.JvmStatic                                                            : loaded 2 times (x 66B)
Class com.google.common.collect.AbstractMapBasedMultimap$KeySet$1                     : loaded 2 times (x 78B)
Class org.objectweb.asm.ClassWriter                                                   : loaded 2 times (x 102B)
Class com.google.common.cache.CacheLoader$UnsupportedLoadingOperationException        : loaded 2 times (x 78B)
Class org.gradle.internal.classloader.ClasspathUtil$1                                 : loaded 2 times (x 72B)
Class kotlin.reflect.KCallable                                                        : loaded 2 times (x 66B)
Class kotlin.streams.jdk8.StreamsKt                                                   : loaded 2 times (x 67B)
Class com.squareup.javapoet.CodeWriter                                                : loaded 2 times (x 68B)
Class com.google.common.collect.SortedIterables                                       : loaded 2 times (x 67B)
Class com.squareup.javapoet.JavaFile$Builder                                          : loaded 2 times (x 68B)
Class jdk.internal.jimage.ImageBufferCache$2                                          : loaded 2 times (x 87B)
Class kotlin.collections.builders.ListBuilderKt                                       : loaded 2 times (x 67B)
Class com.google.common.collect.FluentIterable$1                                      : loaded 2 times (x 77B)
Class org.objectweb.asm.FieldVisitor                                                  : loaded 2 times (x 73B)
Class org.gradle.api.internal.classpath.DefaultModuleRegistry$DefaultModule           : loaded 2 times (x 82B)
Class com.google.common.collect.NullsFirstOrdering                                    : loaded 2 times (x 111B)
Class com.google.common.cache.LocalCache$2                                            : loaded 2 times (x 138B)
Class com.google.common.collect.MapMakerInternalMap$AbstractStrongKeyEntry            : loaded 2 times (x 76B)
Class kotlin.ResultKt                                                                 : loaded 2 times (x 67B)
Class com.google.common.reflect.Reflection                                            : loaded 2 times (x 67B)
Class com.google.common.base.Absent                                                   : loaded 2 times (x 76B)
Class com.google.common.collect.FluentIterable$2                                      : loaded 2 times (x 77B)
Class org.jetbrains.org.objectweb.asm.FieldVisitor                                    : loaded 2 times (x 73B)
Class com.google.common.io.ByteSource$ByteArrayByteSource                             : loaded 2 times (x 81B)
Class com.google.common.reflect.TypeToken$SimpleTypeToken                             : loaded 2 times (x 69B)
Class org.apache.commons.io.function.IOSupplier                                       : loaded 2 times (x 66B)
Class com.google.common.io.CharSource$StringCharSource                                : loaded 2 times (x 82B)
Class com.squareup.javapoet.MethodSpec$Builder                                        : loaded 2 times (x 68B)
Class kotlin.reflect.KProperty2                                                       : loaded 2 times (x 66B)
Class kotlin.sequences.GeneratorSequence$iterator$1                                   : loaded 2 times (x 75B)
Class kotlin.collections.IndexingIterable                                             : loaded 2 times (x 75B)
Class kotlin.Result$Failure                                                           : loaded 2 times (x 68B)
Class com.google.common.collect.FluentIterable$3                                      : loaded 2 times (x 77B)
Class com.squareup.javapoet.CodeWriter$Multiset                                       : loaded 2 times (x 68B)
Class com.google.common.cache.LocalCache$1                                            : loaded 2 times (x 85B)
Class com.google.common.collect.HashBiMap$BiEntry                                     : loaded 2 times (x 79B)
Class com.squareup.javapoet.ParameterizedTypeName                                     : loaded 2 times (x 77B)
Class dagger.hilt.processor.internal.optionvalues.GradleProjectType                   : loaded 2 times (x 75B)
Class org.apache.commons.io.output.NullOutputStream                                   : loaded 2 times (x 81B)
Class org.gradle.api.internal.classpath.Module                                        : loaded 2 times (x 66B)
Class org.apache.commons.io.FileExistsException                                       : loaded 2 times (x 78B)
Class [Lcom.google.common.collect.LinkedHashMultimap$ValueSetLink;                    : loaded 2 times (x 65B)
Class com.squareup.javapoet.AnnotationSpec$Builder                                    : loaded 2 times (x 68B)
Class kotlin.KotlinVersion                                                            : loaded 2 times (x 70B)
Class kotlin.reflect.KMutableProperty                                                 : loaded 2 times (x 66B)
Class kotlin.internal.ProgressionUtilKt                                               : loaded 2 times (x 67B)
Class com.google.common.cache.Weigher                                                 : loaded 2 times (x 66B)
Class org.gradle.api.internal.classpath.UnknownModuleException                        : loaded 2 times (x 78B)
Class jdk.internal.jimage.ImageHeader                                                 : loaded 2 times (x 67B)
Class kotlin.sequences.DistinctIterator                                               : loaded 2 times (x 79B)
Class kotlin.jvm.internal.PropertyReference                                           : loaded 2 times (x 111B)
Class org.apache.commons.io.Charsets                                                  : loaded 2 times (x 67B)
Class com.google.common.base.Stopwatch                                                : loaded 2 times (x 68B)
Class com.google.common.cache.LocalCache$Strength                                     : loaded 2 times (x 77B)
Class com.google.common.cache.Cache                                                   : loaded 2 times (x 66B)
Class org.jetbrains.kotlin.build.report.metrics.BuildMetricsReporter                  : loaded 2 times (x 66B)
Class kotlin.sequences.TransformingSequence$iterator$1                                : loaded 2 times (x 75B)
Class kotlin.collections.IndexingIterator                                             : loaded 2 times (x 75B)
Class org.apache.commons.io.filefilter.IOFileFilter                                   : loaded 2 times (x 66B)
Class com.google.common.io.Files$2                                                    : loaded 2 times (x 72B)
Class com.google.common.io.AppendableWriter                                           : loaded 2 times (x 96B)
Class com.google.common.util.concurrent.AbstractFuture$Cancellation                   : loaded 2 times (x 68B)
Class com.google.common.base.NullnessCasts                                            : loaded 2 times (x 67B)
Class org.jetbrains.org.objectweb.asm.FieldWriter                                     : loaded 2 times (x 74B)
Class org.jetbrains.org.objectweb.asm.MethodVisitor                                   : loaded 2 times (x 101B)
Class kotlin.io.ByteStreamsKt                                                         : loaded 2 times (x 67B)
Class com.google.common.collect.Maps$TransformedEntriesMap                            : loaded 2 times (x 123B)
Class com.google.common.collect.LinkedHashMultimap                                    : loaded 2 times (x 171B)
Class com.google.common.collect.ImmutableMap$IteratorBasedImmutableMap$1EntrySetImpl  : loaded 2 times (x 150B)
Class com.google.common.collect.AbstractMapBasedMultimap$AsMap$AsMapIterator          : loaded 2 times (x 79B)
Class [Lkotlin.reflect.KAnnotatedElement;                                             : loaded 2 times (x 65B)
Class com.google.common.collect.Maps$EntryFunction$1                                  : loaded 2 times (x 87B)
Class com.google.common.collect.AbstractMapBasedMultimap$WrappedCollection$WrappedIterator: loaded 2 times (x 80B)
Class com.google.common.base.Present                                                  : loaded 2 times (x 77B)
Class com.google.common.cache.RemovalListener                                         : loaded 2 times (x 66B)
Class org.gradle.api.internal.DefaultClassPathRegistry                                : loaded 2 times (x 72B)
Class kotlin.reflect.KClass                                                           : loaded 2 times (x 66B)
Class kotlin.reflect.KProperty1                                                       : loaded 2 times (x 66B)
Class com.squareup.javapoet.CodeBlock$Builder                                         : loaded 2 times (x 68B)
Class jdk.internal.jrtfs.JrtFileSystemProvider                                        : loaded 2 times (x 97B)
Class kotlin.annotation.AnnotationTarget                                              : loaded 2 times (x 75B)
Class kotlin.jvm.JvmClassMappingKt                                                    : loaded 2 times (x 67B)
Class kotlin.jvm.internal.Reflection                                                  : loaded 2 times (x 67B)
Class kotlin.reflect.KProperty                                                        : loaded 2 times (x 66B)
Class kotlin.ranges.ClosedRange                                                       : loaded 2 times (x 66B)
Class org.apache.commons.io.file.DeleteOption                                         : loaded 2 times (x 66B)
Class com.google.common.reflect.Invokable$ConstructorInvokable                        : loaded 2 times (x 103B)
Class com.google.common.collect.Maps$EntryFunction$2                                  : loaded 2 times (x 87B)
Class org.gradle.api.internal.ClassPathRegistry                                       : loaded 2 times (x 66B)
Class org.gradle.internal.classpath.DefaultClassPath$ImmutableUniqueList              : loaded 2 times (x 195B)
Class org.jetbrains.org.objectweb.asm.ByteVector                                      : loaded 2 times (x 74B)
Class com.google.common.collect.Iterators$SingletonIterator                           : loaded 2 times (x 77B)
Class [Lkotlin.Function;                                                              : loaded 2 times (x 65B)
Class jdk.internal.jimage.decompressor.ResourceDecompressor                           : loaded 2 times (x 66B)
Class kotlin.jvm.internal.TypeIntrinsics                                              : loaded 2 times (x 67B)
Class kotlin.collections.IntIterator                                                  : loaded 2 times (x 78B)
Class com.google.common.reflect.TypeToken                                             : loaded 2 times (x 69B)
Class com.google.common.collect.NullnessCasts                                         : loaded 2 times (x 67B)
Class com.google.common.collect.MapMakerInternalMap$Segment                           : loaded 2 times (x 138B)
Class org.apache.commons.io.IOUtils                                                   : loaded 2 times (x 67B)
Class org.gradle.internal.service.ServiceLocator                                      : loaded 2 times (x 66B)
Class [Lorg.objectweb.asm.Type;                                                       : loaded 2 times (x 65B)
Class [Lorg.objectweb.asm.Attribute;                                                  : loaded 2 times (x 65B)
Class kotlin.time.DurationUnit                                                        : loaded 2 times (x 75B)
Class kotlin.Result                                                                   : loaded 2 times (x 68B)
Class com.google.common.cache.RemovalCause                                            : loaded 2 times (x 76B)
Class com.google.common.io.ByteSink                                                   : loaded 2 times (x 72B)
Class com.google.common.cache.CacheBuilder                                            : loaded 2 times (x 68B)
Class Settings_gradle$1                                                               : loaded 2 times (x 71B)
Class org.gradle.internal.classpath.ClassPath                                         : loaded 2 times (x 66B)
Class org.gradle.api.UncheckedIOException                                             : loaded 2 times (x 78B)
Class com.google.common.collect.LinkedHashMultimap$ValueSet$1                         : loaded 2 times (x 78B)
Class com.google.common.collect.LinkedListMultimap$Node                               : loaded 2 times (x 78B)
Class com.google.common.base.Equivalence$Wrapper                                      : loaded 2 times (x 68B)
Class kotlin.reflect.KProperty0                                                       : loaded 2 times (x 66B)
Class kotlin.collections.ArrayDeque                                                   : loaded 2 times (x 203B)
Class kotlin.reflect.KFunction                                                        : loaded 2 times (x 66B)
Class [Lcom.google.common.reflect.Types$JavaVersion;                                  : loaded 2 times (x 65B)
Class com.google.common.collect.Interners$InternerBuilder                             : loaded 2 times (x 72B)
Class com.google.common.io.Files$FileByteSource                                       : loaded 2 times (x 81B)
Class com.google.common.base.JdkPattern                                               : loaded 2 times (x 71B)
Class org.jetbrains.kotlin.com.intellij.openapi.diagnostic.Logger                     : loaded 2 times (x 95B)
Class org.jetbrains.kotlin.build.report.metrics.GradleBuildTime                       : loaded 2 times (x 84B)
Class com.google.common.collect.Sets$1$1                                              : loaded 2 times (x 78B)
Class com.squareup.javapoet.ParameterSpec$Builder                                     : loaded 2 times (x 68B)
Class kotlin.time.DurationUnitKt__DurationUnitKt                                      : loaded 2 times (x 67B)
Class [Lkotlin.reflect.KDeclarationContainer;                                         : loaded 2 times (x 65B)
Class kotlin.jvm.internal.Lambda                                                      : loaded 2 times (x 71B)
Class com.google.common.io.CharSource$CharSequenceCharSource                          : loaded 2 times (x 82B)
Class com.google.common.io.CharStreams$NullWriter                                     : loaded 2 times (x 95B)
Class org.objectweb.asm.SymbolTable$Entry                                             : loaded 2 times (x 70B)
Class com.google.common.util.concurrent.AbstractFuture$AtomicHelper                   : loaded 2 times (x 74B)
Class org.jetbrains.org.objectweb.asm.ClassWriter                                     : loaded 2 times (x 102B)
Class [Lcom.google.common.base.CaseFormat;                                            : loaded 2 times (x 65B)
Class [Lorg.jetbrains.kotlin.com.intellij.openapi.diagnostic.LogLevel;                : loaded 2 times (x 65B)
Class jdk.internal.jimage.ImageStringsReader                                          : loaded 2 times (x 76B)
Class kotlin.jvm.internal.markers.KMutableMap$Entry                                   : loaded 2 times (x 66B)
Class org.objectweb.asm.Edge                                                          : loaded 2 times (x 68B)
Class com.google.common.base.Suppliers$SupplierOfInstance                             : loaded 2 times (x 75B)
Class com.google.common.base.MoreObjects                                              : loaded 2 times (x 67B)
Class org.apache.commons.io.output.ByteArrayOutputStream                              : loaded 2 times (x 98B)
Class com.google.common.reflect.TypeResolver$TypeVariableKey                          : loaded 2 times (x 68B)
Class kotlin.properties.Delegates                                                     : loaded 2 times (x 67B)
Class kotlin.Metadata                                                                 : loaded 2 times (x 66B)
Class kotlin.collections.AbstractMutableSet                                           : loaded 2 times (x 138B)
Class com.google.devtools.ksp.processing.KSPJvmConfig                                 : loaded 2 times (x 68B)
Class com.google.common.reflect.TypeToken$1                                           : loaded 2 times (x 106B)
Class com.google.common.cache.LocalCache$ComputingValueReference                      : loaded 2 times (x 92B)
Class com.google.common.collect.MultimapBuilder                                       : loaded 2 times (x 69B)
Class kotlin.collections.builders.ListBuilder                                         : loaded 2 times (x 203B)
Class jdk.internal.jimage.ImageReader                                                 : loaded 2 times (x 71B)
Class kotlin.reflect.KProperty$Getter                                                 : loaded 2 times (x 66B)
Class com.google.common.reflect.TypeToken$2                                           : loaded 2 times (x 106B)
Class com.google.common.cache.LocalCache$Segment                                      : loaded 2 times (x 150B)
Class kotlin.collections.builders.ListBuilder$Companion                               : loaded 2 times (x 67B)
Class kotlin.collections.builders.AbstractMapBuilderEntrySet                          : loaded 2 times (x 140B)
Class jdk.internal.jrtfs.SystemImage$2                                                : loaded 2 times (x 72B)
Class com.squareup.javapoet.TypeSpec$Builder                                          : loaded 2 times (x 68B)
Class jdk.internal.jimage.ImageReader$SharedImageReader                               : loaded 2 times (x 91B)
Class kotlin.time.DurationJvmKt                                                       : loaded 2 times (x 67B)
Class kotlin.SafePublicationLazyImpl                                                  : loaded 2 times (x 72B)
Class [Lcom.google.common.base.Supplier;                                              : loaded 2 times (x 65B)
Class [Lorg.objectweb.asm.SymbolTable$Entry;                                          : loaded 2 times (x 65B)
Class com.google.common.cache.CacheLoader                                             : loaded 2 times (x 70B)
Class org.gradle.internal.installation.GradleInstallation$1                           : loaded 2 times (x 71B)
Class org.gradle.api.internal.classpath.ModuleRegistry                                : loaded 2 times (x 66B)
Class org.jetbrains.org.objectweb.asm.AnnotationVisitor                               : loaded 2 times (x 74B)
Class com.squareup.javapoet.MethodSpec                                                : loaded 2 times (x 68B)
Class com.google.common.cache.CacheLoader$FunctionToCacheLoader                       : loaded 2 times (x 71B)
Class jdk.internal.jimage.decompressor.ResourceDecompressorFactory                    : loaded 2 times (x 70B)
Class com.google.devtools.ksp.processing.KSPLogger                                    : loaded 2 times (x 66B)
Class org.apache.commons.io.output.NullWriter                                         : loaded 2 times (x 95B)
Class com.google.common.util.concurrent.internal.InternalFutureFailureAccess          : loaded 2 times (x 68B)
Class com.google.common.base.Splitter$SplittingIterator                               : loaded 2 times (x 80B)
Class com.google.common.collect.MultimapBuilder$ArrayListSupplier                     : loaded 2 times (x 73B)
Class com.google.common.collect.ImmutableSortedAsList                                 : loaded 2 times (x 217B)
Class com.google.common.collect.ImmutableRangeSet$AsSet                               : loaded 2 times (x 296B)
Class org.apache.commons.io.output.UnsynchronizedByteArrayOutputStream                : loaded 2 times (x 98B)
Class com.google.common.reflect.Types$ParameterizedTypeImpl                           : loaded 2 times (x 77B)
Class com.squareup.javapoet.JavaFile$1                                                : loaded 2 times (x 75B)
Class kotlin.text.RegexKt                                                             : loaded 2 times (x 67B)
Class kotlin.time.Duration$Companion                                                  : loaded 2 times (x 67B)
Class kotlin.coroutines.intrinsics.IntrinsicsKt__IntrinsicsKt                         : loaded 2 times (x 67B)
Class com.google.common.collect.HashBiMap$Inverse                                     : loaded 2 times (x 138B)
Class com.google.common.util.concurrent.AbstractFuture$UnsafeAtomicHelper             : loaded 2 times (x 74B)
Class com.google.common.cache.LocalCache$LocalManualCache$1                           : loaded 2 times (x 71B)
Class org.apache.commons.io.filefilter.AbstractFileFilter                             : loaded 2 times (x 117B)
Class kotlin.jvm.internal.FunctionBase                                                : loaded 2 times (x 66B)
Class com.google.common.collect.LinkedListMultimap                                    : loaded 2 times (x 157B)
Class com.google.common.collect.Multimaps$CustomListMultimap                          : loaded 2 times (x 170B)
Class [Lkotlin.coroutines.intrinsics.CoroutineSingletons;                             : loaded 2 times (x 65B)
Class kotlin.jvm.internal.FunctionReference                                           : loaded 2 times (x 118B)
Class jdk.internal.jimage.ImageReader$Node                                            : loaded 2 times (x 80B)
Class com.google.common.collect.Multimaps$CustomSetMultimap                           : loaded 2 times (x 174B)
Class org.gradle.api.internal.classpath.DefaultModuleRegistry                         : loaded 2 times (x 82B)
Class org.jetbrains.org.objectweb.asm.AnnotationWriter                                : loaded 2 times (x 75B)
Class [Lkotlin.annotation.AnnotationTarget;                                           : loaded 2 times (x 65B)
Class jdk.internal.jrtfs.SystemImage$1                                                : loaded 2 times (x 74B)
Class org.jetbrains.kotlin.build.report.metrics.GradleBuildTime$Companion             : loaded 2 times (x 67B)
Class com.google.common.collect.LinkedHashMultimap$ValueSetLink                       : loaded 2 times (x 66B)
Class com.google.common.collect.LinkedHashMultimap$ValueSet                           : loaded 2 times (x 138B)
Class [Lorg.jetbrains.org.objectweb.asm.SymbolTable$Entry;                            : loaded 2 times (x 65B)
Class com.squareup.javapoet.TypeName                                                  : loaded 2 times (x 77B)
Class org.gradle.internal.classloader.InstrumentingClassLoader                        : loaded 2 times (x 66B)
Class jdk.internal.jimage.BasicImageReader$1                                          : loaded 2 times (x 73B)
Class kotlin.collections.IndexedValue                                                 : loaded 2 times (x 68B)
Class kotlin.KotlinVersionCurrentValue                                                : loaded 2 times (x 67B)
Class kotlin.collections.builders.MapBuilder$Itr                                      : loaded 2 times (x 68B)
Class com.google.common.util.concurrent.ListenableFuture                              : loaded 2 times (x 66B)
Class com.google.common.cache.ReferenceEntry                                          : loaded 2 times (x 66B)
Class org.jetbrains.kotlin.com.intellij.openapi.diagnostic.Logger$DefaultFactory      : loaded 2 times (x 70B)
Class org.gradle.internal.classpath.TransformedClassPath                              : loaded 2 times (x 92B)
Class com.google.common.cache.CacheBuilder$NullListener                               : loaded 2 times (x 78B)
Class com.squareup.javapoet.FieldSpec$Builder                                         : loaded 2 times (x 68B)
Class org.objectweb.asm.FieldWriter                                                   : loaded 2 times (x 74B)
Class com.squareup.javapoet.ParameterSpec                                             : loaded 2 times (x 68B)
Class com.google.common.collect.MapMaker$Dummy                                        : loaded 2 times (x 75B)
Class com.google.common.reflect.Invokable                                             : loaded 2 times (x 99B)
Class kotlin.text.Regex$Companion                                                     : loaded 2 times (x 67B)
Class kotlin.jvm.internal.markers.KMutableSet                                         : loaded 2 times (x 66B)
Class com.google.common.util.concurrent.AbstractFuture                                : loaded 2 times (x 102B)
Class com.google.common.base.Splitter$1                                               : loaded 2 times (x 73B)
Class com.google.common.cache.LocalCache$Strength$3                                   : loaded 2 times (x 77B)
Class com.google.common.base.CaseFormat$StringConverter                               : loaded 2 times (x 86B)
Class kotlin.coroutines.jvm.internal.RestrictedContinuationImpl                       : loaded 2 times (x 83B)
Class kotlin.coroutines.CoroutineContext$Key                                          : loaded 2 times (x 66B)
Class com.google.common.reflect.TypeResolver$TypeTable                                : loaded 2 times (x 69B)
Class com.google.common.io.CharStreams                                                : loaded 2 times (x 67B)
Class org.objectweb.asm.RecordComponentVisitor                                        : loaded 2 times (x 73B)
Class com.google.common.cache.CacheLoader$SupplierToCacheLoader                       : loaded 2 times (x 71B)
Class com.google.common.collect.Interner                                              : loaded 2 times (x 66B)
Class com.google.common.collect.Interners$InternerImpl                                : loaded 2 times (x 71B)
Class com.google.common.collect.UsingToStringOrdering                                 : loaded 2 times (x 110B)
Class [Lcom.google.common.collect.Maps$EntryFunction;                                 : loaded 2 times (x 65B)
Class jdk.internal.jimage.decompressor.Decompressor                                   : loaded 2 times (x 68B)
Class jdk.internal.jimage.ImageReader$Resource                                        : loaded 2 times (x 80B)
Class kotlin.text.MatchNamedGroupCollection                                           : loaded 2 times (x 66B)
Class [Lkotlin.Pair;                                                                  : loaded 2 times (x 65B)
Class kotlin.jvm.internal.markers.KMutableList                                        : loaded 2 times (x 66B)
Class com.google.common.reflect.TypeResolver$TypeTable$1                              : loaded 2 times (x 69B)
Class org.gradle.internal.service.ServiceLookupException                              : loaded 2 times (x 78B)
Class org.jetbrains.kotlin.com.intellij.openapi.diagnostic.LogLevel                   : loaded 2 times (x 75B)
Class com.google.common.collect.LinkedListMultimap$DistinctKeyIterator                : loaded 2 times (x 78B)
Class com.google.common.io.ByteStreams                                                : loaded 2 times (x 67B)
Class com.squareup.javapoet.LineWrapper                                               : loaded 2 times (x 68B)
Class jdk.internal.jrtfs.JrtFileAttributes                                            : loaded 2 times (x 79B)
Class kotlin.sequences.SequencesKt___SequencesKt$sortedWith$1                         : loaded 2 times (x 71B)
Class [Lkotlin.sequences.Sequence;                                                    : loaded 2 times (x 65B)
Class kotlin.jvm.internal.MutablePropertyReference1Impl                               : loaded 2 times (x 133B)
Class com.google.common.base.CharMatcher$JavaLetter                                   : loaded 2 times (x 107B)
Class com.google.common.collect.Lists$ReverseList                                     : loaded 2 times (x 196B)
Class [Lcom.google.common.cache.LocalCache$EntryFactory;                              : loaded 2 times (x 65B)
Class org.gradle.internal.classloader.ClassLoaderFactory                              : loaded 2 times (x 66B)
Class org.objectweb.asm.Handle                                                        : loaded 2 times (x 68B)
Class [Lorg.apache.commons.io.FileSystem;                                             : loaded 2 times (x 65B)
Class com.google.common.collect.ImmutableMap$SerializedForm                           : loaded 2 times (x 69B)
Class org.apache.commons.io.CloseableURLConnection                                    : loaded 2 times (x 112B)
Class com.google.common.cache.LocalCache$LocalManualCache                             : loaded 2 times (x 95B)
Class com.google.common.base.CommonPattern                                            : loaded 2 times (x 70B)
Class org.gradle.internal.service.CachingServiceLocator                               : loaded 2 times (x 78B)
Class com.google.common.collect.Streams                                               : loaded 2 times (x 67B)
Class com.google.common.collect.LinkedHashMultimap$ValueEntry                         : loaded 2 times (x 85B)
Class org.apache.commons.io.IOCase                                                    : loaded 2 times (x 76B)
Class kotlin.reflect.KTypeParameter                                                   : loaded 2 times (x 66B)
Class kotlin.jvm.internal.CallableReference                                           : loaded 2 times (x 102B)
Class kotlin.collections.AbstractList$IteratorImpl                                    : loaded 2 times (x 78B)
Class org.apache.commons.io.filefilter.ConditionalFileFilter                          : loaded 2 times (x 66B)
Class com.google.common.collect.AbstractMapBasedMultimap$KeySet                       : loaded 2 times (x 133B)
Class org.jetbrains.kotlin.build.report.metrics.BuildTime                             : loaded 2 times (x 66B)
Class com.google.common.base.CaseFormat$5                                             : loaded 2 times (x 79B)
Class kotlin.properties.ReadOnlyProperty                                              : loaded 2 times (x 66B)
Class kotlin.jvm.internal.markers.KMutableMap                                         : loaded 2 times (x 66B)
Class kotlin.ranges.IntRange                                                          : loaded 2 times (x 89B)
Class com.google.common.reflect.Types$TypeVariableInvocationHandler                   : loaded 2 times (x 71B)
Class com.google.common.collect.MapMakerInternalMap$InternalEntry                     : loaded 2 times (x 66B)
Class [Lcom.google.common.collect.HashBiMap$BiEntry;                                  : loaded 2 times (x 65B)
Class com.google.common.collect.AllEqualOrdering                                      : loaded 2 times (x 110B)
Class org.jetbrains.kotlin.build.report.metrics.DoNothingBuildMetricsReporter         : loaded 2 times (x 83B)
Class com.google.common.collect.LinkedListMultimap$1                                  : loaded 2 times (x 195B)
Class com.google.common.cache.LocalCache$Strength$2                                   : loaded 2 times (x 77B)
Class com.google.common.util.concurrent.SettableFuture                                : loaded 2 times (x 110B)
Class org.apache.commons.io.output.QueueOutputStream                                  : loaded 2 times (x 83B)
Class com.google.common.base.Predicates                                               : loaded 2 times (x 67B)
Class com.google.common.collect.Collections2$FilteredCollection                       : loaded 2 times (x 115B)
Class com.google.common.reflect.Types$ClassOwnership$3                                : loaded 2 times (x 67B)
Class kotlin.jvm.internal.markers.KMutableListIterator                                : loaded 2 times (x 66B)
Class org.apache.commons.io.output.AbstractByteArrayOutputStream                      : loaded 2 times (x 98B)
Class com.google.common.cache.CacheBuilder$OneWeigher                                 : loaded 2 times (x 78B)
Class org.jetbrains.kotlin.com.intellij.openapi.diagnostic.Logger$Factory             : loaded 2 times (x 66B)
Class jdk.internal.jimage.ImageBufferCache                                            : loaded 2 times (x 67B)
Class jdk.internal.jrtfs.JrtPath                                                      : loaded 2 times (x 114B)
Class com.google.common.reflect.Types$ClassOwnership$1LocalClass                      : loaded 2 times (x 67B)
Class com.google.common.collect.Maps$EntryFunction                                    : loaded 2 times (x 87B)
Class org.gradle.internal.classloader.ClasspathUtil                                   : loaded 2 times (x 67B)
Class kotlin.coroutines.jvm.internal.ContinuationImpl                                 : loaded 2 times (x 83B)
Class kotlin.jvm.internal.PropertyReference0                                          : loaded 2 times (x 123B)
Class kotlin.sequences.EmptySequence                                                  : loaded 2 times (x 74B)
Class com.google.common.base.Charsets                                                 : loaded 2 times (x 67B)
Class com.google.common.util.concurrent.Uninterruptibles                              : loaded 2 times (x 67B)
Class org.jetbrains.org.objectweb.asm.ModuleVisitor                                   : loaded 2 times (x 77B)
Class kotlin.coroutines.jvm.internal.SuspendLambda                                    : loaded 2 times (x 87B)
Class kotlin.collections.MapWithDefault                                               : loaded 2 times (x 66B)
Class com.squareup.javapoet.TypeVariableName                                          : loaded 2 times (x 77B)
Class kotlin.jvm.internal.DefaultConstructorMarker                                    : loaded 2 times (x 67B)
Class kotlin.sequences.DistinctSequence                                               : loaded 2 times (x 71B)
Class kotlin.jvm.internal.PropertyReference1                                          : loaded 2 times (x 123B)
Class com.google.common.io.CharSource                                                 : loaded 2 times (x 81B)
Class org.gradle.api.specs.Spec                                                       : loaded 2 times (x 66B)
Class com.google.common.collect.MultimapBuilder$ListMultimapBuilder                   : loaded 2 times (x 71B)
Class kotlin.jvm.functions.Function22                                                 : loaded 2 times (x 66B)
Class jdk.internal.jimage.ImageReader$SharedImageReader$LocationVisitor               : loaded 2 times (x 66B)
Class kotlin.jvm.internal.MutablePropertyReference                                    : loaded 2 times (x 115B)
Class kotlin.UnsafeLazyImpl                                                           : loaded 2 times (x 72B)
Class kotlin.LazyKt__LazyJVMKt$WhenMappings                                           : loaded 2 times (x 67B)
Class org.apache.commons.io.file.PathFilter                                           : loaded 2 times (x 66B)
Class com.google.common.reflect.Types$JavaVersion                                     : loaded 2 times (x 79B)
Class com.google.common.collect.MapMaker                                              : loaded 2 times (x 68B)
Class org.jetbrains.org.objectweb.asm.Symbol                                          : loaded 2 times (x 69B)
Class kotlin.annotation.AnnotationRetention                                           : loaded 2 times (x 75B)
Class kotlin.jvm.internal.ArrayIterator                                               : loaded 2 times (x 75B)
Class kotlin.LazyThreadSafetyMode                                                     : loaded 2 times (x 75B)
Class com.google.common.cache.LocalCache$LoadingValueReference                        : loaded 2 times (x 92B)
Class kotlin.collections.builders.MapBuilderEntries                                   : loaded 2 times (x 141B)
Class com.google.common.base.CaseFormat$4                                             : loaded 2 times (x 79B)
Class com.google.common.cache.LocalCache$Strength$1                                   : loaded 2 times (x 77B)
Class org.objectweb.asm.ModuleVisitor                                                 : loaded 2 times (x 77B)
Class com.squareup.javapoet.ArrayTypeName                                             : loaded 2 times (x 77B)
Class jdk.internal.jimage.decompressor.ResourceDecompressorRepository                 : loaded 2 times (x 67B)
Class kotlin.jvm.internal.SpreadBuilder                                               : loaded 2 times (x 72B)
Class kotlin.collections.EmptyIterator                                                : loaded 2 times (x 85B)
Class com.google.common.collect.MapMakerInternalMap$StrongValueEntry                  : loaded 2 times (x 66B)
Class org.apache.commons.io.filefilter.AndFileFilter                                  : loaded 2 times (x 128B)
Class com.google.common.reflect.Invokable$MethodInvokable                             : loaded 2 times (x 103B)
Class com.google.common.collect.MapMakerInternalMap$StrongKeyDummyValueEntry          : loaded 2 times (x 78B)
Class com.google.common.io.LineReader$1                                               : loaded 2 times (x 71B)
Class com.google.common.base.Platform                                                 : loaded 2 times (x 67B)
Class com.google.common.io.ByteArrayDataInput                                         : loaded 2 times (x 66B)
Class com.google.common.reflect.TypeResolver                                          : loaded 2 times (x 68B)
Class com.google.common.reflect.Types$ClassOwnership$2                                : loaded 2 times (x 76B)
Class com.google.common.collect.CompoundOrdering                                      : loaded 2 times (x 111B)
Class [Lorg.apache.commons.io.IOCase;                                                 : loaded 2 times (x 65B)
Class jdk.internal.jimage.ImageReader$Directory                                       : loaded 2 times (x 80B)
Class kotlin.io.FilePathComponents                                                    : loaded 2 times (x 68B)
Class kotlin.coroutines.jvm.internal.RestrictedSuspendLambda                          : loaded 2 times (x 87B)
Class com.google.devtools.ksp.processing.KspGradleLogger$Companion                    : loaded 2 times (x 67B)
Class com.google.common.collect.AbstractMapBasedMultimap$WrappedList                  : loaded 2 times (x 201B)
Class [Lorg.objectweb.asm.AnnotationWriter;                                           : loaded 2 times (x 65B)
Class kotlin.jvm.functions.Function21                                                 : loaded 2 times (x 66B)
Class com.google.common.base.CaseFormat$3                                             : loaded 2 times (x 79B)
Class com.google.common.collect.Maps$9                                                : loaded 2 times (x 72B)
Class [Lcom.google.common.collect.LinkedHashMultimap$ValueEntry;                      : loaded 2 times (x 65B)
Class kotlin.collections.MutableMapWithDefaultImpl                                    : loaded 2 times (x 140B)
Class kotlin.text.Regex                                                               : loaded 2 times (x 68B)
Class kotlin.Triple                                                                   : loaded 2 times (x 68B)
Class kotlin.sequences.SequencesKt__SequenceBuilderKt$sequence$$inlined$Sequence$1    : loaded 2 times (x 71B)
Class kotlin.collections.ArrayAsCollection                                            : loaded 2 times (x 101B)
Class [Lcom.google.common.collect.Iterators$EmptyModifiableIterator;                  : loaded 2 times (x 65B)
Class com.google.common.base.Predicates$CompositionPredicate                          : loaded 2 times (x 84B)
Class com.google.common.collect.Lists$ReverseList$1                                   : loaded 2 times (x 95B)
Class com.google.common.collect.ImmutableRangeSet$Builder                             : loaded 2 times (x 73B)
Class com.google.common.cache.LocalCache$StrongValueReference                         : loaded 2 times (x 86B)
Class com.google.common.util.concurrent.AbstractFuture$SynchronizedHelper             : loaded 2 times (x 74B)
Class [Lorg.jetbrains.org.objectweb.asm.Attribute;                                    : loaded 2 times (x 65B)
Class org.gradle.internal.service.UnknownServiceException                             : loaded 2 times (x 79B)
Class [Lcom.squareup.javapoet.LineWrapper$FlushType;                                  : loaded 2 times (x 65B)
Class kotlin.jvm.internal.Ref$ObjectRef                                               : loaded 2 times (x 68B)
Class kotlin.jvm.internal.ReflectionFactory                                           : loaded 2 times (x 87B)
Class org.objectweb.asm.Type                                                          : loaded 2 times (x 68B)
Class org.gradle.internal.classloader.VisitableURLClassLoader$InstrumentingVisitableURLClassLoader: loaded 2 times (x 119B)
Class com.google.common.base.AbstractIterator$State                                   : loaded 2 times (x 75B)
Class com.google.common.cache.LocalCache$LocalLoadingCache                            : loaded 2 times (x 130B)
Class com.google.common.util.concurrent.AbstractFuture$SafeAtomicHelper               : loaded 2 times (x 75B)
Class [Lorg.objectweb.asm.AnnotationVisitor;                                          : loaded 2 times (x 65B)
Class com.google.common.collect.MapMakerInternalMap$Strength$2                        : loaded 2 times (x 76B)
Class kotlin.jvm.internal.ClassBasedDeclarationContainer                              : loaded 2 times (x 66B)
Class kotlin.coroutines.CoroutineContext$Element$DefaultImpls                         : loaded 2 times (x 67B)
Class kotlin.coroutines.Continuation                                                  : loaded 2 times (x 66B)
Class org.apache.commons.io.FileUtils                                                 : loaded 2 times (x 67B)
Class com.google.common.collect.MapMakerInternalMap$StrongKeyDummyValueEntry$Helper   : loaded 2 times (x 75B)
Class com.google.common.io.Files$FileByteSink                                         : loaded 2 times (x 73B)
Class org.objectweb.asm.ByteVector                                                    : loaded 2 times (x 75B)
Class [Lcom.google.common.cache.CacheBuilder$NullListener;                            : loaded 2 times (x 65B)
Class org.gradle.internal.classloader.VisitableURLClassLoader$Spec                    : loaded 2 times (x 70B)
Class org.gradle.internal.classpath.DefaultClassPath                                  : loaded 2 times (x 86B)
Class com.google.common.reflect.Types$ClassOwnership$1                                : loaded 2 times (x 76B)
Class kotlin.collections.CollectionsKt___CollectionsKt$asSequence$$inlined$Sequence$1 : loaded 2 times (x 71B)
Class kotlin.jvm.functions.Function20                                                 : loaded 2 times (x 66B)
Class [Lorg.jetbrains.kotlin.build.report.metrics.GradleBuildTime;                    : loaded 2 times (x 65B)
Class com.squareup.javapoet.TypeSpec                                                  : loaded 2 times (x 68B)
Class jdk.internal.jimage.decompressor.ZipDecompressorFactory                         : loaded 2 times (x 70B)
Class kotlin.Result$Companion                                                         : loaded 2 times (x 67B)
Class kotlin.coroutines.jvm.internal.BaseContinuationImpl                             : loaded 2 times (x 83B)
Class kotlin.text.CharsKt__CharJVMKt                                                  : loaded 2 times (x 67B)
Class com.google.devtools.ksp.processing.KspGradleLogger                              : loaded 2 times (x 75B)
Class com.google.common.reflect.Types$ClassOwnership                                  : loaded 2 times (x 76B)
Class org.objectweb.asm.Symbol                                                        : loaded 2 times (x 69B)
Class com.google.common.base.AbstractIterator                                         : loaded 2 times (x 76B)
Class jdk.internal.jrtfs.SystemImage                                                  : loaded 2 times (x 70B)
Class com.squareup.javapoet.LineWrapper$1                                             : loaded 2 times (x 67B)
Class com.squareup.javapoet.JavaFile                                                  : loaded 2 times (x 68B)
Class com.google.common.base.CaseFormat$2                                             : loaded 2 times (x 79B)
Class kotlin.reflect.KType                                                            : loaded 2 times (x 66B)
Class com.google.common.collect.Sets$FilteredSet                                      : loaded 2 times (x 133B)
Class com.google.common.io.Closer                                                     : loaded 2 times (x 74B)
Class com.google.common.io.Java8Compatibility                                         : loaded 2 times (x 67B)
Class com.google.common.base.CharMatcher$Ascii                                        : loaded 2 times (x 108B)
Class org.gradle.internal.classloader.ClassLoaderSpec                                 : loaded 2 times (x 67B)
Class org.gradle.api.internal.ClassPathProvider                                       : loaded 2 times (x 66B)
Class kotlin.jvm.internal.FunctionReferenceImpl                                       : loaded 2 times (x 118B)
Class kotlin.text.DelimitedRangesSequence                                             : loaded 2 times (x 71B)
Class com.google.common.io.ByteSource$EmptyByteSource                                 : loaded 2 times (x 81B)
Class org.objectweb.asm.AnnotationWriter                                              : loaded 2 times (x 75B)
Class com.google.common.cache.CacheStats                                              : loaded 2 times (x 67B)
Class [Lorg.gradle.api.internal.ClassPathProvider;                                    : loaded 2 times (x 65B)
Class com.google.common.collect.MapMakerInternalMap$Strength$1                        : loaded 2 times (x 76B)
Class [Lcom.google.common.base.Function;                                              : loaded 2 times (x 65B)
Class org.apache.commons.io.FilenameUtils                                             : loaded 2 times (x 67B)
Class com.google.common.io.CharSource$ConcatenatedCharSource                          : loaded 2 times (x 82B)
Class kotlin.jdk7.AutoCloseableKt                                                     : loaded 2 times (x 67B)
Class kotlin.time.DurationKt                                                          : loaded 2 times (x 67B)
Class kotlin.jvm.internal.markers.KMutableIterable                                    : loaded 2 times (x 66B)
Class com.google.common.collect.Interners                                             : loaded 2 times (x 67B)
Class com.google.common.io.Closer$Suppressor                                          : loaded 2 times (x 66B)
Class com.google.common.io.LineProcessor                                              : loaded 2 times (x 66B)
Class org.objectweb.asm.RecordComponentWriter                                         : loaded 2 times (x 74B)
Class com.google.common.util.concurrent.AbstractFuture$Listener                       : loaded 2 times (x 68B)
Class Settings_gradle$1$1                                                             : loaded 2 times (x 71B)
Class kotlin.sequences.SequenceScope                                                  : loaded 2 times (x 69B)
Class com.google.common.collect.MultimapBuilder$SortedSetMultimapBuilder              : loaded 2 times (x 73B)
Class kotlin.text.MatchResult                                                         : loaded 2 times (x 66B)
Class [Lorg.objectweb.asm.Label;                                                      : loaded 2 times (x 65B)
Class org.objectweb.asm.Attribute                                                     : loaded 2 times (x 73B)
Class org.gradle.internal.classloader.VisitableURLClassLoader                         : loaded 2 times (x 113B)
Class kotlin.collections.builders.MapBuilder$EntryRef                                 : loaded 2 times (x 77B)
Class com.google.common.base.CaseFormat$1                                             : loaded 2 times (x 79B)
Class [Lkotlin.DeprecationLevel;                                                      : loaded 2 times (x 65B)
Class kotlin.sequences.GeneratorSequence                                              : loaded 2 times (x 71B)
Class kotlin.sequences.FlatteningSequence$iterator$1                                  : loaded 2 times (x 75B)
Class com.google.common.io.CharSource$AsByteSource                                    : loaded 2 times (x 81B)
Class org.apache.commons.io.file.PathVisitor                                          : loaded 2 times (x 66B)
Class com.google.common.collect.ImmutableList$SerializedForm                          : loaded 2 times (x 69B)
Class com.google.common.util.concurrent.AbstractFuture$Waiter                         : loaded 2 times (x 68B)
Class Settings_gradle                                                                 : loaded 2 times (x 124B)
Class org.gradle.internal.Cast                                                        : loaded 2 times (x 67B)
Class org.gradle.api.Action                                                           : loaded 2 times (x 66B)
Class com.google.common.collect.LinkedHashMultimapGwtSerializationDependencies        : loaded 2 times (x 170B)
Class com.squareup.javapoet.FieldSpec                                                 : loaded 2 times (x 68B)
Class com.google.common.collect.NaturalOrdering                                       : loaded 2 times (x 111B)
Class com.google.common.collect.LinkedListMultimap$KeyList                            : loaded 2 times (x 68B)
Class com.squareup.javapoet.LineWrapper$FlushType                                     : loaded 2 times (x 75B)
Class jdk.internal.jimage.decompressor.ZipDecompressor                                : loaded 2 times (x 71B)
Class kotlin.properties.ReadWriteProperty                                             : loaded 2 times (x 66B)
Class kotlin.collections.AbstractMutableList                                          : loaded 2 times (x 202B)
Class com.google.common.collect.MapMakerInternalMap                                   : loaded 2 times (x 157B)
Class com.google.common.collect.HashBiMap                                             : loaded 2 times (x 139B)
Class com.google.common.base.Strings                                                  : loaded 2 times (x 67B)
Class org.objectweb.asm.Handler                                                       : loaded 2 times (x 68B)
Class com.google.common.base.Ticker                                                   : loaded 2 times (x 68B)
Class org.gradle.api.internal.DefaultClassPathProvider                                : loaded 2 times (x 72B)
Class com.google.common.collect.MultimapBuilder$SetMultimapBuilder                    : loaded 2 times (x 71B)
Class com.google.common.collect.ImmutableSortedSet$Builder                            : loaded 2 times (x 82B)
Class com.google.common.base.Splitter                                                 : loaded 2 times (x 68B)
Class org.objectweb.asm.AnnotationVisitor                                             : loaded 2 times (x 74B)
Class kotlin.jvm.internal.markers.KMutableIterator                                    : loaded 2 times (x 66B)
Class kotlin.KotlinNothingValueException                                              : loaded 2 times (x 78B)
Class com.google.devtools.ksp.processing.KSPConfig                                    : loaded 2 times (x 68B)
Class com.google.common.cache.RemovalCause$1                                          : loaded 2 times (x 76B)
Class [Lcom.google.common.cache.LocalCache$Segment;                                   : loaded 2 times (x 65B)
Class [Lcom.google.common.cache.LocalCache$Strength;                                  : loaded 2 times (x 65B)
Class com.google.common.cache.CacheBuilder$1                                          : loaded 2 times (x 81B)
Class org.gradle.internal.classpath.DefaultClassPath$ImmutableUniqueList$Builder      : loaded 2 times (x 71B)
Class com.google.common.collect.ImmutableSet$SerializedForm                           : loaded 2 times (x 69B)
Class com.google.common.collect.Iterators$EmptyModifiableIterator                     : loaded 2 times (x 82B)
Class com.google.common.collect.LinkedListMultimap$ValueForKeyIterator                : loaded 2 times (x 95B)
Class kotlin.jvm.internal.AdaptedFunctionReference                                    : loaded 2 times (x 73B)
Class kotlin.io.FileTreeWalk$WalkState                                                : loaded 2 times (x 69B)
Class com.google.common.cache.RemovalCause$2                                          : loaded 2 times (x 76B)
Class com.google.common.collect.MapMakerInternalMap$WeakValueReference                : loaded 2 times (x 66B)
Class com.google.common.collect.AbstractRangeSet                                      : loaded 2 times (x 110B)
Class com.google.common.cache.LocalCache                                              : loaded 2 times (x 183B)
Class com.google.common.cache.CacheBuilder$2                                          : loaded 2 times (x 75B)
Class [Lkotlin.reflect.KCallable;                                                     : loaded 2 times (x 65B)
Class kotlin.reflect.KProperty$Accessor                                               : loaded 2 times (x 66B)
Class kotlin.jvm.internal.ArrayIteratorKt                                             : loaded 2 times (x 67B)
Class com.google.common.collect.ComparatorOrdering                                    : loaded 2 times (x 111B)
Class kotlin.annotation.Target                                                        : loaded 2 times (x 66B)
Class kotlin.jvm.functions.Function4                                                  : loaded 2 times (x 66B)
Class kotlin.collections.EmptySet                                                     : loaded 2 times (x 118B)
Class com.google.common.cache.RemovalCause$3                                          : loaded 2 times (x 76B)
Class com.google.common.cache.CacheBuilder$3                                          : loaded 2 times (x 68B)
Class org.gradle.api.GradleException                                                  : loaded 2 times (x 78B)
Class org.jetbrains.org.objectweb.asm.SymbolTable$Entry                               : loaded 2 times (x 70B)
Class com.google.common.collect.ImmutableRangeSet                                     : loaded 2 times (x 111B)
Class org.apache.commons.io.output.StringBuilderWriter                                : loaded 2 times (x 96B)
Class [Lorg.apache.commons.io.StandardLineSeparator;                                  : loaded 2 times (x 65B)
Class jdk.internal.jimage.ImageStrings                                                : loaded 2 times (x 66B)
Class kotlin.annotation.Retention                                                     : loaded 2 times (x 66B)
Class kotlin.jvm.functions.Function5                                                  : loaded 2 times (x 66B)
Class kotlin.reflect.KDeclarationContainer                                            : loaded 2 times (x 66B)
Class com.google.common.io.CharSource$EmptyCharSource                                 : loaded 2 times (x 82B)
Class com.google.common.cache.RemovalCause$4                                          : loaded 2 times (x 76B)
Class org.apache.commons.io.StandardLineSeparator                                     : loaded 2 times (x 75B)
Class kotlin.coroutines.ContinuationInterceptor                                       : loaded 2 times (x 66B)
Class com.google.common.collect.AbstractIterator$1                                    : loaded 2 times (x 67B)
Class org.gradle.api.internal.classpath.EffectiveClassPath                            : loaded 2 times (x 86B)
Class kotlin.io.FileTreeWalk$FileTreeWalkIterator                                     : loaded 2 times (x 79B)
Class kotlin.jvm.functions.Function6                                                  : loaded 2 times (x 66B)
Class com.google.common.cache.RemovalCause$5                                          : loaded 2 times (x 76B)
Class com.google.common.collect.Maps$AbstractFilteredMap                              : loaded 2 times (x 123B)
Class [Lcom.google.common.collect.MapMakerInternalMap$Strength;                       : loaded 2 times (x 65B)
Class [Lcom.google.common.io.FileWriteMode;                                           : loaded 2 times (x 65B)
Class [Lorg.jetbrains.org.objectweb.asm.Symbol;                                       : loaded 2 times (x 65B)
Class kotlin.sequences.SequencesKt___SequencesKt$flatMap$2                            : loaded 2 times (x 121B)
Class [Lkotlin.time.DurationUnit;                                                     : loaded 2 times (x 65B)
Class kotlin.jvm.functions.Function7                                                  : loaded 2 times (x 66B)
Class kotlin.sequences.SequencesKt___SequencesKt$asIterable$$inlined$Iterable$1       : loaded 2 times (x 75B)
Class com.google.common.collect.MapMakerInternalMap$StrongKeyDummyValueSegment        : loaded 2 times (x 138B)
Class com.google.common.collect.Iterables$4                                           : loaded 2 times (x 77B)
Class com.google.common.io.Files                                                      : loaded 2 times (x 67B)
Class com.google.common.cache.LocalCache$WriteThroughEntry                            : loaded 2 times (x 75B)
Class com.google.common.cache.LocalCache$HashIterator                                 : loaded 2 times (x 82B)
Class com.google.common.cache.LocalCache$EntryFactory                                 : loaded 2 times (x 79B)
Class [Ldagger.hilt.processor.internal.optionvalues.GradleProjectType;                : loaded 2 times (x 65B)
Class com.squareup.javapoet.LineWrapper$RecordingAppendable                           : loaded 2 times (x 73B)
Class com.google.common.collect.Ordering                                              : loaded 2 times (x 110B)
Class com.google.common.collect.NullsLastOrdering                                     : loaded 2 times (x 111B)
Class com.google.common.collect.Maps$12                                               : loaded 2 times (x 78B)
Class com.squareup.javapoet.Util                                                      : loaded 2 times (x 67B)
Class [Lkotlin.annotation.AnnotationRetention;                                        : loaded 2 times (x 65B)
Class kotlin.jvm.functions.Function8                                                  : loaded 2 times (x 66B)
Class kotlin.collections.builders.MapBuilder$Companion                                : loaded 2 times (x 67B)
Class com.google.common.reflect.Types$NativeTypeVariableEquals                        : loaded 2 times (x 67B)
Class com.google.common.reflect.TypeParameter                                         : loaded 2 times (x 68B)
Class com.google.common.collect.Iterables$5                                           : loaded 2 times (x 77B)
Class [Lcom.google.common.collect.MapMaker$Dummy;                                     : loaded 2 times (x 65B)
Class com.google.common.base.CharMatcher$Whitespace                                   : loaded 2 times (x 108B)
Class com.google.common.cache.LocalCache$AbstractReferenceEntry                       : loaded 2 times (x 103B)
Class com.google.common.base.Splitter$1$1                                             : loaded 2 times (x 82B)
Class org.gradle.internal.IoActions                                                   : loaded 2 times (x 67B)
Class org.jetbrains.org.objectweb.asm.Attribute                                       : loaded 2 times (x 71B)
Class org.jetbrains.org.objectweb.asm.Label                                           : loaded 2 times (x 68B)
Class com.google.common.collect.MultimapBuilder$MultimapBuilderWithKeys$1             : loaded 2 times (x 72B)
Class com.google.common.collect.Maps$13                                               : loaded 2 times (x 81B)
Class org.jetbrains.org.objectweb.asm.ClassReader                                     : loaded 2 times (x 88B)
Class org.gradle.internal.classloader.ClassLoaderVisitor                              : loaded 2 times (x 72B)
Class kotlin.annotation.MustBeDocumented                                              : loaded 2 times (x 66B)
Class kotlin.jvm.functions.Function10                                                 : loaded 2 times (x 66B)
Class kotlin.jvm.functions.Function9                                                  : loaded 2 times (x 66B)
Class [Lkotlin.reflect.KClassifier;                                                   : loaded 2 times (x 65B)
Class [Lkotlin.LazyThreadSafetyMode;                                                  : loaded 2 times (x 65B)
Class com.google.common.collect.ImmutableRangeSet$ComplementRanges                    : loaded 2 times (x 203B)
Class org.objectweb.asm.SymbolTable                                                   : loaded 2 times (x 68B)
Class com.google.common.cache.CacheLoader$InvalidCacheLoadException                   : loaded 2 times (x 78B)
Class org.gradle.internal.classloader.SystemClassLoaderSpec                           : loaded 2 times (x 67B)
Class org.jetbrains.org.objectweb.asm.Frame                                           : loaded 2 times (x 69B)
Class com.google.common.base.CharMatcher$None                                         : loaded 2 times (x 108B)
Class com.google.common.collect.MultimapBuilder$MultimapBuilderWithKeys$2             : loaded 2 times (x 72B)
Class com.google.common.base.CaseFormat                                               : loaded 2 times (x 79B)
Class kotlin.text.MatcherMatchResult$groups$1                                         : loaded 2 times (x 147B)
Class kotlin.jvm.functions.Function11                                                 : loaded 2 times (x 66B)
Class kotlin.jvm.internal.PropertyReference0Impl                                      : loaded 2 times (x 123B)
Class kotlin.reflect.KAnnotatedElement                                                : loaded 2 times (x 66B)
Class kotlin.jvm.internal.markers.KMutableCollection                                  : loaded 2 times (x 66B)
Class kotlin.coroutines.intrinsics.IntrinsicsKt                                       : loaded 2 times (x 67B)
Class kotlin.ranges.IntRange$Companion                                                : loaded 2 times (x 67B)
Class kotlin.collections.EmptyMap                                                     : loaded 2 times (x 104B)
Class com.google.common.collect.FluentIterable                                        : loaded 2 times (x 77B)
Class com.google.common.cache.LocalCache$StrongEntry                                  : loaded 2 times (x 104B)
Class com.google.common.util.concurrent.AbstractFuture$TrustedFuture                  : loaded 2 times (x 110B)
Class com.google.common.cache.LoadingCache                                            : loaded 2 times (x 66B)
Class com.google.common.io.ByteSource$ConcatenatedByteSource                          : loaded 2 times (x 81B)
Class org.apache.commons.io.file.PathUtils                                            : loaded 2 times (x 67B)
Class com.google.common.collect.MultimapBuilder$MultimapBuilderWithKeys$3             : loaded 2 times (x 72B)
Class kotlin.KotlinVersion$Companion                                                  : loaded 2 times (x 67B)
Class kotlin.jvm.internal.FloatCompanionObject                                        : loaded 2 times (x 67B)
Class jdk.internal.jrtfs.JrtFileSystem                                                : loaded 2 times (x 98B)
Class kotlin.jvm.functions.Function12                                                 : loaded 2 times (x 66B)
Class kotlin.coroutines.intrinsics.CoroutineSingletons                                : loaded 2 times (x 75B)
Class com.google.common.io.ByteStreams$LimitedInputStream                             : loaded 2 times (x 88B)
Class org.objectweb.asm.MethodWriter                                                  : loaded 2 times (x 102B)
Class [Lcom.google.common.cache.Weigher;                                              : loaded 2 times (x 65B)
Class kotlin.text.MatcherMatchResult$groupValues$1                                    : loaded 2 times (x 194B)
Class com.google.common.collect.MultimapBuilder$MultimapBuilderWithKeys$4             : loaded 2 times (x 72B)
Class com.google.common.collect.ReverseNaturalOrdering                                : loaded 2 times (x 110B)
Class jdk.internal.jimage.decompressor.CompressedResourceHeader                       : loaded 2 times (x 67B)
Class kotlin.text.Charsets                                                            : loaded 2 times (x 67B)
Class kotlin.jvm.functions.Function13                                                 : loaded 2 times (x 66B)
Class kotlin.sequences.SequenceBuilderIterator                                        : loaded 2 times (x 81B)
Class kotlin.ranges.OpenEndRange                                                      : loaded 2 times (x 66B)
Class com.google.common.collect.AbstractMapBasedMultimap$RandomAccessWrappedList      : loaded 2 times (x 201B)
Class org.jetbrains.org.objectweb.asm.ClassVisitor                                    : loaded 2 times (x 84B)
Class com.google.common.collect.MultimapBuilder$MultimapBuilderWithKeys$5             : loaded 2 times (x 74B)
Class org.gradle.internal.classloader.DefaultClassLoaderFactory                       : loaded 2 times (x 78B)
Class [Lcom.google.common.cache.CacheBuilder$OneWeigher;                              : loaded 2 times (x 65B)
Class org.objectweb.asm.MethodTooLargeException                                       : loaded 2 times (x 79B)
Class com.google.common.base.Platform$JdkPatternCompiler                              : loaded 2 times (x 71B)
Class com.google.common.collect.MapMakerInternalMap$Strength                          : loaded 2 times (x 76B)
Class kotlin.jvm.functions.Function14                                                 : loaded 2 times (x 66B)
Class com.google.common.reflect.Types$JavaVersion$1                                   : loaded 2 times (x 79B)
Class com.google.common.cache.LocalCache$ValueReference                               : loaded 2 times (x 66B)
Class org.jetbrains.kotlin.com.intellij.openapi.diagnostic.Attachment                 : loaded 2 times (x 68B)
Class com.google.common.collect.MapMakerInternalMap$StrongKeyDummyValueEntry$LinkedStrongKeyDummyValueEntry: loaded 2 times (x 78B)
Class com.google.common.collect.LinkedListMultimap$1KeySetImpl                        : loaded 2 times (x 132B)
Class com.google.common.collect.MultimapBuilder$MultimapBuilderWithKeys$6             : loaded 2 times (x 72B)
Class [Lkotlin.reflect.KClass;                                                        : loaded 2 times (x 65B)
Class kotlin.io.LinesSequence                                                         : loaded 2 times (x 71B)
Class org.objectweb.asm.ClassVisitor                                                  : loaded 2 times (x 84B)
Class kotlin.coroutines.jvm.internal.Boxing                                           : loaded 2 times (x 67B)
Class kotlin.collections.ArrayDeque$Companion                                         : loaded 2 times (x 67B)
Class kotlin.jvm.functions.Function15                                                 : loaded 2 times (x 66B)
Class kotlin.text.CharsKt__CharKt                                                     : loaded 2 times (x 67B)
Class com.google.common.reflect.Types$JavaVersion$2                                   : loaded 2 times (x 79B)
Class com.google.common.reflect.Types                                                 : loaded 2 times (x 67B)
Class com.google.common.hash.PrimitiveSink                                            : loaded 2 times (x 66B)
Class com.google.common.base.PatternCompiler                                          : loaded 2 times (x 66B)
Class com.google.common.util.concurrent.AbstractFuture$Failure                        : loaded 2 times (x 68B)
Class [Lorg.objectweb.asm.Symbol;                                                     : loaded 2 times (x 65B)
Class com.google.common.cache.LocalCache$Values                                       : loaded 2 times (x 114B)
Class com.google.common.collect.ByFunctionOrdering                                    : loaded 2 times (x 111B)
Class com.google.common.reflect.TypeCapture                                           : loaded 2 times (x 67B)
Class com.google.common.collect.TransformedListIterator                               : loaded 2 times (x 89B)
Class org.apache.commons.io.function.IOFunction                                       : loaded 2 times (x 66B)
Class [Lcom.squareup.javapoet.TypeSpec$Kind;                                          : loaded 2 times (x 65B)
Class kotlin.sequences.TransformingSequence                                           : loaded 2 times (x 71B)
Class kotlin.jvm.functions.Function16                                                 : loaded 2 times (x 66B)
Class kotlin.coroutines.EmptyCoroutineContext                                         : loaded 2 times (x 73B)
Class [Lorg.apache.commons.io.file.DeleteOption;                                      : loaded 2 times (x 65B)
Class com.google.common.reflect.Types$JavaVersion$3                                   : loaded 2 times (x 79B)
Class com.google.common.io.CharSink                                                   : loaded 2 times (x 75B)
Class org.objectweb.asm.Label                                                         : loaded 2 times (x 69B)
Class org.objectweb.asm.CurrentFrame                                                  : loaded 2 times (x 69B)
Class org.objectweb.asm.ClassTooLargeException                                        : loaded 2 times (x 79B)
Class org.jetbrains.org.objectweb.asm.RecordComponentWriter                           : loaded 2 times (x 74B)
Class kotlin.collections.builders.ListBuilder$Itr                                     : loaded 2 times (x 90B)
Class jdk.internal.jimage.decompressor.StringSharingDecompressorFactory               : loaded 2 times (x 70B)
Class com.google.common.io.ByteArrayDataOutput                                        : loaded 2 times (x 66B)
Class org.apache.commons.io.FileSystem                                                : loaded 2 times (x 76B)
Class kotlin.ranges.IntProgression$Companion                                          : loaded 2 times (x 67B)
Class kotlin.InitializedLazyImpl                                                      : loaded 2 times (x 72B)
Class kotlin.jvm.functions.Function17                                                 : loaded 2 times (x 66B)
Class com.google.common.reflect.Types$JavaVersion$4                                   : loaded 2 times (x 79B)
Class com.google.common.io.ByteSource$AsCharSource                                    : loaded 2 times (x 82B)
Class com.google.common.collect.Table                                                 : loaded 2 times (x 66B)
Class com.google.common.collect.MapMakerInternalMap$InternalEntryHelper               : loaded 2 times (x 66B)
Class com.google.common.collect.RangeGwtSerializationDependencies                     : loaded 2 times (x 67B)
Class org.objectweb.asm.Frame                                                         : loaded 2 times (x 69B)
Class org.objectweb.asm.MethodVisitor                                                 : loaded 2 times (x 101B)
Class com.google.common.cache.LocalCache$EntryFactory$1                               : loaded 2 times (x 79B)
Class [Lcom.google.common.cache.RemovalListener;                                      : loaded 2 times (x 65B)
Class org.jetbrains.org.objectweb.asm.MethodWriter                                    : loaded 2 times (x 102B)
Class kotlin.collections.builders.MapBuilder                                          : loaded 2 times (x 108B)
Class kotlin.jvm.functions.Function18                                                 : loaded 2 times (x 66B)
Class kotlin.jvm.internal.CallableReference$NoReceiver                                : loaded 2 times (x 67B)
Class com.google.common.reflect.Types$JavaVersion$5                                   : loaded 2 times (x 67B)
Class [Lcom.google.common.reflect.Types$ClassOwnership;                               : loaded 2 times (x 65B)
Class com.google.common.collect.RangeSet                                              : loaded 2 times (x 66B)
Class com.google.common.cache.LocalCache$EntryFactory$2                               : loaded 2 times (x 79B)
Class org.gradle.api.internal.classpath.GlobalCacheRootsProvider                      : loaded 2 times (x 66B)
Class com.google.common.collect.ImmutableListMultimap$Builder                         : loaded 2 times (x 79B)
Class org.gradle.api.internal.classpath.ManifestUtil                                  : loaded 2 times (x 67B)
Class com.google.common.util.concurrent.ExecutionError                                : loaded 2 times (x 78B)
Class [Lcom.google.common.cache.RemovalCause;                                         : loaded 2 times (x 65B)
Class kotlin.SafePublicationLazyImpl$Companion                                        : loaded 2 times (x 67B)
Class kotlin.reflect.KMutableProperty$Setter                                          : loaded 2 times (x 66B)
Class kotlin.jvm.functions.Function19                                                 : loaded 2 times (x 66B)
Class com.google.common.collect.CollectCollectors                                     : loaded 2 times (x 67B)
Class org.objectweb.asm.ModuleWriter                                                  : loaded 2 times (x 78B)
Class com.google.common.cache.LocalCache$EntryFactory$3                               : loaded 2 times (x 79B)
Class com.google.common.base.Ticker$1                                                 : loaded 2 times (x 68B)
Class [Lkotlin.jvm.functions.Function1;                                               : loaded 2 times (x 65B)
Class org.jetbrains.org.objectweb.asm.RecordComponentVisitor                          : loaded 2 times (x 73B)
Class com.google.common.collect.MultimapBuilder$1                                     : loaded 2 times (x 79B)
Class kotlin.jvm.internal.PropertyReference1Impl                                      : loaded 2 times (x 123B)
Class kotlin.jvm.internal.MutablePropertyReference1                                   : loaded 2 times (x 133B)
Class org.gradle.internal.classloader.ClassLoaderHierarchy                            : loaded 2 times (x 66B)
Class com.google.common.collect.CollectSpliterators$1                                 : loaded 2 times (x 86B)
Class com.google.common.cache.LocalCache$EntryFactory$4                               : loaded 2 times (x 79B)
Class Settings_gradle$1$1$1                                                           : loaded 2 times (x 71B)
Class org.jetbrains.org.objectweb.asm.MethodTooLargeException                         : loaded 2 times (x 79B)
Class org.jetbrains.org.objectweb.asm.Context                                         : loaded 2 times (x 68B)
Class [Lcom.google.common.base.AbstractIterator$State;                                : loaded 2 times (x 65B)
Class com.google.common.collect.MultimapBuilder$2                                     : loaded 2 times (x 79B)
Class com.google.common.collect.MultimapBuilder$MultimapBuilderWithKeys               : loaded 2 times (x 78B)
Class com.google.common.collect.ReverseOrdering                                       : loaded 2 times (x 111B)
Class com.squareup.javapoet.CodeBlock                                                 : loaded 2 times (x 68B)
Class com.squareup.javapoet.AnnotationSpec                                            : loaded 2 times (x 68B)
Class com.google.common.io.ByteStreams$1                                              : loaded 2 times (x 81B)
Class com.google.common.cache.LocalCache$EntryFactory$5                               : loaded 2 times (x 79B)
Class org.jetbrains.org.objectweb.asm.CurrentFrame                                    : loaded 2 times (x 69B)
Class com.google.common.io.FileWriteMode                                              : loaded 2 times (x 75B)
Class com.google.common.collect.MultimapBuilder$3                                     : loaded 2 times (x 80B)
Class kotlin.time.Duration                                                            : loaded 2 times (x 70B)
Class [Lkotlin.reflect.KProperty;                                                     : loaded 2 times (x 65B)
Class [Lcom.google.common.collect.MapMakerInternalMap$Segment;                        : loaded 2 times (x 65B)
Class org.apache.commons.io.output.AppendableWriter                                   : loaded 2 times (x 96B)
Class com.google.common.cache.LocalCache$EntryFactory$6                               : loaded 2 times (x 79B)
Class org.gradle.internal.installation.CurrentGradleInstallationLocator               : loaded 2 times (x 67B)
Class com.google.common.collect.MultimapBuilder$4                                     : loaded 2 times (x 80B)
Class com.google.common.cache.LocalCache$ValueIterator                                : loaded 2 times (x 82B)
Class kotlin.jvm.internal.CollectionToArray                                           : loaded 2 times (x 67B)
Class jdk.internal.jimage.BasicImageReader                                            : loaded 2 times (x 91B)
Class [Lkotlin.io.FileWalkDirection;                                                  : loaded 2 times (x 65B)
Class org.objectweb.asm.ClassReader                                                   : loaded 2 times (x 90B)
Class com.google.common.io.ByteSource$SlicedByteSource                                : loaded 2 times (x 81B)
Class org.apache.commons.io.output.ThresholdingOutputStream                           : loaded 2 times (x 91B)
Class com.google.common.collect.Maps$KeySet                                           : loaded 2 times (x 133B)
Class com.google.common.cache.LocalCache$EntryFactory$7                               : loaded 2 times (x 79B)
Class org.gradle.internal.service.DefaultServiceLocator                               : loaded 2 times (x 79B)
Class org.jetbrains.org.objectweb.asm.SymbolTable                                     : loaded 2 times (x 68B)
Class org.gradle.internal.classloader.FilteringClassLoader                            : loaded 2 times (x 101B)
Class com.google.common.io.LineReader                                                 : loaded 2 times (x 68B)
Class kotlin.coroutines.jvm.internal.CompletedContinuation                            : loaded 2 times (x 71B)
Class jdk.internal.jrtfs.JrtDirectoryStream                                           : loaded 2 times (x 85B)
Class kotlin.reflect.KMutableProperty0                                                : loaded 2 times (x 66B)
Class kotlin.reflect.KClassifier                                                      : loaded 2 times (x 66B)
Class kotlin.io.FileTreeWalk                                                          : loaded 2 times (x 71B)
Class kotlin.coroutines.jvm.internal.SuspendFunction                                  : loaded 2 times (x 66B)
Class com.google.common.cache.LocalCache$SoftValueReference                           : loaded 2 times (x 93B)
Class com.google.common.cache.LocalCache$EntryFactory$8                               : loaded 2 times (x 79B)
Class org.gradle.internal.installation.CurrentGradleInstallation                      : loaded 2 times (x 69B)
Class org.jetbrains.org.objectweb.asm.ModuleWriter                                    : loaded 2 times (x 78B)
Class kotlin.sequences.DropTakeSequence                                               : loaded 2 times (x 66B)
Class kotlin.jvm.internal.Ref$BooleanRef                                              : loaded 2 times (x 67B)
Class kotlin.jvm.internal.StringCompanionObject                                       : loaded 2 times (x 67B)
Class kotlin.reflect.KMutableProperty1                                                : loaded 2 times (x 66B)
Class kotlin.coroutines.intrinsics.IntrinsicsKt__IntrinsicsJvmKt                      : loaded 2 times (x 67B)
Class kotlin.coroutines.jvm.internal.CoroutineStackFrame                              : loaded 2 times (x 66B)
Class org.objectweb.asm.Opcodes                                                       : loaded 2 times (x 66B)
Class com.google.common.cache.CacheLoader$1                                           : loaded 2 times (x 71B)
Class com.google.common.collect.ForwardingObject                                      : loaded 2 times (x 68B)
Class org.gradle.util.internal.GUtil                                                  : loaded 2 times (x 67B)
Class [Lorg.jetbrains.org.objectweb.asm.Label;                                        : loaded 2 times (x 65B)
Class kotlin.sequences.FlatteningSequence                                             : loaded 2 times (x 71B)
Class kotlin.io.TextStreamsKt                                                         : loaded 2 times (x 67B)
Class kotlin.reflect.KMutableProperty2                                                : loaded 2 times (x 66B)
Class com.google.common.io.ByteSource                                                 : loaded 2 times (x 80B)
Class com.google.common.util.concurrent.AbstractFuture$SetFuture                      : loaded 2 times (x 71B)
Class com.google.common.cache.AbstractCache$StatsCounter                              : loaded 2 times (x 66B)
Class kotlin.text.MatcherMatchResult                                                  : loaded 2 times (x 76B)
Class kotlin.text.MatchGroupCollection                                                : loaded 2 times (x 66B)
Class kotlin.time.DurationUnitKt                                                      : loaded 2 times (x 67B)
Class kotlin.ranges.IntProgressionIterator                                            : loaded 2 times (x 78B)
Class kotlin.coroutines.jvm.internal.DebugProbesKt                                    : loaded 2 times (x 67B)
Class kotlin.coroutines.CoroutineContext                                              : loaded 2 times (x 66B)
Class org.objectweb.asm.Context                                                       : loaded 2 times (x 68B)
Class com.google.common.reflect.Types$TypeVariableImpl                                : loaded 2 times (x 68B)
Class com.google.common.collect.MapMakerInternalMap$1                                 : loaded 2 times (x 79B)
Class com.google.common.io.LineBuffer                                                 : loaded 2 times (x 71B)
Class org.gradle.internal.installation.GradleInstallation                             : loaded 2 times (x 71B)
Class com.google.common.collect.LexicographicalOrdering                               : loaded 2 times (x 111B)
Class kotlin.io.LinesSequence$iterator$1                                              : loaded 2 times (x 75B)
Class com.squareup.javapoet.ClassName                                                 : loaded 2 times (x 80B)
Class jdk.internal.jimage.decompressor.ResourceDecompressor$StringsProvider           : loaded 2 times (x 66B)
Class com.google.common.base.Splitter$Strategy                                        : loaded 2 times (x 66B)
Class org.jetbrains.kotlin.com.intellij.openapi.diagnostic.DefaultLogger              : loaded 2 times (x 96B)
Class kotlin.io.FileWalkDirection                                                     : loaded 2 times (x 75B)
Class kotlin.jvm.KotlinReflectionNotSupportedError                                    : loaded 2 times (x 78B)
Class kotlin.ranges.IntProgression                                                    : loaded 2 times (x 77B)
Class com.google.common.collect.Lists$RandomAccessReverseList                         : loaded 2 times (x 196B)

---------------  S Y S T E M  ---------------

OS:
 Windows 11 , 64 bit Build 26100 (10.0.26100.7309)
OS uptime: 1 days 21:55 hours
Hyper-V role detected

CPU: total 12 (initial active 12) (12 cores per cpu, 2 threads per core) family 25 model 80 stepping 0 microcode 0xa50000d, cx8, cmov, fxsr, ht, mmx, 3dnowpref, sse, sse2, sse3, ssse3, sse4a, sse4.1, sse4.2, popcnt, lzcnt, tsc, tscinvbit, avx, avx2, aes, erms, clmul, bmi1, bmi2, adx, sha, fma, vzeroupper, clflush, clflushopt, hv, rdtscp, rdpid, fsrm, f16c, cet_ss
Processor Information for the first 12 processors :
  Max Mhz: 2301, Current Mhz: 2010, Mhz Limit: 2301

Memory: 4k page, system-wide physical 15708M (815M free)
TotalPageFile size 20708M (AvailPageFile size 29M)
current process WorkingSet (physical memory assigned to process): 2492M, peak: 2492M
current process commit charge ("private bytes"): 2956M, peak: 2957M

vm_info: OpenJDK 64-Bit Server VM (21.0.6+-13368085-b895.109) for windows-amd64 JRE (21.0.6+-13368085-b895.109), built on 2025-04-16T17:01:31Z by "builder" with MS VC++ 16.10 / 16.11 (VS2019)

END.
